[2026-09-17T08:01:48.499+0000] {processor.py:161} INFO - Started process (PID=41) to work on /opt/airflow/dags/extraction_DAG.py
[2026-09-17T08:01:48.499+0000] {processor.py:830} INFO - Processing file /opt/airflow/dags/extraction_DAG.py for tasks to queue
[2026-09-17T08:01:48.501+0000] {logging_mixin.py:188} INFO - [2026-09-17T08:01:48.500+0000] {dagbag.py:545} INFO - Filling up the DagBag from /opt/airflow/dags/extraction_DAG.py
[2026-09-17T08:01:48.504+0000] {logging_mixin.py:188} INFO - [2026-09-17T08:01:48.503+0000] {dagbag.py:355} ERROR - Failed to import: /opt/airflow/dags/extraction_DAG.py
Traceback (most recent call last):
  File "/home/airflow/.local/lib/python3.12/site-packages/airflow/models/dagbag.py", line 351, in parse
    loader.exec_module(new_module)
  File "<frozen importlib._bootstrap_external>", line 995, in exec_module
  File "<frozen importlib._bootstrap>", line 488, in _call_with_frames_removed
  File "/opt/airflow/dags/extraction_DAG.py", line 6, in <module>
    from include import extract as extract_data
ModuleNotFoundError: No module named 'include'
[2026-09-17T08:01:48.505+0000] {processor.py:842} WARNING - No viable dags retrieved from /opt/airflow/dags/extraction_DAG.py
[2026-09-17T08:01:48.521+0000] {processor.py:183} INFO - Processing /opt/airflow/dags/extraction_DAG.py took 0.027 seconds
[2026-09-17T08:02:18.649+0000] {processor.py:161} INFO - Started process (PID=48) to work on /opt/airflow/dags/extraction_DAG.py
[2026-09-17T08:02:18.649+0000] {processor.py:830} INFO - Processing file /opt/airflow/dags/extraction_DAG.py for tasks to queue
[2026-09-17T08:02:18.650+0000] {logging_mixin.py:188} INFO - [2026-09-17T08:02:18.650+0000] {dagbag.py:545} INFO - Filling up the DagBag from /opt/airflow/dags/extraction_DAG.py
[2026-09-17T08:02:18.653+0000] {logging_mixin.py:188} INFO - [2026-09-17T08:02:18.652+0000] {dagbag.py:355} ERROR - Failed to import: /opt/airflow/dags/extraction_DAG.py
Traceback (most recent call last):
  File "/home/airflow/.local/lib/python3.12/site-packages/airflow/models/dagbag.py", line 351, in parse
    loader.exec_module(new_module)
  File "<frozen importlib._bootstrap_external>", line 995, in exec_module
  File "<frozen importlib._bootstrap>", line 488, in _call_with_frames_removed
  File "/opt/airflow/dags/extraction_DAG.py", line 6, in <module>
    from include import extract as extract_data
ModuleNotFoundError: No module named 'include'
[2026-09-17T08:02:18.653+0000] {processor.py:842} WARNING - No viable dags retrieved from /opt/airflow/dags/extraction_DAG.py
[2026-09-17T08:02:18.666+0000] {processor.py:183} INFO - Processing /opt/airflow/dags/extraction_DAG.py took 0.022 seconds
[2026-09-17T08:02:48.782+0000] {processor.py:161} INFO - Started process (PID=55) to work on /opt/airflow/dags/extraction_DAG.py
[2026-09-17T08:02:48.844+0000] {processor.py:830} INFO - Processing file /opt/airflow/dags/extraction_DAG.py for tasks to queue
[2026-09-17T08:02:48.845+0000] {logging_mixin.py:188} INFO - [2026-09-17T08:02:48.845+0000] {dagbag.py:545} INFO - Filling up the DagBag from /opt/airflow/dags/extraction_DAG.py
[2026-09-17T08:02:48.847+0000] {logging_mixin.py:188} INFO - [2026-09-17T08:02:48.847+0000] {dagbag.py:355} ERROR - Failed to import: /opt/airflow/dags/extraction_DAG.py
Traceback (most recent call last):
  File "/home/airflow/.local/lib/python3.12/site-packages/airflow/models/dagbag.py", line 351, in parse
    loader.exec_module(new_module)
  File "<frozen importlib._bootstrap_external>", line 995, in exec_module
  File "<frozen importlib._bootstrap>", line 488, in _call_with_frames_removed
  File "/opt/airflow/dags/extraction_DAG.py", line 6, in <module>
    from include import extract as extract_data
ModuleNotFoundError: No module named 'include'
[2026-09-17T08:02:48.848+0000] {processor.py:842} WARNING - No viable dags retrieved from /opt/airflow/dags/extraction_DAG.py
[2026-09-17T08:02:48.858+0000] {processor.py:183} INFO - Processing /opt/airflow/dags/extraction_DAG.py took 0.080 seconds
[2026-09-17T08:03:18.922+0000] {processor.py:161} INFO - Started process (PID=62) to work on /opt/airflow/dags/extraction_DAG.py
[2026-09-17T08:03:18.923+0000] {processor.py:830} INFO - Processing file /opt/airflow/dags/extraction_DAG.py for tasks to queue
[2026-09-17T08:03:18.924+0000] {logging_mixin.py:188} INFO - [2026-09-17T08:03:18.924+0000] {dagbag.py:545} INFO - Filling up the DagBag from /opt/airflow/dags/extraction_DAG.py
[2026-09-17T08:03:18.926+0000] {logging_mixin.py:188} INFO - [2026-09-17T08:03:18.925+0000] {dagbag.py:355} ERROR - Failed to import: /opt/airflow/dags/extraction_DAG.py
Traceback (most recent call last):
  File "/home/airflow/.local/lib/python3.12/site-packages/airflow/models/dagbag.py", line 351, in parse
    loader.exec_module(new_module)
  File "<frozen importlib._bootstrap_external>", line 995, in exec_module
  File "<frozen importlib._bootstrap>", line 488, in _call_with_frames_removed
  File "/opt/airflow/dags/extraction_DAG.py", line 6, in <module>
    from include import extract as extract_data
ModuleNotFoundError: No module named 'include'
[2026-09-17T08:03:18.926+0000] {processor.py:842} WARNING - No viable dags retrieved from /opt/airflow/dags/extraction_DAG.py
[2026-09-17T08:03:18.937+0000] {processor.py:183} INFO - Processing /opt/airflow/dags/extraction_DAG.py took 0.021 seconds
[2026-09-17T08:03:49.069+0000] {processor.py:161} INFO - Started process (PID=69) to work on /opt/airflow/dags/extraction_DAG.py
[2026-09-17T08:03:49.101+0000] {processor.py:830} INFO - Processing file /opt/airflow/dags/extraction_DAG.py for tasks to queue
[2026-09-17T08:03:49.103+0000] {logging_mixin.py:188} INFO - [2026-09-17T08:03:49.103+0000] {dagbag.py:545} INFO - Filling up the DagBag from /opt/airflow/dags/extraction_DAG.py
[2026-09-17T08:03:49.108+0000] {logging_mixin.py:188} INFO - [2026-09-17T08:03:49.107+0000] {dagbag.py:355} ERROR - Failed to import: /opt/airflow/dags/extraction_DAG.py
Traceback (most recent call last):
  File "/home/airflow/.local/lib/python3.12/site-packages/airflow/models/dagbag.py", line 351, in parse
    loader.exec_module(new_module)
  File "<frozen importlib._bootstrap_external>", line 995, in exec_module
  File "<frozen importlib._bootstrap>", line 488, in _call_with_frames_removed
  File "/opt/airflow/dags/extraction_DAG.py", line 6, in <module>
    from include import extract as extract_data
ModuleNotFoundError: No module named 'include'
[2026-09-17T08:03:49.109+0000] {processor.py:842} WARNING - No viable dags retrieved from /opt/airflow/dags/extraction_DAG.py
[2026-09-17T08:03:49.132+0000] {processor.py:183} INFO - Processing /opt/airflow/dags/extraction_DAG.py took 0.072 seconds
[2026-09-17T08:04:19.212+0000] {processor.py:161} INFO - Started process (PID=76) to work on /opt/airflow/dags/extraction_DAG.py
[2026-09-17T08:04:19.212+0000] {processor.py:830} INFO - Processing file /opt/airflow/dags/extraction_DAG.py for tasks to queue
[2026-09-17T08:04:19.214+0000] {logging_mixin.py:188} INFO - [2026-09-17T08:04:19.213+0000] {dagbag.py:545} INFO - Filling up the DagBag from /opt/airflow/dags/extraction_DAG.py
[2026-09-17T08:04:19.216+0000] {logging_mixin.py:188} INFO - [2026-09-17T08:04:19.215+0000] {dagbag.py:355} ERROR - Failed to import: /opt/airflow/dags/extraction_DAG.py
Traceback (most recent call last):
  File "/home/airflow/.local/lib/python3.12/site-packages/airflow/models/dagbag.py", line 351, in parse
    loader.exec_module(new_module)
  File "<frozen importlib._bootstrap_external>", line 995, in exec_module
  File "<frozen importlib._bootstrap>", line 488, in _call_with_frames_removed
  File "/opt/airflow/dags/extraction_DAG.py", line 6, in <module>
    from include import extract as extract_data
ModuleNotFoundError: No module named 'include'
[2026-09-17T08:04:19.216+0000] {processor.py:842} WARNING - No viable dags retrieved from /opt/airflow/dags/extraction_DAG.py
[2026-09-17T08:04:19.229+0000] {processor.py:183} INFO - Processing /opt/airflow/dags/extraction_DAG.py took 0.026 seconds
[2026-09-17T08:04:49.339+0000] {processor.py:161} INFO - Started process (PID=83) to work on /opt/airflow/dags/extraction_DAG.py
[2026-09-17T08:04:49.454+0000] {processor.py:830} INFO - Processing file /opt/airflow/dags/extraction_DAG.py for tasks to queue
[2026-09-17T08:04:49.455+0000] {logging_mixin.py:188} INFO - [2026-09-17T08:04:49.455+0000] {dagbag.py:545} INFO - Filling up the DagBag from /opt/airflow/dags/extraction_DAG.py
[2026-09-17T08:04:49.457+0000] {logging_mixin.py:188} INFO - [2026-09-17T08:04:49.456+0000] {dagbag.py:355} ERROR - Failed to import: /opt/airflow/dags/extraction_DAG.py
Traceback (most recent call last):
  File "/home/airflow/.local/lib/python3.12/site-packages/airflow/models/dagbag.py", line 351, in parse
    loader.exec_module(new_module)
  File "<frozen importlib._bootstrap_external>", line 995, in exec_module
  File "<frozen importlib._bootstrap>", line 488, in _call_with_frames_removed
  File "/opt/airflow/dags/extraction_DAG.py", line 6, in <module>
    from include import extract as extract_data
ModuleNotFoundError: No module named 'include'
[2026-09-17T08:04:49.457+0000] {processor.py:842} WARNING - No viable dags retrieved from /opt/airflow/dags/extraction_DAG.py
[2026-09-17T08:04:49.469+0000] {processor.py:183} INFO - Processing /opt/airflow/dags/extraction_DAG.py took 0.135 seconds
[2026-09-17T08:05:19.591+0000] {processor.py:161} INFO - Started process (PID=90) to work on /opt/airflow/dags/extraction_DAG.py
[2026-09-17T08:05:19.592+0000] {processor.py:830} INFO - Processing file /opt/airflow/dags/extraction_DAG.py for tasks to queue
[2026-09-17T08:05:19.593+0000] {logging_mixin.py:188} INFO - [2026-09-17T08:05:19.593+0000] {dagbag.py:545} INFO - Filling up the DagBag from /opt/airflow/dags/extraction_DAG.py
[2026-09-17T08:05:19.596+0000] {logging_mixin.py:188} INFO - [2026-09-17T08:05:19.595+0000] {dagbag.py:355} ERROR - Failed to import: /opt/airflow/dags/extraction_DAG.py
Traceback (most recent call last):
  File "/home/airflow/.local/lib/python3.12/site-packages/airflow/models/dagbag.py", line 351, in parse
    loader.exec_module(new_module)
  File "<frozen importlib._bootstrap_external>", line 995, in exec_module
  File "<frozen importlib._bootstrap>", line 488, in _call_with_frames_removed
  File "/opt/airflow/dags/extraction_DAG.py", line 6, in <module>
    from include import extract as extract_data
ModuleNotFoundError: No module named 'include'
[2026-09-17T08:05:19.596+0000] {processor.py:842} WARNING - No viable dags retrieved from /opt/airflow/dags/extraction_DAG.py
[2026-09-17T08:05:19.615+0000] {processor.py:183} INFO - Processing /opt/airflow/dags/extraction_DAG.py took 0.027 seconds
[2026-09-17T08:05:49.748+0000] {processor.py:161} INFO - Started process (PID=97) to work on /opt/airflow/dags/extraction_DAG.py
[2026-09-17T08:05:49.840+0000] {processor.py:830} INFO - Processing file /opt/airflow/dags/extraction_DAG.py for tasks to queue
[2026-09-17T08:05:49.842+0000] {logging_mixin.py:188} INFO - [2026-09-17T08:05:49.842+0000] {dagbag.py:545} INFO - Filling up the DagBag from /opt/airflow/dags/extraction_DAG.py
[2026-09-17T08:05:49.847+0000] {logging_mixin.py:188} INFO - [2026-09-17T08:05:49.845+0000] {dagbag.py:355} ERROR - Failed to import: /opt/airflow/dags/extraction_DAG.py
Traceback (most recent call last):
  File "/home/airflow/.local/lib/python3.12/site-packages/airflow/models/dagbag.py", line 351, in parse
    loader.exec_module(new_module)
  File "<frozen importlib._bootstrap_external>", line 995, in exec_module
  File "<frozen importlib._bootstrap>", line 488, in _call_with_frames_removed
  File "/opt/airflow/dags/extraction_DAG.py", line 6, in <module>
    from include import extract as extract_data
ModuleNotFoundError: No module named 'include'
[2026-09-17T08:05:49.849+0000] {processor.py:842} WARNING - No viable dags retrieved from /opt/airflow/dags/extraction_DAG.py
[2026-09-17T08:05:49.868+0000] {processor.py:183} INFO - Processing /opt/airflow/dags/extraction_DAG.py took 0.123 seconds
[2026-09-17T08:06:19.896+0000] {processor.py:161} INFO - Started process (PID=104) to work on /opt/airflow/dags/extraction_DAG.py
[2026-09-17T08:06:19.897+0000] {processor.py:830} INFO - Processing file /opt/airflow/dags/extraction_DAG.py for tasks to queue
[2026-09-17T08:06:19.898+0000] {logging_mixin.py:188} INFO - [2026-09-17T08:06:19.898+0000] {dagbag.py:545} INFO - Filling up the DagBag from /opt/airflow/dags/extraction_DAG.py
[2026-09-17T08:06:19.899+0000] {logging_mixin.py:188} INFO - [2026-09-17T08:06:19.899+0000] {dagbag.py:355} ERROR - Failed to import: /opt/airflow/dags/extraction_DAG.py
Traceback (most recent call last):
  File "/home/airflow/.local/lib/python3.12/site-packages/airflow/models/dagbag.py", line 351, in parse
    loader.exec_module(new_module)
  File "<frozen importlib._bootstrap_external>", line 995, in exec_module
  File "<frozen importlib._bootstrap>", line 488, in _call_with_frames_removed
  File "/opt/airflow/dags/extraction_DAG.py", line 6, in <module>
    from include import extract as extract_data
ModuleNotFoundError: No module named 'include'
[2026-09-17T08:06:19.900+0000] {processor.py:842} WARNING - No viable dags retrieved from /opt/airflow/dags/extraction_DAG.py
[2026-09-17T08:06:19.912+0000] {processor.py:183} INFO - Processing /opt/airflow/dags/extraction_DAG.py took 0.021 seconds
[2026-09-17T08:06:50.073+0000] {processor.py:161} INFO - Started process (PID=111) to work on /opt/airflow/dags/extraction_DAG.py
[2026-09-17T08:06:50.160+0000] {processor.py:830} INFO - Processing file /opt/airflow/dags/extraction_DAG.py for tasks to queue
[2026-09-17T08:06:50.163+0000] {logging_mixin.py:188} INFO - [2026-09-17T08:06:50.163+0000] {dagbag.py:545} INFO - Filling up the DagBag from /opt/airflow/dags/extraction_DAG.py
[2026-09-17T08:06:50.168+0000] {logging_mixin.py:188} INFO - [2026-09-17T08:06:50.167+0000] {dagbag.py:355} ERROR - Failed to import: /opt/airflow/dags/extraction_DAG.py
Traceback (most recent call last):
  File "/home/airflow/.local/lib/python3.12/site-packages/airflow/models/dagbag.py", line 351, in parse
    loader.exec_module(new_module)
  File "<frozen importlib._bootstrap_external>", line 995, in exec_module
  File "<frozen importlib._bootstrap>", line 488, in _call_with_frames_removed
  File "/opt/airflow/dags/extraction_DAG.py", line 6, in <module>
    from include import extract as extract_data
ModuleNotFoundError: No module named 'include'
[2026-09-17T08:06:50.169+0000] {processor.py:842} WARNING - No viable dags retrieved from /opt/airflow/dags/extraction_DAG.py
[2026-09-17T08:06:50.193+0000] {processor.py:183} INFO - Processing /opt/airflow/dags/extraction_DAG.py took 0.124 seconds
[2026-09-17T08:07:20.224+0000] {processor.py:161} INFO - Started process (PID=118) to work on /opt/airflow/dags/extraction_DAG.py
[2026-09-17T08:07:20.225+0000] {processor.py:830} INFO - Processing file /opt/airflow/dags/extraction_DAG.py for tasks to queue
[2026-09-17T08:07:20.226+0000] {logging_mixin.py:188} INFO - [2026-09-17T08:07:20.225+0000] {dagbag.py:545} INFO - Filling up the DagBag from /opt/airflow/dags/extraction_DAG.py
[2026-09-17T08:07:20.227+0000] {logging_mixin.py:188} INFO - [2026-09-17T08:07:20.227+0000] {dagbag.py:355} ERROR - Failed to import: /opt/airflow/dags/extraction_DAG.py
Traceback (most recent call last):
  File "/home/airflow/.local/lib/python3.12/site-packages/airflow/models/dagbag.py", line 351, in parse
    loader.exec_module(new_module)
  File "<frozen importlib._bootstrap_external>", line 995, in exec_module
  File "<frozen importlib._bootstrap>", line 488, in _call_with_frames_removed
  File "/opt/airflow/dags/extraction_DAG.py", line 6, in <module>
    from include import extract as extract_data
ModuleNotFoundError: No module named 'include'
[2026-09-17T08:07:20.228+0000] {processor.py:842} WARNING - No viable dags retrieved from /opt/airflow/dags/extraction_DAG.py
[2026-09-17T08:07:20.247+0000] {processor.py:183} INFO - Processing /opt/airflow/dags/extraction_DAG.py took 0.027 seconds
[2026-09-17T08:07:50.388+0000] {processor.py:161} INFO - Started process (PID=125) to work on /opt/airflow/dags/extraction_DAG.py
[2026-09-17T08:07:50.478+0000] {processor.py:830} INFO - Processing file /opt/airflow/dags/extraction_DAG.py for tasks to queue
[2026-09-17T08:07:50.479+0000] {logging_mixin.py:188} INFO - [2026-09-17T08:07:50.479+0000] {dagbag.py:545} INFO - Filling up the DagBag from /opt/airflow/dags/extraction_DAG.py
[2026-09-17T08:07:50.481+0000] {logging_mixin.py:188} INFO - [2026-09-17T08:07:50.481+0000] {dagbag.py:355} ERROR - Failed to import: /opt/airflow/dags/extraction_DAG.py
Traceback (most recent call last):
  File "/home/airflow/.local/lib/python3.12/site-packages/airflow/models/dagbag.py", line 351, in parse
    loader.exec_module(new_module)
  File "<frozen importlib._bootstrap_external>", line 995, in exec_module
  File "<frozen importlib._bootstrap>", line 488, in _call_with_frames_removed
  File "/opt/airflow/dags/extraction_DAG.py", line 6, in <module>
    from include import extract as extract_data
ModuleNotFoundError: No module named 'include'
[2026-09-17T08:07:50.481+0000] {processor.py:842} WARNING - No viable dags retrieved from /opt/airflow/dags/extraction_DAG.py
[2026-09-17T08:07:50.492+0000] {processor.py:183} INFO - Processing /opt/airflow/dags/extraction_DAG.py took 0.107 seconds
[2026-09-17T08:08:20.549+0000] {processor.py:161} INFO - Started process (PID=138) to work on /opt/airflow/dags/extraction_DAG.py
[2026-09-17T08:08:20.550+0000] {processor.py:830} INFO - Processing file /opt/airflow/dags/extraction_DAG.py for tasks to queue
[2026-09-17T08:08:20.552+0000] {logging_mixin.py:188} INFO - [2026-09-17T08:08:20.552+0000] {dagbag.py:545} INFO - Filling up the DagBag from /opt/airflow/dags/extraction_DAG.py
[2026-09-17T08:08:20.555+0000] {logging_mixin.py:188} INFO - [2026-09-17T08:08:20.554+0000] {dagbag.py:355} ERROR - Failed to import: /opt/airflow/dags/extraction_DAG.py
Traceback (most recent call last):
  File "/home/airflow/.local/lib/python3.12/site-packages/airflow/models/dagbag.py", line 351, in parse
    loader.exec_module(new_module)
  File "<frozen importlib._bootstrap_external>", line 995, in exec_module
  File "<frozen importlib._bootstrap>", line 488, in _call_with_frames_removed
  File "/opt/airflow/dags/extraction_DAG.py", line 6, in <module>
    from include import extract as extract_data
ModuleNotFoundError: No module named 'include'
[2026-09-17T08:08:20.556+0000] {processor.py:842} WARNING - No viable dags retrieved from /opt/airflow/dags/extraction_DAG.py
[2026-09-17T08:08:20.577+0000] {processor.py:183} INFO - Processing /opt/airflow/dags/extraction_DAG.py took 0.035 seconds
[2026-09-17T08:08:50.707+0000] {processor.py:161} INFO - Started process (PID=145) to work on /opt/airflow/dags/extraction_DAG.py
[2026-09-17T08:08:50.734+0000] {processor.py:830} INFO - Processing file /opt/airflow/dags/extraction_DAG.py for tasks to queue
[2026-09-17T08:08:50.736+0000] {logging_mixin.py:188} INFO - [2026-09-17T08:08:50.736+0000] {dagbag.py:545} INFO - Filling up the DagBag from /opt/airflow/dags/extraction_DAG.py
[2026-09-17T08:08:50.742+0000] {logging_mixin.py:188} INFO - [2026-09-17T08:08:50.740+0000] {dagbag.py:355} ERROR - Failed to import: /opt/airflow/dags/extraction_DAG.py
Traceback (most recent call last):
  File "/home/airflow/.local/lib/python3.12/site-packages/airflow/models/dagbag.py", line 351, in parse
    loader.exec_module(new_module)
  File "<frozen importlib._bootstrap_external>", line 995, in exec_module
  File "<frozen importlib._bootstrap>", line 488, in _call_with_frames_removed
  File "/opt/airflow/dags/extraction_DAG.py", line 6, in <module>
    from include import extract as extract_data
ModuleNotFoundError: No module named 'include'
[2026-09-17T08:08:50.742+0000] {processor.py:842} WARNING - No viable dags retrieved from /opt/airflow/dags/extraction_DAG.py
[2026-09-17T08:08:50.766+0000] {processor.py:183} INFO - Processing /opt/airflow/dags/extraction_DAG.py took 0.064 seconds
[2026-09-17T08:09:20.860+0000] {processor.py:161} INFO - Started process (PID=152) to work on /opt/airflow/dags/extraction_DAG.py
[2026-09-17T08:09:20.861+0000] {processor.py:830} INFO - Processing file /opt/airflow/dags/extraction_DAG.py for tasks to queue
[2026-09-17T08:09:20.864+0000] {logging_mixin.py:188} INFO - [2026-09-17T08:09:20.863+0000] {dagbag.py:545} INFO - Filling up the DagBag from /opt/airflow/dags/extraction_DAG.py
[2026-09-17T08:09:20.866+0000] {logging_mixin.py:188} INFO - [2026-09-17T08:09:20.866+0000] {dagbag.py:355} ERROR - Failed to import: /opt/airflow/dags/extraction_DAG.py
Traceback (most recent call last):
  File "/home/airflow/.local/lib/python3.12/site-packages/airflow/models/dagbag.py", line 351, in parse
    loader.exec_module(new_module)
  File "<frozen importlib._bootstrap_external>", line 995, in exec_module
  File "<frozen importlib._bootstrap>", line 488, in _call_with_frames_removed
  File "/opt/airflow/dags/extraction_DAG.py", line 6, in <module>
    from include import extract as extract_data
ModuleNotFoundError: No module named 'include'
[2026-09-17T08:09:20.866+0000] {processor.py:842} WARNING - No viable dags retrieved from /opt/airflow/dags/extraction_DAG.py
[2026-09-17T08:09:20.887+0000] {processor.py:183} INFO - Processing /opt/airflow/dags/extraction_DAG.py took 0.032 seconds
[2026-09-17T08:09:51.039+0000] {processor.py:161} INFO - Started process (PID=159) to work on /opt/airflow/dags/extraction_DAG.py
[2026-09-17T08:09:51.118+0000] {processor.py:830} INFO - Processing file /opt/airflow/dags/extraction_DAG.py for tasks to queue
[2026-09-17T08:09:51.121+0000] {logging_mixin.py:188} INFO - [2026-09-17T08:09:51.120+0000] {dagbag.py:545} INFO - Filling up the DagBag from /opt/airflow/dags/extraction_DAG.py
[2026-09-17T08:09:51.126+0000] {logging_mixin.py:188} INFO - [2026-09-17T08:09:51.124+0000] {dagbag.py:355} ERROR - Failed to import: /opt/airflow/dags/extraction_DAG.py
Traceback (most recent call last):
  File "/home/airflow/.local/lib/python3.12/site-packages/airflow/models/dagbag.py", line 351, in parse
    loader.exec_module(new_module)
  File "<frozen importlib._bootstrap_external>", line 995, in exec_module
  File "<frozen importlib._bootstrap>", line 488, in _call_with_frames_removed
  File "/opt/airflow/dags/extraction_DAG.py", line 6, in <module>
    from include import extract as extract_data
ModuleNotFoundError: No module named 'include'
[2026-09-17T08:09:51.127+0000] {processor.py:842} WARNING - No viable dags retrieved from /opt/airflow/dags/extraction_DAG.py
[2026-09-17T08:09:51.152+0000] {processor.py:183} INFO - Processing /opt/airflow/dags/extraction_DAG.py took 0.116 seconds
[2026-09-17T08:10:21.268+0000] {processor.py:161} INFO - Started process (PID=166) to work on /opt/airflow/dags/extraction_DAG.py
[2026-09-17T08:10:21.269+0000] {processor.py:830} INFO - Processing file /opt/airflow/dags/extraction_DAG.py for tasks to queue
[2026-09-17T08:10:21.270+0000] {logging_mixin.py:188} INFO - [2026-09-17T08:10:21.269+0000] {dagbag.py:545} INFO - Filling up the DagBag from /opt/airflow/dags/extraction_DAG.py
[2026-09-17T08:10:21.271+0000] {logging_mixin.py:188} INFO - [2026-09-17T08:10:21.271+0000] {dagbag.py:355} ERROR - Failed to import: /opt/airflow/dags/extraction_DAG.py
Traceback (most recent call last):
  File "/home/airflow/.local/lib/python3.12/site-packages/airflow/models/dagbag.py", line 351, in parse
    loader.exec_module(new_module)
  File "<frozen importlib._bootstrap_external>", line 995, in exec_module
  File "<frozen importlib._bootstrap>", line 488, in _call_with_frames_removed
  File "/opt/airflow/dags/extraction_DAG.py", line 6, in <module>
    from include import extract as extract_data
ModuleNotFoundError: No module named 'include'
[2026-09-17T08:10:21.272+0000] {processor.py:842} WARNING - No viable dags retrieved from /opt/airflow/dags/extraction_DAG.py
[2026-09-17T08:10:21.283+0000] {processor.py:183} INFO - Processing /opt/airflow/dags/extraction_DAG.py took 0.018 seconds
[2026-09-17T08:10:51.408+0000] {processor.py:161} INFO - Started process (PID=173) to work on /opt/airflow/dags/extraction_DAG.py
[2026-09-17T08:10:51.724+0000] {processor.py:830} INFO - Processing file /opt/airflow/dags/extraction_DAG.py for tasks to queue
[2026-09-17T08:10:51.727+0000] {logging_mixin.py:188} INFO - [2026-09-17T08:10:51.726+0000] {dagbag.py:545} INFO - Filling up the DagBag from /opt/airflow/dags/extraction_DAG.py
[2026-09-17T08:10:51.730+0000] {logging_mixin.py:188} INFO - [2026-09-17T08:10:51.729+0000] {dagbag.py:355} ERROR - Failed to import: /opt/airflow/dags/extraction_DAG.py
Traceback (most recent call last):
  File "/home/airflow/.local/lib/python3.12/site-packages/airflow/models/dagbag.py", line 351, in parse
    loader.exec_module(new_module)
  File "<frozen importlib._bootstrap_external>", line 995, in exec_module
  File "<frozen importlib._bootstrap>", line 488, in _call_with_frames_removed
  File "/opt/airflow/dags/extraction_DAG.py", line 6, in <module>
    from include import extract as extract_data
ModuleNotFoundError: No module named 'include'
[2026-09-17T08:10:51.730+0000] {processor.py:842} WARNING - No viable dags retrieved from /opt/airflow/dags/extraction_DAG.py
[2026-09-17T08:10:51.750+0000] {processor.py:183} INFO - Processing /opt/airflow/dags/extraction_DAG.py took 0.345 seconds
[2026-09-17T08:11:21.896+0000] {processor.py:161} INFO - Started process (PID=180) to work on /opt/airflow/dags/extraction_DAG.py
[2026-09-17T08:11:21.896+0000] {processor.py:830} INFO - Processing file /opt/airflow/dags/extraction_DAG.py for tasks to queue
[2026-09-17T08:11:21.897+0000] {logging_mixin.py:188} INFO - [2026-09-17T08:11:21.897+0000] {dagbag.py:545} INFO - Filling up the DagBag from /opt/airflow/dags/extraction_DAG.py
[2026-09-17T08:11:21.899+0000] {logging_mixin.py:188} INFO - [2026-09-17T08:11:21.898+0000] {dagbag.py:355} ERROR - Failed to import: /opt/airflow/dags/extraction_DAG.py
Traceback (most recent call last):
  File "/home/airflow/.local/lib/python3.12/site-packages/airflow/models/dagbag.py", line 351, in parse
    loader.exec_module(new_module)
  File "<frozen importlib._bootstrap_external>", line 995, in exec_module
  File "<frozen importlib._bootstrap>", line 488, in _call_with_frames_removed
  File "/opt/airflow/dags/extraction_DAG.py", line 6, in <module>
    from include import extract as extract_data
ModuleNotFoundError: No module named 'include'
[2026-09-17T08:11:21.899+0000] {processor.py:842} WARNING - No viable dags retrieved from /opt/airflow/dags/extraction_DAG.py
[2026-09-17T08:11:21.911+0000] {processor.py:183} INFO - Processing /opt/airflow/dags/extraction_DAG.py took 0.020 seconds
[2026-09-17T08:11:52.072+0000] {processor.py:161} INFO - Started process (PID=187) to work on /opt/airflow/dags/extraction_DAG.py
[2026-09-17T08:11:52.168+0000] {processor.py:830} INFO - Processing file /opt/airflow/dags/extraction_DAG.py for tasks to queue
[2026-09-17T08:11:52.172+0000] {logging_mixin.py:188} INFO - [2026-09-17T08:11:52.171+0000] {dagbag.py:545} INFO - Filling up the DagBag from /opt/airflow/dags/extraction_DAG.py
[2026-09-17T08:11:52.177+0000] {logging_mixin.py:188} INFO - [2026-09-17T08:11:52.175+0000] {dagbag.py:355} ERROR - Failed to import: /opt/airflow/dags/extraction_DAG.py
Traceback (most recent call last):
  File "/home/airflow/.local/lib/python3.12/site-packages/airflow/models/dagbag.py", line 351, in parse
    loader.exec_module(new_module)
  File "<frozen importlib._bootstrap_external>", line 995, in exec_module
  File "<frozen importlib._bootstrap>", line 488, in _call_with_frames_removed
  File "/opt/airflow/dags/extraction_DAG.py", line 6, in <module>
    from include import extract as extract_data
ModuleNotFoundError: No module named 'include'
[2026-09-17T08:11:52.178+0000] {processor.py:842} WARNING - No viable dags retrieved from /opt/airflow/dags/extraction_DAG.py
[2026-09-17T08:11:52.197+0000] {processor.py:183} INFO - Processing /opt/airflow/dags/extraction_DAG.py took 0.129 seconds
[2026-09-17T08:12:22.238+0000] {processor.py:161} INFO - Started process (PID=194) to work on /opt/airflow/dags/extraction_DAG.py
[2026-09-17T08:12:22.239+0000] {processor.py:830} INFO - Processing file /opt/airflow/dags/extraction_DAG.py for tasks to queue
[2026-09-17T08:12:22.240+0000] {logging_mixin.py:188} INFO - [2026-09-17T08:12:22.240+0000] {dagbag.py:545} INFO - Filling up the DagBag from /opt/airflow/dags/extraction_DAG.py
[2026-09-17T08:12:22.241+0000] {logging_mixin.py:188} INFO - [2026-09-17T08:12:22.241+0000] {dagbag.py:355} ERROR - Failed to import: /opt/airflow/dags/extraction_DAG.py
Traceback (most recent call last):
  File "/home/airflow/.local/lib/python3.12/site-packages/airflow/models/dagbag.py", line 351, in parse
    loader.exec_module(new_module)
  File "<frozen importlib._bootstrap_external>", line 995, in exec_module
  File "<frozen importlib._bootstrap>", line 488, in _call_with_frames_removed
  File "/opt/airflow/dags/extraction_DAG.py", line 6, in <module>
    from include import extract as extract_data
ModuleNotFoundError: No module named 'include'
[2026-09-17T08:12:22.242+0000] {processor.py:842} WARNING - No viable dags retrieved from /opt/airflow/dags/extraction_DAG.py
[2026-09-17T08:12:22.256+0000] {processor.py:183} INFO - Processing /opt/airflow/dags/extraction_DAG.py took 0.020 seconds
[2026-09-17T08:12:52.390+0000] {processor.py:161} INFO - Started process (PID=201) to work on /opt/airflow/dags/extraction_DAG.py
[2026-09-17T08:12:52.468+0000] {processor.py:830} INFO - Processing file /opt/airflow/dags/extraction_DAG.py for tasks to queue
[2026-09-17T08:12:52.470+0000] {logging_mixin.py:188} INFO - [2026-09-17T08:12:52.470+0000] {dagbag.py:545} INFO - Filling up the DagBag from /opt/airflow/dags/extraction_DAG.py
[2026-09-17T08:12:52.475+0000] {logging_mixin.py:188} INFO - [2026-09-17T08:12:52.473+0000] {dagbag.py:355} ERROR - Failed to import: /opt/airflow/dags/extraction_DAG.py
Traceback (most recent call last):
  File "/home/airflow/.local/lib/python3.12/site-packages/airflow/models/dagbag.py", line 351, in parse
    loader.exec_module(new_module)
  File "<frozen importlib._bootstrap_external>", line 995, in exec_module
  File "<frozen importlib._bootstrap>", line 488, in _call_with_frames_removed
  File "/opt/airflow/dags/extraction_DAG.py", line 6, in <module>
    from include import extract as extract_data
ModuleNotFoundError: No module named 'include'
[2026-09-17T08:12:52.476+0000] {processor.py:842} WARNING - No viable dags retrieved from /opt/airflow/dags/extraction_DAG.py
[2026-09-17T08:12:52.499+0000] {processor.py:183} INFO - Processing /opt/airflow/dags/extraction_DAG.py took 0.112 seconds
[2026-09-17T08:13:22.550+0000] {processor.py:161} INFO - Started process (PID=208) to work on /opt/airflow/dags/extraction_DAG.py
[2026-09-17T08:13:22.551+0000] {processor.py:830} INFO - Processing file /opt/airflow/dags/extraction_DAG.py for tasks to queue
[2026-09-17T08:13:22.552+0000] {logging_mixin.py:188} INFO - [2026-09-17T08:13:22.551+0000] {dagbag.py:545} INFO - Filling up the DagBag from /opt/airflow/dags/extraction_DAG.py
[2026-09-17T08:13:22.553+0000] {logging_mixin.py:188} INFO - [2026-09-17T08:13:22.553+0000] {dagbag.py:355} ERROR - Failed to import: /opt/airflow/dags/extraction_DAG.py
Traceback (most recent call last):
  File "/home/airflow/.local/lib/python3.12/site-packages/airflow/models/dagbag.py", line 351, in parse
    loader.exec_module(new_module)
  File "<frozen importlib._bootstrap_external>", line 995, in exec_module
  File "<frozen importlib._bootstrap>", line 488, in _call_with_frames_removed
  File "/opt/airflow/dags/extraction_DAG.py", line 6, in <module>
    from include import extract as extract_data
ModuleNotFoundError: No module named 'include'
[2026-09-17T08:13:22.554+0000] {processor.py:842} WARNING - No viable dags retrieved from /opt/airflow/dags/extraction_DAG.py
[2026-09-17T08:13:22.566+0000] {processor.py:183} INFO - Processing /opt/airflow/dags/extraction_DAG.py took 0.019 seconds
[2026-09-17T08:13:52.718+0000] {processor.py:161} INFO - Started process (PID=215) to work on /opt/airflow/dags/extraction_DAG.py
[2026-09-17T08:13:52.810+0000] {processor.py:830} INFO - Processing file /opt/airflow/dags/extraction_DAG.py for tasks to queue
[2026-09-17T08:13:52.813+0000] {logging_mixin.py:188} INFO - [2026-09-17T08:13:52.812+0000] {dagbag.py:545} INFO - Filling up the DagBag from /opt/airflow/dags/extraction_DAG.py
[2026-09-17T08:13:52.818+0000] {logging_mixin.py:188} INFO - [2026-09-17T08:13:52.816+0000] {dagbag.py:355} ERROR - Failed to import: /opt/airflow/dags/extraction_DAG.py
Traceback (most recent call last):
  File "/home/airflow/.local/lib/python3.12/site-packages/airflow/models/dagbag.py", line 351, in parse
    loader.exec_module(new_module)
  File "<frozen importlib._bootstrap_external>", line 995, in exec_module
  File "<frozen importlib._bootstrap>", line 488, in _call_with_frames_removed
  File "/opt/airflow/dags/extraction_DAG.py", line 6, in <module>
    from include import extract as extract_data
ModuleNotFoundError: No module named 'include'
[2026-09-17T08:13:52.819+0000] {processor.py:842} WARNING - No viable dags retrieved from /opt/airflow/dags/extraction_DAG.py
[2026-09-17T08:13:52.842+0000] {processor.py:183} INFO - Processing /opt/airflow/dags/extraction_DAG.py took 0.127 seconds
[2026-09-17T08:14:22.877+0000] {processor.py:161} INFO - Started process (PID=222) to work on /opt/airflow/dags/extraction_DAG.py
[2026-09-17T08:14:22.878+0000] {processor.py:830} INFO - Processing file /opt/airflow/dags/extraction_DAG.py for tasks to queue
[2026-09-17T08:14:22.879+0000] {logging_mixin.py:188} INFO - [2026-09-17T08:14:22.878+0000] {dagbag.py:545} INFO - Filling up the DagBag from /opt/airflow/dags/extraction_DAG.py
[2026-09-17T08:14:22.880+0000] {logging_mixin.py:188} INFO - [2026-09-17T08:14:22.880+0000] {dagbag.py:355} ERROR - Failed to import: /opt/airflow/dags/extraction_DAG.py
Traceback (most recent call last):
  File "/home/airflow/.local/lib/python3.12/site-packages/airflow/models/dagbag.py", line 351, in parse
    loader.exec_module(new_module)
  File "<frozen importlib._bootstrap_external>", line 995, in exec_module
  File "<frozen importlib._bootstrap>", line 488, in _call_with_frames_removed
  File "/opt/airflow/dags/extraction_DAG.py", line 6, in <module>
    from include import extract as extract_data
ModuleNotFoundError: No module named 'include'
[2026-09-17T08:14:22.880+0000] {processor.py:842} WARNING - No viable dags retrieved from /opt/airflow/dags/extraction_DAG.py
[2026-09-17T08:14:22.894+0000] {processor.py:183} INFO - Processing /opt/airflow/dags/extraction_DAG.py took 0.020 seconds
[2026-09-17T08:14:53.037+0000] {processor.py:161} INFO - Started process (PID=229) to work on /opt/airflow/dags/extraction_DAG.py
[2026-09-17T08:14:53.123+0000] {processor.py:830} INFO - Processing file /opt/airflow/dags/extraction_DAG.py for tasks to queue
[2026-09-17T08:14:53.126+0000] {logging_mixin.py:188} INFO - [2026-09-17T08:14:53.126+0000] {dagbag.py:545} INFO - Filling up the DagBag from /opt/airflow/dags/extraction_DAG.py
[2026-09-17T08:14:53.131+0000] {logging_mixin.py:188} INFO - [2026-09-17T08:14:53.129+0000] {dagbag.py:355} ERROR - Failed to import: /opt/airflow/dags/extraction_DAG.py
Traceback (most recent call last):
  File "/home/airflow/.local/lib/python3.12/site-packages/airflow/models/dagbag.py", line 351, in parse
    loader.exec_module(new_module)
  File "<frozen importlib._bootstrap_external>", line 995, in exec_module
  File "<frozen importlib._bootstrap>", line 488, in _call_with_frames_removed
  File "/opt/airflow/dags/extraction_DAG.py", line 6, in <module>
    from include import extract as extract_data
ModuleNotFoundError: No module named 'include'
[2026-09-17T08:14:53.132+0000] {processor.py:842} WARNING - No viable dags retrieved from /opt/airflow/dags/extraction_DAG.py
[2026-09-17T08:14:53.155+0000] {processor.py:183} INFO - Processing /opt/airflow/dags/extraction_DAG.py took 0.122 seconds
[2026-09-17T08:15:23.193+0000] {processor.py:161} INFO - Started process (PID=236) to work on /opt/airflow/dags/extraction_DAG.py
[2026-09-17T08:15:23.194+0000] {processor.py:830} INFO - Processing file /opt/airflow/dags/extraction_DAG.py for tasks to queue
[2026-09-17T08:15:23.195+0000] {logging_mixin.py:188} INFO - [2026-09-17T08:15:23.195+0000] {dagbag.py:545} INFO - Filling up the DagBag from /opt/airflow/dags/extraction_DAG.py
[2026-09-17T08:15:23.199+0000] {logging_mixin.py:188} INFO - [2026-09-17T08:15:23.197+0000] {dagbag.py:355} ERROR - Failed to import: /opt/airflow/dags/extraction_DAG.py
Traceback (most recent call last):
  File "/home/airflow/.local/lib/python3.12/site-packages/airflow/models/dagbag.py", line 351, in parse
    loader.exec_module(new_module)
  File "<frozen importlib._bootstrap_external>", line 995, in exec_module
  File "<frozen importlib._bootstrap>", line 488, in _call_with_frames_removed
  File "/opt/airflow/dags/extraction_DAG.py", line 6, in <module>
    from include import extract as extract_data
ModuleNotFoundError: No module named 'include'
[2026-09-17T08:15:23.200+0000] {processor.py:842} WARNING - No viable dags retrieved from /opt/airflow/dags/extraction_DAG.py
[2026-09-17T08:15:23.219+0000] {processor.py:183} INFO - Processing /opt/airflow/dags/extraction_DAG.py took 0.030 seconds
[2026-09-17T08:15:53.348+0000] {processor.py:161} INFO - Started process (PID=243) to work on /opt/airflow/dags/extraction_DAG.py
[2026-09-17T08:15:53.434+0000] {processor.py:830} INFO - Processing file /opt/airflow/dags/extraction_DAG.py for tasks to queue
[2026-09-17T08:15:53.437+0000] {logging_mixin.py:188} INFO - [2026-09-17T08:15:53.436+0000] {dagbag.py:545} INFO - Filling up the DagBag from /opt/airflow/dags/extraction_DAG.py
[2026-09-17T08:15:53.442+0000] {logging_mixin.py:188} INFO - [2026-09-17T08:15:53.440+0000] {dagbag.py:355} ERROR - Failed to import: /opt/airflow/dags/extraction_DAG.py
Traceback (most recent call last):
  File "/home/airflow/.local/lib/python3.12/site-packages/airflow/models/dagbag.py", line 351, in parse
    loader.exec_module(new_module)
  File "<frozen importlib._bootstrap_external>", line 995, in exec_module
  File "<frozen importlib._bootstrap>", line 488, in _call_with_frames_removed
  File "/opt/airflow/dags/extraction_DAG.py", line 6, in <module>
    from include import extract as extract_data
ModuleNotFoundError: No module named 'include'
[2026-09-17T08:15:53.443+0000] {processor.py:842} WARNING - No viable dags retrieved from /opt/airflow/dags/extraction_DAG.py
[2026-09-17T08:15:53.464+0000] {processor.py:183} INFO - Processing /opt/airflow/dags/extraction_DAG.py took 0.119 seconds
[2026-09-17T08:16:23.495+0000] {processor.py:161} INFO - Started process (PID=250) to work on /opt/airflow/dags/extraction_DAG.py
[2026-09-17T08:16:23.496+0000] {processor.py:830} INFO - Processing file /opt/airflow/dags/extraction_DAG.py for tasks to queue
[2026-09-17T08:16:23.498+0000] {logging_mixin.py:188} INFO - [2026-09-17T08:16:23.497+0000] {dagbag.py:545} INFO - Filling up the DagBag from /opt/airflow/dags/extraction_DAG.py
[2026-09-17T08:16:23.501+0000] {logging_mixin.py:188} INFO - [2026-09-17T08:16:23.500+0000] {dagbag.py:355} ERROR - Failed to import: /opt/airflow/dags/extraction_DAG.py
Traceback (most recent call last):
  File "/home/airflow/.local/lib/python3.12/site-packages/airflow/models/dagbag.py", line 351, in parse
    loader.exec_module(new_module)
  File "<frozen importlib._bootstrap_external>", line 995, in exec_module
  File "<frozen importlib._bootstrap>", line 488, in _call_with_frames_removed
  File "/opt/airflow/dags/extraction_DAG.py", line 6, in <module>
    from include import extract as extract_data
ModuleNotFoundError: No module named 'include'
[2026-09-17T08:16:23.501+0000] {processor.py:842} WARNING - No viable dags retrieved from /opt/airflow/dags/extraction_DAG.py
[2026-09-17T08:16:23.515+0000] {processor.py:183} INFO - Processing /opt/airflow/dags/extraction_DAG.py took 0.023 seconds
[2026-09-17T08:16:53.671+0000] {processor.py:161} INFO - Started process (PID=257) to work on /opt/airflow/dags/extraction_DAG.py
[2026-09-17T08:16:53.764+0000] {processor.py:830} INFO - Processing file /opt/airflow/dags/extraction_DAG.py for tasks to queue
[2026-09-17T08:16:53.768+0000] {logging_mixin.py:188} INFO - [2026-09-17T08:16:53.767+0000] {dagbag.py:545} INFO - Filling up the DagBag from /opt/airflow/dags/extraction_DAG.py
[2026-09-17T08:16:53.774+0000] {logging_mixin.py:188} INFO - [2026-09-17T08:16:53.772+0000] {dagbag.py:355} ERROR - Failed to import: /opt/airflow/dags/extraction_DAG.py
Traceback (most recent call last):
  File "/home/airflow/.local/lib/python3.12/site-packages/airflow/models/dagbag.py", line 351, in parse
    loader.exec_module(new_module)
  File "<frozen importlib._bootstrap_external>", line 995, in exec_module
  File "<frozen importlib._bootstrap>", line 488, in _call_with_frames_removed
  File "/opt/airflow/dags/extraction_DAG.py", line 6, in <module>
    from include import extract as extract_data
ModuleNotFoundError: No module named 'include'
[2026-09-17T08:16:53.775+0000] {processor.py:842} WARNING - No viable dags retrieved from /opt/airflow/dags/extraction_DAG.py
[2026-09-17T08:16:53.797+0000] {processor.py:183} INFO - Processing /opt/airflow/dags/extraction_DAG.py took 0.129 seconds
[2026-09-17T08:17:23.831+0000] {processor.py:161} INFO - Started process (PID=264) to work on /opt/airflow/dags/extraction_DAG.py
[2026-09-17T08:17:23.832+0000] {processor.py:830} INFO - Processing file /opt/airflow/dags/extraction_DAG.py for tasks to queue
[2026-09-17T08:17:23.833+0000] {logging_mixin.py:188} INFO - [2026-09-17T08:17:23.832+0000] {dagbag.py:545} INFO - Filling up the DagBag from /opt/airflow/dags/extraction_DAG.py
[2026-09-17T08:17:23.834+0000] {logging_mixin.py:188} INFO - [2026-09-17T08:17:23.834+0000] {dagbag.py:355} ERROR - Failed to import: /opt/airflow/dags/extraction_DAG.py
Traceback (most recent call last):
  File "/home/airflow/.local/lib/python3.12/site-packages/airflow/models/dagbag.py", line 351, in parse
    loader.exec_module(new_module)
  File "<frozen importlib._bootstrap_external>", line 995, in exec_module
  File "<frozen importlib._bootstrap>", line 488, in _call_with_frames_removed
  File "/opt/airflow/dags/extraction_DAG.py", line 6, in <module>
    from include import extract as extract_data
ModuleNotFoundError: No module named 'include'
[2026-09-17T08:17:23.835+0000] {processor.py:842} WARNING - No viable dags retrieved from /opt/airflow/dags/extraction_DAG.py
[2026-09-17T08:17:23.848+0000] {processor.py:183} INFO - Processing /opt/airflow/dags/extraction_DAG.py took 0.021 seconds
[2026-09-17T08:17:53.995+0000] {processor.py:161} INFO - Started process (PID=271) to work on /opt/airflow/dags/extraction_DAG.py
[2026-09-17T08:17:54.076+0000] {processor.py:830} INFO - Processing file /opt/airflow/dags/extraction_DAG.py for tasks to queue
[2026-09-17T08:17:54.079+0000] {logging_mixin.py:188} INFO - [2026-09-17T08:17:54.078+0000] {dagbag.py:545} INFO - Filling up the DagBag from /opt/airflow/dags/extraction_DAG.py
[2026-09-17T08:17:54.084+0000] {logging_mixin.py:188} INFO - [2026-09-17T08:17:54.082+0000] {dagbag.py:355} ERROR - Failed to import: /opt/airflow/dags/extraction_DAG.py
Traceback (most recent call last):
  File "/home/airflow/.local/lib/python3.12/site-packages/airflow/models/dagbag.py", line 351, in parse
    loader.exec_module(new_module)
  File "<frozen importlib._bootstrap_external>", line 995, in exec_module
  File "<frozen importlib._bootstrap>", line 488, in _call_with_frames_removed
  File "/opt/airflow/dags/extraction_DAG.py", line 6, in <module>
    from include import extract as extract_data
ModuleNotFoundError: No module named 'include'
[2026-09-17T08:17:54.085+0000] {processor.py:842} WARNING - No viable dags retrieved from /opt/airflow/dags/extraction_DAG.py
[2026-09-17T08:17:54.102+0000] {processor.py:183} INFO - Processing /opt/airflow/dags/extraction_DAG.py took 0.110 seconds
[2026-09-17T08:18:24.152+0000] {processor.py:161} INFO - Started process (PID=278) to work on /opt/airflow/dags/extraction_DAG.py
[2026-09-17T08:18:24.152+0000] {processor.py:830} INFO - Processing file /opt/airflow/dags/extraction_DAG.py for tasks to queue
[2026-09-17T08:18:24.153+0000] {logging_mixin.py:188} INFO - [2026-09-17T08:18:24.153+0000] {dagbag.py:545} INFO - Filling up the DagBag from /opt/airflow/dags/extraction_DAG.py
[2026-09-17T08:18:24.155+0000] {logging_mixin.py:188} INFO - [2026-09-17T08:18:24.154+0000] {dagbag.py:355} ERROR - Failed to import: /opt/airflow/dags/extraction_DAG.py
Traceback (most recent call last):
  File "/home/airflow/.local/lib/python3.12/site-packages/airflow/models/dagbag.py", line 351, in parse
    loader.exec_module(new_module)
  File "<frozen importlib._bootstrap_external>", line 995, in exec_module
  File "<frozen importlib._bootstrap>", line 488, in _call_with_frames_removed
  File "/opt/airflow/dags/extraction_DAG.py", line 6, in <module>
    from include import extract as extract_data
ModuleNotFoundError: No module named 'include'
[2026-09-17T08:18:24.155+0000] {processor.py:842} WARNING - No viable dags retrieved from /opt/airflow/dags/extraction_DAG.py
[2026-09-17T08:18:24.166+0000] {processor.py:183} INFO - Processing /opt/airflow/dags/extraction_DAG.py took 0.018 seconds
[2026-09-17T08:18:54.304+0000] {processor.py:161} INFO - Started process (PID=285) to work on /opt/airflow/dags/extraction_DAG.py
[2026-09-17T08:18:54.387+0000] {processor.py:830} INFO - Processing file /opt/airflow/dags/extraction_DAG.py for tasks to queue
[2026-09-17T08:18:54.388+0000] {logging_mixin.py:188} INFO - [2026-09-17T08:18:54.388+0000] {dagbag.py:545} INFO - Filling up the DagBag from /opt/airflow/dags/extraction_DAG.py
[2026-09-17T08:18:54.390+0000] {logging_mixin.py:188} INFO - [2026-09-17T08:18:54.390+0000] {dagbag.py:355} ERROR - Failed to import: /opt/airflow/dags/extraction_DAG.py
Traceback (most recent call last):
  File "/home/airflow/.local/lib/python3.12/site-packages/airflow/models/dagbag.py", line 351, in parse
    loader.exec_module(new_module)
  File "<frozen importlib._bootstrap_external>", line 995, in exec_module
  File "<frozen importlib._bootstrap>", line 488, in _call_with_frames_removed
  File "/opt/airflow/dags/extraction_DAG.py", line 6, in <module>
    from include import extract as extract_data
ModuleNotFoundError: No module named 'include'
[2026-09-17T08:18:54.391+0000] {processor.py:842} WARNING - No viable dags retrieved from /opt/airflow/dags/extraction_DAG.py
[2026-09-17T08:18:54.401+0000] {processor.py:183} INFO - Processing /opt/airflow/dags/extraction_DAG.py took 0.101 seconds
[2026-09-17T08:19:24.458+0000] {processor.py:161} INFO - Started process (PID=292) to work on /opt/airflow/dags/extraction_DAG.py
[2026-09-17T08:19:24.459+0000] {processor.py:830} INFO - Processing file /opt/airflow/dags/extraction_DAG.py for tasks to queue
[2026-09-17T08:19:24.462+0000] {logging_mixin.py:188} INFO - [2026-09-17T08:19:24.461+0000] {dagbag.py:545} INFO - Filling up the DagBag from /opt/airflow/dags/extraction_DAG.py
[2026-09-17T08:19:24.464+0000] {logging_mixin.py:188} INFO - [2026-09-17T08:19:24.464+0000] {dagbag.py:355} ERROR - Failed to import: /opt/airflow/dags/extraction_DAG.py
Traceback (most recent call last):
  File "/home/airflow/.local/lib/python3.12/site-packages/airflow/models/dagbag.py", line 351, in parse
    loader.exec_module(new_module)
  File "<frozen importlib._bootstrap_external>", line 995, in exec_module
  File "<frozen importlib._bootstrap>", line 488, in _call_with_frames_removed
  File "/opt/airflow/dags/extraction_DAG.py", line 6, in <module>
    from include import extract as extract_data
ModuleNotFoundError: No module named 'include'
[2026-09-17T08:19:24.465+0000] {processor.py:842} WARNING - No viable dags retrieved from /opt/airflow/dags/extraction_DAG.py
[2026-09-17T08:19:24.481+0000] {processor.py:183} INFO - Processing /opt/airflow/dags/extraction_DAG.py took 0.031 seconds
[2026-09-17T08:19:54.619+0000] {processor.py:161} INFO - Started process (PID=299) to work on /opt/airflow/dags/extraction_DAG.py
[2026-09-17T08:19:54.731+0000] {processor.py:830} INFO - Processing file /opt/airflow/dags/extraction_DAG.py for tasks to queue
[2026-09-17T08:19:54.734+0000] {logging_mixin.py:188} INFO - [2026-09-17T08:19:54.734+0000] {dagbag.py:545} INFO - Filling up the DagBag from /opt/airflow/dags/extraction_DAG.py
[2026-09-17T08:19:54.740+0000] {logging_mixin.py:188} INFO - [2026-09-17T08:19:54.738+0000] {dagbag.py:355} ERROR - Failed to import: /opt/airflow/dags/extraction_DAG.py
Traceback (most recent call last):
  File "/home/airflow/.local/lib/python3.12/site-packages/airflow/models/dagbag.py", line 351, in parse
    loader.exec_module(new_module)
  File "<frozen importlib._bootstrap_external>", line 995, in exec_module
  File "<frozen importlib._bootstrap>", line 488, in _call_with_frames_removed
  File "/opt/airflow/dags/extraction_DAG.py", line 6, in <module>
    from include import extract as extract_data
ModuleNotFoundError: No module named 'include'
[2026-09-17T08:19:54.740+0000] {processor.py:842} WARNING - No viable dags retrieved from /opt/airflow/dags/extraction_DAG.py
[2026-09-17T08:19:54.765+0000] {processor.py:183} INFO - Processing /opt/airflow/dags/extraction_DAG.py took 0.154 seconds
[2026-09-17T08:20:24.919+0000] {processor.py:161} INFO - Started process (PID=306) to work on /opt/airflow/dags/extraction_DAG.py
[2026-09-17T08:20:24.920+0000] {processor.py:830} INFO - Processing file /opt/airflow/dags/extraction_DAG.py for tasks to queue
[2026-09-17T08:20:24.923+0000] {logging_mixin.py:188} INFO - [2026-09-17T08:20:24.922+0000] {dagbag.py:545} INFO - Filling up the DagBag from /opt/airflow/dags/extraction_DAG.py
[2026-09-17T08:20:24.925+0000] {logging_mixin.py:188} INFO - [2026-09-17T08:20:24.924+0000] {dagbag.py:355} ERROR - Failed to import: /opt/airflow/dags/extraction_DAG.py
Traceback (most recent call last):
  File "/home/airflow/.local/lib/python3.12/site-packages/airflow/models/dagbag.py", line 351, in parse
    loader.exec_module(new_module)
  File "<frozen importlib._bootstrap_external>", line 995, in exec_module
  File "<frozen importlib._bootstrap>", line 488, in _call_with_frames_removed
  File "/opt/airflow/dags/extraction_DAG.py", line 6, in <module>
    from include import extract as extract_data
ModuleNotFoundError: No module named 'include'
[2026-09-17T08:20:24.926+0000] {processor.py:842} WARNING - No viable dags retrieved from /opt/airflow/dags/extraction_DAG.py
[2026-09-17T08:20:24.937+0000] {processor.py:183} INFO - Processing /opt/airflow/dags/extraction_DAG.py took 0.026 seconds
[2026-09-17T08:20:55.071+0000] {processor.py:161} INFO - Started process (PID=313) to work on /opt/airflow/dags/extraction_DAG.py
[2026-09-17T08:20:55.079+0000] {processor.py:830} INFO - Processing file /opt/airflow/dags/extraction_DAG.py for tasks to queue
[2026-09-17T08:20:55.080+0000] {logging_mixin.py:188} INFO - [2026-09-17T08:20:55.080+0000] {dagbag.py:545} INFO - Filling up the DagBag from /opt/airflow/dags/extraction_DAG.py
[2026-09-17T08:20:55.082+0000] {logging_mixin.py:188} INFO - [2026-09-17T08:20:55.081+0000] {dagbag.py:355} ERROR - Failed to import: /opt/airflow/dags/extraction_DAG.py
Traceback (most recent call last):
  File "/home/airflow/.local/lib/python3.12/site-packages/airflow/models/dagbag.py", line 351, in parse
    loader.exec_module(new_module)
  File "<frozen importlib._bootstrap_external>", line 995, in exec_module
  File "<frozen importlib._bootstrap>", line 488, in _call_with_frames_removed
  File "/opt/airflow/dags/extraction_DAG.py", line 6, in <module>
    from include import extract as extract_data
ModuleNotFoundError: No module named 'include'
[2026-09-17T08:20:55.083+0000] {processor.py:842} WARNING - No viable dags retrieved from /opt/airflow/dags/extraction_DAG.py
[2026-09-17T08:20:55.094+0000] {processor.py:183} INFO - Processing /opt/airflow/dags/extraction_DAG.py took 0.027 seconds
[2026-09-17T08:21:25.243+0000] {processor.py:161} INFO - Started process (PID=320) to work on /opt/airflow/dags/extraction_DAG.py
[2026-09-17T08:21:25.244+0000] {processor.py:830} INFO - Processing file /opt/airflow/dags/extraction_DAG.py for tasks to queue
[2026-09-17T08:21:25.245+0000] {logging_mixin.py:188} INFO - [2026-09-17T08:21:25.245+0000] {dagbag.py:545} INFO - Filling up the DagBag from /opt/airflow/dags/extraction_DAG.py
[2026-09-17T08:21:25.247+0000] {logging_mixin.py:188} INFO - [2026-09-17T08:21:25.247+0000] {dagbag.py:355} ERROR - Failed to import: /opt/airflow/dags/extraction_DAG.py
Traceback (most recent call last):
  File "/home/airflow/.local/lib/python3.12/site-packages/airflow/models/dagbag.py", line 351, in parse
    loader.exec_module(new_module)
  File "<frozen importlib._bootstrap_external>", line 995, in exec_module
  File "<frozen importlib._bootstrap>", line 488, in _call_with_frames_removed
  File "/opt/airflow/dags/extraction_DAG.py", line 6, in <module>
    from include import extract as extract_data
ModuleNotFoundError: No module named 'include'
[2026-09-17T08:21:25.248+0000] {processor.py:842} WARNING - No viable dags retrieved from /opt/airflow/dags/extraction_DAG.py
[2026-09-17T08:21:25.257+0000] {processor.py:183} INFO - Processing /opt/airflow/dags/extraction_DAG.py took 0.018 seconds
[2026-09-17T08:21:55.407+0000] {processor.py:161} INFO - Started process (PID=327) to work on /opt/airflow/dags/extraction_DAG.py
[2026-09-17T08:21:55.412+0000] {processor.py:830} INFO - Processing file /opt/airflow/dags/extraction_DAG.py for tasks to queue
[2026-09-17T08:21:55.414+0000] {logging_mixin.py:188} INFO - [2026-09-17T08:21:55.414+0000] {dagbag.py:545} INFO - Filling up the DagBag from /opt/airflow/dags/extraction_DAG.py
[2026-09-17T08:21:55.418+0000] {logging_mixin.py:188} INFO - [2026-09-17T08:21:55.417+0000] {dagbag.py:355} ERROR - Failed to import: /opt/airflow/dags/extraction_DAG.py
Traceback (most recent call last):
  File "/home/airflow/.local/lib/python3.12/site-packages/airflow/models/dagbag.py", line 351, in parse
    loader.exec_module(new_module)
  File "<frozen importlib._bootstrap_external>", line 995, in exec_module
  File "<frozen importlib._bootstrap>", line 488, in _call_with_frames_removed
  File "/opt/airflow/dags/extraction_DAG.py", line 6, in <module>
    from include import extract as extract_data
ModuleNotFoundError: No module named 'include'
[2026-09-17T08:21:55.418+0000] {processor.py:842} WARNING - No viable dags retrieved from /opt/airflow/dags/extraction_DAG.py
[2026-09-17T08:21:55.438+0000] {processor.py:183} INFO - Processing /opt/airflow/dags/extraction_DAG.py took 0.035 seconds
[2026-09-17T08:22:25.575+0000] {processor.py:161} INFO - Started process (PID=334) to work on /opt/airflow/dags/extraction_DAG.py
[2026-09-17T08:22:25.576+0000] {processor.py:830} INFO - Processing file /opt/airflow/dags/extraction_DAG.py for tasks to queue
[2026-09-17T08:22:25.577+0000] {logging_mixin.py:188} INFO - [2026-09-17T08:22:25.576+0000] {dagbag.py:545} INFO - Filling up the DagBag from /opt/airflow/dags/extraction_DAG.py
[2026-09-17T08:22:25.578+0000] {logging_mixin.py:188} INFO - [2026-09-17T08:22:25.578+0000] {dagbag.py:355} ERROR - Failed to import: /opt/airflow/dags/extraction_DAG.py
Traceback (most recent call last):
  File "/home/airflow/.local/lib/python3.12/site-packages/airflow/models/dagbag.py", line 351, in parse
    loader.exec_module(new_module)
  File "<frozen importlib._bootstrap_external>", line 995, in exec_module
  File "<frozen importlib._bootstrap>", line 488, in _call_with_frames_removed
  File "/opt/airflow/dags/extraction_DAG.py", line 6, in <module>
    from include import extract as extract_data
ModuleNotFoundError: No module named 'include'
[2026-09-17T08:22:25.579+0000] {processor.py:842} WARNING - No viable dags retrieved from /opt/airflow/dags/extraction_DAG.py
[2026-09-17T08:22:25.593+0000] {processor.py:183} INFO - Processing /opt/airflow/dags/extraction_DAG.py took 0.021 seconds
[2026-09-17T08:22:55.739+0000] {processor.py:161} INFO - Started process (PID=341) to work on /opt/airflow/dags/extraction_DAG.py
[2026-09-17T08:22:55.743+0000] {processor.py:830} INFO - Processing file /opt/airflow/dags/extraction_DAG.py for tasks to queue
[2026-09-17T08:22:55.746+0000] {logging_mixin.py:188} INFO - [2026-09-17T08:22:55.745+0000] {dagbag.py:545} INFO - Filling up the DagBag from /opt/airflow/dags/extraction_DAG.py
[2026-09-17T08:22:55.749+0000] {logging_mixin.py:188} INFO - [2026-09-17T08:22:55.748+0000] {dagbag.py:355} ERROR - Failed to import: /opt/airflow/dags/extraction_DAG.py
Traceback (most recent call last):
  File "/home/airflow/.local/lib/python3.12/site-packages/airflow/models/dagbag.py", line 351, in parse
    loader.exec_module(new_module)
  File "<frozen importlib._bootstrap_external>", line 995, in exec_module
  File "<frozen importlib._bootstrap>", line 488, in _call_with_frames_removed
  File "/opt/airflow/dags/extraction_DAG.py", line 6, in <module>
    from include import extract as extract_data
ModuleNotFoundError: No module named 'include'
[2026-09-17T08:22:55.749+0000] {processor.py:842} WARNING - No viable dags retrieved from /opt/airflow/dags/extraction_DAG.py
[2026-09-17T08:22:55.767+0000] {processor.py:183} INFO - Processing /opt/airflow/dags/extraction_DAG.py took 0.033 seconds
[2026-09-17T08:23:25.900+0000] {processor.py:161} INFO - Started process (PID=348) to work on /opt/airflow/dags/extraction_DAG.py
[2026-09-17T08:23:25.901+0000] {processor.py:830} INFO - Processing file /opt/airflow/dags/extraction_DAG.py for tasks to queue
[2026-09-17T08:23:25.902+0000] {logging_mixin.py:188} INFO - [2026-09-17T08:23:25.902+0000] {dagbag.py:545} INFO - Filling up the DagBag from /opt/airflow/dags/extraction_DAG.py
[2026-09-17T08:23:25.903+0000] {logging_mixin.py:188} INFO - [2026-09-17T08:23:25.903+0000] {dagbag.py:355} ERROR - Failed to import: /opt/airflow/dags/extraction_DAG.py
Traceback (most recent call last):
  File "/home/airflow/.local/lib/python3.12/site-packages/airflow/models/dagbag.py", line 351, in parse
    loader.exec_module(new_module)
  File "<frozen importlib._bootstrap_external>", line 995, in exec_module
  File "<frozen importlib._bootstrap>", line 488, in _call_with_frames_removed
  File "/opt/airflow/dags/extraction_DAG.py", line 6, in <module>
    from include import extract as extract_data
ModuleNotFoundError: No module named 'include'
[2026-09-17T08:23:25.904+0000] {processor.py:842} WARNING - No viable dags retrieved from /opt/airflow/dags/extraction_DAG.py
[2026-09-17T08:23:25.917+0000] {processor.py:183} INFO - Processing /opt/airflow/dags/extraction_DAG.py took 0.022 seconds
[2026-09-17T08:23:56.066+0000] {processor.py:161} INFO - Started process (PID=355) to work on /opt/airflow/dags/extraction_DAG.py
[2026-09-17T08:23:56.073+0000] {processor.py:830} INFO - Processing file /opt/airflow/dags/extraction_DAG.py for tasks to queue
[2026-09-17T08:23:56.075+0000] {logging_mixin.py:188} INFO - [2026-09-17T08:23:56.075+0000] {dagbag.py:545} INFO - Filling up the DagBag from /opt/airflow/dags/extraction_DAG.py
[2026-09-17T08:23:56.079+0000] {logging_mixin.py:188} INFO - [2026-09-17T08:23:56.078+0000] {dagbag.py:355} ERROR - Failed to import: /opt/airflow/dags/extraction_DAG.py
Traceback (most recent call last):
  File "/home/airflow/.local/lib/python3.12/site-packages/airflow/models/dagbag.py", line 351, in parse
    loader.exec_module(new_module)
  File "<frozen importlib._bootstrap_external>", line 995, in exec_module
  File "<frozen importlib._bootstrap>", line 488, in _call_with_frames_removed
  File "/opt/airflow/dags/extraction_DAG.py", line 6, in <module>
    from include import extract as extract_data
ModuleNotFoundError: No module named 'include'
[2026-09-17T08:23:56.080+0000] {processor.py:842} WARNING - No viable dags retrieved from /opt/airflow/dags/extraction_DAG.py
[2026-09-17T08:23:56.094+0000] {processor.py:183} INFO - Processing /opt/airflow/dags/extraction_DAG.py took 0.032 seconds
[2026-09-17T08:24:26.225+0000] {processor.py:161} INFO - Started process (PID=362) to work on /opt/airflow/dags/extraction_DAG.py
[2026-09-17T08:24:26.226+0000] {processor.py:830} INFO - Processing file /opt/airflow/dags/extraction_DAG.py for tasks to queue
[2026-09-17T08:24:26.226+0000] {logging_mixin.py:188} INFO - [2026-09-17T08:24:26.226+0000] {dagbag.py:545} INFO - Filling up the DagBag from /opt/airflow/dags/extraction_DAG.py
[2026-09-17T08:24:26.229+0000] {logging_mixin.py:188} INFO - [2026-09-17T08:24:26.228+0000] {dagbag.py:355} ERROR - Failed to import: /opt/airflow/dags/extraction_DAG.py
Traceback (most recent call last):
  File "/home/airflow/.local/lib/python3.12/site-packages/airflow/models/dagbag.py", line 351, in parse
    loader.exec_module(new_module)
  File "<frozen importlib._bootstrap_external>", line 995, in exec_module
  File "<frozen importlib._bootstrap>", line 488, in _call_with_frames_removed
  File "/opt/airflow/dags/extraction_DAG.py", line 6, in <module>
    from include import extract as extract_data
ModuleNotFoundError: No module named 'include'
[2026-09-17T08:24:26.229+0000] {processor.py:842} WARNING - No viable dags retrieved from /opt/airflow/dags/extraction_DAG.py
[2026-09-17T08:24:26.239+0000] {processor.py:183} INFO - Processing /opt/airflow/dags/extraction_DAG.py took 0.018 seconds
[2026-09-17T08:24:56.373+0000] {processor.py:161} INFO - Started process (PID=368) to work on /opt/airflow/dags/extraction_DAG.py
[2026-09-17T08:24:56.463+0000] {processor.py:830} INFO - Processing file /opt/airflow/dags/extraction_DAG.py for tasks to queue
[2026-09-17T08:24:56.466+0000] {logging_mixin.py:188} INFO - [2026-09-17T08:24:56.465+0000] {dagbag.py:545} INFO - Filling up the DagBag from /opt/airflow/dags/extraction_DAG.py
[2026-09-17T08:24:56.471+0000] {logging_mixin.py:188} INFO - [2026-09-17T08:24:56.469+0000] {dagbag.py:355} ERROR - Failed to import: /opt/airflow/dags/extraction_DAG.py
Traceback (most recent call last):
  File "/home/airflow/.local/lib/python3.12/site-packages/airflow/models/dagbag.py", line 351, in parse
    loader.exec_module(new_module)
  File "<frozen importlib._bootstrap_external>", line 995, in exec_module
  File "<frozen importlib._bootstrap>", line 488, in _call_with_frames_removed
  File "/opt/airflow/dags/extraction_DAG.py", line 6, in <module>
    from include import extract as extract_data
ModuleNotFoundError: No module named 'include'
[2026-09-17T08:24:56.472+0000] {processor.py:842} WARNING - No viable dags retrieved from /opt/airflow/dags/extraction_DAG.py
[2026-09-17T08:24:56.494+0000] {processor.py:183} INFO - Processing /opt/airflow/dags/extraction_DAG.py took 0.124 seconds
[2026-09-17T08:25:26.520+0000] {processor.py:161} INFO - Started process (PID=375) to work on /opt/airflow/dags/extraction_DAG.py
[2026-09-17T08:25:26.521+0000] {processor.py:830} INFO - Processing file /opt/airflow/dags/extraction_DAG.py for tasks to queue
[2026-09-17T08:25:26.522+0000] {logging_mixin.py:188} INFO - [2026-09-17T08:25:26.521+0000] {dagbag.py:545} INFO - Filling up the DagBag from /opt/airflow/dags/extraction_DAG.py
[2026-09-17T08:25:26.523+0000] {logging_mixin.py:188} INFO - [2026-09-17T08:25:26.523+0000] {dagbag.py:355} ERROR - Failed to import: /opt/airflow/dags/extraction_DAG.py
Traceback (most recent call last):
  File "/home/airflow/.local/lib/python3.12/site-packages/airflow/models/dagbag.py", line 351, in parse
    loader.exec_module(new_module)
  File "<frozen importlib._bootstrap_external>", line 995, in exec_module
  File "<frozen importlib._bootstrap>", line 488, in _call_with_frames_removed
  File "/opt/airflow/dags/extraction_DAG.py", line 6, in <module>
    from include import extract as extract_data
ModuleNotFoundError: No module named 'include'
[2026-09-17T08:25:26.524+0000] {processor.py:842} WARNING - No viable dags retrieved from /opt/airflow/dags/extraction_DAG.py
[2026-09-17T08:25:26.535+0000] {processor.py:183} INFO - Processing /opt/airflow/dags/extraction_DAG.py took 0.018 seconds
[2026-09-17T08:25:56.663+0000] {processor.py:161} INFO - Started process (PID=382) to work on /opt/airflow/dags/extraction_DAG.py
[2026-09-17T08:25:56.748+0000] {processor.py:830} INFO - Processing file /opt/airflow/dags/extraction_DAG.py for tasks to queue
[2026-09-17T08:25:56.750+0000] {logging_mixin.py:188} INFO - [2026-09-17T08:25:56.750+0000] {dagbag.py:545} INFO - Filling up the DagBag from /opt/airflow/dags/extraction_DAG.py
[2026-09-17T08:25:56.755+0000] {logging_mixin.py:188} INFO - [2026-09-17T08:25:56.753+0000] {dagbag.py:355} ERROR - Failed to import: /opt/airflow/dags/extraction_DAG.py
Traceback (most recent call last):
  File "/home/airflow/.local/lib/python3.12/site-packages/airflow/models/dagbag.py", line 351, in parse
    loader.exec_module(new_module)
  File "<frozen importlib._bootstrap_external>", line 995, in exec_module
  File "<frozen importlib._bootstrap>", line 488, in _call_with_frames_removed
  File "/opt/airflow/dags/extraction_DAG.py", line 6, in <module>
    from include import extract as extract_data
ModuleNotFoundError: No module named 'include'
[2026-09-17T08:25:56.756+0000] {processor.py:842} WARNING - No viable dags retrieved from /opt/airflow/dags/extraction_DAG.py
[2026-09-17T08:25:56.781+0000] {processor.py:183} INFO - Processing /opt/airflow/dags/extraction_DAG.py took 0.122 seconds
[2026-09-17T08:26:26.811+0000] {processor.py:161} INFO - Started process (PID=389) to work on /opt/airflow/dags/extraction_DAG.py
[2026-09-17T08:26:26.811+0000] {processor.py:830} INFO - Processing file /opt/airflow/dags/extraction_DAG.py for tasks to queue
[2026-09-17T08:26:26.812+0000] {logging_mixin.py:188} INFO - [2026-09-17T08:26:26.812+0000] {dagbag.py:545} INFO - Filling up the DagBag from /opt/airflow/dags/extraction_DAG.py
[2026-09-17T08:26:26.814+0000] {logging_mixin.py:188} INFO - [2026-09-17T08:26:26.813+0000] {dagbag.py:355} ERROR - Failed to import: /opt/airflow/dags/extraction_DAG.py
Traceback (most recent call last):
  File "/home/airflow/.local/lib/python3.12/site-packages/airflow/models/dagbag.py", line 351, in parse
    loader.exec_module(new_module)
  File "<frozen importlib._bootstrap_external>", line 995, in exec_module
  File "<frozen importlib._bootstrap>", line 488, in _call_with_frames_removed
  File "/opt/airflow/dags/extraction_DAG.py", line 6, in <module>
    from include import extract as extract_data
ModuleNotFoundError: No module named 'include'
[2026-09-17T08:26:26.814+0000] {processor.py:842} WARNING - No viable dags retrieved from /opt/airflow/dags/extraction_DAG.py
[2026-09-17T08:26:26.826+0000] {processor.py:183} INFO - Processing /opt/airflow/dags/extraction_DAG.py took 0.019 seconds
[2026-09-17T08:26:56.965+0000] {processor.py:161} INFO - Started process (PID=396) to work on /opt/airflow/dags/extraction_DAG.py
[2026-09-17T08:26:56.976+0000] {processor.py:830} INFO - Processing file /opt/airflow/dags/extraction_DAG.py for tasks to queue
[2026-09-17T08:26:56.977+0000] {logging_mixin.py:188} INFO - [2026-09-17T08:26:56.977+0000] {dagbag.py:545} INFO - Filling up the DagBag from /opt/airflow/dags/extraction_DAG.py
[2026-09-17T08:26:56.979+0000] {logging_mixin.py:188} INFO - [2026-09-17T08:26:56.978+0000] {dagbag.py:355} ERROR - Failed to import: /opt/airflow/dags/extraction_DAG.py
Traceback (most recent call last):
  File "/home/airflow/.local/lib/python3.12/site-packages/airflow/models/dagbag.py", line 351, in parse
    loader.exec_module(new_module)
  File "<frozen importlib._bootstrap_external>", line 995, in exec_module
  File "<frozen importlib._bootstrap>", line 488, in _call_with_frames_removed
  File "/opt/airflow/dags/extraction_DAG.py", line 6, in <module>
    from include import extract as extract_data
ModuleNotFoundError: No module named 'include'
[2026-09-17T08:26:56.979+0000] {processor.py:842} WARNING - No viable dags retrieved from /opt/airflow/dags/extraction_DAG.py
[2026-09-17T08:26:56.989+0000] {processor.py:183} INFO - Processing /opt/airflow/dags/extraction_DAG.py took 0.028 seconds
[2026-09-17T08:27:27.112+0000] {processor.py:161} INFO - Started process (PID=403) to work on /opt/airflow/dags/extraction_DAG.py
[2026-09-17T08:27:27.112+0000] {processor.py:830} INFO - Processing file /opt/airflow/dags/extraction_DAG.py for tasks to queue
[2026-09-17T08:27:27.113+0000] {logging_mixin.py:188} INFO - [2026-09-17T08:27:27.113+0000] {dagbag.py:545} INFO - Filling up the DagBag from /opt/airflow/dags/extraction_DAG.py
[2026-09-17T08:27:27.115+0000] {logging_mixin.py:188} INFO - [2026-09-17T08:27:27.115+0000] {dagbag.py:355} ERROR - Failed to import: /opt/airflow/dags/extraction_DAG.py
Traceback (most recent call last):
  File "/home/airflow/.local/lib/python3.12/site-packages/airflow/models/dagbag.py", line 351, in parse
    loader.exec_module(new_module)
  File "<frozen importlib._bootstrap_external>", line 995, in exec_module
  File "<frozen importlib._bootstrap>", line 488, in _call_with_frames_removed
  File "/opt/airflow/dags/extraction_DAG.py", line 6, in <module>
    from include import extract as extract_data
ModuleNotFoundError: No module named 'include'
[2026-09-17T08:27:27.116+0000] {processor.py:842} WARNING - No viable dags retrieved from /opt/airflow/dags/extraction_DAG.py
[2026-09-17T08:27:27.126+0000] {processor.py:183} INFO - Processing /opt/airflow/dags/extraction_DAG.py took 0.017 seconds
[2026-09-17T08:27:57.280+0000] {processor.py:161} INFO - Started process (PID=410) to work on /opt/airflow/dags/extraction_DAG.py
[2026-09-17T08:27:57.373+0000] {processor.py:830} INFO - Processing file /opt/airflow/dags/extraction_DAG.py for tasks to queue
[2026-09-17T08:27:57.376+0000] {logging_mixin.py:188} INFO - [2026-09-17T08:27:57.376+0000] {dagbag.py:545} INFO - Filling up the DagBag from /opt/airflow/dags/extraction_DAG.py
[2026-09-17T08:27:57.382+0000] {logging_mixin.py:188} INFO - [2026-09-17T08:27:57.380+0000] {dagbag.py:355} ERROR - Failed to import: /opt/airflow/dags/extraction_DAG.py
Traceback (most recent call last):
  File "/home/airflow/.local/lib/python3.12/site-packages/airflow/models/dagbag.py", line 351, in parse
    loader.exec_module(new_module)
  File "<frozen importlib._bootstrap_external>", line 995, in exec_module
  File "<frozen importlib._bootstrap>", line 488, in _call_with_frames_removed
  File "/opt/airflow/dags/extraction_DAG.py", line 6, in <module>
    from include import extract as extract_data
ModuleNotFoundError: No module named 'include'
[2026-09-17T08:27:57.382+0000] {processor.py:842} WARNING - No viable dags retrieved from /opt/airflow/dags/extraction_DAG.py
[2026-09-17T08:27:57.406+0000] {processor.py:183} INFO - Processing /opt/airflow/dags/extraction_DAG.py took 0.134 seconds
[2026-09-17T08:28:27.562+0000] {processor.py:161} INFO - Started process (PID=417) to work on /opt/airflow/dags/extraction_DAG.py
[2026-09-17T08:28:27.563+0000] {processor.py:830} INFO - Processing file /opt/airflow/dags/extraction_DAG.py for tasks to queue
[2026-09-17T08:28:27.565+0000] {logging_mixin.py:188} INFO - [2026-09-17T08:28:27.565+0000] {dagbag.py:545} INFO - Filling up the DagBag from /opt/airflow/dags/extraction_DAG.py
[2026-09-17T08:28:27.569+0000] {logging_mixin.py:188} INFO - [2026-09-17T08:28:27.568+0000] {dagbag.py:355} ERROR - Failed to import: /opt/airflow/dags/extraction_DAG.py
Traceback (most recent call last):
  File "/home/airflow/.local/lib/python3.12/site-packages/airflow/models/dagbag.py", line 351, in parse
    loader.exec_module(new_module)
  File "<frozen importlib._bootstrap_external>", line 995, in exec_module
  File "<frozen importlib._bootstrap>", line 488, in _call_with_frames_removed
  File "/opt/airflow/dags/extraction_DAG.py", line 6, in <module>
    from include import extract as extract_data
ModuleNotFoundError: No module named 'include'
[2026-09-17T08:28:27.569+0000] {processor.py:842} WARNING - No viable dags retrieved from /opt/airflow/dags/extraction_DAG.py
[2026-09-17T08:28:27.588+0000] {processor.py:183} INFO - Processing /opt/airflow/dags/extraction_DAG.py took 0.034 seconds
[2026-09-17T08:28:57.719+0000] {processor.py:161} INFO - Started process (PID=424) to work on /opt/airflow/dags/extraction_DAG.py
[2026-09-17T08:28:57.803+0000] {processor.py:830} INFO - Processing file /opt/airflow/dags/extraction_DAG.py for tasks to queue
[2026-09-17T08:28:57.805+0000] {logging_mixin.py:188} INFO - [2026-09-17T08:28:57.805+0000] {dagbag.py:545} INFO - Filling up the DagBag from /opt/airflow/dags/extraction_DAG.py
[2026-09-17T08:28:57.810+0000] {logging_mixin.py:188} INFO - [2026-09-17T08:28:57.808+0000] {dagbag.py:355} ERROR - Failed to import: /opt/airflow/dags/extraction_DAG.py
Traceback (most recent call last):
  File "/home/airflow/.local/lib/python3.12/site-packages/airflow/models/dagbag.py", line 351, in parse
    loader.exec_module(new_module)
  File "<frozen importlib._bootstrap_external>", line 995, in exec_module
  File "<frozen importlib._bootstrap>", line 488, in _call_with_frames_removed
  File "/opt/airflow/dags/extraction_DAG.py", line 6, in <module>
    from include import extract as extract_data
ModuleNotFoundError: No module named 'include'
[2026-09-17T08:28:57.811+0000] {processor.py:842} WARNING - No viable dags retrieved from /opt/airflow/dags/extraction_DAG.py
[2026-09-17T08:28:57.835+0000] {processor.py:183} INFO - Processing /opt/airflow/dags/extraction_DAG.py took 0.124 seconds
[2026-09-17T08:29:27.889+0000] {processor.py:161} INFO - Started process (PID=431) to work on /opt/airflow/dags/extraction_DAG.py
[2026-09-17T08:29:27.890+0000] {processor.py:830} INFO - Processing file /opt/airflow/dags/extraction_DAG.py for tasks to queue
[2026-09-17T08:29:27.891+0000] {logging_mixin.py:188} INFO - [2026-09-17T08:29:27.890+0000] {dagbag.py:545} INFO - Filling up the DagBag from /opt/airflow/dags/extraction_DAG.py
[2026-09-17T08:29:27.892+0000] {logging_mixin.py:188} INFO - [2026-09-17T08:29:27.892+0000] {dagbag.py:355} ERROR - Failed to import: /opt/airflow/dags/extraction_DAG.py
Traceback (most recent call last):
  File "/home/airflow/.local/lib/python3.12/site-packages/airflow/models/dagbag.py", line 351, in parse
    loader.exec_module(new_module)
  File "<frozen importlib._bootstrap_external>", line 995, in exec_module
  File "<frozen importlib._bootstrap>", line 488, in _call_with_frames_removed
  File "/opt/airflow/dags/extraction_DAG.py", line 6, in <module>
    from include import extract as extract_data
ModuleNotFoundError: No module named 'include'
[2026-09-17T08:29:27.893+0000] {processor.py:842} WARNING - No viable dags retrieved from /opt/airflow/dags/extraction_DAG.py
[2026-09-17T08:29:27.909+0000] {processor.py:183} INFO - Processing /opt/airflow/dags/extraction_DAG.py took 0.024 seconds
[2026-09-17T08:29:58.055+0000] {processor.py:161} INFO - Started process (PID=438) to work on /opt/airflow/dags/extraction_DAG.py
[2026-09-17T08:29:58.152+0000] {processor.py:830} INFO - Processing file /opt/airflow/dags/extraction_DAG.py for tasks to queue
[2026-09-17T08:29:58.155+0000] {logging_mixin.py:188} INFO - [2026-09-17T08:29:58.154+0000] {dagbag.py:545} INFO - Filling up the DagBag from /opt/airflow/dags/extraction_DAG.py
[2026-09-17T08:29:58.158+0000] {logging_mixin.py:188} INFO - [2026-09-17T08:29:58.157+0000] {dagbag.py:355} ERROR - Failed to import: /opt/airflow/dags/extraction_DAG.py
Traceback (most recent call last):
  File "/home/airflow/.local/lib/python3.12/site-packages/airflow/models/dagbag.py", line 351, in parse
    loader.exec_module(new_module)
  File "<frozen importlib._bootstrap_external>", line 995, in exec_module
  File "<frozen importlib._bootstrap>", line 488, in _call_with_frames_removed
  File "/opt/airflow/dags/extraction_DAG.py", line 6, in <module>
    from include import extract as extract_data
ModuleNotFoundError: No module named 'include'
[2026-09-17T08:29:58.159+0000] {processor.py:842} WARNING - No viable dags retrieved from /opt/airflow/dags/extraction_DAG.py
[2026-09-17T08:29:58.182+0000] {processor.py:183} INFO - Processing /opt/airflow/dags/extraction_DAG.py took 0.131 seconds
[2026-09-17T08:30:28.222+0000] {processor.py:161} INFO - Started process (PID=445) to work on /opt/airflow/dags/extraction_DAG.py
[2026-09-17T08:30:28.222+0000] {processor.py:830} INFO - Processing file /opt/airflow/dags/extraction_DAG.py for tasks to queue
[2026-09-17T08:30:28.224+0000] {logging_mixin.py:188} INFO - [2026-09-17T08:30:28.224+0000] {dagbag.py:545} INFO - Filling up the DagBag from /opt/airflow/dags/extraction_DAG.py
[2026-09-17T08:30:28.228+0000] {logging_mixin.py:188} INFO - [2026-09-17T08:30:28.227+0000] {dagbag.py:355} ERROR - Failed to import: /opt/airflow/dags/extraction_DAG.py
Traceback (most recent call last):
  File "/home/airflow/.local/lib/python3.12/site-packages/airflow/models/dagbag.py", line 351, in parse
    loader.exec_module(new_module)
  File "<frozen importlib._bootstrap_external>", line 995, in exec_module
  File "<frozen importlib._bootstrap>", line 488, in _call_with_frames_removed
  File "/opt/airflow/dags/extraction_DAG.py", line 6, in <module>
    from include import extract as extract_data
ModuleNotFoundError: No module named 'include'
[2026-09-17T08:30:28.228+0000] {processor.py:842} WARNING - No viable dags retrieved from /opt/airflow/dags/extraction_DAG.py
[2026-09-17T08:30:28.246+0000] {processor.py:183} INFO - Processing /opt/airflow/dags/extraction_DAG.py took 0.029 seconds
[2026-09-17T08:30:58.375+0000] {processor.py:161} INFO - Started process (PID=452) to work on /opt/airflow/dags/extraction_DAG.py
[2026-09-17T08:30:58.375+0000] {processor.py:830} INFO - Processing file /opt/airflow/dags/extraction_DAG.py for tasks to queue
[2026-09-17T08:30:58.376+0000] {logging_mixin.py:188} INFO - [2026-09-17T08:30:58.376+0000] {dagbag.py:545} INFO - Filling up the DagBag from /opt/airflow/dags/extraction_DAG.py
[2026-09-17T08:30:58.378+0000] {logging_mixin.py:188} INFO - [2026-09-17T08:30:58.377+0000] {dagbag.py:355} ERROR - Failed to import: /opt/airflow/dags/extraction_DAG.py
Traceback (most recent call last):
  File "/home/airflow/.local/lib/python3.12/site-packages/airflow/models/dagbag.py", line 351, in parse
    loader.exec_module(new_module)
  File "<frozen importlib._bootstrap_external>", line 995, in exec_module
  File "<frozen importlib._bootstrap>", line 488, in _call_with_frames_removed
  File "/opt/airflow/dags/extraction_DAG.py", line 6, in <module>
    from include import extract as extract_data
ModuleNotFoundError: No module named 'include'
[2026-09-17T08:30:58.379+0000] {processor.py:842} WARNING - No viable dags retrieved from /opt/airflow/dags/extraction_DAG.py
[2026-09-17T08:30:58.400+0000] {processor.py:183} INFO - Processing /opt/airflow/dags/extraction_DAG.py took 0.030 seconds
[2026-09-17T08:31:28.535+0000] {processor.py:161} INFO - Started process (PID=459) to work on /opt/airflow/dags/extraction_DAG.py
[2026-09-17T08:31:28.536+0000] {processor.py:830} INFO - Processing file /opt/airflow/dags/extraction_DAG.py for tasks to queue
[2026-09-17T08:31:28.538+0000] {logging_mixin.py:188} INFO - [2026-09-17T08:31:28.537+0000] {dagbag.py:545} INFO - Filling up the DagBag from /opt/airflow/dags/extraction_DAG.py
[2026-09-17T08:31:28.541+0000] {logging_mixin.py:188} INFO - [2026-09-17T08:31:28.540+0000] {dagbag.py:355} ERROR - Failed to import: /opt/airflow/dags/extraction_DAG.py
Traceback (most recent call last):
  File "/home/airflow/.local/lib/python3.12/site-packages/airflow/models/dagbag.py", line 351, in parse
    loader.exec_module(new_module)
  File "<frozen importlib._bootstrap_external>", line 995, in exec_module
  File "<frozen importlib._bootstrap>", line 488, in _call_with_frames_removed
  File "/opt/airflow/dags/extraction_DAG.py", line 6, in <module>
    from include import extract as extract_data
ModuleNotFoundError: No module named 'include'
[2026-09-17T08:31:28.542+0000] {processor.py:842} WARNING - No viable dags retrieved from /opt/airflow/dags/extraction_DAG.py
[2026-09-17T08:31:28.562+0000] {processor.py:183} INFO - Processing /opt/airflow/dags/extraction_DAG.py took 0.033 seconds
[2026-09-17T08:31:58.698+0000] {processor.py:161} INFO - Started process (PID=466) to work on /opt/airflow/dags/extraction_DAG.py
[2026-09-17T08:31:58.778+0000] {processor.py:830} INFO - Processing file /opt/airflow/dags/extraction_DAG.py for tasks to queue
[2026-09-17T08:31:58.779+0000] {logging_mixin.py:188} INFO - [2026-09-17T08:31:58.779+0000] {dagbag.py:545} INFO - Filling up the DagBag from /opt/airflow/dags/extraction_DAG.py
[2026-09-17T08:31:58.781+0000] {logging_mixin.py:188} INFO - [2026-09-17T08:31:58.780+0000] {dagbag.py:355} ERROR - Failed to import: /opt/airflow/dags/extraction_DAG.py
Traceback (most recent call last):
  File "/home/airflow/.local/lib/python3.12/site-packages/airflow/models/dagbag.py", line 351, in parse
    loader.exec_module(new_module)
  File "<frozen importlib._bootstrap_external>", line 995, in exec_module
  File "<frozen importlib._bootstrap>", line 488, in _call_with_frames_removed
  File "/opt/airflow/dags/extraction_DAG.py", line 6, in <module>
    from include import extract as extract_data
ModuleNotFoundError: No module named 'include'
[2026-09-17T08:31:58.781+0000] {processor.py:842} WARNING - No viable dags retrieved from /opt/airflow/dags/extraction_DAG.py
[2026-09-17T08:31:58.793+0000] {processor.py:183} INFO - Processing /opt/airflow/dags/extraction_DAG.py took 0.098 seconds
[2026-09-17T08:32:28.867+0000] {processor.py:161} INFO - Started process (PID=473) to work on /opt/airflow/dags/extraction_DAG.py
[2026-09-17T08:32:28.867+0000] {processor.py:830} INFO - Processing file /opt/airflow/dags/extraction_DAG.py for tasks to queue
[2026-09-17T08:32:28.869+0000] {logging_mixin.py:188} INFO - [2026-09-17T08:32:28.868+0000] {dagbag.py:545} INFO - Filling up the DagBag from /opt/airflow/dags/extraction_DAG.py
[2026-09-17T08:32:28.871+0000] {logging_mixin.py:188} INFO - [2026-09-17T08:32:28.870+0000] {dagbag.py:355} ERROR - Failed to import: /opt/airflow/dags/extraction_DAG.py
Traceback (most recent call last):
  File "/home/airflow/.local/lib/python3.12/site-packages/airflow/models/dagbag.py", line 351, in parse
    loader.exec_module(new_module)
  File "<frozen importlib._bootstrap_external>", line 995, in exec_module
  File "<frozen importlib._bootstrap>", line 488, in _call_with_frames_removed
  File "/opt/airflow/dags/extraction_DAG.py", line 6, in <module>
    from include import extract as extract_data
ModuleNotFoundError: No module named 'include'
[2026-09-17T08:32:28.872+0000] {processor.py:842} WARNING - No viable dags retrieved from /opt/airflow/dags/extraction_DAG.py
[2026-09-17T08:32:28.882+0000] {processor.py:183} INFO - Processing /opt/airflow/dags/extraction_DAG.py took 0.024 seconds
[2026-09-17T08:32:59.008+0000] {processor.py:161} INFO - Started process (PID=481) to work on /opt/airflow/dags/extraction_DAG.py
[2026-09-17T08:32:59.093+0000] {processor.py:830} INFO - Processing file /opt/airflow/dags/extraction_DAG.py for tasks to queue
[2026-09-17T08:32:59.095+0000] {logging_mixin.py:188} INFO - [2026-09-17T08:32:59.095+0000] {dagbag.py:545} INFO - Filling up the DagBag from /opt/airflow/dags/extraction_DAG.py
[2026-09-17T08:32:59.100+0000] {logging_mixin.py:188} INFO - [2026-09-17T08:32:59.098+0000] {dagbag.py:355} ERROR - Failed to import: /opt/airflow/dags/extraction_DAG.py
Traceback (most recent call last):
  File "/home/airflow/.local/lib/python3.12/site-packages/airflow/models/dagbag.py", line 351, in parse
    loader.exec_module(new_module)
  File "<frozen importlib._bootstrap_external>", line 995, in exec_module
  File "<frozen importlib._bootstrap>", line 488, in _call_with_frames_removed
  File "/opt/airflow/dags/extraction_DAG.py", line 6, in <module>
    from include import extract as extract_data
ModuleNotFoundError: No module named 'include'
[2026-09-17T08:32:59.101+0000] {processor.py:842} WARNING - No viable dags retrieved from /opt/airflow/dags/extraction_DAG.py
[2026-09-17T08:32:59.117+0000] {processor.py:183} INFO - Processing /opt/airflow/dags/extraction_DAG.py took 0.115 seconds
[2026-09-17T08:33:29.165+0000] {processor.py:161} INFO - Started process (PID=488) to work on /opt/airflow/dags/extraction_DAG.py
[2026-09-17T08:33:29.165+0000] {processor.py:830} INFO - Processing file /opt/airflow/dags/extraction_DAG.py for tasks to queue
[2026-09-17T08:33:29.166+0000] {logging_mixin.py:188} INFO - [2026-09-17T08:33:29.166+0000] {dagbag.py:545} INFO - Filling up the DagBag from /opt/airflow/dags/extraction_DAG.py
[2026-09-17T08:33:29.168+0000] {logging_mixin.py:188} INFO - [2026-09-17T08:33:29.167+0000] {dagbag.py:355} ERROR - Failed to import: /opt/airflow/dags/extraction_DAG.py
Traceback (most recent call last):
  File "/home/airflow/.local/lib/python3.12/site-packages/airflow/models/dagbag.py", line 351, in parse
    loader.exec_module(new_module)
  File "<frozen importlib._bootstrap_external>", line 995, in exec_module
  File "<frozen importlib._bootstrap>", line 488, in _call_with_frames_removed
  File "/opt/airflow/dags/extraction_DAG.py", line 6, in <module>
    from include import extract as extract_data
ModuleNotFoundError: No module named 'include'
[2026-09-17T08:33:29.168+0000] {processor.py:842} WARNING - No viable dags retrieved from /opt/airflow/dags/extraction_DAG.py
[2026-09-17T08:33:29.184+0000] {processor.py:183} INFO - Processing /opt/airflow/dags/extraction_DAG.py took 0.023 seconds
[2026-09-17T08:33:59.320+0000] {processor.py:161} INFO - Started process (PID=495) to work on /opt/airflow/dags/extraction_DAG.py
[2026-09-17T08:33:59.439+0000] {processor.py:830} INFO - Processing file /opt/airflow/dags/extraction_DAG.py for tasks to queue
[2026-09-17T08:33:59.441+0000] {logging_mixin.py:188} INFO - [2026-09-17T08:33:59.441+0000] {dagbag.py:545} INFO - Filling up the DagBag from /opt/airflow/dags/extraction_DAG.py
[2026-09-17T08:33:59.446+0000] {logging_mixin.py:188} INFO - [2026-09-17T08:33:59.445+0000] {dagbag.py:355} ERROR - Failed to import: /opt/airflow/dags/extraction_DAG.py
Traceback (most recent call last):
  File "/home/airflow/.local/lib/python3.12/site-packages/airflow/models/dagbag.py", line 351, in parse
    loader.exec_module(new_module)
  File "<frozen importlib._bootstrap_external>", line 995, in exec_module
  File "<frozen importlib._bootstrap>", line 488, in _call_with_frames_removed
  File "/opt/airflow/dags/extraction_DAG.py", line 6, in <module>
    from include import extract as extract_data
ModuleNotFoundError: No module named 'include'
[2026-09-17T08:33:59.447+0000] {processor.py:842} WARNING - No viable dags retrieved from /opt/airflow/dags/extraction_DAG.py
[2026-09-17T08:33:59.467+0000] {processor.py:183} INFO - Processing /opt/airflow/dags/extraction_DAG.py took 0.151 seconds
[2026-09-17T08:34:29.620+0000] {processor.py:161} INFO - Started process (PID=502) to work on /opt/airflow/dags/extraction_DAG.py
[2026-09-17T08:34:29.621+0000] {processor.py:830} INFO - Processing file /opt/airflow/dags/extraction_DAG.py for tasks to queue
[2026-09-17T08:34:29.622+0000] {logging_mixin.py:188} INFO - [2026-09-17T08:34:29.622+0000] {dagbag.py:545} INFO - Filling up the DagBag from /opt/airflow/dags/extraction_DAG.py
[2026-09-17T08:34:29.625+0000] {logging_mixin.py:188} INFO - [2026-09-17T08:34:29.624+0000] {dagbag.py:355} ERROR - Failed to import: /opt/airflow/dags/extraction_DAG.py
Traceback (most recent call last):
  File "/home/airflow/.local/lib/python3.12/site-packages/airflow/models/dagbag.py", line 351, in parse
    loader.exec_module(new_module)
  File "<frozen importlib._bootstrap_external>", line 995, in exec_module
  File "<frozen importlib._bootstrap>", line 488, in _call_with_frames_removed
  File "/opt/airflow/dags/extraction_DAG.py", line 6, in <module>
    from include import extract as extract_data
ModuleNotFoundError: No module named 'include'
[2026-09-17T08:34:29.625+0000] {processor.py:842} WARNING - No viable dags retrieved from /opt/airflow/dags/extraction_DAG.py
[2026-09-17T08:34:29.638+0000] {processor.py:183} INFO - Processing /opt/airflow/dags/extraction_DAG.py took 0.027 seconds
[2026-09-17T08:34:59.777+0000] {processor.py:161} INFO - Started process (PID=509) to work on /opt/airflow/dags/extraction_DAG.py
[2026-09-17T08:34:59.866+0000] {processor.py:830} INFO - Processing file /opt/airflow/dags/extraction_DAG.py for tasks to queue
[2026-09-17T08:34:59.868+0000] {logging_mixin.py:188} INFO - [2026-09-17T08:34:59.868+0000] {dagbag.py:545} INFO - Filling up the DagBag from /opt/airflow/dags/extraction_DAG.py
[2026-09-17T08:34:59.874+0000] {logging_mixin.py:188} INFO - [2026-09-17T08:34:59.872+0000] {dagbag.py:355} ERROR - Failed to import: /opt/airflow/dags/extraction_DAG.py
Traceback (most recent call last):
  File "/home/airflow/.local/lib/python3.12/site-packages/airflow/models/dagbag.py", line 351, in parse
    loader.exec_module(new_module)
  File "<frozen importlib._bootstrap_external>", line 995, in exec_module
  File "<frozen importlib._bootstrap>", line 488, in _call_with_frames_removed
  File "/opt/airflow/dags/extraction_DAG.py", line 6, in <module>
    from include import extract as extract_data
ModuleNotFoundError: No module named 'include'
[2026-09-17T08:34:59.875+0000] {processor.py:842} WARNING - No viable dags retrieved from /opt/airflow/dags/extraction_DAG.py
[2026-09-17T08:34:59.897+0000] {processor.py:183} INFO - Processing /opt/airflow/dags/extraction_DAG.py took 0.123 seconds
[2026-09-17T08:35:29.936+0000] {processor.py:161} INFO - Started process (PID=517) to work on /opt/airflow/dags/extraction_DAG.py
[2026-09-17T08:35:29.936+0000] {processor.py:830} INFO - Processing file /opt/airflow/dags/extraction_DAG.py for tasks to queue
[2026-09-17T08:35:29.937+0000] {logging_mixin.py:188} INFO - [2026-09-17T08:35:29.937+0000] {dagbag.py:545} INFO - Filling up the DagBag from /opt/airflow/dags/extraction_DAG.py
[2026-09-17T08:35:29.939+0000] {logging_mixin.py:188} INFO - [2026-09-17T08:35:29.938+0000] {dagbag.py:355} ERROR - Failed to import: /opt/airflow/dags/extraction_DAG.py
Traceback (most recent call last):
  File "/home/airflow/.local/lib/python3.12/site-packages/airflow/models/dagbag.py", line 351, in parse
    loader.exec_module(new_module)
  File "<frozen importlib._bootstrap_external>", line 995, in exec_module
  File "<frozen importlib._bootstrap>", line 488, in _call_with_frames_removed
  File "/opt/airflow/dags/extraction_DAG.py", line 6, in <module>
    from include import extract as extract_data
ModuleNotFoundError: No module named 'include'
[2026-09-17T08:35:29.939+0000] {processor.py:842} WARNING - No viable dags retrieved from /opt/airflow/dags/extraction_DAG.py
[2026-09-17T08:35:29.955+0000] {processor.py:183} INFO - Processing /opt/airflow/dags/extraction_DAG.py took 0.024 seconds
[2026-09-17T08:36:00.092+0000] {processor.py:161} INFO - Started process (PID=524) to work on /opt/airflow/dags/extraction_DAG.py
[2026-09-17T08:36:00.166+0000] {processor.py:830} INFO - Processing file /opt/airflow/dags/extraction_DAG.py for tasks to queue
[2026-09-17T08:36:00.169+0000] {logging_mixin.py:188} INFO - [2026-09-17T08:36:00.168+0000] {dagbag.py:545} INFO - Filling up the DagBag from /opt/airflow/dags/extraction_DAG.py
[2026-09-17T08:36:00.174+0000] {logging_mixin.py:188} INFO - [2026-09-17T08:36:00.172+0000] {dagbag.py:355} ERROR - Failed to import: /opt/airflow/dags/extraction_DAG.py
Traceback (most recent call last):
  File "/home/airflow/.local/lib/python3.12/site-packages/airflow/models/dagbag.py", line 351, in parse
    loader.exec_module(new_module)
  File "<frozen importlib._bootstrap_external>", line 995, in exec_module
  File "<frozen importlib._bootstrap>", line 488, in _call_with_frames_removed
  File "/opt/airflow/dags/extraction_DAG.py", line 6, in <module>
    from include import extract as extract_data
ModuleNotFoundError: No module named 'include'
[2026-09-17T08:36:00.175+0000] {processor.py:842} WARNING - No viable dags retrieved from /opt/airflow/dags/extraction_DAG.py
[2026-09-17T08:36:00.195+0000] {processor.py:183} INFO - Processing /opt/airflow/dags/extraction_DAG.py took 0.107 seconds
[2026-09-17T08:36:30.259+0000] {processor.py:161} INFO - Started process (PID=531) to work on /opt/airflow/dags/extraction_DAG.py
[2026-09-17T08:36:30.260+0000] {processor.py:830} INFO - Processing file /opt/airflow/dags/extraction_DAG.py for tasks to queue
[2026-09-17T08:36:30.260+0000] {logging_mixin.py:188} INFO - [2026-09-17T08:36:30.260+0000] {dagbag.py:545} INFO - Filling up the DagBag from /opt/airflow/dags/extraction_DAG.py
[2026-09-17T08:36:30.262+0000] {logging_mixin.py:188} INFO - [2026-09-17T08:36:30.262+0000] {dagbag.py:355} ERROR - Failed to import: /opt/airflow/dags/extraction_DAG.py
Traceback (most recent call last):
  File "/home/airflow/.local/lib/python3.12/site-packages/airflow/models/dagbag.py", line 351, in parse
    loader.exec_module(new_module)
  File "<frozen importlib._bootstrap_external>", line 995, in exec_module
  File "<frozen importlib._bootstrap>", line 488, in _call_with_frames_removed
  File "/opt/airflow/dags/extraction_DAG.py", line 6, in <module>
    from include import extract as extract_data
ModuleNotFoundError: No module named 'include'
[2026-09-17T08:36:30.262+0000] {processor.py:842} WARNING - No viable dags retrieved from /opt/airflow/dags/extraction_DAG.py
[2026-09-17T08:36:30.276+0000] {processor.py:183} INFO - Processing /opt/airflow/dags/extraction_DAG.py took 0.021 seconds
[2026-09-17T08:37:00.422+0000] {processor.py:161} INFO - Started process (PID=538) to work on /opt/airflow/dags/extraction_DAG.py
[2026-09-17T08:37:00.523+0000] {processor.py:830} INFO - Processing file /opt/airflow/dags/extraction_DAG.py for tasks to queue
[2026-09-17T08:37:00.526+0000] {logging_mixin.py:188} INFO - [2026-09-17T08:37:00.526+0000] {dagbag.py:545} INFO - Filling up the DagBag from /opt/airflow/dags/extraction_DAG.py
[2026-09-17T08:37:00.529+0000] {logging_mixin.py:188} INFO - [2026-09-17T08:37:00.528+0000] {dagbag.py:355} ERROR - Failed to import: /opt/airflow/dags/extraction_DAG.py
Traceback (most recent call last):
  File "/home/airflow/.local/lib/python3.12/site-packages/airflow/models/dagbag.py", line 351, in parse
    loader.exec_module(new_module)
  File "<frozen importlib._bootstrap_external>", line 995, in exec_module
  File "<frozen importlib._bootstrap>", line 488, in _call_with_frames_removed
  File "/opt/airflow/dags/extraction_DAG.py", line 6, in <module>
    from include import extract as extract_data
ModuleNotFoundError: No module named 'include'
[2026-09-17T08:37:00.529+0000] {processor.py:842} WARNING - No viable dags retrieved from /opt/airflow/dags/extraction_DAG.py
[2026-09-17T08:37:00.554+0000] {processor.py:183} INFO - Processing /opt/airflow/dags/extraction_DAG.py took 0.134 seconds
[2026-09-17T08:37:30.585+0000] {processor.py:161} INFO - Started process (PID=545) to work on /opt/airflow/dags/extraction_DAG.py
[2026-09-17T08:37:30.586+0000] {processor.py:830} INFO - Processing file /opt/airflow/dags/extraction_DAG.py for tasks to queue
[2026-09-17T08:37:30.587+0000] {logging_mixin.py:188} INFO - [2026-09-17T08:37:30.587+0000] {dagbag.py:545} INFO - Filling up the DagBag from /opt/airflow/dags/extraction_DAG.py
[2026-09-17T08:37:30.590+0000] {logging_mixin.py:188} INFO - [2026-09-17T08:37:30.590+0000] {dagbag.py:355} ERROR - Failed to import: /opt/airflow/dags/extraction_DAG.py
Traceback (most recent call last):
  File "/home/airflow/.local/lib/python3.12/site-packages/airflow/models/dagbag.py", line 351, in parse
    loader.exec_module(new_module)
  File "<frozen importlib._bootstrap_external>", line 995, in exec_module
  File "<frozen importlib._bootstrap>", line 488, in _call_with_frames_removed
  File "/opt/airflow/dags/extraction_DAG.py", line 6, in <module>
    from include import extract as extract_data
ModuleNotFoundError: No module named 'include'
[2026-09-17T08:37:30.590+0000] {processor.py:842} WARNING - No viable dags retrieved from /opt/airflow/dags/extraction_DAG.py
[2026-09-17T08:37:30.604+0000] {processor.py:183} INFO - Processing /opt/airflow/dags/extraction_DAG.py took 0.025 seconds
[2026-09-17T08:38:00.733+0000] {processor.py:161} INFO - Started process (PID=552) to work on /opt/airflow/dags/extraction_DAG.py
[2026-09-17T08:38:00.838+0000] {processor.py:830} INFO - Processing file /opt/airflow/dags/extraction_DAG.py for tasks to queue
[2026-09-17T08:38:00.842+0000] {logging_mixin.py:188} INFO - [2026-09-17T08:38:00.841+0000] {dagbag.py:545} INFO - Filling up the DagBag from /opt/airflow/dags/extraction_DAG.py
[2026-09-17T08:38:00.845+0000] {logging_mixin.py:188} INFO - [2026-09-17T08:38:00.844+0000] {dagbag.py:355} ERROR - Failed to import: /opt/airflow/dags/extraction_DAG.py
Traceback (most recent call last):
  File "/home/airflow/.local/lib/python3.12/site-packages/airflow/models/dagbag.py", line 351, in parse
    loader.exec_module(new_module)
  File "<frozen importlib._bootstrap_external>", line 995, in exec_module
  File "<frozen importlib._bootstrap>", line 488, in _call_with_frames_removed
  File "/opt/airflow/dags/extraction_DAG.py", line 6, in <module>
    from include import extract as extract_data
ModuleNotFoundError: No module named 'include'
[2026-09-17T08:38:00.845+0000] {processor.py:842} WARNING - No viable dags retrieved from /opt/airflow/dags/extraction_DAG.py
[2026-09-17T08:38:00.861+0000] {processor.py:183} INFO - Processing /opt/airflow/dags/extraction_DAG.py took 0.132 seconds
[2026-09-17T08:38:30.897+0000] {processor.py:161} INFO - Started process (PID=559) to work on /opt/airflow/dags/extraction_DAG.py
[2026-09-17T08:38:30.898+0000] {processor.py:830} INFO - Processing file /opt/airflow/dags/extraction_DAG.py for tasks to queue
[2026-09-17T08:38:30.900+0000] {logging_mixin.py:188} INFO - [2026-09-17T08:38:30.899+0000] {dagbag.py:545} INFO - Filling up the DagBag from /opt/airflow/dags/extraction_DAG.py
[2026-09-17T08:38:30.901+0000] {logging_mixin.py:188} INFO - [2026-09-17T08:38:30.901+0000] {dagbag.py:355} ERROR - Failed to import: /opt/airflow/dags/extraction_DAG.py
Traceback (most recent call last):
  File "/home/airflow/.local/lib/python3.12/site-packages/airflow/models/dagbag.py", line 351, in parse
    loader.exec_module(new_module)
  File "<frozen importlib._bootstrap_external>", line 995, in exec_module
  File "<frozen importlib._bootstrap>", line 488, in _call_with_frames_removed
  File "/opt/airflow/dags/extraction_DAG.py", line 6, in <module>
    from include import extract as extract_data
ModuleNotFoundError: No module named 'include'
[2026-09-17T08:38:30.902+0000] {processor.py:842} WARNING - No viable dags retrieved from /opt/airflow/dags/extraction_DAG.py
[2026-09-17T08:38:30.918+0000] {processor.py:183} INFO - Processing /opt/airflow/dags/extraction_DAG.py took 0.029 seconds
[2026-09-17T08:39:01.048+0000] {processor.py:161} INFO - Started process (PID=565) to work on /opt/airflow/dags/extraction_DAG.py
[2026-09-17T08:39:01.074+0000] {processor.py:830} INFO - Processing file /opt/airflow/dags/extraction_DAG.py for tasks to queue
[2026-09-17T08:39:01.077+0000] {logging_mixin.py:188} INFO - [2026-09-17T08:39:01.076+0000] {dagbag.py:545} INFO - Filling up the DagBag from /opt/airflow/dags/extraction_DAG.py
[2026-09-17T08:39:01.082+0000] {logging_mixin.py:188} INFO - [2026-09-17T08:39:01.081+0000] {dagbag.py:355} ERROR - Failed to import: /opt/airflow/dags/extraction_DAG.py
Traceback (most recent call last):
  File "/home/airflow/.local/lib/python3.12/site-packages/airflow/models/dagbag.py", line 351, in parse
    loader.exec_module(new_module)
  File "<frozen importlib._bootstrap_external>", line 995, in exec_module
  File "<frozen importlib._bootstrap>", line 488, in _call_with_frames_removed
  File "/opt/airflow/dags/extraction_DAG.py", line 6, in <module>
    from include import extract as extract_data
ModuleNotFoundError: No module named 'include'
[2026-09-17T08:39:01.083+0000] {processor.py:842} WARNING - No viable dags retrieved from /opt/airflow/dags/extraction_DAG.py
[2026-09-17T08:39:01.105+0000] {processor.py:183} INFO - Processing /opt/airflow/dags/extraction_DAG.py took 0.062 seconds
[2026-09-17T08:39:31.211+0000] {processor.py:161} INFO - Started process (PID=571) to work on /opt/airflow/dags/extraction_DAG.py
[2026-09-17T08:39:31.211+0000] {processor.py:830} INFO - Processing file /opt/airflow/dags/extraction_DAG.py for tasks to queue
[2026-09-17T08:39:31.213+0000] {logging_mixin.py:188} INFO - [2026-09-17T08:39:31.212+0000] {dagbag.py:545} INFO - Filling up the DagBag from /opt/airflow/dags/extraction_DAG.py
[2026-09-17T08:39:31.214+0000] {logging_mixin.py:188} INFO - [2026-09-17T08:39:31.214+0000] {dagbag.py:355} ERROR - Failed to import: /opt/airflow/dags/extraction_DAG.py
Traceback (most recent call last):
  File "/home/airflow/.local/lib/python3.12/site-packages/airflow/models/dagbag.py", line 351, in parse
    loader.exec_module(new_module)
  File "<frozen importlib._bootstrap_external>", line 995, in exec_module
  File "<frozen importlib._bootstrap>", line 488, in _call_with_frames_removed
  File "/opt/airflow/dags/extraction_DAG.py", line 6, in <module>
    from include import extract as extract_data
ModuleNotFoundError: No module named 'include'
[2026-09-17T08:39:31.215+0000] {processor.py:842} WARNING - No viable dags retrieved from /opt/airflow/dags/extraction_DAG.py
[2026-09-17T08:39:31.226+0000] {processor.py:183} INFO - Processing /opt/airflow/dags/extraction_DAG.py took 0.018 seconds
[2026-09-17T08:40:01.369+0000] {processor.py:161} INFO - Started process (PID=578) to work on /opt/airflow/dags/extraction_DAG.py
[2026-09-17T08:40:01.439+0000] {processor.py:830} INFO - Processing file /opt/airflow/dags/extraction_DAG.py for tasks to queue
[2026-09-17T08:40:01.443+0000] {logging_mixin.py:188} INFO - [2026-09-17T08:40:01.442+0000] {dagbag.py:545} INFO - Filling up the DagBag from /opt/airflow/dags/extraction_DAG.py
[2026-09-17T08:40:01.448+0000] {logging_mixin.py:188} INFO - [2026-09-17T08:40:01.446+0000] {dagbag.py:355} ERROR - Failed to import: /opt/airflow/dags/extraction_DAG.py
Traceback (most recent call last):
  File "/home/airflow/.local/lib/python3.12/site-packages/airflow/models/dagbag.py", line 351, in parse
    loader.exec_module(new_module)
  File "<frozen importlib._bootstrap_external>", line 995, in exec_module
  File "<frozen importlib._bootstrap>", line 488, in _call_with_frames_removed
  File "/opt/airflow/dags/extraction_DAG.py", line 6, in <module>
    from include import extract as extract_data
ModuleNotFoundError: No module named 'include'
[2026-09-17T08:40:01.449+0000] {processor.py:842} WARNING - No viable dags retrieved from /opt/airflow/dags/extraction_DAG.py
[2026-09-17T08:40:01.471+0000] {processor.py:183} INFO - Processing /opt/airflow/dags/extraction_DAG.py took 0.105 seconds
[2026-09-17T08:40:31.523+0000] {processor.py:161} INFO - Started process (PID=585) to work on /opt/airflow/dags/extraction_DAG.py
[2026-09-17T08:40:31.524+0000] {processor.py:830} INFO - Processing file /opt/airflow/dags/extraction_DAG.py for tasks to queue
[2026-09-17T08:40:31.525+0000] {logging_mixin.py:188} INFO - [2026-09-17T08:40:31.524+0000] {dagbag.py:545} INFO - Filling up the DagBag from /opt/airflow/dags/extraction_DAG.py
[2026-09-17T08:40:31.526+0000] {logging_mixin.py:188} INFO - [2026-09-17T08:40:31.526+0000] {dagbag.py:355} ERROR - Failed to import: /opt/airflow/dags/extraction_DAG.py
Traceback (most recent call last):
  File "/home/airflow/.local/lib/python3.12/site-packages/airflow/models/dagbag.py", line 351, in parse
    loader.exec_module(new_module)
  File "<frozen importlib._bootstrap_external>", line 995, in exec_module
  File "<frozen importlib._bootstrap>", line 488, in _call_with_frames_removed
  File "/opt/airflow/dags/extraction_DAG.py", line 6, in <module>
    from include import extract as extract_data
ModuleNotFoundError: No module named 'include'
[2026-09-17T08:40:31.527+0000] {processor.py:842} WARNING - No viable dags retrieved from /opt/airflow/dags/extraction_DAG.py
[2026-09-17T08:40:31.542+0000] {processor.py:183} INFO - Processing /opt/airflow/dags/extraction_DAG.py took 0.022 seconds
[2026-09-17T08:41:01.688+0000] {processor.py:161} INFO - Started process (PID=592) to work on /opt/airflow/dags/extraction_DAG.py
[2026-09-17T08:41:01.770+0000] {processor.py:830} INFO - Processing file /opt/airflow/dags/extraction_DAG.py for tasks to queue
[2026-09-17T08:41:01.773+0000] {logging_mixin.py:188} INFO - [2026-09-17T08:41:01.773+0000] {dagbag.py:545} INFO - Filling up the DagBag from /opt/airflow/dags/extraction_DAG.py
[2026-09-17T08:41:01.778+0000] {logging_mixin.py:188} INFO - [2026-09-17T08:41:01.776+0000] {dagbag.py:355} ERROR - Failed to import: /opt/airflow/dags/extraction_DAG.py
Traceback (most recent call last):
  File "/home/airflow/.local/lib/python3.12/site-packages/airflow/models/dagbag.py", line 351, in parse
    loader.exec_module(new_module)
  File "<frozen importlib._bootstrap_external>", line 995, in exec_module
  File "<frozen importlib._bootstrap>", line 488, in _call_with_frames_removed
  File "/opt/airflow/dags/extraction_DAG.py", line 6, in <module>
    from include import extract as extract_data
ModuleNotFoundError: No module named 'include'
[2026-09-17T08:41:01.779+0000] {processor.py:842} WARNING - No viable dags retrieved from /opt/airflow/dags/extraction_DAG.py
[2026-09-17T08:41:01.799+0000] {processor.py:183} INFO - Processing /opt/airflow/dags/extraction_DAG.py took 0.115 seconds
[2026-09-17T08:41:31.850+0000] {processor.py:161} INFO - Started process (PID=599) to work on /opt/airflow/dags/extraction_DAG.py
[2026-09-17T08:41:31.851+0000] {processor.py:830} INFO - Processing file /opt/airflow/dags/extraction_DAG.py for tasks to queue
[2026-09-17T08:41:31.854+0000] {logging_mixin.py:188} INFO - [2026-09-17T08:41:31.853+0000] {dagbag.py:545} INFO - Filling up the DagBag from /opt/airflow/dags/extraction_DAG.py
[2026-09-17T08:41:31.859+0000] {logging_mixin.py:188} INFO - [2026-09-17T08:41:31.857+0000] {dagbag.py:355} ERROR - Failed to import: /opt/airflow/dags/extraction_DAG.py
Traceback (most recent call last):
  File "/home/airflow/.local/lib/python3.12/site-packages/airflow/models/dagbag.py", line 351, in parse
    loader.exec_module(new_module)
  File "<frozen importlib._bootstrap_external>", line 995, in exec_module
  File "<frozen importlib._bootstrap>", line 488, in _call_with_frames_removed
  File "/opt/airflow/dags/extraction_DAG.py", line 6, in <module>
    from include import extract as extract_data
ModuleNotFoundError: No module named 'include'
[2026-09-17T08:41:31.860+0000] {processor.py:842} WARNING - No viable dags retrieved from /opt/airflow/dags/extraction_DAG.py
[2026-09-17T08:41:31.878+0000] {processor.py:183} INFO - Processing /opt/airflow/dags/extraction_DAG.py took 0.036 seconds
[2026-09-17T08:42:01.975+0000] {processor.py:161} INFO - Started process (PID=606) to work on /opt/airflow/dags/extraction_DAG.py
[2026-09-17T08:42:01.984+0000] {processor.py:830} INFO - Processing file /opt/airflow/dags/extraction_DAG.py for tasks to queue
[2026-09-17T08:42:01.985+0000] {logging_mixin.py:188} INFO - [2026-09-17T08:42:01.985+0000] {dagbag.py:545} INFO - Filling up the DagBag from /opt/airflow/dags/extraction_DAG.py
[2026-09-17T08:42:01.988+0000] {logging_mixin.py:188} INFO - [2026-09-17T08:42:01.987+0000] {dagbag.py:355} ERROR - Failed to import: /opt/airflow/dags/extraction_DAG.py
Traceback (most recent call last):
  File "/home/airflow/.local/lib/python3.12/site-packages/airflow/models/dagbag.py", line 351, in parse
    loader.exec_module(new_module)
  File "<frozen importlib._bootstrap_external>", line 995, in exec_module
  File "<frozen importlib._bootstrap>", line 488, in _call_with_frames_removed
  File "/opt/airflow/dags/extraction_DAG.py", line 6, in <module>
    from include import extract as extract_data
ModuleNotFoundError: No module named 'include'
[2026-09-17T08:42:01.988+0000] {processor.py:842} WARNING - No viable dags retrieved from /opt/airflow/dags/extraction_DAG.py
[2026-09-17T08:42:01.999+0000] {processor.py:183} INFO - Processing /opt/airflow/dags/extraction_DAG.py took 0.030 seconds
[2026-09-17T08:42:32.111+0000] {processor.py:161} INFO - Started process (PID=613) to work on /opt/airflow/dags/extraction_DAG.py
[2026-09-17T08:42:32.111+0000] {processor.py:830} INFO - Processing file /opt/airflow/dags/extraction_DAG.py for tasks to queue
[2026-09-17T08:42:32.112+0000] {logging_mixin.py:188} INFO - [2026-09-17T08:42:32.112+0000] {dagbag.py:545} INFO - Filling up the DagBag from /opt/airflow/dags/extraction_DAG.py
[2026-09-17T08:42:32.115+0000] {logging_mixin.py:188} INFO - [2026-09-17T08:42:32.114+0000] {dagbag.py:355} ERROR - Failed to import: /opt/airflow/dags/extraction_DAG.py
Traceback (most recent call last):
  File "/home/airflow/.local/lib/python3.12/site-packages/airflow/models/dagbag.py", line 351, in parse
    loader.exec_module(new_module)
  File "<frozen importlib._bootstrap_external>", line 995, in exec_module
  File "<frozen importlib._bootstrap>", line 488, in _call_with_frames_removed
  File "/opt/airflow/dags/extraction_DAG.py", line 6, in <module>
    from include import extract as extract_data
ModuleNotFoundError: No module named 'include'
[2026-09-17T08:42:32.115+0000] {processor.py:842} WARNING - No viable dags retrieved from /opt/airflow/dags/extraction_DAG.py
[2026-09-17T08:42:32.130+0000] {processor.py:183} INFO - Processing /opt/airflow/dags/extraction_DAG.py took 0.025 seconds
[2026-09-17T08:43:02.258+0000] {processor.py:161} INFO - Started process (PID=619) to work on /opt/airflow/dags/extraction_DAG.py
[2026-09-17T08:43:02.265+0000] {processor.py:830} INFO - Processing file /opt/airflow/dags/extraction_DAG.py for tasks to queue
[2026-09-17T08:43:02.267+0000] {logging_mixin.py:188} INFO - [2026-09-17T08:43:02.267+0000] {dagbag.py:545} INFO - Filling up the DagBag from /opt/airflow/dags/extraction_DAG.py
[2026-09-17T08:43:02.271+0000] {logging_mixin.py:188} INFO - [2026-09-17T08:43:02.269+0000] {dagbag.py:355} ERROR - Failed to import: /opt/airflow/dags/extraction_DAG.py
Traceback (most recent call last):
  File "/home/airflow/.local/lib/python3.12/site-packages/airflow/models/dagbag.py", line 351, in parse
    loader.exec_module(new_module)
  File "<frozen importlib._bootstrap_external>", line 995, in exec_module
  File "<frozen importlib._bootstrap>", line 488, in _call_with_frames_removed
  File "/opt/airflow/dags/extraction_DAG.py", line 6, in <module>
    from include import extract as extract_data
ModuleNotFoundError: No module named 'include'
[2026-09-17T08:43:02.271+0000] {processor.py:842} WARNING - No viable dags retrieved from /opt/airflow/dags/extraction_DAG.py
[2026-09-17T08:43:02.283+0000] {processor.py:183} INFO - Processing /opt/airflow/dags/extraction_DAG.py took 0.034 seconds
[2026-09-17T08:43:32.405+0000] {processor.py:161} INFO - Started process (PID=626) to work on /opt/airflow/dags/extraction_DAG.py
[2026-09-17T08:43:32.406+0000] {processor.py:830} INFO - Processing file /opt/airflow/dags/extraction_DAG.py for tasks to queue
[2026-09-17T08:43:32.407+0000] {logging_mixin.py:188} INFO - [2026-09-17T08:43:32.407+0000] {dagbag.py:545} INFO - Filling up the DagBag from /opt/airflow/dags/extraction_DAG.py
[2026-09-17T08:43:32.411+0000] {logging_mixin.py:188} INFO - [2026-09-17T08:43:32.410+0000] {dagbag.py:355} ERROR - Failed to import: /opt/airflow/dags/extraction_DAG.py
Traceback (most recent call last):
  File "/home/airflow/.local/lib/python3.12/site-packages/airflow/models/dagbag.py", line 351, in parse
    loader.exec_module(new_module)
  File "<frozen importlib._bootstrap_external>", line 995, in exec_module
  File "<frozen importlib._bootstrap>", line 488, in _call_with_frames_removed
  File "/opt/airflow/dags/extraction_DAG.py", line 6, in <module>
    from include import extract as extract_data
ModuleNotFoundError: No module named 'include'
[2026-09-17T08:43:32.412+0000] {processor.py:842} WARNING - No viable dags retrieved from /opt/airflow/dags/extraction_DAG.py
[2026-09-17T08:43:32.432+0000] {processor.py:183} INFO - Processing /opt/airflow/dags/extraction_DAG.py took 0.033 seconds
[2026-09-17T08:44:02.539+0000] {processor.py:161} INFO - Started process (PID=633) to work on /opt/airflow/dags/extraction_DAG.py
[2026-09-17T08:44:02.570+0000] {processor.py:830} INFO - Processing file /opt/airflow/dags/extraction_DAG.py for tasks to queue
[2026-09-17T08:44:02.573+0000] {logging_mixin.py:188} INFO - [2026-09-17T08:44:02.572+0000] {dagbag.py:545} INFO - Filling up the DagBag from /opt/airflow/dags/extraction_DAG.py
[2026-09-17T08:44:02.578+0000] {logging_mixin.py:188} INFO - [2026-09-17T08:44:02.576+0000] {dagbag.py:355} ERROR - Failed to import: /opt/airflow/dags/extraction_DAG.py
Traceback (most recent call last):
  File "/home/airflow/.local/lib/python3.12/site-packages/airflow/models/dagbag.py", line 351, in parse
    loader.exec_module(new_module)
  File "<frozen importlib._bootstrap_external>", line 995, in exec_module
  File "<frozen importlib._bootstrap>", line 488, in _call_with_frames_removed
  File "/opt/airflow/dags/extraction_DAG.py", line 6, in <module>
    from include import extract as extract_data
ModuleNotFoundError: No module named 'include'
[2026-09-17T08:44:02.578+0000] {processor.py:842} WARNING - No viable dags retrieved from /opt/airflow/dags/extraction_DAG.py
[2026-09-17T08:44:02.599+0000] {processor.py:183} INFO - Processing /opt/airflow/dags/extraction_DAG.py took 0.070 seconds
[2026-09-17T08:44:32.655+0000] {processor.py:161} INFO - Started process (PID=640) to work on /opt/airflow/dags/extraction_DAG.py
[2026-09-17T08:44:32.655+0000] {processor.py:830} INFO - Processing file /opt/airflow/dags/extraction_DAG.py for tasks to queue
[2026-09-17T08:44:32.656+0000] {logging_mixin.py:188} INFO - [2026-09-17T08:44:32.656+0000] {dagbag.py:545} INFO - Filling up the DagBag from /opt/airflow/dags/extraction_DAG.py
[2026-09-17T08:44:32.658+0000] {logging_mixin.py:188} INFO - [2026-09-17T08:44:32.657+0000] {dagbag.py:355} ERROR - Failed to import: /opt/airflow/dags/extraction_DAG.py
Traceback (most recent call last):
  File "/home/airflow/.local/lib/python3.12/site-packages/airflow/models/dagbag.py", line 351, in parse
    loader.exec_module(new_module)
  File "<frozen importlib._bootstrap_external>", line 995, in exec_module
  File "<frozen importlib._bootstrap>", line 488, in _call_with_frames_removed
  File "/opt/airflow/dags/extraction_DAG.py", line 6, in <module>
    from include import extract as extract_data
ModuleNotFoundError: No module named 'include'
[2026-09-17T08:44:32.658+0000] {processor.py:842} WARNING - No viable dags retrieved from /opt/airflow/dags/extraction_DAG.py
[2026-09-17T08:44:32.669+0000] {processor.py:183} INFO - Processing /opt/airflow/dags/extraction_DAG.py took 0.018 seconds
[2026-09-17T08:45:02.770+0000] {processor.py:161} INFO - Started process (PID=647) to work on /opt/airflow/dags/extraction_DAG.py
[2026-09-17T08:45:02.806+0000] {processor.py:830} INFO - Processing file /opt/airflow/dags/extraction_DAG.py for tasks to queue
[2026-09-17T08:45:02.808+0000] {logging_mixin.py:188} INFO - [2026-09-17T08:45:02.808+0000] {dagbag.py:545} INFO - Filling up the DagBag from /opt/airflow/dags/extraction_DAG.py
[2026-09-17T08:45:02.814+0000] {logging_mixin.py:188} INFO - [2026-09-17T08:45:02.812+0000] {dagbag.py:355} ERROR - Failed to import: /opt/airflow/dags/extraction_DAG.py
Traceback (most recent call last):
  File "/home/airflow/.local/lib/python3.12/site-packages/airflow/models/dagbag.py", line 351, in parse
    loader.exec_module(new_module)
  File "<frozen importlib._bootstrap_external>", line 995, in exec_module
  File "<frozen importlib._bootstrap>", line 488, in _call_with_frames_removed
  File "/opt/airflow/dags/extraction_DAG.py", line 6, in <module>
    from include import extract as extract_data
ModuleNotFoundError: No module named 'include'
[2026-09-17T08:45:02.815+0000] {processor.py:842} WARNING - No viable dags retrieved from /opt/airflow/dags/extraction_DAG.py
[2026-09-17T08:45:02.833+0000] {processor.py:183} INFO - Processing /opt/airflow/dags/extraction_DAG.py took 0.070 seconds
[2026-09-17T08:45:32.919+0000] {processor.py:161} INFO - Started process (PID=654) to work on /opt/airflow/dags/extraction_DAG.py
[2026-09-17T08:45:32.919+0000] {processor.py:830} INFO - Processing file /opt/airflow/dags/extraction_DAG.py for tasks to queue
[2026-09-17T08:45:32.920+0000] {logging_mixin.py:188} INFO - [2026-09-17T08:45:32.920+0000] {dagbag.py:545} INFO - Filling up the DagBag from /opt/airflow/dags/extraction_DAG.py
[2026-09-17T08:45:32.922+0000] {logging_mixin.py:188} INFO - [2026-09-17T08:45:32.921+0000] {dagbag.py:355} ERROR - Failed to import: /opt/airflow/dags/extraction_DAG.py
Traceback (most recent call last):
  File "/home/airflow/.local/lib/python3.12/site-packages/airflow/models/dagbag.py", line 351, in parse
    loader.exec_module(new_module)
  File "<frozen importlib._bootstrap_external>", line 995, in exec_module
  File "<frozen importlib._bootstrap>", line 488, in _call_with_frames_removed
  File "/opt/airflow/dags/extraction_DAG.py", line 6, in <module>
    from include import extract as extract_data
ModuleNotFoundError: No module named 'include'
[2026-09-17T08:45:32.922+0000] {processor.py:842} WARNING - No viable dags retrieved from /opt/airflow/dags/extraction_DAG.py
[2026-09-17T08:45:32.936+0000] {processor.py:183} INFO - Processing /opt/airflow/dags/extraction_DAG.py took 0.022 seconds
[2026-09-17T08:46:03.060+0000] {processor.py:161} INFO - Started process (PID=661) to work on /opt/airflow/dags/extraction_DAG.py
[2026-09-17T08:46:03.063+0000] {processor.py:830} INFO - Processing file /opt/airflow/dags/extraction_DAG.py for tasks to queue
[2026-09-17T08:46:03.064+0000] {logging_mixin.py:188} INFO - [2026-09-17T08:46:03.064+0000] {dagbag.py:545} INFO - Filling up the DagBag from /opt/airflow/dags/extraction_DAG.py
[2026-09-17T08:46:03.067+0000] {logging_mixin.py:188} INFO - [2026-09-17T08:46:03.066+0000] {dagbag.py:355} ERROR - Failed to import: /opt/airflow/dags/extraction_DAG.py
Traceback (most recent call last):
  File "/home/airflow/.local/lib/python3.12/site-packages/airflow/models/dagbag.py", line 351, in parse
    loader.exec_module(new_module)
  File "<frozen importlib._bootstrap_external>", line 995, in exec_module
  File "<frozen importlib._bootstrap>", line 488, in _call_with_frames_removed
  File "/opt/airflow/dags/extraction_DAG.py", line 6, in <module>
    from include import extract as extract_data
ModuleNotFoundError: No module named 'include'
[2026-09-17T08:46:03.068+0000] {processor.py:842} WARNING - No viable dags retrieved from /opt/airflow/dags/extraction_DAG.py
[2026-09-17T08:46:03.079+0000] {processor.py:183} INFO - Processing /opt/airflow/dags/extraction_DAG.py took 0.026 seconds
[2026-09-17T08:46:33.181+0000] {processor.py:161} INFO - Started process (PID=668) to work on /opt/airflow/dags/extraction_DAG.py
[2026-09-17T08:46:33.181+0000] {processor.py:830} INFO - Processing file /opt/airflow/dags/extraction_DAG.py for tasks to queue
[2026-09-17T08:46:33.182+0000] {logging_mixin.py:188} INFO - [2026-09-17T08:46:33.182+0000] {dagbag.py:545} INFO - Filling up the DagBag from /opt/airflow/dags/extraction_DAG.py
[2026-09-17T08:46:33.184+0000] {logging_mixin.py:188} INFO - [2026-09-17T08:46:33.183+0000] {dagbag.py:355} ERROR - Failed to import: /opt/airflow/dags/extraction_DAG.py
Traceback (most recent call last):
  File "/home/airflow/.local/lib/python3.12/site-packages/airflow/models/dagbag.py", line 351, in parse
    loader.exec_module(new_module)
  File "<frozen importlib._bootstrap_external>", line 995, in exec_module
  File "<frozen importlib._bootstrap>", line 488, in _call_with_frames_removed
  File "/opt/airflow/dags/extraction_DAG.py", line 6, in <module>
    from include import extract as extract_data
ModuleNotFoundError: No module named 'include'
[2026-09-17T08:46:33.184+0000] {processor.py:842} WARNING - No viable dags retrieved from /opt/airflow/dags/extraction_DAG.py
[2026-09-17T08:46:33.195+0000] {processor.py:183} INFO - Processing /opt/airflow/dags/extraction_DAG.py took 0.018 seconds
[2026-09-17T08:47:03.308+0000] {processor.py:161} INFO - Started process (PID=675) to work on /opt/airflow/dags/extraction_DAG.py
[2026-09-17T08:47:03.547+0000] {processor.py:830} INFO - Processing file /opt/airflow/dags/extraction_DAG.py for tasks to queue
[2026-09-17T08:47:03.548+0000] {logging_mixin.py:188} INFO - [2026-09-17T08:47:03.548+0000] {dagbag.py:545} INFO - Filling up the DagBag from /opt/airflow/dags/extraction_DAG.py
[2026-09-17T08:47:03.550+0000] {logging_mixin.py:188} INFO - [2026-09-17T08:47:03.550+0000] {dagbag.py:355} ERROR - Failed to import: /opt/airflow/dags/extraction_DAG.py
Traceback (most recent call last):
  File "/home/airflow/.local/lib/python3.12/site-packages/airflow/models/dagbag.py", line 351, in parse
    loader.exec_module(new_module)
  File "<frozen importlib._bootstrap_external>", line 995, in exec_module
  File "<frozen importlib._bootstrap>", line 488, in _call_with_frames_removed
  File "/opt/airflow/dags/extraction_DAG.py", line 6, in <module>
    from include import extract as extract_data
ModuleNotFoundError: No module named 'include'
[2026-09-17T08:47:03.551+0000] {processor.py:842} WARNING - No viable dags retrieved from /opt/airflow/dags/extraction_DAG.py
[2026-09-17T08:47:03.561+0000] {processor.py:183} INFO - Processing /opt/airflow/dags/extraction_DAG.py took 0.260 seconds
[2026-09-17T08:47:33.666+0000] {processor.py:161} INFO - Started process (PID=682) to work on /opt/airflow/dags/extraction_DAG.py
[2026-09-17T08:47:33.666+0000] {processor.py:830} INFO - Processing file /opt/airflow/dags/extraction_DAG.py for tasks to queue
[2026-09-17T08:47:33.667+0000] {logging_mixin.py:188} INFO - [2026-09-17T08:47:33.667+0000] {dagbag.py:545} INFO - Filling up the DagBag from /opt/airflow/dags/extraction_DAG.py
[2026-09-17T08:47:33.669+0000] {logging_mixin.py:188} INFO - [2026-09-17T08:47:33.668+0000] {dagbag.py:355} ERROR - Failed to import: /opt/airflow/dags/extraction_DAG.py
Traceback (most recent call last):
  File "/home/airflow/.local/lib/python3.12/site-packages/airflow/models/dagbag.py", line 351, in parse
    loader.exec_module(new_module)
  File "<frozen importlib._bootstrap_external>", line 995, in exec_module
  File "<frozen importlib._bootstrap>", line 488, in _call_with_frames_removed
  File "/opt/airflow/dags/extraction_DAG.py", line 6, in <module>
    from include import extract as extract_data
ModuleNotFoundError: No module named 'include'
[2026-09-17T08:47:33.669+0000] {processor.py:842} WARNING - No viable dags retrieved from /opt/airflow/dags/extraction_DAG.py
[2026-09-17T08:47:33.679+0000] {processor.py:183} INFO - Processing /opt/airflow/dags/extraction_DAG.py took 0.019 seconds
[2026-09-17T08:48:03.777+0000] {processor.py:161} INFO - Started process (PID=689) to work on /opt/airflow/dags/extraction_DAG.py
[2026-09-17T08:48:04.153+0000] {processor.py:830} INFO - Processing file /opt/airflow/dags/extraction_DAG.py for tasks to queue
[2026-09-17T08:48:04.156+0000] {logging_mixin.py:188} INFO - [2026-09-17T08:48:04.155+0000] {dagbag.py:545} INFO - Filling up the DagBag from /opt/airflow/dags/extraction_DAG.py
[2026-09-17T08:48:04.161+0000] {logging_mixin.py:188} INFO - [2026-09-17T08:48:04.160+0000] {dagbag.py:355} ERROR - Failed to import: /opt/airflow/dags/extraction_DAG.py
Traceback (most recent call last):
  File "/home/airflow/.local/lib/python3.12/site-packages/airflow/models/dagbag.py", line 351, in parse
    loader.exec_module(new_module)
  File "<frozen importlib._bootstrap_external>", line 995, in exec_module
  File "<frozen importlib._bootstrap>", line 488, in _call_with_frames_removed
  File "/opt/airflow/dags/extraction_DAG.py", line 6, in <module>
    from include import extract as extract_data
ModuleNotFoundError: No module named 'include'
[2026-09-17T08:48:04.161+0000] {processor.py:842} WARNING - No viable dags retrieved from /opt/airflow/dags/extraction_DAG.py
[2026-09-17T08:48:04.173+0000] {processor.py:183} INFO - Processing /opt/airflow/dags/extraction_DAG.py took 0.404 seconds
[2026-09-17T08:48:34.298+0000] {processor.py:161} INFO - Started process (PID=696) to work on /opt/airflow/dags/extraction_DAG.py
[2026-09-17T08:48:34.299+0000] {processor.py:830} INFO - Processing file /opt/airflow/dags/extraction_DAG.py for tasks to queue
[2026-09-17T08:48:34.301+0000] {logging_mixin.py:188} INFO - [2026-09-17T08:48:34.300+0000] {dagbag.py:545} INFO - Filling up the DagBag from /opt/airflow/dags/extraction_DAG.py
[2026-09-17T08:48:34.303+0000] {logging_mixin.py:188} INFO - [2026-09-17T08:48:34.302+0000] {dagbag.py:355} ERROR - Failed to import: /opt/airflow/dags/extraction_DAG.py
Traceback (most recent call last):
  File "/home/airflow/.local/lib/python3.12/site-packages/airflow/models/dagbag.py", line 351, in parse
    loader.exec_module(new_module)
  File "<frozen importlib._bootstrap_external>", line 995, in exec_module
  File "<frozen importlib._bootstrap>", line 488, in _call_with_frames_removed
  File "/opt/airflow/dags/extraction_DAG.py", line 6, in <module>
    from include import extract as extract_data
ModuleNotFoundError: No module named 'include'
[2026-09-17T08:48:34.304+0000] {processor.py:842} WARNING - No viable dags retrieved from /opt/airflow/dags/extraction_DAG.py
[2026-09-17T08:48:34.316+0000] {processor.py:183} INFO - Processing /opt/airflow/dags/extraction_DAG.py took 0.025 seconds
[2026-09-17T08:49:04.429+0000] {processor.py:161} INFO - Started process (PID=703) to work on /opt/airflow/dags/extraction_DAG.py
[2026-09-17T08:49:04.437+0000] {processor.py:830} INFO - Processing file /opt/airflow/dags/extraction_DAG.py for tasks to queue
[2026-09-17T08:49:04.439+0000] {logging_mixin.py:188} INFO - [2026-09-17T08:49:04.439+0000] {dagbag.py:545} INFO - Filling up the DagBag from /opt/airflow/dags/extraction_DAG.py
[2026-09-17T08:49:04.444+0000] {logging_mixin.py:188} INFO - [2026-09-17T08:49:04.442+0000] {dagbag.py:355} ERROR - Failed to import: /opt/airflow/dags/extraction_DAG.py
Traceback (most recent call last):
  File "/home/airflow/.local/lib/python3.12/site-packages/airflow/models/dagbag.py", line 351, in parse
    loader.exec_module(new_module)
  File "<frozen importlib._bootstrap_external>", line 995, in exec_module
  File "<frozen importlib._bootstrap>", line 488, in _call_with_frames_removed
  File "/opt/airflow/dags/extraction_DAG.py", line 6, in <module>
    from include import extract as extract_data
ModuleNotFoundError: No module named 'include'
[2026-09-17T08:49:04.444+0000] {processor.py:842} WARNING - No viable dags retrieved from /opt/airflow/dags/extraction_DAG.py
[2026-09-17T08:49:04.463+0000] {processor.py:183} INFO - Processing /opt/airflow/dags/extraction_DAG.py took 0.040 seconds
[2026-09-17T08:49:34.559+0000] {processor.py:161} INFO - Started process (PID=710) to work on /opt/airflow/dags/extraction_DAG.py
[2026-09-17T08:49:34.560+0000] {processor.py:830} INFO - Processing file /opt/airflow/dags/extraction_DAG.py for tasks to queue
[2026-09-17T08:49:34.561+0000] {logging_mixin.py:188} INFO - [2026-09-17T08:49:34.560+0000] {dagbag.py:545} INFO - Filling up the DagBag from /opt/airflow/dags/extraction_DAG.py
[2026-09-17T08:49:34.563+0000] {logging_mixin.py:188} INFO - [2026-09-17T08:49:34.562+0000] {dagbag.py:355} ERROR - Failed to import: /opt/airflow/dags/extraction_DAG.py
Traceback (most recent call last):
  File "/home/airflow/.local/lib/python3.12/site-packages/airflow/models/dagbag.py", line 351, in parse
    loader.exec_module(new_module)
  File "<frozen importlib._bootstrap_external>", line 995, in exec_module
  File "<frozen importlib._bootstrap>", line 488, in _call_with_frames_removed
  File "/opt/airflow/dags/extraction_DAG.py", line 6, in <module>
    from include import extract as extract_data
ModuleNotFoundError: No module named 'include'
[2026-09-17T08:49:34.563+0000] {processor.py:842} WARNING - No viable dags retrieved from /opt/airflow/dags/extraction_DAG.py
[2026-09-17T08:49:34.575+0000] {processor.py:183} INFO - Processing /opt/airflow/dags/extraction_DAG.py took 0.025 seconds
[2026-09-17T08:50:04.688+0000] {processor.py:161} INFO - Started process (PID=717) to work on /opt/airflow/dags/extraction_DAG.py
[2026-09-17T08:50:05.067+0000] {processor.py:830} INFO - Processing file /opt/airflow/dags/extraction_DAG.py for tasks to queue
[2026-09-17T08:50:05.069+0000] {logging_mixin.py:188} INFO - [2026-09-17T08:50:05.069+0000] {dagbag.py:545} INFO - Filling up the DagBag from /opt/airflow/dags/extraction_DAG.py
[2026-09-17T08:50:05.074+0000] {logging_mixin.py:188} INFO - [2026-09-17T08:50:05.072+0000] {dagbag.py:355} ERROR - Failed to import: /opt/airflow/dags/extraction_DAG.py
Traceback (most recent call last):
  File "/home/airflow/.local/lib/python3.12/site-packages/airflow/models/dagbag.py", line 351, in parse
    loader.exec_module(new_module)
  File "<frozen importlib._bootstrap_external>", line 995, in exec_module
  File "<frozen importlib._bootstrap>", line 488, in _call_with_frames_removed
  File "/opt/airflow/dags/extraction_DAG.py", line 6, in <module>
    from include import extract as extract_data
ModuleNotFoundError: No module named 'include'
[2026-09-17T08:50:05.075+0000] {processor.py:842} WARNING - No viable dags retrieved from /opt/airflow/dags/extraction_DAG.py
[2026-09-17T08:50:05.093+0000] {processor.py:183} INFO - Processing /opt/airflow/dags/extraction_DAG.py took 0.411 seconds
[2026-09-17T08:50:35.219+0000] {processor.py:161} INFO - Started process (PID=724) to work on /opt/airflow/dags/extraction_DAG.py
[2026-09-17T08:50:35.220+0000] {processor.py:830} INFO - Processing file /opt/airflow/dags/extraction_DAG.py for tasks to queue
[2026-09-17T08:50:35.221+0000] {logging_mixin.py:188} INFO - [2026-09-17T08:50:35.221+0000] {dagbag.py:545} INFO - Filling up the DagBag from /opt/airflow/dags/extraction_DAG.py
[2026-09-17T08:50:35.224+0000] {logging_mixin.py:188} INFO - [2026-09-17T08:50:35.223+0000] {dagbag.py:355} ERROR - Failed to import: /opt/airflow/dags/extraction_DAG.py
Traceback (most recent call last):
  File "/home/airflow/.local/lib/python3.12/site-packages/airflow/models/dagbag.py", line 351, in parse
    loader.exec_module(new_module)
  File "<frozen importlib._bootstrap_external>", line 995, in exec_module
  File "<frozen importlib._bootstrap>", line 488, in _call_with_frames_removed
  File "/opt/airflow/dags/extraction_DAG.py", line 6, in <module>
    from include import extract as extract_data
ModuleNotFoundError: No module named 'include'
[2026-09-17T08:50:35.224+0000] {processor.py:842} WARNING - No viable dags retrieved from /opt/airflow/dags/extraction_DAG.py
[2026-09-17T08:50:35.236+0000] {processor.py:183} INFO - Processing /opt/airflow/dags/extraction_DAG.py took 0.023 seconds
[2026-09-17T08:51:05.352+0000] {processor.py:161} INFO - Started process (PID=731) to work on /opt/airflow/dags/extraction_DAG.py
[2026-09-17T08:51:05.437+0000] {processor.py:830} INFO - Processing file /opt/airflow/dags/extraction_DAG.py for tasks to queue
[2026-09-17T08:51:05.440+0000] {logging_mixin.py:188} INFO - [2026-09-17T08:51:05.439+0000] {dagbag.py:545} INFO - Filling up the DagBag from /opt/airflow/dags/extraction_DAG.py
[2026-09-17T08:51:05.445+0000] {logging_mixin.py:188} INFO - [2026-09-17T08:51:05.443+0000] {dagbag.py:355} ERROR - Failed to import: /opt/airflow/dags/extraction_DAG.py
Traceback (most recent call last):
  File "/home/airflow/.local/lib/python3.12/site-packages/airflow/models/dagbag.py", line 351, in parse
    loader.exec_module(new_module)
  File "<frozen importlib._bootstrap_external>", line 995, in exec_module
  File "<frozen importlib._bootstrap>", line 488, in _call_with_frames_removed
  File "/opt/airflow/dags/extraction_DAG.py", line 6, in <module>
    from include import extract as extract_data
ModuleNotFoundError: No module named 'include'
[2026-09-17T08:51:05.446+0000] {processor.py:842} WARNING - No viable dags retrieved from /opt/airflow/dags/extraction_DAG.py
[2026-09-17T08:51:05.459+0000] {processor.py:183} INFO - Processing /opt/airflow/dags/extraction_DAG.py took 0.112 seconds
[2026-09-17T08:51:35.515+0000] {processor.py:161} INFO - Started process (PID=738) to work on /opt/airflow/dags/extraction_DAG.py
[2026-09-17T08:51:35.515+0000] {processor.py:830} INFO - Processing file /opt/airflow/dags/extraction_DAG.py for tasks to queue
[2026-09-17T08:51:35.517+0000] {logging_mixin.py:188} INFO - [2026-09-17T08:51:35.517+0000] {dagbag.py:545} INFO - Filling up the DagBag from /opt/airflow/dags/extraction_DAG.py
[2026-09-17T08:51:35.519+0000] {logging_mixin.py:188} INFO - [2026-09-17T08:51:35.519+0000] {dagbag.py:355} ERROR - Failed to import: /opt/airflow/dags/extraction_DAG.py
Traceback (most recent call last):
  File "/home/airflow/.local/lib/python3.12/site-packages/airflow/models/dagbag.py", line 351, in parse
    loader.exec_module(new_module)
  File "<frozen importlib._bootstrap_external>", line 995, in exec_module
  File "<frozen importlib._bootstrap>", line 488, in _call_with_frames_removed
  File "/opt/airflow/dags/extraction_DAG.py", line 6, in <module>
    from include import extract as extract_data
ModuleNotFoundError: No module named 'include'
[2026-09-17T08:51:35.520+0000] {processor.py:842} WARNING - No viable dags retrieved from /opt/airflow/dags/extraction_DAG.py
[2026-09-17T08:51:35.531+0000] {processor.py:183} INFO - Processing /opt/airflow/dags/extraction_DAG.py took 0.024 seconds
[2026-09-17T08:52:05.657+0000] {processor.py:161} INFO - Started process (PID=745) to work on /opt/airflow/dags/extraction_DAG.py
[2026-09-17T08:52:05.751+0000] {processor.py:830} INFO - Processing file /opt/airflow/dags/extraction_DAG.py for tasks to queue
[2026-09-17T08:52:05.752+0000] {logging_mixin.py:188} INFO - [2026-09-17T08:52:05.752+0000] {dagbag.py:545} INFO - Filling up the DagBag from /opt/airflow/dags/extraction_DAG.py
[2026-09-17T08:52:05.754+0000] {logging_mixin.py:188} INFO - [2026-09-17T08:52:05.753+0000] {dagbag.py:355} ERROR - Failed to import: /opt/airflow/dags/extraction_DAG.py
Traceback (most recent call last):
  File "/home/airflow/.local/lib/python3.12/site-packages/airflow/models/dagbag.py", line 351, in parse
    loader.exec_module(new_module)
  File "<frozen importlib._bootstrap_external>", line 995, in exec_module
  File "<frozen importlib._bootstrap>", line 488, in _call_with_frames_removed
  File "/opt/airflow/dags/extraction_DAG.py", line 6, in <module>
    from include import extract as extract_data
ModuleNotFoundError: No module named 'include'
[2026-09-17T08:52:05.755+0000] {processor.py:842} WARNING - No viable dags retrieved from /opt/airflow/dags/extraction_DAG.py
[2026-09-17T08:52:05.766+0000] {processor.py:183} INFO - Processing /opt/airflow/dags/extraction_DAG.py took 0.112 seconds
[2026-09-17T08:52:35.800+0000] {processor.py:161} INFO - Started process (PID=752) to work on /opt/airflow/dags/extraction_DAG.py
[2026-09-17T08:52:35.801+0000] {processor.py:830} INFO - Processing file /opt/airflow/dags/extraction_DAG.py for tasks to queue
[2026-09-17T08:52:35.803+0000] {logging_mixin.py:188} INFO - [2026-09-17T08:52:35.803+0000] {dagbag.py:545} INFO - Filling up the DagBag from /opt/airflow/dags/extraction_DAG.py
[2026-09-17T08:52:35.806+0000] {logging_mixin.py:188} INFO - [2026-09-17T08:52:35.805+0000] {dagbag.py:355} ERROR - Failed to import: /opt/airflow/dags/extraction_DAG.py
Traceback (most recent call last):
  File "/home/airflow/.local/lib/python3.12/site-packages/airflow/models/dagbag.py", line 351, in parse
    loader.exec_module(new_module)
  File "<frozen importlib._bootstrap_external>", line 995, in exec_module
  File "<frozen importlib._bootstrap>", line 488, in _call_with_frames_removed
  File "/opt/airflow/dags/extraction_DAG.py", line 6, in <module>
    from include import extract as extract_data
ModuleNotFoundError: No module named 'include'
[2026-09-17T08:52:35.806+0000] {processor.py:842} WARNING - No viable dags retrieved from /opt/airflow/dags/extraction_DAG.py
[2026-09-17T08:52:35.818+0000] {processor.py:183} INFO - Processing /opt/airflow/dags/extraction_DAG.py took 0.027 seconds
[2026-09-17T08:53:05.918+0000] {processor.py:161} INFO - Started process (PID=759) to work on /opt/airflow/dags/extraction_DAG.py
[2026-09-17T08:53:05.965+0000] {processor.py:830} INFO - Processing file /opt/airflow/dags/extraction_DAG.py for tasks to queue
[2026-09-17T08:53:05.966+0000] {logging_mixin.py:188} INFO - [2026-09-17T08:53:05.966+0000] {dagbag.py:545} INFO - Filling up the DagBag from /opt/airflow/dags/extraction_DAG.py
[2026-09-17T08:53:05.968+0000] {logging_mixin.py:188} INFO - [2026-09-17T08:53:05.968+0000] {dagbag.py:355} ERROR - Failed to import: /opt/airflow/dags/extraction_DAG.py
Traceback (most recent call last):
  File "/home/airflow/.local/lib/python3.12/site-packages/airflow/models/dagbag.py", line 351, in parse
    loader.exec_module(new_module)
  File "<frozen importlib._bootstrap_external>", line 995, in exec_module
  File "<frozen importlib._bootstrap>", line 488, in _call_with_frames_removed
  File "/opt/airflow/dags/extraction_DAG.py", line 6, in <module>
    from include import extract as extract_data
ModuleNotFoundError: No module named 'include'
[2026-09-17T08:53:05.968+0000] {processor.py:842} WARNING - No viable dags retrieved from /opt/airflow/dags/extraction_DAG.py
[2026-09-17T08:53:05.980+0000] {processor.py:183} INFO - Processing /opt/airflow/dags/extraction_DAG.py took 0.065 seconds
[2026-09-17T08:53:36.037+0000] {processor.py:161} INFO - Started process (PID=766) to work on /opt/airflow/dags/extraction_DAG.py
[2026-09-17T08:53:36.037+0000] {processor.py:830} INFO - Processing file /opt/airflow/dags/extraction_DAG.py for tasks to queue
[2026-09-17T08:53:36.038+0000] {logging_mixin.py:188} INFO - [2026-09-17T08:53:36.038+0000] {dagbag.py:545} INFO - Filling up the DagBag from /opt/airflow/dags/extraction_DAG.py
[2026-09-17T08:53:36.040+0000] {logging_mixin.py:188} INFO - [2026-09-17T08:53:36.040+0000] {dagbag.py:355} ERROR - Failed to import: /opt/airflow/dags/extraction_DAG.py
Traceback (most recent call last):
  File "/home/airflow/.local/lib/python3.12/site-packages/airflow/models/dagbag.py", line 351, in parse
    loader.exec_module(new_module)
  File "<frozen importlib._bootstrap_external>", line 995, in exec_module
  File "<frozen importlib._bootstrap>", line 488, in _call_with_frames_removed
  File "/opt/airflow/dags/extraction_DAG.py", line 6, in <module>
    from include import extract as extract_data
ModuleNotFoundError: No module named 'include'
[2026-09-17T08:53:36.041+0000] {processor.py:842} WARNING - No viable dags retrieved from /opt/airflow/dags/extraction_DAG.py
[2026-09-17T08:53:36.052+0000] {processor.py:183} INFO - Processing /opt/airflow/dags/extraction_DAG.py took 0.021 seconds
[2026-09-17T08:54:06.174+0000] {processor.py:161} INFO - Started process (PID=773) to work on /opt/airflow/dags/extraction_DAG.py
[2026-09-17T08:54:06.288+0000] {processor.py:830} INFO - Processing file /opt/airflow/dags/extraction_DAG.py for tasks to queue
[2026-09-17T08:54:06.291+0000] {logging_mixin.py:188} INFO - [2026-09-17T08:54:06.290+0000] {dagbag.py:545} INFO - Filling up the DagBag from /opt/airflow/dags/extraction_DAG.py
[2026-09-17T08:54:06.296+0000] {logging_mixin.py:188} INFO - [2026-09-17T08:54:06.294+0000] {dagbag.py:355} ERROR - Failed to import: /opt/airflow/dags/extraction_DAG.py
Traceback (most recent call last):
  File "/home/airflow/.local/lib/python3.12/site-packages/airflow/models/dagbag.py", line 351, in parse
    loader.exec_module(new_module)
  File "<frozen importlib._bootstrap_external>", line 995, in exec_module
  File "<frozen importlib._bootstrap>", line 488, in _call_with_frames_removed
  File "/opt/airflow/dags/extraction_DAG.py", line 6, in <module>
    from include import extract as extract_data
ModuleNotFoundError: No module named 'include'
[2026-09-17T08:54:06.296+0000] {processor.py:842} WARNING - No viable dags retrieved from /opt/airflow/dags/extraction_DAG.py
[2026-09-17T08:54:06.317+0000] {processor.py:183} INFO - Processing /opt/airflow/dags/extraction_DAG.py took 0.151 seconds
[2026-09-17T08:54:36.436+0000] {processor.py:161} INFO - Started process (PID=780) to work on /opt/airflow/dags/extraction_DAG.py
[2026-09-17T08:54:36.437+0000] {processor.py:830} INFO - Processing file /opt/airflow/dags/extraction_DAG.py for tasks to queue
[2026-09-17T08:54:36.439+0000] {logging_mixin.py:188} INFO - [2026-09-17T08:54:36.439+0000] {dagbag.py:545} INFO - Filling up the DagBag from /opt/airflow/dags/extraction_DAG.py
[2026-09-17T08:54:36.441+0000] {logging_mixin.py:188} INFO - [2026-09-17T08:54:36.440+0000] {dagbag.py:355} ERROR - Failed to import: /opt/airflow/dags/extraction_DAG.py
Traceback (most recent call last):
  File "/home/airflow/.local/lib/python3.12/site-packages/airflow/models/dagbag.py", line 351, in parse
    loader.exec_module(new_module)
  File "<frozen importlib._bootstrap_external>", line 995, in exec_module
  File "<frozen importlib._bootstrap>", line 488, in _call_with_frames_removed
  File "/opt/airflow/dags/extraction_DAG.py", line 6, in <module>
    from include import extract as extract_data
ModuleNotFoundError: No module named 'include'
[2026-09-17T08:54:36.441+0000] {processor.py:842} WARNING - No viable dags retrieved from /opt/airflow/dags/extraction_DAG.py
[2026-09-17T08:54:36.452+0000] {processor.py:183} INFO - Processing /opt/airflow/dags/extraction_DAG.py took 0.019 seconds
[2026-09-17T08:55:06.547+0000] {processor.py:161} INFO - Started process (PID=787) to work on /opt/airflow/dags/extraction_DAG.py
[2026-09-17T08:55:06.554+0000] {processor.py:830} INFO - Processing file /opt/airflow/dags/extraction_DAG.py for tasks to queue
[2026-09-17T08:55:06.555+0000] {logging_mixin.py:188} INFO - [2026-09-17T08:55:06.555+0000] {dagbag.py:545} INFO - Filling up the DagBag from /opt/airflow/dags/extraction_DAG.py
[2026-09-17T08:55:06.557+0000] {logging_mixin.py:188} INFO - [2026-09-17T08:55:06.557+0000] {dagbag.py:355} ERROR - Failed to import: /opt/airflow/dags/extraction_DAG.py
Traceback (most recent call last):
  File "/home/airflow/.local/lib/python3.12/site-packages/airflow/models/dagbag.py", line 351, in parse
    loader.exec_module(new_module)
  File "<frozen importlib._bootstrap_external>", line 995, in exec_module
  File "<frozen importlib._bootstrap>", line 488, in _call_with_frames_removed
  File "/opt/airflow/dags/extraction_DAG.py", line 6, in <module>
    from include import extract as extract_data
ModuleNotFoundError: No module named 'include'
[2026-09-17T08:55:06.558+0000] {processor.py:842} WARNING - No viable dags retrieved from /opt/airflow/dags/extraction_DAG.py
[2026-09-17T08:55:06.569+0000] {processor.py:183} INFO - Processing /opt/airflow/dags/extraction_DAG.py took 0.025 seconds
[2026-09-17T08:55:36.667+0000] {processor.py:161} INFO - Started process (PID=794) to work on /opt/airflow/dags/extraction_DAG.py
[2026-09-17T08:55:36.668+0000] {processor.py:830} INFO - Processing file /opt/airflow/dags/extraction_DAG.py for tasks to queue
[2026-09-17T08:55:36.670+0000] {logging_mixin.py:188} INFO - [2026-09-17T08:55:36.669+0000] {dagbag.py:545} INFO - Filling up the DagBag from /opt/airflow/dags/extraction_DAG.py
[2026-09-17T08:55:36.673+0000] {logging_mixin.py:188} INFO - [2026-09-17T08:55:36.672+0000] {dagbag.py:355} ERROR - Failed to import: /opt/airflow/dags/extraction_DAG.py
Traceback (most recent call last):
  File "/home/airflow/.local/lib/python3.12/site-packages/airflow/models/dagbag.py", line 351, in parse
    loader.exec_module(new_module)
  File "<frozen importlib._bootstrap_external>", line 995, in exec_module
  File "<frozen importlib._bootstrap>", line 488, in _call_with_frames_removed
  File "/opt/airflow/dags/extraction_DAG.py", line 6, in <module>
    from include import extract as extract_data
ModuleNotFoundError: No module named 'include'
[2026-09-17T08:55:36.673+0000] {processor.py:842} WARNING - No viable dags retrieved from /opt/airflow/dags/extraction_DAG.py
[2026-09-17T08:55:36.685+0000] {processor.py:183} INFO - Processing /opt/airflow/dags/extraction_DAG.py took 0.027 seconds
[2026-09-17T08:56:06.769+0000] {processor.py:161} INFO - Started process (PID=801) to work on /opt/airflow/dags/extraction_DAG.py
[2026-09-17T08:56:06.873+0000] {processor.py:830} INFO - Processing file /opt/airflow/dags/extraction_DAG.py for tasks to queue
[2026-09-17T08:56:06.875+0000] {logging_mixin.py:188} INFO - [2026-09-17T08:56:06.874+0000] {dagbag.py:545} INFO - Filling up the DagBag from /opt/airflow/dags/extraction_DAG.py
[2026-09-17T08:56:06.877+0000] {logging_mixin.py:188} INFO - [2026-09-17T08:56:06.876+0000] {dagbag.py:355} ERROR - Failed to import: /opt/airflow/dags/extraction_DAG.py
Traceback (most recent call last):
  File "/home/airflow/.local/lib/python3.12/site-packages/airflow/models/dagbag.py", line 351, in parse
    loader.exec_module(new_module)
  File "<frozen importlib._bootstrap_external>", line 995, in exec_module
  File "<frozen importlib._bootstrap>", line 488, in _call_with_frames_removed
  File "/opt/airflow/dags/extraction_DAG.py", line 6, in <module>
    from include import extract as extract_data
ModuleNotFoundError: No module named 'include'
[2026-09-17T08:56:06.877+0000] {processor.py:842} WARNING - No viable dags retrieved from /opt/airflow/dags/extraction_DAG.py
[2026-09-17T08:56:06.889+0000] {processor.py:183} INFO - Processing /opt/airflow/dags/extraction_DAG.py took 0.123 seconds
[2026-09-17T08:56:37.008+0000] {processor.py:161} INFO - Started process (PID=808) to work on /opt/airflow/dags/extraction_DAG.py
[2026-09-17T08:56:37.009+0000] {processor.py:830} INFO - Processing file /opt/airflow/dags/extraction_DAG.py for tasks to queue
[2026-09-17T08:56:37.010+0000] {logging_mixin.py:188} INFO - [2026-09-17T08:56:37.009+0000] {dagbag.py:545} INFO - Filling up the DagBag from /opt/airflow/dags/extraction_DAG.py
[2026-09-17T08:56:37.012+0000] {logging_mixin.py:188} INFO - [2026-09-17T08:56:37.011+0000] {dagbag.py:355} ERROR - Failed to import: /opt/airflow/dags/extraction_DAG.py
Traceback (most recent call last):
  File "/home/airflow/.local/lib/python3.12/site-packages/airflow/models/dagbag.py", line 351, in parse
    loader.exec_module(new_module)
  File "<frozen importlib._bootstrap_external>", line 995, in exec_module
  File "<frozen importlib._bootstrap>", line 488, in _call_with_frames_removed
  File "/opt/airflow/dags/extraction_DAG.py", line 6, in <module>
    from include import extract as extract_data
ModuleNotFoundError: No module named 'include'
[2026-09-17T08:56:37.012+0000] {processor.py:842} WARNING - No viable dags retrieved from /opt/airflow/dags/extraction_DAG.py
[2026-09-17T08:56:37.024+0000] {processor.py:183} INFO - Processing /opt/airflow/dags/extraction_DAG.py took 0.021 seconds
[2026-09-17T08:57:07.113+0000] {processor.py:161} INFO - Started process (PID=815) to work on /opt/airflow/dags/extraction_DAG.py
[2026-09-17T08:57:07.318+0000] {processor.py:830} INFO - Processing file /opt/airflow/dags/extraction_DAG.py for tasks to queue
[2026-09-17T08:57:07.320+0000] {logging_mixin.py:188} INFO - [2026-09-17T08:57:07.319+0000] {dagbag.py:545} INFO - Filling up the DagBag from /opt/airflow/dags/extraction_DAG.py
[2026-09-17T08:57:07.322+0000] {logging_mixin.py:188} INFO - [2026-09-17T08:57:07.321+0000] {dagbag.py:355} ERROR - Failed to import: /opt/airflow/dags/extraction_DAG.py
Traceback (most recent call last):
  File "/home/airflow/.local/lib/python3.12/site-packages/airflow/models/dagbag.py", line 351, in parse
    loader.exec_module(new_module)
  File "<frozen importlib._bootstrap_external>", line 995, in exec_module
  File "<frozen importlib._bootstrap>", line 488, in _call_with_frames_removed
  File "/opt/airflow/dags/extraction_DAG.py", line 6, in <module>
    from include import extract as extract_data
ModuleNotFoundError: No module named 'include'
[2026-09-17T08:57:07.322+0000] {processor.py:842} WARNING - No viable dags retrieved from /opt/airflow/dags/extraction_DAG.py
[2026-09-17T08:57:07.333+0000] {processor.py:183} INFO - Processing /opt/airflow/dags/extraction_DAG.py took 0.223 seconds
[2026-09-17T08:57:37.459+0000] {processor.py:161} INFO - Started process (PID=822) to work on /opt/airflow/dags/extraction_DAG.py
[2026-09-17T08:57:37.460+0000] {processor.py:830} INFO - Processing file /opt/airflow/dags/extraction_DAG.py for tasks to queue
[2026-09-17T08:57:37.462+0000] {logging_mixin.py:188} INFO - [2026-09-17T08:57:37.462+0000] {dagbag.py:545} INFO - Filling up the DagBag from /opt/airflow/dags/extraction_DAG.py
[2026-09-17T08:57:37.466+0000] {logging_mixin.py:188} INFO - [2026-09-17T08:57:37.465+0000] {dagbag.py:355} ERROR - Failed to import: /opt/airflow/dags/extraction_DAG.py
Traceback (most recent call last):
  File "/home/airflow/.local/lib/python3.12/site-packages/airflow/models/dagbag.py", line 351, in parse
    loader.exec_module(new_module)
  File "<frozen importlib._bootstrap_external>", line 995, in exec_module
  File "<frozen importlib._bootstrap>", line 488, in _call_with_frames_removed
  File "/opt/airflow/dags/extraction_DAG.py", line 6, in <module>
    from include import extract as extract_data
ModuleNotFoundError: No module named 'include'
[2026-09-17T08:57:37.467+0000] {processor.py:842} WARNING - No viable dags retrieved from /opt/airflow/dags/extraction_DAG.py
[2026-09-17T08:57:37.492+0000] {processor.py:183} INFO - Processing /opt/airflow/dags/extraction_DAG.py took 0.042 seconds
[2026-09-17T08:58:07.598+0000] {processor.py:161} INFO - Started process (PID=829) to work on /opt/airflow/dags/extraction_DAG.py
[2026-09-17T08:58:08.245+0000] {processor.py:830} INFO - Processing file /opt/airflow/dags/extraction_DAG.py for tasks to queue
[2026-09-17T08:58:08.249+0000] {logging_mixin.py:188} INFO - [2026-09-17T08:58:08.248+0000] {dagbag.py:545} INFO - Filling up the DagBag from /opt/airflow/dags/extraction_DAG.py
[2026-09-17T08:58:08.254+0000] {logging_mixin.py:188} INFO - [2026-09-17T08:58:08.252+0000] {dagbag.py:355} ERROR - Failed to import: /opt/airflow/dags/extraction_DAG.py
Traceback (most recent call last):
  File "/home/airflow/.local/lib/python3.12/site-packages/airflow/models/dagbag.py", line 351, in parse
    loader.exec_module(new_module)
  File "<frozen importlib._bootstrap_external>", line 995, in exec_module
  File "<frozen importlib._bootstrap>", line 488, in _call_with_frames_removed
  File "/opt/airflow/dags/extraction_DAG.py", line 6, in <module>
    from include import extract as extract_data
ModuleNotFoundError: No module named 'include'
[2026-09-17T08:58:08.255+0000] {processor.py:842} WARNING - No viable dags retrieved from /opt/airflow/dags/extraction_DAG.py
[2026-09-17T08:58:08.277+0000] {processor.py:183} INFO - Processing /opt/airflow/dags/extraction_DAG.py took 0.685 seconds
[2026-09-17T08:58:38.431+0000] {processor.py:161} INFO - Started process (PID=836) to work on /opt/airflow/dags/extraction_DAG.py
[2026-09-17T08:58:38.432+0000] {processor.py:830} INFO - Processing file /opt/airflow/dags/extraction_DAG.py for tasks to queue
[2026-09-17T08:58:38.434+0000] {logging_mixin.py:188} INFO - [2026-09-17T08:58:38.434+0000] {dagbag.py:545} INFO - Filling up the DagBag from /opt/airflow/dags/extraction_DAG.py
[2026-09-17T08:58:38.437+0000] {logging_mixin.py:188} INFO - [2026-09-17T08:58:38.436+0000] {dagbag.py:355} ERROR - Failed to import: /opt/airflow/dags/extraction_DAG.py
Traceback (most recent call last):
  File "/home/airflow/.local/lib/python3.12/site-packages/airflow/models/dagbag.py", line 351, in parse
    loader.exec_module(new_module)
  File "<frozen importlib._bootstrap_external>", line 995, in exec_module
  File "<frozen importlib._bootstrap>", line 488, in _call_with_frames_removed
  File "/opt/airflow/dags/extraction_DAG.py", line 6, in <module>
    from include import extract as extract_data
ModuleNotFoundError: No module named 'include'
[2026-09-17T08:58:38.437+0000] {processor.py:842} WARNING - No viable dags retrieved from /opt/airflow/dags/extraction_DAG.py
[2026-09-17T08:58:38.451+0000] {processor.py:183} INFO - Processing /opt/airflow/dags/extraction_DAG.py took 0.029 seconds
[2026-09-17T08:59:08.558+0000] {processor.py:161} INFO - Started process (PID=843) to work on /opt/airflow/dags/extraction_DAG.py
[2026-09-17T08:59:08.566+0000] {processor.py:830} INFO - Processing file /opt/airflow/dags/extraction_DAG.py for tasks to queue
[2026-09-17T08:59:08.568+0000] {logging_mixin.py:188} INFO - [2026-09-17T08:59:08.567+0000] {dagbag.py:545} INFO - Filling up the DagBag from /opt/airflow/dags/extraction_DAG.py
[2026-09-17T08:59:08.570+0000] {logging_mixin.py:188} INFO - [2026-09-17T08:59:08.569+0000] {dagbag.py:355} ERROR - Failed to import: /opt/airflow/dags/extraction_DAG.py
Traceback (most recent call last):
  File "/home/airflow/.local/lib/python3.12/site-packages/airflow/models/dagbag.py", line 351, in parse
    loader.exec_module(new_module)
  File "<frozen importlib._bootstrap_external>", line 995, in exec_module
  File "<frozen importlib._bootstrap>", line 488, in _call_with_frames_removed
  File "/opt/airflow/dags/extraction_DAG.py", line 6, in <module>
    from include import extract as extract_data
ModuleNotFoundError: No module named 'include'
[2026-09-17T08:59:08.570+0000] {processor.py:842} WARNING - No viable dags retrieved from /opt/airflow/dags/extraction_DAG.py
[2026-09-17T08:59:08.581+0000] {processor.py:183} INFO - Processing /opt/airflow/dags/extraction_DAG.py took 0.026 seconds
[2026-09-17T08:59:38.725+0000] {processor.py:161} INFO - Started process (PID=850) to work on /opt/airflow/dags/extraction_DAG.py
[2026-09-17T08:59:38.726+0000] {processor.py:830} INFO - Processing file /opt/airflow/dags/extraction_DAG.py for tasks to queue
[2026-09-17T08:59:38.729+0000] {logging_mixin.py:188} INFO - [2026-09-17T08:59:38.728+0000] {dagbag.py:545} INFO - Filling up the DagBag from /opt/airflow/dags/extraction_DAG.py
[2026-09-17T08:59:38.731+0000] {logging_mixin.py:188} INFO - [2026-09-17T08:59:38.730+0000] {dagbag.py:355} ERROR - Failed to import: /opt/airflow/dags/extraction_DAG.py
Traceback (most recent call last):
  File "/home/airflow/.local/lib/python3.12/site-packages/airflow/models/dagbag.py", line 351, in parse
    loader.exec_module(new_module)
  File "<frozen importlib._bootstrap_external>", line 995, in exec_module
  File "<frozen importlib._bootstrap>", line 488, in _call_with_frames_removed
  File "/opt/airflow/dags/extraction_DAG.py", line 6, in <module>
    from include import extract as extract_data
ModuleNotFoundError: No module named 'include'
[2026-09-17T08:59:38.732+0000] {processor.py:842} WARNING - No viable dags retrieved from /opt/airflow/dags/extraction_DAG.py
[2026-09-17T08:59:38.745+0000] {processor.py:183} INFO - Processing /opt/airflow/dags/extraction_DAG.py took 0.028 seconds
[2026-09-17T09:00:08.874+0000] {processor.py:161} INFO - Started process (PID=856) to work on /opt/airflow/dags/extraction_DAG.py
[2026-09-17T09:00:08.881+0000] {processor.py:830} INFO - Processing file /opt/airflow/dags/extraction_DAG.py for tasks to queue
[2026-09-17T09:00:08.883+0000] {logging_mixin.py:188} INFO - [2026-09-17T09:00:08.883+0000] {dagbag.py:545} INFO - Filling up the DagBag from /opt/airflow/dags/extraction_DAG.py
[2026-09-17T09:00:08.887+0000] {logging_mixin.py:188} INFO - [2026-09-17T09:00:08.885+0000] {dagbag.py:355} ERROR - Failed to import: /opt/airflow/dags/extraction_DAG.py
Traceback (most recent call last):
  File "/home/airflow/.local/lib/python3.12/site-packages/airflow/models/dagbag.py", line 351, in parse
    loader.exec_module(new_module)
  File "<frozen importlib._bootstrap_external>", line 995, in exec_module
  File "<frozen importlib._bootstrap>", line 488, in _call_with_frames_removed
  File "/opt/airflow/dags/extraction_DAG.py", line 6, in <module>
    from include import extract as extract_data
ModuleNotFoundError: No module named 'include'
[2026-09-17T09:00:08.887+0000] {processor.py:842} WARNING - No viable dags retrieved from /opt/airflow/dags/extraction_DAG.py
[2026-09-17T09:00:08.899+0000] {processor.py:183} INFO - Processing /opt/airflow/dags/extraction_DAG.py took 0.031 seconds
[2026-09-17T09:00:39.019+0000] {processor.py:161} INFO - Started process (PID=862) to work on /opt/airflow/dags/extraction_DAG.py
[2026-09-17T09:00:39.019+0000] {processor.py:830} INFO - Processing file /opt/airflow/dags/extraction_DAG.py for tasks to queue
[2026-09-17T09:00:39.021+0000] {logging_mixin.py:188} INFO - [2026-09-17T09:00:39.021+0000] {dagbag.py:545} INFO - Filling up the DagBag from /opt/airflow/dags/extraction_DAG.py
[2026-09-17T09:00:39.023+0000] {logging_mixin.py:188} INFO - [2026-09-17T09:00:39.022+0000] {dagbag.py:355} ERROR - Failed to import: /opt/airflow/dags/extraction_DAG.py
Traceback (most recent call last):
  File "/home/airflow/.local/lib/python3.12/site-packages/airflow/models/dagbag.py", line 351, in parse
    loader.exec_module(new_module)
  File "<frozen importlib._bootstrap_external>", line 995, in exec_module
  File "<frozen importlib._bootstrap>", line 488, in _call_with_frames_removed
  File "/opt/airflow/dags/extraction_DAG.py", line 6, in <module>
    from include import extract as extract_data
ModuleNotFoundError: No module named 'include'
[2026-09-17T09:00:39.023+0000] {processor.py:842} WARNING - No viable dags retrieved from /opt/airflow/dags/extraction_DAG.py
[2026-09-17T09:00:39.035+0000] {processor.py:183} INFO - Processing /opt/airflow/dags/extraction_DAG.py took 0.023 seconds
[2026-09-17T09:01:09.158+0000] {processor.py:161} INFO - Started process (PID=869) to work on /opt/airflow/dags/extraction_DAG.py
[2026-09-17T09:01:09.250+0000] {processor.py:830} INFO - Processing file /opt/airflow/dags/extraction_DAG.py for tasks to queue
[2026-09-17T09:01:09.253+0000] {logging_mixin.py:188} INFO - [2026-09-17T09:01:09.253+0000] {dagbag.py:545} INFO - Filling up the DagBag from /opt/airflow/dags/extraction_DAG.py
[2026-09-17T09:01:09.257+0000] {logging_mixin.py:188} INFO - [2026-09-17T09:01:09.256+0000] {dagbag.py:355} ERROR - Failed to import: /opt/airflow/dags/extraction_DAG.py
Traceback (most recent call last):
  File "/home/airflow/.local/lib/python3.12/site-packages/airflow/models/dagbag.py", line 351, in parse
    loader.exec_module(new_module)
  File "<frozen importlib._bootstrap_external>", line 995, in exec_module
  File "<frozen importlib._bootstrap>", line 488, in _call_with_frames_removed
  File "/opt/airflow/dags/extraction_DAG.py", line 6, in <module>
    from include import extract as extract_data
ModuleNotFoundError: No module named 'include'
[2026-09-17T09:01:09.257+0000] {processor.py:842} WARNING - No viable dags retrieved from /opt/airflow/dags/extraction_DAG.py
[2026-09-17T09:01:09.267+0000] {processor.py:183} INFO - Processing /opt/airflow/dags/extraction_DAG.py took 0.115 seconds
[2026-09-17T09:01:39.296+0000] {processor.py:161} INFO - Started process (PID=876) to work on /opt/airflow/dags/extraction_DAG.py
[2026-09-17T09:01:39.297+0000] {processor.py:830} INFO - Processing file /opt/airflow/dags/extraction_DAG.py for tasks to queue
[2026-09-17T09:01:39.299+0000] {logging_mixin.py:188} INFO - [2026-09-17T09:01:39.299+0000] {dagbag.py:545} INFO - Filling up the DagBag from /opt/airflow/dags/extraction_DAG.py
[2026-09-17T09:01:39.303+0000] {logging_mixin.py:188} INFO - [2026-09-17T09:01:39.302+0000] {dagbag.py:355} ERROR - Failed to import: /opt/airflow/dags/extraction_DAG.py
Traceback (most recent call last):
  File "/home/airflow/.local/lib/python3.12/site-packages/airflow/models/dagbag.py", line 351, in parse
    loader.exec_module(new_module)
  File "<frozen importlib._bootstrap_external>", line 995, in exec_module
  File "<frozen importlib._bootstrap>", line 488, in _call_with_frames_removed
  File "/opt/airflow/dags/extraction_DAG.py", line 6, in <module>
    from include import extract as extract_data
ModuleNotFoundError: No module named 'include'
[2026-09-17T09:01:39.304+0000] {processor.py:842} WARNING - No viable dags retrieved from /opt/airflow/dags/extraction_DAG.py
[2026-09-17T09:01:39.317+0000] {processor.py:183} INFO - Processing /opt/airflow/dags/extraction_DAG.py took 0.032 seconds
[2026-09-17T09:02:09.439+0000] {processor.py:161} INFO - Started process (PID=883) to work on /opt/airflow/dags/extraction_DAG.py
[2026-09-17T09:02:09.530+0000] {processor.py:830} INFO - Processing file /opt/airflow/dags/extraction_DAG.py for tasks to queue
[2026-09-17T09:02:09.531+0000] {logging_mixin.py:188} INFO - [2026-09-17T09:02:09.531+0000] {dagbag.py:545} INFO - Filling up the DagBag from /opt/airflow/dags/extraction_DAG.py
[2026-09-17T09:02:09.533+0000] {logging_mixin.py:188} INFO - [2026-09-17T09:02:09.532+0000] {dagbag.py:355} ERROR - Failed to import: /opt/airflow/dags/extraction_DAG.py
Traceback (most recent call last):
  File "/home/airflow/.local/lib/python3.12/site-packages/airflow/models/dagbag.py", line 351, in parse
    loader.exec_module(new_module)
  File "<frozen importlib._bootstrap_external>", line 995, in exec_module
  File "<frozen importlib._bootstrap>", line 488, in _call_with_frames_removed
  File "/opt/airflow/dags/extraction_DAG.py", line 6, in <module>
    from include import extract as extract_data
ModuleNotFoundError: No module named 'include'
[2026-09-17T09:02:09.533+0000] {processor.py:842} WARNING - No viable dags retrieved from /opt/airflow/dags/extraction_DAG.py
[2026-09-17T09:02:09.546+0000] {processor.py:183} INFO - Processing /opt/airflow/dags/extraction_DAG.py took 0.110 seconds
[2026-09-17T09:02:39.568+0000] {processor.py:161} INFO - Started process (PID=890) to work on /opt/airflow/dags/extraction_DAG.py
[2026-09-17T09:02:39.568+0000] {processor.py:830} INFO - Processing file /opt/airflow/dags/extraction_DAG.py for tasks to queue
[2026-09-17T09:02:39.569+0000] {logging_mixin.py:188} INFO - [2026-09-17T09:02:39.569+0000] {dagbag.py:545} INFO - Filling up the DagBag from /opt/airflow/dags/extraction_DAG.py
[2026-09-17T09:02:39.571+0000] {logging_mixin.py:188} INFO - [2026-09-17T09:02:39.570+0000] {dagbag.py:355} ERROR - Failed to import: /opt/airflow/dags/extraction_DAG.py
Traceback (most recent call last):
  File "/home/airflow/.local/lib/python3.12/site-packages/airflow/models/dagbag.py", line 351, in parse
    loader.exec_module(new_module)
  File "<frozen importlib._bootstrap_external>", line 995, in exec_module
  File "<frozen importlib._bootstrap>", line 488, in _call_with_frames_removed
  File "/opt/airflow/dags/extraction_DAG.py", line 6, in <module>
    from include import extract as extract_data
ModuleNotFoundError: No module named 'include'
[2026-09-17T09:02:39.571+0000] {processor.py:842} WARNING - No viable dags retrieved from /opt/airflow/dags/extraction_DAG.py
[2026-09-17T09:02:39.582+0000] {processor.py:183} INFO - Processing /opt/airflow/dags/extraction_DAG.py took 0.019 seconds
[2026-09-17T09:03:09.696+0000] {processor.py:161} INFO - Started process (PID=897) to work on /opt/airflow/dags/extraction_DAG.py
[2026-09-17T09:03:09.789+0000] {processor.py:830} INFO - Processing file /opt/airflow/dags/extraction_DAG.py for tasks to queue
[2026-09-17T09:03:09.792+0000] {logging_mixin.py:188} INFO - [2026-09-17T09:03:09.792+0000] {dagbag.py:545} INFO - Filling up the DagBag from /opt/airflow/dags/extraction_DAG.py
[2026-09-17T09:03:09.796+0000] {logging_mixin.py:188} INFO - [2026-09-17T09:03:09.796+0000] {dagbag.py:355} ERROR - Failed to import: /opt/airflow/dags/extraction_DAG.py
Traceback (most recent call last):
  File "/home/airflow/.local/lib/python3.12/site-packages/airflow/models/dagbag.py", line 351, in parse
    loader.exec_module(new_module)
  File "<frozen importlib._bootstrap_external>", line 995, in exec_module
  File "<frozen importlib._bootstrap>", line 488, in _call_with_frames_removed
  File "/opt/airflow/dags/extraction_DAG.py", line 6, in <module>
    from include import extract as extract_data
ModuleNotFoundError: No module named 'include'
[2026-09-17T09:03:09.797+0000] {processor.py:842} WARNING - No viable dags retrieved from /opt/airflow/dags/extraction_DAG.py
[2026-09-17T09:03:09.807+0000] {processor.py:183} INFO - Processing /opt/airflow/dags/extraction_DAG.py took 0.118 seconds
[2026-09-17T09:03:39.825+0000] {processor.py:161} INFO - Started process (PID=904) to work on /opt/airflow/dags/extraction_DAG.py
[2026-09-17T09:03:39.825+0000] {processor.py:830} INFO - Processing file /opt/airflow/dags/extraction_DAG.py for tasks to queue
[2026-09-17T09:03:39.826+0000] {logging_mixin.py:188} INFO - [2026-09-17T09:03:39.826+0000] {dagbag.py:545} INFO - Filling up the DagBag from /opt/airflow/dags/extraction_DAG.py
[2026-09-17T09:03:39.829+0000] {logging_mixin.py:188} INFO - [2026-09-17T09:03:39.828+0000] {dagbag.py:355} ERROR - Failed to import: /opt/airflow/dags/extraction_DAG.py
Traceback (most recent call last):
  File "/home/airflow/.local/lib/python3.12/site-packages/airflow/models/dagbag.py", line 351, in parse
    loader.exec_module(new_module)
  File "<frozen importlib._bootstrap_external>", line 995, in exec_module
  File "<frozen importlib._bootstrap>", line 488, in _call_with_frames_removed
  File "/opt/airflow/dags/extraction_DAG.py", line 6, in <module>
    from include import extract as extract_data
ModuleNotFoundError: No module named 'include'
[2026-09-17T09:03:39.829+0000] {processor.py:842} WARNING - No viable dags retrieved from /opt/airflow/dags/extraction_DAG.py
[2026-09-17T09:03:39.841+0000] {processor.py:183} INFO - Processing /opt/airflow/dags/extraction_DAG.py took 0.023 seconds
[2026-09-17T09:04:09.949+0000] {processor.py:161} INFO - Started process (PID=911) to work on /opt/airflow/dags/extraction_DAG.py
[2026-09-17T09:04:09.953+0000] {processor.py:830} INFO - Processing file /opt/airflow/dags/extraction_DAG.py for tasks to queue
[2026-09-17T09:04:09.955+0000] {logging_mixin.py:188} INFO - [2026-09-17T09:04:09.955+0000] {dagbag.py:545} INFO - Filling up the DagBag from /opt/airflow/dags/extraction_DAG.py
[2026-09-17T09:04:09.959+0000] {logging_mixin.py:188} INFO - [2026-09-17T09:04:09.957+0000] {dagbag.py:355} ERROR - Failed to import: /opt/airflow/dags/extraction_DAG.py
Traceback (most recent call last):
  File "/home/airflow/.local/lib/python3.12/site-packages/airflow/models/dagbag.py", line 351, in parse
    loader.exec_module(new_module)
  File "<frozen importlib._bootstrap_external>", line 995, in exec_module
  File "<frozen importlib._bootstrap>", line 488, in _call_with_frames_removed
  File "/opt/airflow/dags/extraction_DAG.py", line 6, in <module>
    from include import extract as extract_data
ModuleNotFoundError: No module named 'include'
[2026-09-17T09:04:09.959+0000] {processor.py:842} WARNING - No viable dags retrieved from /opt/airflow/dags/extraction_DAG.py
[2026-09-17T09:04:09.971+0000] {processor.py:183} INFO - Processing /opt/airflow/dags/extraction_DAG.py took 0.029 seconds
[2026-09-17T09:04:40.063+0000] {processor.py:161} INFO - Started process (PID=918) to work on /opt/airflow/dags/extraction_DAG.py
[2026-09-17T09:04:40.064+0000] {processor.py:830} INFO - Processing file /opt/airflow/dags/extraction_DAG.py for tasks to queue
[2026-09-17T09:04:40.065+0000] {logging_mixin.py:188} INFO - [2026-09-17T09:04:40.065+0000] {dagbag.py:545} INFO - Filling up the DagBag from /opt/airflow/dags/extraction_DAG.py
[2026-09-17T09:04:40.069+0000] {logging_mixin.py:188} INFO - [2026-09-17T09:04:40.068+0000] {dagbag.py:355} ERROR - Failed to import: /opt/airflow/dags/extraction_DAG.py
Traceback (most recent call last):
  File "/home/airflow/.local/lib/python3.12/site-packages/airflow/models/dagbag.py", line 351, in parse
    loader.exec_module(new_module)
  File "<frozen importlib._bootstrap_external>", line 995, in exec_module
  File "<frozen importlib._bootstrap>", line 488, in _call_with_frames_removed
  File "/opt/airflow/dags/extraction_DAG.py", line 6, in <module>
    from include import extract as extract_data
ModuleNotFoundError: No module named 'include'
[2026-09-17T09:04:40.069+0000] {processor.py:842} WARNING - No viable dags retrieved from /opt/airflow/dags/extraction_DAG.py
[2026-09-17T09:04:40.081+0000] {processor.py:183} INFO - Processing /opt/airflow/dags/extraction_DAG.py took 0.025 seconds
[2026-09-17T09:05:10.175+0000] {processor.py:161} INFO - Started process (PID=925) to work on /opt/airflow/dags/extraction_DAG.py
[2026-09-17T09:05:10.189+0000] {processor.py:830} INFO - Processing file /opt/airflow/dags/extraction_DAG.py for tasks to queue
[2026-09-17T09:05:10.190+0000] {logging_mixin.py:188} INFO - [2026-09-17T09:05:10.190+0000] {dagbag.py:545} INFO - Filling up the DagBag from /opt/airflow/dags/extraction_DAG.py
[2026-09-17T09:05:10.192+0000] {logging_mixin.py:188} INFO - [2026-09-17T09:05:10.192+0000] {dagbag.py:355} ERROR - Failed to import: /opt/airflow/dags/extraction_DAG.py
Traceback (most recent call last):
  File "/home/airflow/.local/lib/python3.12/site-packages/airflow/models/dagbag.py", line 351, in parse
    loader.exec_module(new_module)
  File "<frozen importlib._bootstrap_external>", line 995, in exec_module
  File "<frozen importlib._bootstrap>", line 488, in _call_with_frames_removed
  File "/opt/airflow/dags/extraction_DAG.py", line 6, in <module>
    from include import extract as extract_data
ModuleNotFoundError: No module named 'include'
[2026-09-17T09:05:10.193+0000] {processor.py:842} WARNING - No viable dags retrieved from /opt/airflow/dags/extraction_DAG.py
[2026-09-17T09:05:10.203+0000] {processor.py:183} INFO - Processing /opt/airflow/dags/extraction_DAG.py took 0.031 seconds
[2026-09-17T09:05:40.317+0000] {processor.py:161} INFO - Started process (PID=932) to work on /opt/airflow/dags/extraction_DAG.py
[2026-09-17T09:05:40.318+0000] {processor.py:830} INFO - Processing file /opt/airflow/dags/extraction_DAG.py for tasks to queue
[2026-09-17T09:05:40.320+0000] {logging_mixin.py:188} INFO - [2026-09-17T09:05:40.319+0000] {dagbag.py:545} INFO - Filling up the DagBag from /opt/airflow/dags/extraction_DAG.py
[2026-09-17T09:05:40.322+0000] {logging_mixin.py:188} INFO - [2026-09-17T09:05:40.321+0000] {dagbag.py:355} ERROR - Failed to import: /opt/airflow/dags/extraction_DAG.py
Traceback (most recent call last):
  File "/home/airflow/.local/lib/python3.12/site-packages/airflow/models/dagbag.py", line 351, in parse
    loader.exec_module(new_module)
  File "<frozen importlib._bootstrap_external>", line 995, in exec_module
  File "<frozen importlib._bootstrap>", line 488, in _call_with_frames_removed
  File "/opt/airflow/dags/extraction_DAG.py", line 6, in <module>
    from include import extract as extract_data
ModuleNotFoundError: No module named 'include'
[2026-09-17T09:05:40.323+0000] {processor.py:842} WARNING - No viable dags retrieved from /opt/airflow/dags/extraction_DAG.py
[2026-09-17T09:05:40.336+0000] {processor.py:183} INFO - Processing /opt/airflow/dags/extraction_DAG.py took 0.027 seconds
[2026-09-17T09:06:10.431+0000] {processor.py:161} INFO - Started process (PID=939) to work on /opt/airflow/dags/extraction_DAG.py
[2026-09-17T09:06:10.441+0000] {processor.py:830} INFO - Processing file /opt/airflow/dags/extraction_DAG.py for tasks to queue
[2026-09-17T09:06:10.444+0000] {logging_mixin.py:188} INFO - [2026-09-17T09:06:10.443+0000] {dagbag.py:545} INFO - Filling up the DagBag from /opt/airflow/dags/extraction_DAG.py
[2026-09-17T09:06:10.448+0000] {logging_mixin.py:188} INFO - [2026-09-17T09:06:10.446+0000] {dagbag.py:355} ERROR - Failed to import: /opt/airflow/dags/extraction_DAG.py
Traceback (most recent call last):
  File "/home/airflow/.local/lib/python3.12/site-packages/airflow/models/dagbag.py", line 351, in parse
    loader.exec_module(new_module)
  File "<frozen importlib._bootstrap_external>", line 995, in exec_module
  File "<frozen importlib._bootstrap>", line 488, in _call_with_frames_removed
  File "/opt/airflow/dags/extraction_DAG.py", line 6, in <module>
    from include import extract as extract_data
ModuleNotFoundError: No module named 'include'
[2026-09-17T09:06:10.449+0000] {processor.py:842} WARNING - No viable dags retrieved from /opt/airflow/dags/extraction_DAG.py
[2026-09-17T09:06:10.465+0000] {processor.py:183} INFO - Processing /opt/airflow/dags/extraction_DAG.py took 0.037 seconds
[2026-09-17T09:06:40.568+0000] {processor.py:161} INFO - Started process (PID=946) to work on /opt/airflow/dags/extraction_DAG.py
[2026-09-17T09:06:40.569+0000] {processor.py:830} INFO - Processing file /opt/airflow/dags/extraction_DAG.py for tasks to queue
[2026-09-17T09:06:40.571+0000] {logging_mixin.py:188} INFO - [2026-09-17T09:06:40.571+0000] {dagbag.py:545} INFO - Filling up the DagBag from /opt/airflow/dags/extraction_DAG.py
[2026-09-17T09:06:40.575+0000] {logging_mixin.py:188} INFO - [2026-09-17T09:06:40.574+0000] {dagbag.py:355} ERROR - Failed to import: /opt/airflow/dags/extraction_DAG.py
Traceback (most recent call last):
  File "/home/airflow/.local/lib/python3.12/site-packages/airflow/models/dagbag.py", line 351, in parse
    loader.exec_module(new_module)
  File "<frozen importlib._bootstrap_external>", line 995, in exec_module
  File "<frozen importlib._bootstrap>", line 488, in _call_with_frames_removed
  File "/opt/airflow/dags/extraction_DAG.py", line 6, in <module>
    from include import extract as extract_data
ModuleNotFoundError: No module named 'include'
[2026-09-17T09:06:40.575+0000] {processor.py:842} WARNING - No viable dags retrieved from /opt/airflow/dags/extraction_DAG.py
[2026-09-17T09:06:40.588+0000] {processor.py:183} INFO - Processing /opt/airflow/dags/extraction_DAG.py took 0.026 seconds
[2026-09-17T09:07:10.729+0000] {processor.py:161} INFO - Started process (PID=953) to work on /opt/airflow/dags/extraction_DAG.py
[2026-09-17T09:07:10.742+0000] {processor.py:830} INFO - Processing file /opt/airflow/dags/extraction_DAG.py for tasks to queue
[2026-09-17T09:07:10.744+0000] {logging_mixin.py:188} INFO - [2026-09-17T09:07:10.744+0000] {dagbag.py:545} INFO - Filling up the DagBag from /opt/airflow/dags/extraction_DAG.py
[2026-09-17T09:07:10.749+0000] {logging_mixin.py:188} INFO - [2026-09-17T09:07:10.747+0000] {dagbag.py:355} ERROR - Failed to import: /opt/airflow/dags/extraction_DAG.py
Traceback (most recent call last):
  File "/home/airflow/.local/lib/python3.12/site-packages/airflow/models/dagbag.py", line 351, in parse
    loader.exec_module(new_module)
  File "<frozen importlib._bootstrap_external>", line 995, in exec_module
  File "<frozen importlib._bootstrap>", line 488, in _call_with_frames_removed
  File "/opt/airflow/dags/extraction_DAG.py", line 6, in <module>
    from include import extract as extract_data
ModuleNotFoundError: No module named 'include'
[2026-09-17T09:07:10.750+0000] {processor.py:842} WARNING - No viable dags retrieved from /opt/airflow/dags/extraction_DAG.py
[2026-09-17T09:07:10.767+0000] {processor.py:183} INFO - Processing /opt/airflow/dags/extraction_DAG.py took 0.044 seconds
[2026-09-17T09:07:40.867+0000] {processor.py:161} INFO - Started process (PID=960) to work on /opt/airflow/dags/extraction_DAG.py
[2026-09-17T09:07:40.867+0000] {processor.py:830} INFO - Processing file /opt/airflow/dags/extraction_DAG.py for tasks to queue
[2026-09-17T09:07:40.869+0000] {logging_mixin.py:188} INFO - [2026-09-17T09:07:40.868+0000] {dagbag.py:545} INFO - Filling up the DagBag from /opt/airflow/dags/extraction_DAG.py
[2026-09-17T09:07:40.871+0000] {logging_mixin.py:188} INFO - [2026-09-17T09:07:40.870+0000] {dagbag.py:355} ERROR - Failed to import: /opt/airflow/dags/extraction_DAG.py
Traceback (most recent call last):
  File "/home/airflow/.local/lib/python3.12/site-packages/airflow/models/dagbag.py", line 351, in parse
    loader.exec_module(new_module)
  File "<frozen importlib._bootstrap_external>", line 995, in exec_module
  File "<frozen importlib._bootstrap>", line 488, in _call_with_frames_removed
  File "/opt/airflow/dags/extraction_DAG.py", line 6, in <module>
    from include import extract as extract_data
ModuleNotFoundError: No module named 'include'
[2026-09-17T09:07:40.871+0000] {processor.py:842} WARNING - No viable dags retrieved from /opt/airflow/dags/extraction_DAG.py
[2026-09-17T09:07:40.884+0000] {processor.py:183} INFO - Processing /opt/airflow/dags/extraction_DAG.py took 0.024 seconds
[2026-09-17T09:08:11.004+0000] {processor.py:161} INFO - Started process (PID=967) to work on /opt/airflow/dags/extraction_DAG.py
[2026-09-17T09:08:11.096+0000] {processor.py:830} INFO - Processing file /opt/airflow/dags/extraction_DAG.py for tasks to queue
[2026-09-17T09:08:11.099+0000] {logging_mixin.py:188} INFO - [2026-09-17T09:08:11.098+0000] {dagbag.py:545} INFO - Filling up the DagBag from /opt/airflow/dags/extraction_DAG.py
[2026-09-17T09:08:11.103+0000] {logging_mixin.py:188} INFO - [2026-09-17T09:08:11.102+0000] {dagbag.py:355} ERROR - Failed to import: /opt/airflow/dags/extraction_DAG.py
Traceback (most recent call last):
  File "/home/airflow/.local/lib/python3.12/site-packages/airflow/models/dagbag.py", line 351, in parse
    loader.exec_module(new_module)
  File "<frozen importlib._bootstrap_external>", line 995, in exec_module
  File "<frozen importlib._bootstrap>", line 488, in _call_with_frames_removed
  File "/opt/airflow/dags/extraction_DAG.py", line 6, in <module>
    from include import extract as extract_data
ModuleNotFoundError: No module named 'include'
[2026-09-17T09:08:11.103+0000] {processor.py:842} WARNING - No viable dags retrieved from /opt/airflow/dags/extraction_DAG.py
[2026-09-17T09:08:11.114+0000] {processor.py:183} INFO - Processing /opt/airflow/dags/extraction_DAG.py took 0.115 seconds
[2026-09-17T09:08:41.242+0000] {processor.py:161} INFO - Started process (PID=974) to work on /opt/airflow/dags/extraction_DAG.py
[2026-09-17T09:08:41.243+0000] {processor.py:830} INFO - Processing file /opt/airflow/dags/extraction_DAG.py for tasks to queue
[2026-09-17T09:08:41.246+0000] {logging_mixin.py:188} INFO - [2026-09-17T09:08:41.245+0000] {dagbag.py:545} INFO - Filling up the DagBag from /opt/airflow/dags/extraction_DAG.py
[2026-09-17T09:08:41.250+0000] {logging_mixin.py:188} INFO - [2026-09-17T09:08:41.249+0000] {dagbag.py:355} ERROR - Failed to import: /opt/airflow/dags/extraction_DAG.py
Traceback (most recent call last):
  File "/home/airflow/.local/lib/python3.12/site-packages/airflow/models/dagbag.py", line 351, in parse
    loader.exec_module(new_module)
  File "<frozen importlib._bootstrap_external>", line 995, in exec_module
  File "<frozen importlib._bootstrap>", line 488, in _call_with_frames_removed
  File "/opt/airflow/dags/extraction_DAG.py", line 6, in <module>
    from include import extract as extract_data
ModuleNotFoundError: No module named 'include'
[2026-09-17T09:08:41.251+0000] {processor.py:842} WARNING - No viable dags retrieved from /opt/airflow/dags/extraction_DAG.py
[2026-09-17T09:08:41.271+0000] {processor.py:183} INFO - Processing /opt/airflow/dags/extraction_DAG.py took 0.037 seconds
[2026-09-17T09:09:11.375+0000] {processor.py:161} INFO - Started process (PID=981) to work on /opt/airflow/dags/extraction_DAG.py
[2026-09-17T09:09:11.467+0000] {processor.py:830} INFO - Processing file /opt/airflow/dags/extraction_DAG.py for tasks to queue
[2026-09-17T09:09:11.471+0000] {logging_mixin.py:188} INFO - [2026-09-17T09:09:11.471+0000] {dagbag.py:545} INFO - Filling up the DagBag from /opt/airflow/dags/extraction_DAG.py
[2026-09-17T09:09:11.477+0000] {logging_mixin.py:188} INFO - [2026-09-17T09:09:11.475+0000] {dagbag.py:355} ERROR - Failed to import: /opt/airflow/dags/extraction_DAG.py
Traceback (most recent call last):
  File "/home/airflow/.local/lib/python3.12/site-packages/airflow/models/dagbag.py", line 351, in parse
    loader.exec_module(new_module)
  File "<frozen importlib._bootstrap_external>", line 995, in exec_module
  File "<frozen importlib._bootstrap>", line 488, in _call_with_frames_removed
  File "/opt/airflow/dags/extraction_DAG.py", line 6, in <module>
    from include import extract as extract_data
ModuleNotFoundError: No module named 'include'
[2026-09-17T09:09:11.477+0000] {processor.py:842} WARNING - No viable dags retrieved from /opt/airflow/dags/extraction_DAG.py
[2026-09-17T09:09:11.499+0000] {processor.py:183} INFO - Processing /opt/airflow/dags/extraction_DAG.py took 0.132 seconds
[2026-09-17T09:09:41.531+0000] {processor.py:161} INFO - Started process (PID=988) to work on /opt/airflow/dags/extraction_DAG.py
[2026-09-17T09:09:41.532+0000] {processor.py:830} INFO - Processing file /opt/airflow/dags/extraction_DAG.py for tasks to queue
[2026-09-17T09:09:41.534+0000] {logging_mixin.py:188} INFO - [2026-09-17T09:09:41.534+0000] {dagbag.py:545} INFO - Filling up the DagBag from /opt/airflow/dags/extraction_DAG.py
[2026-09-17T09:09:41.539+0000] {logging_mixin.py:188} INFO - [2026-09-17T09:09:41.537+0000] {dagbag.py:355} ERROR - Failed to import: /opt/airflow/dags/extraction_DAG.py
Traceback (most recent call last):
  File "/home/airflow/.local/lib/python3.12/site-packages/airflow/models/dagbag.py", line 351, in parse
    loader.exec_module(new_module)
  File "<frozen importlib._bootstrap_external>", line 995, in exec_module
  File "<frozen importlib._bootstrap>", line 488, in _call_with_frames_removed
  File "/opt/airflow/dags/extraction_DAG.py", line 6, in <module>
    from include import extract as extract_data
ModuleNotFoundError: No module named 'include'
[2026-09-17T09:09:41.540+0000] {processor.py:842} WARNING - No viable dags retrieved from /opt/airflow/dags/extraction_DAG.py
[2026-09-17T09:09:41.565+0000] {processor.py:183} INFO - Processing /opt/airflow/dags/extraction_DAG.py took 0.041 seconds
[2026-09-17T09:10:11.682+0000] {processor.py:161} INFO - Started process (PID=995) to work on /opt/airflow/dags/extraction_DAG.py
[2026-09-17T09:10:11.777+0000] {processor.py:830} INFO - Processing file /opt/airflow/dags/extraction_DAG.py for tasks to queue
[2026-09-17T09:10:11.780+0000] {logging_mixin.py:188} INFO - [2026-09-17T09:10:11.780+0000] {dagbag.py:545} INFO - Filling up the DagBag from /opt/airflow/dags/extraction_DAG.py
[2026-09-17T09:10:11.785+0000] {logging_mixin.py:188} INFO - [2026-09-17T09:10:11.784+0000] {dagbag.py:355} ERROR - Failed to import: /opt/airflow/dags/extraction_DAG.py
Traceback (most recent call last):
  File "/home/airflow/.local/lib/python3.12/site-packages/airflow/models/dagbag.py", line 351, in parse
    loader.exec_module(new_module)
  File "<frozen importlib._bootstrap_external>", line 995, in exec_module
  File "<frozen importlib._bootstrap>", line 488, in _call_with_frames_removed
  File "/opt/airflow/dags/extraction_DAG.py", line 6, in <module>
    from include import extract as extract_data
ModuleNotFoundError: No module named 'include'
[2026-09-17T09:10:11.786+0000] {processor.py:842} WARNING - No viable dags retrieved from /opt/airflow/dags/extraction_DAG.py
[2026-09-17T09:10:11.810+0000] {processor.py:183} INFO - Processing /opt/airflow/dags/extraction_DAG.py took 0.134 seconds
[2026-09-17T09:10:41.841+0000] {processor.py:161} INFO - Started process (PID=1002) to work on /opt/airflow/dags/extraction_DAG.py
[2026-09-17T09:10:41.842+0000] {processor.py:830} INFO - Processing file /opt/airflow/dags/extraction_DAG.py for tasks to queue
[2026-09-17T09:10:41.844+0000] {logging_mixin.py:188} INFO - [2026-09-17T09:10:41.843+0000] {dagbag.py:545} INFO - Filling up the DagBag from /opt/airflow/dags/extraction_DAG.py
[2026-09-17T09:10:41.847+0000] {logging_mixin.py:188} INFO - [2026-09-17T09:10:41.846+0000] {dagbag.py:355} ERROR - Failed to import: /opt/airflow/dags/extraction_DAG.py
Traceback (most recent call last):
  File "/home/airflow/.local/lib/python3.12/site-packages/airflow/models/dagbag.py", line 351, in parse
    loader.exec_module(new_module)
  File "<frozen importlib._bootstrap_external>", line 995, in exec_module
  File "<frozen importlib._bootstrap>", line 488, in _call_with_frames_removed
  File "/opt/airflow/dags/extraction_DAG.py", line 6, in <module>
    from include import extract as extract_data
ModuleNotFoundError: No module named 'include'
[2026-09-17T09:10:41.847+0000] {processor.py:842} WARNING - No viable dags retrieved from /opt/airflow/dags/extraction_DAG.py
[2026-09-17T09:10:41.860+0000] {processor.py:183} INFO - Processing /opt/airflow/dags/extraction_DAG.py took 0.031 seconds
[2026-09-17T09:11:11.973+0000] {processor.py:161} INFO - Started process (PID=1009) to work on /opt/airflow/dags/extraction_DAG.py
[2026-09-17T09:11:12.007+0000] {processor.py:830} INFO - Processing file /opt/airflow/dags/extraction_DAG.py for tasks to queue
[2026-09-17T09:11:12.009+0000] {logging_mixin.py:188} INFO - [2026-09-17T09:11:12.009+0000] {dagbag.py:545} INFO - Filling up the DagBag from /opt/airflow/dags/extraction_DAG.py
[2026-09-17T09:11:12.015+0000] {logging_mixin.py:188} INFO - [2026-09-17T09:11:12.013+0000] {dagbag.py:355} ERROR - Failed to import: /opt/airflow/dags/extraction_DAG.py
Traceback (most recent call last):
  File "/home/airflow/.local/lib/python3.12/site-packages/airflow/models/dagbag.py", line 351, in parse
    loader.exec_module(new_module)
  File "<frozen importlib._bootstrap_external>", line 995, in exec_module
  File "<frozen importlib._bootstrap>", line 488, in _call_with_frames_removed
  File "/opt/airflow/dags/extraction_DAG.py", line 6, in <module>
    from include import extract as extract_data
ModuleNotFoundError: No module named 'include'
[2026-09-17T09:11:12.015+0000] {processor.py:842} WARNING - No viable dags retrieved from /opt/airflow/dags/extraction_DAG.py
[2026-09-17T09:11:12.039+0000] {processor.py:183} INFO - Processing /opt/airflow/dags/extraction_DAG.py took 0.071 seconds
[2026-09-17T09:11:42.109+0000] {processor.py:161} INFO - Started process (PID=1016) to work on /opt/airflow/dags/extraction_DAG.py
[2026-09-17T09:11:42.109+0000] {processor.py:830} INFO - Processing file /opt/airflow/dags/extraction_DAG.py for tasks to queue
[2026-09-17T09:11:42.110+0000] {logging_mixin.py:188} INFO - [2026-09-17T09:11:42.110+0000] {dagbag.py:545} INFO - Filling up the DagBag from /opt/airflow/dags/extraction_DAG.py
[2026-09-17T09:11:42.112+0000] {logging_mixin.py:188} INFO - [2026-09-17T09:11:42.111+0000] {dagbag.py:355} ERROR - Failed to import: /opt/airflow/dags/extraction_DAG.py
Traceback (most recent call last):
  File "/home/airflow/.local/lib/python3.12/site-packages/airflow/models/dagbag.py", line 351, in parse
    loader.exec_module(new_module)
  File "<frozen importlib._bootstrap_external>", line 995, in exec_module
  File "<frozen importlib._bootstrap>", line 488, in _call_with_frames_removed
  File "/opt/airflow/dags/extraction_DAG.py", line 6, in <module>
    from include import extract as extract_data
ModuleNotFoundError: No module named 'include'
[2026-09-17T09:11:42.112+0000] {processor.py:842} WARNING - No viable dags retrieved from /opt/airflow/dags/extraction_DAG.py
[2026-09-17T09:11:42.124+0000] {processor.py:183} INFO - Processing /opt/airflow/dags/extraction_DAG.py took 0.019 seconds
[2026-09-17T09:12:12.238+0000] {processor.py:161} INFO - Started process (PID=1024) to work on /opt/airflow/dags/extraction_DAG.py
[2026-09-17T09:12:12.242+0000] {processor.py:830} INFO - Processing file /opt/airflow/dags/extraction_DAG.py for tasks to queue
[2026-09-17T09:12:12.243+0000] {logging_mixin.py:188} INFO - [2026-09-17T09:12:12.243+0000] {dagbag.py:545} INFO - Filling up the DagBag from /opt/airflow/dags/extraction_DAG.py
[2026-09-17T09:12:12.245+0000] {logging_mixin.py:188} INFO - [2026-09-17T09:12:12.245+0000] {dagbag.py:355} ERROR - Failed to import: /opt/airflow/dags/extraction_DAG.py
Traceback (most recent call last):
  File "/home/airflow/.local/lib/python3.12/site-packages/airflow/models/dagbag.py", line 351, in parse
    loader.exec_module(new_module)
  File "<frozen importlib._bootstrap_external>", line 995, in exec_module
  File "<frozen importlib._bootstrap>", line 488, in _call_with_frames_removed
  File "/opt/airflow/dags/extraction_DAG.py", line 6, in <module>
    from include import extract as extract_data
ModuleNotFoundError: No module named 'include'
[2026-09-17T09:12:12.246+0000] {processor.py:842} WARNING - No viable dags retrieved from /opt/airflow/dags/extraction_DAG.py
[2026-09-17T09:12:12.258+0000] {processor.py:183} INFO - Processing /opt/airflow/dags/extraction_DAG.py took 0.025 seconds
[2026-09-17T09:12:42.364+0000] {processor.py:161} INFO - Started process (PID=1031) to work on /opt/airflow/dags/extraction_DAG.py
[2026-09-17T09:12:42.365+0000] {processor.py:830} INFO - Processing file /opt/airflow/dags/extraction_DAG.py for tasks to queue
[2026-09-17T09:12:42.366+0000] {logging_mixin.py:188} INFO - [2026-09-17T09:12:42.365+0000] {dagbag.py:545} INFO - Filling up the DagBag from /opt/airflow/dags/extraction_DAG.py
[2026-09-17T09:12:42.368+0000] {logging_mixin.py:188} INFO - [2026-09-17T09:12:42.367+0000] {dagbag.py:355} ERROR - Failed to import: /opt/airflow/dags/extraction_DAG.py
Traceback (most recent call last):
  File "/home/airflow/.local/lib/python3.12/site-packages/airflow/models/dagbag.py", line 351, in parse
    loader.exec_module(new_module)
  File "<frozen importlib._bootstrap_external>", line 995, in exec_module
  File "<frozen importlib._bootstrap>", line 488, in _call_with_frames_removed
  File "/opt/airflow/dags/extraction_DAG.py", line 6, in <module>
    from include import extract as extract_data
ModuleNotFoundError: No module named 'include'
[2026-09-17T09:12:42.368+0000] {processor.py:842} WARNING - No viable dags retrieved from /opt/airflow/dags/extraction_DAG.py
[2026-09-17T09:12:42.378+0000] {processor.py:183} INFO - Processing /opt/airflow/dags/extraction_DAG.py took 0.017 seconds
[2026-09-17T09:13:12.507+0000] {processor.py:161} INFO - Started process (PID=1039) to work on /opt/airflow/dags/extraction_DAG.py
[2026-09-17T09:13:12.511+0000] {processor.py:830} INFO - Processing file /opt/airflow/dags/extraction_DAG.py for tasks to queue
[2026-09-17T09:13:12.512+0000] {logging_mixin.py:188} INFO - [2026-09-17T09:13:12.512+0000] {dagbag.py:545} INFO - Filling up the DagBag from /opt/airflow/dags/extraction_DAG.py
[2026-09-17T09:13:12.515+0000] {logging_mixin.py:188} INFO - [2026-09-17T09:13:12.514+0000] {dagbag.py:355} ERROR - Failed to import: /opt/airflow/dags/extraction_DAG.py
Traceback (most recent call last):
  File "/home/airflow/.local/lib/python3.12/site-packages/airflow/models/dagbag.py", line 351, in parse
    loader.exec_module(new_module)
  File "<frozen importlib._bootstrap_external>", line 995, in exec_module
  File "<frozen importlib._bootstrap>", line 488, in _call_with_frames_removed
  File "/opt/airflow/dags/extraction_DAG.py", line 6, in <module>
    from include import extract as extract_data
ModuleNotFoundError: No module named 'include'
[2026-09-17T09:13:12.515+0000] {processor.py:842} WARNING - No viable dags retrieved from /opt/airflow/dags/extraction_DAG.py
[2026-09-17T09:13:12.526+0000] {processor.py:183} INFO - Processing /opt/airflow/dags/extraction_DAG.py took 0.023 seconds
[2026-09-17T09:13:42.651+0000] {processor.py:161} INFO - Started process (PID=1046) to work on /opt/airflow/dags/extraction_DAG.py
[2026-09-17T09:13:42.652+0000] {processor.py:830} INFO - Processing file /opt/airflow/dags/extraction_DAG.py for tasks to queue
[2026-09-17T09:13:42.654+0000] {logging_mixin.py:188} INFO - [2026-09-17T09:13:42.653+0000] {dagbag.py:545} INFO - Filling up the DagBag from /opt/airflow/dags/extraction_DAG.py
[2026-09-17T09:13:42.658+0000] {logging_mixin.py:188} INFO - [2026-09-17T09:13:42.657+0000] {dagbag.py:355} ERROR - Failed to import: /opt/airflow/dags/extraction_DAG.py
Traceback (most recent call last):
  File "/home/airflow/.local/lib/python3.12/site-packages/airflow/models/dagbag.py", line 351, in parse
    loader.exec_module(new_module)
  File "<frozen importlib._bootstrap_external>", line 995, in exec_module
  File "<frozen importlib._bootstrap>", line 488, in _call_with_frames_removed
  File "/opt/airflow/dags/extraction_DAG.py", line 6, in <module>
    from include import extract as extract_data
ModuleNotFoundError: No module named 'include'
[2026-09-17T09:13:42.659+0000] {processor.py:842} WARNING - No viable dags retrieved from /opt/airflow/dags/extraction_DAG.py
[2026-09-17T09:13:42.678+0000] {processor.py:183} INFO - Processing /opt/airflow/dags/extraction_DAG.py took 0.036 seconds
[2026-09-17T09:14:12.799+0000] {processor.py:161} INFO - Started process (PID=1053) to work on /opt/airflow/dags/extraction_DAG.py
[2026-09-17T09:14:12.891+0000] {processor.py:830} INFO - Processing file /opt/airflow/dags/extraction_DAG.py for tasks to queue
[2026-09-17T09:14:12.894+0000] {logging_mixin.py:188} INFO - [2026-09-17T09:14:12.893+0000] {dagbag.py:545} INFO - Filling up the DagBag from /opt/airflow/dags/extraction_DAG.py
[2026-09-17T09:14:12.900+0000] {logging_mixin.py:188} INFO - [2026-09-17T09:14:12.898+0000] {dagbag.py:355} ERROR - Failed to import: /opt/airflow/dags/extraction_DAG.py
Traceback (most recent call last):
  File "/home/airflow/.local/lib/python3.12/site-packages/airflow/models/dagbag.py", line 351, in parse
    loader.exec_module(new_module)
  File "<frozen importlib._bootstrap_external>", line 995, in exec_module
  File "<frozen importlib._bootstrap>", line 488, in _call_with_frames_removed
  File "/opt/airflow/dags/extraction_DAG.py", line 6, in <module>
    from include import extract as extract_data
ModuleNotFoundError: No module named 'include'
[2026-09-17T09:14:12.901+0000] {processor.py:842} WARNING - No viable dags retrieved from /opt/airflow/dags/extraction_DAG.py
[2026-09-17T09:14:12.921+0000] {processor.py:183} INFO - Processing /opt/airflow/dags/extraction_DAG.py took 0.130 seconds
[2026-09-17T09:14:42.954+0000] {processor.py:161} INFO - Started process (PID=1060) to work on /opt/airflow/dags/extraction_DAG.py
[2026-09-17T09:14:42.955+0000] {processor.py:830} INFO - Processing file /opt/airflow/dags/extraction_DAG.py for tasks to queue
[2026-09-17T09:14:42.957+0000] {logging_mixin.py:188} INFO - [2026-09-17T09:14:42.956+0000] {dagbag.py:545} INFO - Filling up the DagBag from /opt/airflow/dags/extraction_DAG.py
[2026-09-17T09:14:42.960+0000] {logging_mixin.py:188} INFO - [2026-09-17T09:14:42.959+0000] {dagbag.py:355} ERROR - Failed to import: /opt/airflow/dags/extraction_DAG.py
Traceback (most recent call last):
  File "/home/airflow/.local/lib/python3.12/site-packages/airflow/models/dagbag.py", line 351, in parse
    loader.exec_module(new_module)
  File "<frozen importlib._bootstrap_external>", line 995, in exec_module
  File "<frozen importlib._bootstrap>", line 488, in _call_with_frames_removed
  File "/opt/airflow/dags/extraction_DAG.py", line 6, in <module>
    from include import extract as extract_data
ModuleNotFoundError: No module named 'include'
[2026-09-17T09:14:42.961+0000] {processor.py:842} WARNING - No viable dags retrieved from /opt/airflow/dags/extraction_DAG.py
[2026-09-17T09:14:42.972+0000] {processor.py:183} INFO - Processing /opt/airflow/dags/extraction_DAG.py took 0.028 seconds
[2026-09-17T09:15:13.053+0000] {processor.py:161} INFO - Started process (PID=1067) to work on /opt/airflow/dags/extraction_DAG.py
[2026-09-17T09:15:13.128+0000] {processor.py:830} INFO - Processing file /opt/airflow/dags/extraction_DAG.py for tasks to queue
[2026-09-17T09:15:13.131+0000] {logging_mixin.py:188} INFO - [2026-09-17T09:15:13.131+0000] {dagbag.py:545} INFO - Filling up the DagBag from /opt/airflow/dags/extraction_DAG.py
[2026-09-17T09:15:13.135+0000] {logging_mixin.py:188} INFO - [2026-09-17T09:15:13.134+0000] {dagbag.py:355} ERROR - Failed to import: /opt/airflow/dags/extraction_DAG.py
Traceback (most recent call last):
  File "/home/airflow/.local/lib/python3.12/site-packages/airflow/models/dagbag.py", line 351, in parse
    loader.exec_module(new_module)
  File "<frozen importlib._bootstrap_external>", line 995, in exec_module
  File "<frozen importlib._bootstrap>", line 488, in _call_with_frames_removed
  File "/opt/airflow/dags/extraction_DAG.py", line 6, in <module>
    from include import extract as extract_data
ModuleNotFoundError: No module named 'include'
[2026-09-17T09:15:13.136+0000] {processor.py:842} WARNING - No viable dags retrieved from /opt/airflow/dags/extraction_DAG.py
[2026-09-17T09:15:13.160+0000] {processor.py:183} INFO - Processing /opt/airflow/dags/extraction_DAG.py took 0.115 seconds
[2026-09-17T09:15:43.248+0000] {processor.py:161} INFO - Started process (PID=1074) to work on /opt/airflow/dags/extraction_DAG.py
[2026-09-17T09:15:43.248+0000] {processor.py:830} INFO - Processing file /opt/airflow/dags/extraction_DAG.py for tasks to queue
[2026-09-17T09:15:43.250+0000] {logging_mixin.py:188} INFO - [2026-09-17T09:15:43.249+0000] {dagbag.py:545} INFO - Filling up the DagBag from /opt/airflow/dags/extraction_DAG.py
[2026-09-17T09:15:43.252+0000] {logging_mixin.py:188} INFO - [2026-09-17T09:15:43.251+0000] {dagbag.py:355} ERROR - Failed to import: /opt/airflow/dags/extraction_DAG.py
Traceback (most recent call last):
  File "/home/airflow/.local/lib/python3.12/site-packages/airflow/models/dagbag.py", line 351, in parse
    loader.exec_module(new_module)
  File "<frozen importlib._bootstrap_external>", line 995, in exec_module
  File "<frozen importlib._bootstrap>", line 488, in _call_with_frames_removed
  File "/opt/airflow/dags/extraction_DAG.py", line 6, in <module>
    from include import extract as extract_data
ModuleNotFoundError: No module named 'include'
[2026-09-17T09:15:43.252+0000] {processor.py:842} WARNING - No viable dags retrieved from /opt/airflow/dags/extraction_DAG.py
[2026-09-17T09:15:43.263+0000] {processor.py:183} INFO - Processing /opt/airflow/dags/extraction_DAG.py took 0.019 seconds
[2026-09-17T09:16:13.357+0000] {processor.py:161} INFO - Started process (PID=1081) to work on /opt/airflow/dags/extraction_DAG.py
[2026-09-17T09:16:13.453+0000] {processor.py:830} INFO - Processing file /opt/airflow/dags/extraction_DAG.py for tasks to queue
[2026-09-17T09:16:13.455+0000] {logging_mixin.py:188} INFO - [2026-09-17T09:16:13.455+0000] {dagbag.py:545} INFO - Filling up the DagBag from /opt/airflow/dags/extraction_DAG.py
[2026-09-17T09:16:13.457+0000] {logging_mixin.py:188} INFO - [2026-09-17T09:16:13.457+0000] {dagbag.py:355} ERROR - Failed to import: /opt/airflow/dags/extraction_DAG.py
Traceback (most recent call last):
  File "/home/airflow/.local/lib/python3.12/site-packages/airflow/models/dagbag.py", line 351, in parse
    loader.exec_module(new_module)
  File "<frozen importlib._bootstrap_external>", line 995, in exec_module
  File "<frozen importlib._bootstrap>", line 488, in _call_with_frames_removed
  File "/opt/airflow/dags/extraction_DAG.py", line 6, in <module>
    from include import extract as extract_data
ModuleNotFoundError: No module named 'include'
[2026-09-17T09:16:13.458+0000] {processor.py:842} WARNING - No viable dags retrieved from /opt/airflow/dags/extraction_DAG.py
[2026-09-17T09:16:13.469+0000] {processor.py:183} INFO - Processing /opt/airflow/dags/extraction_DAG.py took 0.116 seconds
[2026-09-17T09:16:43.574+0000] {processor.py:161} INFO - Started process (PID=1088) to work on /opt/airflow/dags/extraction_DAG.py
[2026-09-17T09:16:43.574+0000] {processor.py:830} INFO - Processing file /opt/airflow/dags/extraction_DAG.py for tasks to queue
[2026-09-17T09:16:43.577+0000] {logging_mixin.py:188} INFO - [2026-09-17T09:16:43.576+0000] {dagbag.py:545} INFO - Filling up the DagBag from /opt/airflow/dags/extraction_DAG.py
[2026-09-17T09:16:43.579+0000] {logging_mixin.py:188} INFO - [2026-09-17T09:16:43.579+0000] {dagbag.py:355} ERROR - Failed to import: /opt/airflow/dags/extraction_DAG.py
Traceback (most recent call last):
  File "/home/airflow/.local/lib/python3.12/site-packages/airflow/models/dagbag.py", line 351, in parse
    loader.exec_module(new_module)
  File "<frozen importlib._bootstrap_external>", line 995, in exec_module
  File "<frozen importlib._bootstrap>", line 488, in _call_with_frames_removed
  File "/opt/airflow/dags/extraction_DAG.py", line 6, in <module>
    from include import extract as extract_data
ModuleNotFoundError: No module named 'include'
[2026-09-17T09:16:43.580+0000] {processor.py:842} WARNING - No viable dags retrieved from /opt/airflow/dags/extraction_DAG.py
[2026-09-17T09:16:43.592+0000] {processor.py:183} INFO - Processing /opt/airflow/dags/extraction_DAG.py took 0.026 seconds
[2026-09-17T09:17:13.676+0000] {processor.py:161} INFO - Started process (PID=1095) to work on /opt/airflow/dags/extraction_DAG.py
[2026-09-17T09:17:13.782+0000] {processor.py:830} INFO - Processing file /opt/airflow/dags/extraction_DAG.py for tasks to queue
[2026-09-17T09:17:13.783+0000] {logging_mixin.py:188} INFO - [2026-09-17T09:17:13.783+0000] {dagbag.py:545} INFO - Filling up the DagBag from /opt/airflow/dags/extraction_DAG.py
[2026-09-17T09:17:13.785+0000] {logging_mixin.py:188} INFO - [2026-09-17T09:17:13.784+0000] {dagbag.py:355} ERROR - Failed to import: /opt/airflow/dags/extraction_DAG.py
Traceback (most recent call last):
  File "/home/airflow/.local/lib/python3.12/site-packages/airflow/models/dagbag.py", line 351, in parse
    loader.exec_module(new_module)
  File "<frozen importlib._bootstrap_external>", line 995, in exec_module
  File "<frozen importlib._bootstrap>", line 488, in _call_with_frames_removed
  File "/opt/airflow/dags/extraction_DAG.py", line 6, in <module>
    from include import extract as extract_data
ModuleNotFoundError: No module named 'include'
[2026-09-17T09:17:13.785+0000] {processor.py:842} WARNING - No viable dags retrieved from /opt/airflow/dags/extraction_DAG.py
[2026-09-17T09:17:13.796+0000] {processor.py:183} INFO - Processing /opt/airflow/dags/extraction_DAG.py took 0.124 seconds
[2026-09-17T09:17:43.819+0000] {processor.py:161} INFO - Started process (PID=1102) to work on /opt/airflow/dags/extraction_DAG.py
[2026-09-17T09:17:43.819+0000] {processor.py:830} INFO - Processing file /opt/airflow/dags/extraction_DAG.py for tasks to queue
[2026-09-17T09:17:43.821+0000] {logging_mixin.py:188} INFO - [2026-09-17T09:17:43.821+0000] {dagbag.py:545} INFO - Filling up the DagBag from /opt/airflow/dags/extraction_DAG.py
[2026-09-17T09:17:43.824+0000] {logging_mixin.py:188} INFO - [2026-09-17T09:17:43.823+0000] {dagbag.py:355} ERROR - Failed to import: /opt/airflow/dags/extraction_DAG.py
Traceback (most recent call last):
  File "/home/airflow/.local/lib/python3.12/site-packages/airflow/models/dagbag.py", line 351, in parse
    loader.exec_module(new_module)
  File "<frozen importlib._bootstrap_external>", line 995, in exec_module
  File "<frozen importlib._bootstrap>", line 488, in _call_with_frames_removed
  File "/opt/airflow/dags/extraction_DAG.py", line 6, in <module>
    from include import extract as extract_data
ModuleNotFoundError: No module named 'include'
[2026-09-17T09:17:43.824+0000] {processor.py:842} WARNING - No viable dags retrieved from /opt/airflow/dags/extraction_DAG.py
[2026-09-17T09:17:43.837+0000] {processor.py:183} INFO - Processing /opt/airflow/dags/extraction_DAG.py took 0.026 seconds
[2026-09-17T09:18:13.932+0000] {processor.py:161} INFO - Started process (PID=1109) to work on /opt/airflow/dags/extraction_DAG.py
[2026-09-17T09:18:14.015+0000] {processor.py:830} INFO - Processing file /opt/airflow/dags/extraction_DAG.py for tasks to queue
[2026-09-17T09:18:14.017+0000] {logging_mixin.py:188} INFO - [2026-09-17T09:18:14.017+0000] {dagbag.py:545} INFO - Filling up the DagBag from /opt/airflow/dags/extraction_DAG.py
[2026-09-17T09:18:14.020+0000] {logging_mixin.py:188} INFO - [2026-09-17T09:18:14.018+0000] {dagbag.py:355} ERROR - Failed to import: /opt/airflow/dags/extraction_DAG.py
Traceback (most recent call last):
  File "/home/airflow/.local/lib/python3.12/site-packages/airflow/models/dagbag.py", line 351, in parse
    loader.exec_module(new_module)
  File "<frozen importlib._bootstrap_external>", line 995, in exec_module
  File "<frozen importlib._bootstrap>", line 488, in _call_with_frames_removed
  File "/opt/airflow/dags/extraction_DAG.py", line 6, in <module>
    from include import extract as extract_data
ModuleNotFoundError: No module named 'include'
[2026-09-17T09:18:14.021+0000] {processor.py:842} WARNING - No viable dags retrieved from /opt/airflow/dags/extraction_DAG.py
[2026-09-17T09:18:14.034+0000] {processor.py:183} INFO - Processing /opt/airflow/dags/extraction_DAG.py took 0.109 seconds
[2026-09-17T09:18:44.078+0000] {processor.py:161} INFO - Started process (PID=1116) to work on /opt/airflow/dags/extraction_DAG.py
[2026-09-17T09:18:44.079+0000] {processor.py:830} INFO - Processing file /opt/airflow/dags/extraction_DAG.py for tasks to queue
[2026-09-17T09:18:44.081+0000] {logging_mixin.py:188} INFO - [2026-09-17T09:18:44.081+0000] {dagbag.py:545} INFO - Filling up the DagBag from /opt/airflow/dags/extraction_DAG.py
[2026-09-17T09:18:44.084+0000] {logging_mixin.py:188} INFO - [2026-09-17T09:18:44.083+0000] {dagbag.py:355} ERROR - Failed to import: /opt/airflow/dags/extraction_DAG.py
Traceback (most recent call last):
  File "/home/airflow/.local/lib/python3.12/site-packages/airflow/models/dagbag.py", line 351, in parse
    loader.exec_module(new_module)
  File "<frozen importlib._bootstrap_external>", line 995, in exec_module
  File "<frozen importlib._bootstrap>", line 488, in _call_with_frames_removed
  File "/opt/airflow/dags/extraction_DAG.py", line 6, in <module>
    from include import extract as extract_data
ModuleNotFoundError: No module named 'include'
[2026-09-17T09:18:44.084+0000] {processor.py:842} WARNING - No viable dags retrieved from /opt/airflow/dags/extraction_DAG.py
[2026-09-17T09:18:44.096+0000] {processor.py:183} INFO - Processing /opt/airflow/dags/extraction_DAG.py took 0.028 seconds
[2026-09-17T09:19:14.217+0000] {processor.py:161} INFO - Started process (PID=1123) to work on /opt/airflow/dags/extraction_DAG.py
[2026-09-17T09:19:14.308+0000] {processor.py:830} INFO - Processing file /opt/airflow/dags/extraction_DAG.py for tasks to queue
[2026-09-17T09:19:14.312+0000] {logging_mixin.py:188} INFO - [2026-09-17T09:19:14.311+0000] {dagbag.py:545} INFO - Filling up the DagBag from /opt/airflow/dags/extraction_DAG.py
[2026-09-17T09:19:14.318+0000] {logging_mixin.py:188} INFO - [2026-09-17T09:19:14.316+0000] {dagbag.py:355} ERROR - Failed to import: /opt/airflow/dags/extraction_DAG.py
Traceback (most recent call last):
  File "/home/airflow/.local/lib/python3.12/site-packages/airflow/models/dagbag.py", line 351, in parse
    loader.exec_module(new_module)
  File "<frozen importlib._bootstrap_external>", line 995, in exec_module
  File "<frozen importlib._bootstrap>", line 488, in _call_with_frames_removed
  File "/opt/airflow/dags/extraction_DAG.py", line 6, in <module>
    from include import extract as extract_data
ModuleNotFoundError: No module named 'include'
[2026-09-17T09:19:14.319+0000] {processor.py:842} WARNING - No viable dags retrieved from /opt/airflow/dags/extraction_DAG.py
[2026-09-17T09:19:14.338+0000] {processor.py:183} INFO - Processing /opt/airflow/dags/extraction_DAG.py took 0.129 seconds
[2026-09-17T09:19:44.469+0000] {processor.py:161} INFO - Started process (PID=1130) to work on /opt/airflow/dags/extraction_DAG.py
[2026-09-17T09:19:44.471+0000] {processor.py:830} INFO - Processing file /opt/airflow/dags/extraction_DAG.py for tasks to queue
[2026-09-17T09:19:44.473+0000] {logging_mixin.py:188} INFO - [2026-09-17T09:19:44.472+0000] {dagbag.py:545} INFO - Filling up the DagBag from /opt/airflow/dags/extraction_DAG.py
[2026-09-17T09:19:44.476+0000] {logging_mixin.py:188} INFO - [2026-09-17T09:19:44.475+0000] {dagbag.py:355} ERROR - Failed to import: /opt/airflow/dags/extraction_DAG.py
Traceback (most recent call last):
  File "/home/airflow/.local/lib/python3.12/site-packages/airflow/models/dagbag.py", line 351, in parse
    loader.exec_module(new_module)
  File "<frozen importlib._bootstrap_external>", line 995, in exec_module
  File "<frozen importlib._bootstrap>", line 488, in _call_with_frames_removed
  File "/opt/airflow/dags/extraction_DAG.py", line 6, in <module>
    from include import extract as extract_data
ModuleNotFoundError: No module named 'include'
[2026-09-17T09:19:44.476+0000] {processor.py:842} WARNING - No viable dags retrieved from /opt/airflow/dags/extraction_DAG.py
[2026-09-17T09:19:44.488+0000] {processor.py:183} INFO - Processing /opt/airflow/dags/extraction_DAG.py took 0.028 seconds
[2026-09-17T09:20:14.619+0000] {processor.py:161} INFO - Started process (PID=1137) to work on /opt/airflow/dags/extraction_DAG.py
[2026-09-17T09:20:14.732+0000] {processor.py:830} INFO - Processing file /opt/airflow/dags/extraction_DAG.py for tasks to queue
[2026-09-17T09:20:14.733+0000] {logging_mixin.py:188} INFO - [2026-09-17T09:20:14.733+0000] {dagbag.py:545} INFO - Filling up the DagBag from /opt/airflow/dags/extraction_DAG.py
[2026-09-17T09:20:14.735+0000] {logging_mixin.py:188} INFO - [2026-09-17T09:20:14.734+0000] {dagbag.py:355} ERROR - Failed to import: /opt/airflow/dags/extraction_DAG.py
Traceback (most recent call last):
  File "/home/airflow/.local/lib/python3.12/site-packages/airflow/models/dagbag.py", line 351, in parse
    loader.exec_module(new_module)
  File "<frozen importlib._bootstrap_external>", line 995, in exec_module
  File "<frozen importlib._bootstrap>", line 488, in _call_with_frames_removed
  File "/opt/airflow/dags/extraction_DAG.py", line 6, in <module>
    from include import extract as extract_data
ModuleNotFoundError: No module named 'include'
[2026-09-17T09:20:14.735+0000] {processor.py:842} WARNING - No viable dags retrieved from /opt/airflow/dags/extraction_DAG.py
[2026-09-17T09:20:14.746+0000] {processor.py:183} INFO - Processing /opt/airflow/dags/extraction_DAG.py took 0.135 seconds
[2026-09-17T09:20:44.864+0000] {processor.py:161} INFO - Started process (PID=1144) to work on /opt/airflow/dags/extraction_DAG.py
[2026-09-17T09:20:44.865+0000] {processor.py:830} INFO - Processing file /opt/airflow/dags/extraction_DAG.py for tasks to queue
[2026-09-17T09:20:44.866+0000] {logging_mixin.py:188} INFO - [2026-09-17T09:20:44.866+0000] {dagbag.py:545} INFO - Filling up the DagBag from /opt/airflow/dags/extraction_DAG.py
[2026-09-17T09:20:44.869+0000] {logging_mixin.py:188} INFO - [2026-09-17T09:20:44.868+0000] {dagbag.py:355} ERROR - Failed to import: /opt/airflow/dags/extraction_DAG.py
Traceback (most recent call last):
  File "/home/airflow/.local/lib/python3.12/site-packages/airflow/models/dagbag.py", line 351, in parse
    loader.exec_module(new_module)
  File "<frozen importlib._bootstrap_external>", line 995, in exec_module
  File "<frozen importlib._bootstrap>", line 488, in _call_with_frames_removed
  File "/opt/airflow/dags/extraction_DAG.py", line 6, in <module>
    from include import extract as extract_data
ModuleNotFoundError: No module named 'include'
[2026-09-17T09:20:44.869+0000] {processor.py:842} WARNING - No viable dags retrieved from /opt/airflow/dags/extraction_DAG.py
[2026-09-17T09:20:44.881+0000] {processor.py:183} INFO - Processing /opt/airflow/dags/extraction_DAG.py took 0.022 seconds
[2026-09-17T09:21:14.987+0000] {processor.py:161} INFO - Started process (PID=1151) to work on /opt/airflow/dags/extraction_DAG.py
[2026-09-17T09:21:15.071+0000] {processor.py:830} INFO - Processing file /opt/airflow/dags/extraction_DAG.py for tasks to queue
[2026-09-17T09:21:15.074+0000] {logging_mixin.py:188} INFO - [2026-09-17T09:21:15.074+0000] {dagbag.py:545} INFO - Filling up the DagBag from /opt/airflow/dags/extraction_DAG.py
[2026-09-17T09:21:15.079+0000] {logging_mixin.py:188} INFO - [2026-09-17T09:21:15.077+0000] {dagbag.py:355} ERROR - Failed to import: /opt/airflow/dags/extraction_DAG.py
Traceback (most recent call last):
  File "/home/airflow/.local/lib/python3.12/site-packages/airflow/models/dagbag.py", line 351, in parse
    loader.exec_module(new_module)
  File "<frozen importlib._bootstrap_external>", line 995, in exec_module
  File "<frozen importlib._bootstrap>", line 488, in _call_with_frames_removed
  File "/opt/airflow/dags/extraction_DAG.py", line 6, in <module>
    from include import extract as extract_data
ModuleNotFoundError: No module named 'include'
[2026-09-17T09:21:15.080+0000] {processor.py:842} WARNING - No viable dags retrieved from /opt/airflow/dags/extraction_DAG.py
[2026-09-17T09:21:15.092+0000] {processor.py:183} INFO - Processing /opt/airflow/dags/extraction_DAG.py took 0.111 seconds
[2026-09-17T09:21:21.016+0000] {processor.py:161} INFO - Started process (PID=1152) to work on /opt/airflow/dags/extraction_DAG.py
[2026-09-17T09:21:21.017+0000] {processor.py:830} INFO - Processing file /opt/airflow/dags/extraction_DAG.py for tasks to queue
[2026-09-17T09:21:21.018+0000] {logging_mixin.py:188} INFO - [2026-09-17T09:21:21.018+0000] {dagbag.py:545} INFO - Filling up the DagBag from /opt/airflow/dags/extraction_DAG.py
[2026-09-17T09:21:21.020+0000] {logging_mixin.py:188} INFO - [2026-09-17T09:21:21.019+0000] {dagbag.py:355} ERROR - Failed to import: /opt/airflow/dags/extraction_DAG.py
Traceback (most recent call last):
  File "/home/airflow/.local/lib/python3.12/site-packages/airflow/models/dagbag.py", line 351, in parse
    loader.exec_module(new_module)
  File "<frozen importlib._bootstrap_external>", line 991, in exec_module
  File "<frozen importlib._bootstrap_external>", line 1129, in get_code
  File "<frozen importlib._bootstrap_external>", line 1059, in source_to_code
  File "<frozen importlib._bootstrap>", line 488, in _call_with_frames_removed
  File "/opt/airflow/dags/extraction_DAG.py", line 28
    python_callable = extract_data.getPlaylistDetails
                      
SyntaxError: invalid syntax. Perhaps you forgot a comma?
[2026-09-17T09:21:21.020+0000] {processor.py:842} WARNING - No viable dags retrieved from /opt/airflow/dags/extraction_DAG.py
[2026-09-17T09:21:21.033+0000] {processor.py:183} INFO - Processing /opt/airflow/dags/extraction_DAG.py took 0.020 seconds
[2026-09-17T09:21:51.146+0000] {processor.py:161} INFO - Started process (PID=1159) to work on /opt/airflow/dags/extraction_DAG.py
[2026-09-17T09:21:51.162+0000] {processor.py:830} INFO - Processing file /opt/airflow/dags/extraction_DAG.py for tasks to queue
[2026-09-17T09:21:51.164+0000] {logging_mixin.py:188} INFO - [2026-09-17T09:21:51.164+0000] {dagbag.py:545} INFO - Filling up the DagBag from /opt/airflow/dags/extraction_DAG.py
[2026-09-17T09:21:51.169+0000] {logging_mixin.py:188} INFO - [2026-09-17T09:21:51.167+0000] {dagbag.py:355} ERROR - Failed to import: /opt/airflow/dags/extraction_DAG.py
Traceback (most recent call last):
  File "/home/airflow/.local/lib/python3.12/site-packages/airflow/models/dagbag.py", line 351, in parse
    loader.exec_module(new_module)
  File "<frozen importlib._bootstrap_external>", line 991, in exec_module
  File "<frozen importlib._bootstrap_external>", line 1129, in get_code
  File "<frozen importlib._bootstrap_external>", line 1059, in source_to_code
  File "<frozen importlib._bootstrap>", line 488, in _call_with_frames_removed
  File "/opt/airflow/dags/extraction_DAG.py", line 28
    python_callable = extract_data.getPlaylistDetails
                      
SyntaxError: invalid syntax. Perhaps you forgot a comma?
[2026-09-17T09:21:51.170+0000] {processor.py:842} WARNING - No viable dags retrieved from /opt/airflow/dags/extraction_DAG.py
[2026-09-17T09:21:51.183+0000] {processor.py:183} INFO - Processing /opt/airflow/dags/extraction_DAG.py took 0.045 seconds
[2026-09-17T09:22:21.321+0000] {processor.py:161} INFO - Started process (PID=1166) to work on /opt/airflow/dags/extraction_DAG.py
[2026-09-17T09:22:21.322+0000] {processor.py:830} INFO - Processing file /opt/airflow/dags/extraction_DAG.py for tasks to queue
[2026-09-17T09:22:21.324+0000] {logging_mixin.py:188} INFO - [2026-09-17T09:22:21.323+0000] {dagbag.py:545} INFO - Filling up the DagBag from /opt/airflow/dags/extraction_DAG.py
[2026-09-17T09:22:21.327+0000] {logging_mixin.py:188} INFO - [2026-09-17T09:22:21.326+0000] {dagbag.py:355} ERROR - Failed to import: /opt/airflow/dags/extraction_DAG.py
Traceback (most recent call last):
  File "/home/airflow/.local/lib/python3.12/site-packages/airflow/models/dagbag.py", line 351, in parse
    loader.exec_module(new_module)
  File "<frozen importlib._bootstrap_external>", line 991, in exec_module
  File "<frozen importlib._bootstrap_external>", line 1129, in get_code
  File "<frozen importlib._bootstrap_external>", line 1059, in source_to_code
  File "<frozen importlib._bootstrap>", line 488, in _call_with_frames_removed
  File "/opt/airflow/dags/extraction_DAG.py", line 28
    python_callable = extract_data.getPlaylistDetails
                      
SyntaxError: invalid syntax. Perhaps you forgot a comma?
[2026-09-17T09:22:21.327+0000] {processor.py:842} WARNING - No viable dags retrieved from /opt/airflow/dags/extraction_DAG.py
[2026-09-17T09:22:21.340+0000] {processor.py:183} INFO - Processing /opt/airflow/dags/extraction_DAG.py took 0.027 seconds
[2026-09-17T09:22:51.456+0000] {processor.py:161} INFO - Started process (PID=1173) to work on /opt/airflow/dags/extraction_DAG.py
[2026-09-17T09:22:51.533+0000] {processor.py:830} INFO - Processing file /opt/airflow/dags/extraction_DAG.py for tasks to queue
[2026-09-17T09:22:51.536+0000] {logging_mixin.py:188} INFO - [2026-09-17T09:22:51.535+0000] {dagbag.py:545} INFO - Filling up the DagBag from /opt/airflow/dags/extraction_DAG.py
[2026-09-17T09:22:51.540+0000] {logging_mixin.py:188} INFO - [2026-09-17T09:22:51.539+0000] {dagbag.py:355} ERROR - Failed to import: /opt/airflow/dags/extraction_DAG.py
Traceback (most recent call last):
  File "/home/airflow/.local/lib/python3.12/site-packages/airflow/models/dagbag.py", line 351, in parse
    loader.exec_module(new_module)
  File "<frozen importlib._bootstrap_external>", line 991, in exec_module
  File "<frozen importlib._bootstrap_external>", line 1129, in get_code
  File "<frozen importlib._bootstrap_external>", line 1059, in source_to_code
  File "<frozen importlib._bootstrap>", line 488, in _call_with_frames_removed
  File "/opt/airflow/dags/extraction_DAG.py", line 28
    python_callable = extract_data.getPlaylistDetails
                      
SyntaxError: invalid syntax. Perhaps you forgot a comma?
[2026-09-17T09:22:51.541+0000] {processor.py:842} WARNING - No viable dags retrieved from /opt/airflow/dags/extraction_DAG.py
[2026-09-17T09:22:51.566+0000] {processor.py:183} INFO - Processing /opt/airflow/dags/extraction_DAG.py took 0.117 seconds
[2026-09-17T09:23:21.600+0000] {processor.py:161} INFO - Started process (PID=1180) to work on /opt/airflow/dags/extraction_DAG.py
[2026-09-17T09:23:21.601+0000] {processor.py:830} INFO - Processing file /opt/airflow/dags/extraction_DAG.py for tasks to queue
[2026-09-17T09:23:21.603+0000] {logging_mixin.py:188} INFO - [2026-09-17T09:23:21.603+0000] {dagbag.py:545} INFO - Filling up the DagBag from /opt/airflow/dags/extraction_DAG.py
[2026-09-17T09:23:21.606+0000] {logging_mixin.py:188} INFO - [2026-09-17T09:23:21.605+0000] {dagbag.py:355} ERROR - Failed to import: /opt/airflow/dags/extraction_DAG.py
Traceback (most recent call last):
  File "/home/airflow/.local/lib/python3.12/site-packages/airflow/models/dagbag.py", line 351, in parse
    loader.exec_module(new_module)
  File "<frozen importlib._bootstrap_external>", line 991, in exec_module
  File "<frozen importlib._bootstrap_external>", line 1129, in get_code
  File "<frozen importlib._bootstrap_external>", line 1059, in source_to_code
  File "<frozen importlib._bootstrap>", line 488, in _call_with_frames_removed
  File "/opt/airflow/dags/extraction_DAG.py", line 28
    python_callable = extract_data.getPlaylistDetails
                      
SyntaxError: invalid syntax. Perhaps you forgot a comma?
[2026-09-17T09:23:21.607+0000] {processor.py:842} WARNING - No viable dags retrieved from /opt/airflow/dags/extraction_DAG.py
[2026-09-17T09:23:21.619+0000] {processor.py:183} INFO - Processing /opt/airflow/dags/extraction_DAG.py took 0.028 seconds
[2026-09-17T09:23:51.726+0000] {processor.py:161} INFO - Started process (PID=1187) to work on /opt/airflow/dags/extraction_DAG.py
[2026-09-17T09:23:51.736+0000] {processor.py:830} INFO - Processing file /opt/airflow/dags/extraction_DAG.py for tasks to queue
[2026-09-17T09:23:51.737+0000] {logging_mixin.py:188} INFO - [2026-09-17T09:23:51.737+0000] {dagbag.py:545} INFO - Filling up the DagBag from /opt/airflow/dags/extraction_DAG.py
[2026-09-17T09:23:51.739+0000] {logging_mixin.py:188} INFO - [2026-09-17T09:23:51.739+0000] {dagbag.py:355} ERROR - Failed to import: /opt/airflow/dags/extraction_DAG.py
Traceback (most recent call last):
  File "/home/airflow/.local/lib/python3.12/site-packages/airflow/models/dagbag.py", line 351, in parse
    loader.exec_module(new_module)
  File "<frozen importlib._bootstrap_external>", line 991, in exec_module
  File "<frozen importlib._bootstrap_external>", line 1129, in get_code
  File "<frozen importlib._bootstrap_external>", line 1059, in source_to_code
  File "<frozen importlib._bootstrap>", line 488, in _call_with_frames_removed
  File "/opt/airflow/dags/extraction_DAG.py", line 28
    python_callable = extract_data.getPlaylistDetails
                      
SyntaxError: invalid syntax. Perhaps you forgot a comma?
[2026-09-17T09:23:51.740+0000] {processor.py:842} WARNING - No viable dags retrieved from /opt/airflow/dags/extraction_DAG.py
[2026-09-17T09:23:51.751+0000] {processor.py:183} INFO - Processing /opt/airflow/dags/extraction_DAG.py took 0.029 seconds
[2026-09-17T09:24:21.898+0000] {processor.py:161} INFO - Started process (PID=1195) to work on /opt/airflow/dags/extraction_DAG.py
[2026-09-17T09:24:21.967+0000] {processor.py:830} INFO - Processing file /opt/airflow/dags/extraction_DAG.py for tasks to queue
[2026-09-17T09:24:21.969+0000] {logging_mixin.py:188} INFO - [2026-09-17T09:24:21.969+0000] {dagbag.py:545} INFO - Filling up the DagBag from /opt/airflow/dags/extraction_DAG.py
[2026-09-17T09:24:21.974+0000] {logging_mixin.py:188} INFO - [2026-09-17T09:24:21.972+0000] {dagbag.py:355} ERROR - Failed to import: /opt/airflow/dags/extraction_DAG.py
Traceback (most recent call last):
  File "/home/airflow/.local/lib/python3.12/site-packages/airflow/models/dagbag.py", line 351, in parse
    loader.exec_module(new_module)
  File "<frozen importlib._bootstrap_external>", line 991, in exec_module
  File "<frozen importlib._bootstrap_external>", line 1129, in get_code
  File "<frozen importlib._bootstrap_external>", line 1059, in source_to_code
  File "<frozen importlib._bootstrap>", line 488, in _call_with_frames_removed
  File "/opt/airflow/dags/extraction_DAG.py", line 28
    python_callable = extract_data.getPlaylistDetails
                      
SyntaxError: invalid syntax. Perhaps you forgot a comma?
[2026-09-17T09:24:21.975+0000] {processor.py:842} WARNING - No viable dags retrieved from /opt/airflow/dags/extraction_DAG.py
[2026-09-17T09:24:22.000+0000] {processor.py:183} INFO - Processing /opt/airflow/dags/extraction_DAG.py took 0.109 seconds
[2026-09-17T09:24:52.027+0000] {processor.py:161} INFO - Started process (PID=1202) to work on /opt/airflow/dags/extraction_DAG.py
[2026-09-17T09:24:52.027+0000] {processor.py:830} INFO - Processing file /opt/airflow/dags/extraction_DAG.py for tasks to queue
[2026-09-17T09:24:52.029+0000] {logging_mixin.py:188} INFO - [2026-09-17T09:24:52.029+0000] {dagbag.py:545} INFO - Filling up the DagBag from /opt/airflow/dags/extraction_DAG.py
[2026-09-17T09:24:52.032+0000] {logging_mixin.py:188} INFO - [2026-09-17T09:24:52.031+0000] {dagbag.py:355} ERROR - Failed to import: /opt/airflow/dags/extraction_DAG.py
Traceback (most recent call last):
  File "/home/airflow/.local/lib/python3.12/site-packages/airflow/models/dagbag.py", line 351, in parse
    loader.exec_module(new_module)
  File "<frozen importlib._bootstrap_external>", line 991, in exec_module
  File "<frozen importlib._bootstrap_external>", line 1129, in get_code
  File "<frozen importlib._bootstrap_external>", line 1059, in source_to_code
  File "<frozen importlib._bootstrap>", line 488, in _call_with_frames_removed
  File "/opt/airflow/dags/extraction_DAG.py", line 28
    python_callable = extract_data.getPlaylistDetails
                      
SyntaxError: invalid syntax. Perhaps you forgot a comma?
[2026-09-17T09:24:52.033+0000] {processor.py:842} WARNING - No viable dags retrieved from /opt/airflow/dags/extraction_DAG.py
[2026-09-17T09:24:52.045+0000] {processor.py:183} INFO - Processing /opt/airflow/dags/extraction_DAG.py took 0.027 seconds
[2026-09-17T09:25:22.169+0000] {processor.py:161} INFO - Started process (PID=1209) to work on /opt/airflow/dags/extraction_DAG.py
[2026-09-17T09:25:22.464+0000] {processor.py:830} INFO - Processing file /opt/airflow/dags/extraction_DAG.py for tasks to queue
[2026-09-17T09:25:22.466+0000] {logging_mixin.py:188} INFO - [2026-09-17T09:25:22.466+0000] {dagbag.py:545} INFO - Filling up the DagBag from /opt/airflow/dags/extraction_DAG.py
[2026-09-17T09:25:22.471+0000] {logging_mixin.py:188} INFO - [2026-09-17T09:25:22.469+0000] {dagbag.py:355} ERROR - Failed to import: /opt/airflow/dags/extraction_DAG.py
Traceback (most recent call last):
  File "/home/airflow/.local/lib/python3.12/site-packages/airflow/models/dagbag.py", line 351, in parse
    loader.exec_module(new_module)
  File "<frozen importlib._bootstrap_external>", line 991, in exec_module
  File "<frozen importlib._bootstrap_external>", line 1129, in get_code
  File "<frozen importlib._bootstrap_external>", line 1059, in source_to_code
  File "<frozen importlib._bootstrap>", line 488, in _call_with_frames_removed
  File "/opt/airflow/dags/extraction_DAG.py", line 28
    python_callable = extract_data.getPlaylistDetails
                      
SyntaxError: invalid syntax. Perhaps you forgot a comma?
[2026-09-17T09:25:22.472+0000] {processor.py:842} WARNING - No viable dags retrieved from /opt/airflow/dags/extraction_DAG.py
[2026-09-17T09:25:22.487+0000] {processor.py:183} INFO - Processing /opt/airflow/dags/extraction_DAG.py took 0.324 seconds
[2026-09-17T09:25:52.637+0000] {processor.py:161} INFO - Started process (PID=1216) to work on /opt/airflow/dags/extraction_DAG.py
[2026-09-17T09:25:52.638+0000] {processor.py:830} INFO - Processing file /opt/airflow/dags/extraction_DAG.py for tasks to queue
[2026-09-17T09:25:52.640+0000] {logging_mixin.py:188} INFO - [2026-09-17T09:25:52.640+0000] {dagbag.py:545} INFO - Filling up the DagBag from /opt/airflow/dags/extraction_DAG.py
[2026-09-17T09:25:52.643+0000] {logging_mixin.py:188} INFO - [2026-09-17T09:25:52.642+0000] {dagbag.py:355} ERROR - Failed to import: /opt/airflow/dags/extraction_DAG.py
Traceback (most recent call last):
  File "/home/airflow/.local/lib/python3.12/site-packages/airflow/models/dagbag.py", line 351, in parse
    loader.exec_module(new_module)
  File "<frozen importlib._bootstrap_external>", line 991, in exec_module
  File "<frozen importlib._bootstrap_external>", line 1129, in get_code
  File "<frozen importlib._bootstrap_external>", line 1059, in source_to_code
  File "<frozen importlib._bootstrap>", line 488, in _call_with_frames_removed
  File "/opt/airflow/dags/extraction_DAG.py", line 28
    python_callable = extract_data.getPlaylistDetails
                      
SyntaxError: invalid syntax. Perhaps you forgot a comma?
[2026-09-17T09:25:52.643+0000] {processor.py:842} WARNING - No viable dags retrieved from /opt/airflow/dags/extraction_DAG.py
[2026-09-17T09:25:52.655+0000] {processor.py:183} INFO - Processing /opt/airflow/dags/extraction_DAG.py took 0.027 seconds
[2026-09-17T09:26:22.792+0000] {processor.py:161} INFO - Started process (PID=1223) to work on /opt/airflow/dags/extraction_DAG.py
[2026-09-17T09:26:22.883+0000] {processor.py:830} INFO - Processing file /opt/airflow/dags/extraction_DAG.py for tasks to queue
[2026-09-17T09:26:22.886+0000] {logging_mixin.py:188} INFO - [2026-09-17T09:26:22.885+0000] {dagbag.py:545} INFO - Filling up the DagBag from /opt/airflow/dags/extraction_DAG.py
[2026-09-17T09:26:22.891+0000] {logging_mixin.py:188} INFO - [2026-09-17T09:26:22.889+0000] {dagbag.py:355} ERROR - Failed to import: /opt/airflow/dags/extraction_DAG.py
Traceback (most recent call last):
  File "/home/airflow/.local/lib/python3.12/site-packages/airflow/models/dagbag.py", line 351, in parse
    loader.exec_module(new_module)
  File "<frozen importlib._bootstrap_external>", line 991, in exec_module
  File "<frozen importlib._bootstrap_external>", line 1129, in get_code
  File "<frozen importlib._bootstrap_external>", line 1059, in source_to_code
  File "<frozen importlib._bootstrap>", line 488, in _call_with_frames_removed
  File "/opt/airflow/dags/extraction_DAG.py", line 28
    python_callable = extract_data.getPlaylistDetails
                      
SyntaxError: invalid syntax. Perhaps you forgot a comma?
[2026-09-17T09:26:22.892+0000] {processor.py:842} WARNING - No viable dags retrieved from /opt/airflow/dags/extraction_DAG.py
[2026-09-17T09:26:22.916+0000] {processor.py:183} INFO - Processing /opt/airflow/dags/extraction_DAG.py took 0.131 seconds
[2026-09-17T09:26:52.950+0000] {processor.py:161} INFO - Started process (PID=1230) to work on /opt/airflow/dags/extraction_DAG.py
[2026-09-17T09:26:52.951+0000] {processor.py:830} INFO - Processing file /opt/airflow/dags/extraction_DAG.py for tasks to queue
[2026-09-17T09:26:52.953+0000] {logging_mixin.py:188} INFO - [2026-09-17T09:26:52.953+0000] {dagbag.py:545} INFO - Filling up the DagBag from /opt/airflow/dags/extraction_DAG.py
[2026-09-17T09:26:52.956+0000] {logging_mixin.py:188} INFO - [2026-09-17T09:26:52.955+0000] {dagbag.py:355} ERROR - Failed to import: /opt/airflow/dags/extraction_DAG.py
Traceback (most recent call last):
  File "/home/airflow/.local/lib/python3.12/site-packages/airflow/models/dagbag.py", line 351, in parse
    loader.exec_module(new_module)
  File "<frozen importlib._bootstrap_external>", line 991, in exec_module
  File "<frozen importlib._bootstrap_external>", line 1129, in get_code
  File "<frozen importlib._bootstrap_external>", line 1059, in source_to_code
  File "<frozen importlib._bootstrap>", line 488, in _call_with_frames_removed
  File "/opt/airflow/dags/extraction_DAG.py", line 28
    python_callable = extract_data.getPlaylistDetails
                      
SyntaxError: invalid syntax. Perhaps you forgot a comma?
[2026-09-17T09:26:52.956+0000] {processor.py:842} WARNING - No viable dags retrieved from /opt/airflow/dags/extraction_DAG.py
[2026-09-17T09:26:52.969+0000] {processor.py:183} INFO - Processing /opt/airflow/dags/extraction_DAG.py took 0.028 seconds
[2026-09-17T09:27:23.106+0000] {processor.py:161} INFO - Started process (PID=1237) to work on /opt/airflow/dags/extraction_DAG.py
[2026-09-17T09:27:23.190+0000] {processor.py:830} INFO - Processing file /opt/airflow/dags/extraction_DAG.py for tasks to queue
[2026-09-17T09:27:23.211+0000] {logging_mixin.py:188} INFO - [2026-09-17T09:27:23.210+0000] {dagbag.py:545} INFO - Filling up the DagBag from /opt/airflow/dags/extraction_DAG.py
[2026-09-17T09:27:23.216+0000] {logging_mixin.py:188} INFO - [2026-09-17T09:27:23.214+0000] {dagbag.py:355} ERROR - Failed to import: /opt/airflow/dags/extraction_DAG.py
Traceback (most recent call last):
  File "/home/airflow/.local/lib/python3.12/site-packages/airflow/models/dagbag.py", line 351, in parse
    loader.exec_module(new_module)
  File "<frozen importlib._bootstrap_external>", line 991, in exec_module
  File "<frozen importlib._bootstrap_external>", line 1129, in get_code
  File "<frozen importlib._bootstrap_external>", line 1059, in source_to_code
  File "<frozen importlib._bootstrap>", line 488, in _call_with_frames_removed
  File "/opt/airflow/dags/extraction_DAG.py", line 28
    python_callable = extract_data.getPlaylistDetails
                      
SyntaxError: invalid syntax. Perhaps you forgot a comma?
[2026-09-17T09:27:23.217+0000] {processor.py:842} WARNING - No viable dags retrieved from /opt/airflow/dags/extraction_DAG.py
[2026-09-17T09:27:23.243+0000] {processor.py:183} INFO - Processing /opt/airflow/dags/extraction_DAG.py took 0.146 seconds
[2026-09-17T09:27:53.388+0000] {processor.py:161} INFO - Started process (PID=1244) to work on /opt/airflow/dags/extraction_DAG.py
[2026-09-17T09:27:53.388+0000] {processor.py:830} INFO - Processing file /opt/airflow/dags/extraction_DAG.py for tasks to queue
[2026-09-17T09:27:53.390+0000] {logging_mixin.py:188} INFO - [2026-09-17T09:27:53.390+0000] {dagbag.py:545} INFO - Filling up the DagBag from /opt/airflow/dags/extraction_DAG.py
[2026-09-17T09:27:53.393+0000] {logging_mixin.py:188} INFO - [2026-09-17T09:27:53.392+0000] {dagbag.py:355} ERROR - Failed to import: /opt/airflow/dags/extraction_DAG.py
Traceback (most recent call last):
  File "/home/airflow/.local/lib/python3.12/site-packages/airflow/models/dagbag.py", line 351, in parse
    loader.exec_module(new_module)
  File "<frozen importlib._bootstrap_external>", line 991, in exec_module
  File "<frozen importlib._bootstrap_external>", line 1129, in get_code
  File "<frozen importlib._bootstrap_external>", line 1059, in source_to_code
  File "<frozen importlib._bootstrap>", line 488, in _call_with_frames_removed
  File "/opt/airflow/dags/extraction_DAG.py", line 28
    python_callable = extract_data.getPlaylistDetails
                      
SyntaxError: invalid syntax. Perhaps you forgot a comma?
[2026-09-17T09:27:53.393+0000] {processor.py:842} WARNING - No viable dags retrieved from /opt/airflow/dags/extraction_DAG.py
[2026-09-17T09:27:53.405+0000] {processor.py:183} INFO - Processing /opt/airflow/dags/extraction_DAG.py took 0.027 seconds
[2026-09-17T09:28:23.524+0000] {processor.py:161} INFO - Started process (PID=1251) to work on /opt/airflow/dags/extraction_DAG.py
[2026-09-17T09:28:23.609+0000] {processor.py:830} INFO - Processing file /opt/airflow/dags/extraction_DAG.py for tasks to queue
[2026-09-17T09:28:23.612+0000] {logging_mixin.py:188} INFO - [2026-09-17T09:28:23.612+0000] {dagbag.py:545} INFO - Filling up the DagBag from /opt/airflow/dags/extraction_DAG.py
[2026-09-17T09:28:23.617+0000] {logging_mixin.py:188} INFO - [2026-09-17T09:28:23.616+0000] {dagbag.py:355} ERROR - Failed to import: /opt/airflow/dags/extraction_DAG.py
Traceback (most recent call last):
  File "/home/airflow/.local/lib/python3.12/site-packages/airflow/models/dagbag.py", line 351, in parse
    loader.exec_module(new_module)
  File "<frozen importlib._bootstrap_external>", line 991, in exec_module
  File "<frozen importlib._bootstrap_external>", line 1129, in get_code
  File "<frozen importlib._bootstrap_external>", line 1059, in source_to_code
  File "<frozen importlib._bootstrap>", line 488, in _call_with_frames_removed
  File "/opt/airflow/dags/extraction_DAG.py", line 28
    python_callable = extract_data.getPlaylistDetails
                      
SyntaxError: invalid syntax. Perhaps you forgot a comma?
[2026-09-17T09:28:23.618+0000] {processor.py:842} WARNING - No viable dags retrieved from /opt/airflow/dags/extraction_DAG.py
[2026-09-17T09:28:23.646+0000] {processor.py:183} INFO - Processing /opt/airflow/dags/extraction_DAG.py took 0.131 seconds
[2026-09-17T09:28:53.697+0000] {processor.py:161} INFO - Started process (PID=1258) to work on /opt/airflow/dags/extraction_DAG.py
[2026-09-17T09:28:53.698+0000] {processor.py:830} INFO - Processing file /opt/airflow/dags/extraction_DAG.py for tasks to queue
[2026-09-17T09:28:53.700+0000] {logging_mixin.py:188} INFO - [2026-09-17T09:28:53.700+0000] {dagbag.py:545} INFO - Filling up the DagBag from /opt/airflow/dags/extraction_DAG.py
[2026-09-17T09:28:53.704+0000] {logging_mixin.py:188} INFO - [2026-09-17T09:28:53.703+0000] {dagbag.py:355} ERROR - Failed to import: /opt/airflow/dags/extraction_DAG.py
Traceback (most recent call last):
  File "/home/airflow/.local/lib/python3.12/site-packages/airflow/models/dagbag.py", line 351, in parse
    loader.exec_module(new_module)
  File "<frozen importlib._bootstrap_external>", line 991, in exec_module
  File "<frozen importlib._bootstrap_external>", line 1129, in get_code
  File "<frozen importlib._bootstrap_external>", line 1059, in source_to_code
  File "<frozen importlib._bootstrap>", line 488, in _call_with_frames_removed
  File "/opt/airflow/dags/extraction_DAG.py", line 28
    python_callable = extract_data.getPlaylistDetails
                      
SyntaxError: invalid syntax. Perhaps you forgot a comma?
[2026-09-17T09:28:53.704+0000] {processor.py:842} WARNING - No viable dags retrieved from /opt/airflow/dags/extraction_DAG.py
[2026-09-17T09:28:53.721+0000] {processor.py:183} INFO - Processing /opt/airflow/dags/extraction_DAG.py took 0.033 seconds
[2026-09-17T09:29:23.854+0000] {processor.py:161} INFO - Started process (PID=1265) to work on /opt/airflow/dags/extraction_DAG.py
[2026-09-17T09:29:23.866+0000] {processor.py:830} INFO - Processing file /opt/airflow/dags/extraction_DAG.py for tasks to queue
[2026-09-17T09:29:23.870+0000] {logging_mixin.py:188} INFO - [2026-09-17T09:29:23.869+0000] {dagbag.py:545} INFO - Filling up the DagBag from /opt/airflow/dags/extraction_DAG.py
[2026-09-17T09:29:23.874+0000] {logging_mixin.py:188} INFO - [2026-09-17T09:29:23.873+0000] {dagbag.py:355} ERROR - Failed to import: /opt/airflow/dags/extraction_DAG.py
Traceback (most recent call last):
  File "/home/airflow/.local/lib/python3.12/site-packages/airflow/models/dagbag.py", line 351, in parse
    loader.exec_module(new_module)
  File "<frozen importlib._bootstrap_external>", line 991, in exec_module
  File "<frozen importlib._bootstrap_external>", line 1129, in get_code
  File "<frozen importlib._bootstrap_external>", line 1059, in source_to_code
  File "<frozen importlib._bootstrap>", line 488, in _call_with_frames_removed
  File "/opt/airflow/dags/extraction_DAG.py", line 28
    python_callable = extract_data.getPlaylistDetails
                      
SyntaxError: invalid syntax. Perhaps you forgot a comma?
[2026-09-17T09:29:23.875+0000] {processor.py:842} WARNING - No viable dags retrieved from /opt/airflow/dags/extraction_DAG.py
[2026-09-17T09:29:23.891+0000] {processor.py:183} INFO - Processing /opt/airflow/dags/extraction_DAG.py took 0.045 seconds
[2026-09-17T09:29:54.003+0000] {processor.py:161} INFO - Started process (PID=1272) to work on /opt/airflow/dags/extraction_DAG.py
[2026-09-17T09:29:54.004+0000] {processor.py:830} INFO - Processing file /opt/airflow/dags/extraction_DAG.py for tasks to queue
[2026-09-17T09:29:54.005+0000] {logging_mixin.py:188} INFO - [2026-09-17T09:29:54.005+0000] {dagbag.py:545} INFO - Filling up the DagBag from /opt/airflow/dags/extraction_DAG.py
[2026-09-17T09:29:54.007+0000] {logging_mixin.py:188} INFO - [2026-09-17T09:29:54.006+0000] {dagbag.py:355} ERROR - Failed to import: /opt/airflow/dags/extraction_DAG.py
Traceback (most recent call last):
  File "/home/airflow/.local/lib/python3.12/site-packages/airflow/models/dagbag.py", line 351, in parse
    loader.exec_module(new_module)
  File "<frozen importlib._bootstrap_external>", line 991, in exec_module
  File "<frozen importlib._bootstrap_external>", line 1129, in get_code
  File "<frozen importlib._bootstrap_external>", line 1059, in source_to_code
  File "<frozen importlib._bootstrap>", line 488, in _call_with_frames_removed
  File "/opt/airflow/dags/extraction_DAG.py", line 28
    python_callable = extract_data.getPlaylistDetails
                      
SyntaxError: invalid syntax. Perhaps you forgot a comma?
[2026-09-17T09:29:54.007+0000] {processor.py:842} WARNING - No viable dags retrieved from /opt/airflow/dags/extraction_DAG.py
[2026-09-17T09:29:54.018+0000] {processor.py:183} INFO - Processing /opt/airflow/dags/extraction_DAG.py took 0.019 seconds
[2026-09-17T09:30:24.170+0000] {processor.py:161} INFO - Started process (PID=1279) to work on /opt/airflow/dags/extraction_DAG.py
[2026-09-17T09:30:24.264+0000] {processor.py:830} INFO - Processing file /opt/airflow/dags/extraction_DAG.py for tasks to queue
[2026-09-17T09:30:24.267+0000] {logging_mixin.py:188} INFO - [2026-09-17T09:30:24.266+0000] {dagbag.py:545} INFO - Filling up the DagBag from /opt/airflow/dags/extraction_DAG.py
[2026-09-17T09:30:24.271+0000] {logging_mixin.py:188} INFO - [2026-09-17T09:30:24.269+0000] {dagbag.py:355} ERROR - Failed to import: /opt/airflow/dags/extraction_DAG.py
Traceback (most recent call last):
  File "/home/airflow/.local/lib/python3.12/site-packages/airflow/models/dagbag.py", line 351, in parse
    loader.exec_module(new_module)
  File "<frozen importlib._bootstrap_external>", line 991, in exec_module
  File "<frozen importlib._bootstrap_external>", line 1129, in get_code
  File "<frozen importlib._bootstrap_external>", line 1059, in source_to_code
  File "<frozen importlib._bootstrap>", line 488, in _call_with_frames_removed
  File "/opt/airflow/dags/extraction_DAG.py", line 28
    python_callable = extract_data.getPlaylistDetails
                      
SyntaxError: invalid syntax. Perhaps you forgot a comma?
[2026-09-17T09:30:24.272+0000] {processor.py:842} WARNING - No viable dags retrieved from /opt/airflow/dags/extraction_DAG.py
[2026-09-17T09:30:24.295+0000] {processor.py:183} INFO - Processing /opt/airflow/dags/extraction_DAG.py took 0.134 seconds
[2026-09-17T09:30:54.425+0000] {processor.py:161} INFO - Started process (PID=1286) to work on /opt/airflow/dags/extraction_DAG.py
[2026-09-17T09:30:54.425+0000] {processor.py:830} INFO - Processing file /opt/airflow/dags/extraction_DAG.py for tasks to queue
[2026-09-17T09:30:54.426+0000] {logging_mixin.py:188} INFO - [2026-09-17T09:30:54.426+0000] {dagbag.py:545} INFO - Filling up the DagBag from /opt/airflow/dags/extraction_DAG.py
[2026-09-17T09:30:54.428+0000] {logging_mixin.py:188} INFO - [2026-09-17T09:30:54.427+0000] {dagbag.py:355} ERROR - Failed to import: /opt/airflow/dags/extraction_DAG.py
Traceback (most recent call last):
  File "/home/airflow/.local/lib/python3.12/site-packages/airflow/models/dagbag.py", line 351, in parse
    loader.exec_module(new_module)
  File "<frozen importlib._bootstrap_external>", line 991, in exec_module
  File "<frozen importlib._bootstrap_external>", line 1129, in get_code
  File "<frozen importlib._bootstrap_external>", line 1059, in source_to_code
  File "<frozen importlib._bootstrap>", line 488, in _call_with_frames_removed
  File "/opt/airflow/dags/extraction_DAG.py", line 28
    python_callable = extract_data.getPlaylistDetails
                      
SyntaxError: invalid syntax. Perhaps you forgot a comma?
[2026-09-17T09:30:54.428+0000] {processor.py:842} WARNING - No viable dags retrieved from /opt/airflow/dags/extraction_DAG.py
[2026-09-17T09:30:54.439+0000] {processor.py:183} INFO - Processing /opt/airflow/dags/extraction_DAG.py took 0.018 seconds
[2026-09-17T09:31:24.577+0000] {processor.py:161} INFO - Started process (PID=1293) to work on /opt/airflow/dags/extraction_DAG.py
[2026-09-17T09:31:24.675+0000] {processor.py:830} INFO - Processing file /opt/airflow/dags/extraction_DAG.py for tasks to queue
[2026-09-17T09:31:24.678+0000] {logging_mixin.py:188} INFO - [2026-09-17T09:31:24.678+0000] {dagbag.py:545} INFO - Filling up the DagBag from /opt/airflow/dags/extraction_DAG.py
[2026-09-17T09:31:24.683+0000] {logging_mixin.py:188} INFO - [2026-09-17T09:31:24.681+0000] {dagbag.py:355} ERROR - Failed to import: /opt/airflow/dags/extraction_DAG.py
Traceback (most recent call last):
  File "/home/airflow/.local/lib/python3.12/site-packages/airflow/models/dagbag.py", line 351, in parse
    loader.exec_module(new_module)
  File "<frozen importlib._bootstrap_external>", line 991, in exec_module
  File "<frozen importlib._bootstrap_external>", line 1129, in get_code
  File "<frozen importlib._bootstrap_external>", line 1059, in source_to_code
  File "<frozen importlib._bootstrap>", line 488, in _call_with_frames_removed
  File "/opt/airflow/dags/extraction_DAG.py", line 28
    python_callable = extract_data.getPlaylistDetails
                      
SyntaxError: invalid syntax. Perhaps you forgot a comma?
[2026-09-17T09:31:24.684+0000] {processor.py:842} WARNING - No viable dags retrieved from /opt/airflow/dags/extraction_DAG.py
[2026-09-17T09:31:24.710+0000] {processor.py:183} INFO - Processing /opt/airflow/dags/extraction_DAG.py took 0.142 seconds
[2026-09-17T09:31:54.741+0000] {processor.py:161} INFO - Started process (PID=1300) to work on /opt/airflow/dags/extraction_DAG.py
[2026-09-17T09:31:54.741+0000] {processor.py:830} INFO - Processing file /opt/airflow/dags/extraction_DAG.py for tasks to queue
[2026-09-17T09:31:54.742+0000] {logging_mixin.py:188} INFO - [2026-09-17T09:31:54.742+0000] {dagbag.py:545} INFO - Filling up the DagBag from /opt/airflow/dags/extraction_DAG.py
[2026-09-17T09:31:54.744+0000] {logging_mixin.py:188} INFO - [2026-09-17T09:31:54.743+0000] {dagbag.py:355} ERROR - Failed to import: /opt/airflow/dags/extraction_DAG.py
Traceback (most recent call last):
  File "/home/airflow/.local/lib/python3.12/site-packages/airflow/models/dagbag.py", line 351, in parse
    loader.exec_module(new_module)
  File "<frozen importlib._bootstrap_external>", line 991, in exec_module
  File "<frozen importlib._bootstrap_external>", line 1129, in get_code
  File "<frozen importlib._bootstrap_external>", line 1059, in source_to_code
  File "<frozen importlib._bootstrap>", line 488, in _call_with_frames_removed
  File "/opt/airflow/dags/extraction_DAG.py", line 28
    python_callable = extract_data.getPlaylistDetails
                      
SyntaxError: invalid syntax. Perhaps you forgot a comma?
[2026-09-17T09:31:54.744+0000] {processor.py:842} WARNING - No viable dags retrieved from /opt/airflow/dags/extraction_DAG.py
[2026-09-17T09:31:54.758+0000] {processor.py:183} INFO - Processing /opt/airflow/dags/extraction_DAG.py took 0.021 seconds
[2026-09-17T09:32:24.912+0000] {processor.py:161} INFO - Started process (PID=1307) to work on /opt/airflow/dags/extraction_DAG.py
[2026-09-17T09:32:25.004+0000] {processor.py:830} INFO - Processing file /opt/airflow/dags/extraction_DAG.py for tasks to queue
[2026-09-17T09:32:25.007+0000] {logging_mixin.py:188} INFO - [2026-09-17T09:32:25.006+0000] {dagbag.py:545} INFO - Filling up the DagBag from /opt/airflow/dags/extraction_DAG.py
[2026-09-17T09:32:25.012+0000] {logging_mixin.py:188} INFO - [2026-09-17T09:32:25.010+0000] {dagbag.py:355} ERROR - Failed to import: /opt/airflow/dags/extraction_DAG.py
Traceback (most recent call last):
  File "/home/airflow/.local/lib/python3.12/site-packages/airflow/models/dagbag.py", line 351, in parse
    loader.exec_module(new_module)
  File "<frozen importlib._bootstrap_external>", line 991, in exec_module
  File "<frozen importlib._bootstrap_external>", line 1129, in get_code
  File "<frozen importlib._bootstrap_external>", line 1059, in source_to_code
  File "<frozen importlib._bootstrap>", line 488, in _call_with_frames_removed
  File "/opt/airflow/dags/extraction_DAG.py", line 28
    python_callable = extract_data.getPlaylistDetails
                      
SyntaxError: invalid syntax. Perhaps you forgot a comma?
[2026-09-17T09:32:25.012+0000] {processor.py:842} WARNING - No viable dags retrieved from /opt/airflow/dags/extraction_DAG.py
[2026-09-17T09:32:25.038+0000] {processor.py:183} INFO - Processing /opt/airflow/dags/extraction_DAG.py took 0.129 seconds
[2026-09-17T09:32:55.069+0000] {processor.py:161} INFO - Started process (PID=1314) to work on /opt/airflow/dags/extraction_DAG.py
[2026-09-17T09:32:55.070+0000] {processor.py:830} INFO - Processing file /opt/airflow/dags/extraction_DAG.py for tasks to queue
[2026-09-17T09:32:55.071+0000] {logging_mixin.py:188} INFO - [2026-09-17T09:32:55.071+0000] {dagbag.py:545} INFO - Filling up the DagBag from /opt/airflow/dags/extraction_DAG.py
[2026-09-17T09:32:55.074+0000] {logging_mixin.py:188} INFO - [2026-09-17T09:32:55.073+0000] {dagbag.py:355} ERROR - Failed to import: /opt/airflow/dags/extraction_DAG.py
Traceback (most recent call last):
  File "/home/airflow/.local/lib/python3.12/site-packages/airflow/models/dagbag.py", line 351, in parse
    loader.exec_module(new_module)
  File "<frozen importlib._bootstrap_external>", line 991, in exec_module
  File "<frozen importlib._bootstrap_external>", line 1129, in get_code
  File "<frozen importlib._bootstrap_external>", line 1059, in source_to_code
  File "<frozen importlib._bootstrap>", line 488, in _call_with_frames_removed
  File "/opt/airflow/dags/extraction_DAG.py", line 28
    python_callable = extract_data.getPlaylistDetails
                      
SyntaxError: invalid syntax. Perhaps you forgot a comma?
[2026-09-17T09:32:55.075+0000] {processor.py:842} WARNING - No viable dags retrieved from /opt/airflow/dags/extraction_DAG.py
[2026-09-17T09:32:55.088+0000] {processor.py:183} INFO - Processing /opt/airflow/dags/extraction_DAG.py took 0.028 seconds
[2026-09-17T09:33:25.216+0000] {processor.py:161} INFO - Started process (PID=1321) to work on /opt/airflow/dags/extraction_DAG.py
[2026-09-17T09:33:25.308+0000] {processor.py:830} INFO - Processing file /opt/airflow/dags/extraction_DAG.py for tasks to queue
[2026-09-17T09:33:25.311+0000] {logging_mixin.py:188} INFO - [2026-09-17T09:33:25.310+0000] {dagbag.py:545} INFO - Filling up the DagBag from /opt/airflow/dags/extraction_DAG.py
[2026-09-17T09:33:25.315+0000] {logging_mixin.py:188} INFO - [2026-09-17T09:33:25.314+0000] {dagbag.py:355} ERROR - Failed to import: /opt/airflow/dags/extraction_DAG.py
Traceback (most recent call last):
  File "/home/airflow/.local/lib/python3.12/site-packages/airflow/models/dagbag.py", line 351, in parse
    loader.exec_module(new_module)
  File "<frozen importlib._bootstrap_external>", line 991, in exec_module
  File "<frozen importlib._bootstrap_external>", line 1129, in get_code
  File "<frozen importlib._bootstrap_external>", line 1059, in source_to_code
  File "<frozen importlib._bootstrap>", line 488, in _call_with_frames_removed
  File "/opt/airflow/dags/extraction_DAG.py", line 28
    python_callable = extract_data.getPlaylistDetails
                      
SyntaxError: invalid syntax. Perhaps you forgot a comma?
[2026-09-17T09:33:25.316+0000] {processor.py:842} WARNING - No viable dags retrieved from /opt/airflow/dags/extraction_DAG.py
[2026-09-17T09:33:25.333+0000] {processor.py:183} INFO - Processing /opt/airflow/dags/extraction_DAG.py took 0.126 seconds
[2026-09-17T09:33:55.355+0000] {processor.py:161} INFO - Started process (PID=1328) to work on /opt/airflow/dags/extraction_DAG.py
[2026-09-17T09:33:55.356+0000] {processor.py:830} INFO - Processing file /opt/airflow/dags/extraction_DAG.py for tasks to queue
[2026-09-17T09:33:55.357+0000] {logging_mixin.py:188} INFO - [2026-09-17T09:33:55.357+0000] {dagbag.py:545} INFO - Filling up the DagBag from /opt/airflow/dags/extraction_DAG.py
[2026-09-17T09:33:55.359+0000] {logging_mixin.py:188} INFO - [2026-09-17T09:33:55.358+0000] {dagbag.py:355} ERROR - Failed to import: /opt/airflow/dags/extraction_DAG.py
Traceback (most recent call last):
  File "/home/airflow/.local/lib/python3.12/site-packages/airflow/models/dagbag.py", line 351, in parse
    loader.exec_module(new_module)
  File "<frozen importlib._bootstrap_external>", line 991, in exec_module
  File "<frozen importlib._bootstrap_external>", line 1129, in get_code
  File "<frozen importlib._bootstrap_external>", line 1059, in source_to_code
  File "<frozen importlib._bootstrap>", line 488, in _call_with_frames_removed
  File "/opt/airflow/dags/extraction_DAG.py", line 28
    python_callable = extract_data.getPlaylistDetails
                      
SyntaxError: invalid syntax. Perhaps you forgot a comma?
[2026-09-17T09:33:55.359+0000] {processor.py:842} WARNING - No viable dags retrieved from /opt/airflow/dags/extraction_DAG.py
[2026-09-17T09:33:55.370+0000] {processor.py:183} INFO - Processing /opt/airflow/dags/extraction_DAG.py took 0.018 seconds
[2026-09-17T09:34:25.497+0000] {processor.py:161} INFO - Started process (PID=1335) to work on /opt/airflow/dags/extraction_DAG.py
[2026-09-17T09:34:25.593+0000] {processor.py:830} INFO - Processing file /opt/airflow/dags/extraction_DAG.py for tasks to queue
[2026-09-17T09:34:25.595+0000] {logging_mixin.py:188} INFO - [2026-09-17T09:34:25.594+0000] {dagbag.py:545} INFO - Filling up the DagBag from /opt/airflow/dags/extraction_DAG.py
[2026-09-17T09:34:25.597+0000] {logging_mixin.py:188} INFO - [2026-09-17T09:34:25.596+0000] {dagbag.py:355} ERROR - Failed to import: /opt/airflow/dags/extraction_DAG.py
Traceback (most recent call last):
  File "/home/airflow/.local/lib/python3.12/site-packages/airflow/models/dagbag.py", line 351, in parse
    loader.exec_module(new_module)
  File "<frozen importlib._bootstrap_external>", line 991, in exec_module
  File "<frozen importlib._bootstrap_external>", line 1129, in get_code
  File "<frozen importlib._bootstrap_external>", line 1059, in source_to_code
  File "<frozen importlib._bootstrap>", line 488, in _call_with_frames_removed
  File "/opt/airflow/dags/extraction_DAG.py", line 28
    python_callable = extract_data.getPlaylistDetails
                      
SyntaxError: invalid syntax. Perhaps you forgot a comma?
[2026-09-17T09:34:25.597+0000] {processor.py:842} WARNING - No viable dags retrieved from /opt/airflow/dags/extraction_DAG.py
[2026-09-17T09:34:25.608+0000] {processor.py:183} INFO - Processing /opt/airflow/dags/extraction_DAG.py took 0.115 seconds
[2026-09-17T09:34:55.639+0000] {processor.py:161} INFO - Started process (PID=1342) to work on /opt/airflow/dags/extraction_DAG.py
[2026-09-17T09:34:55.639+0000] {processor.py:830} INFO - Processing file /opt/airflow/dags/extraction_DAG.py for tasks to queue
[2026-09-17T09:34:55.640+0000] {logging_mixin.py:188} INFO - [2026-09-17T09:34:55.640+0000] {dagbag.py:545} INFO - Filling up the DagBag from /opt/airflow/dags/extraction_DAG.py
[2026-09-17T09:34:55.642+0000] {logging_mixin.py:188} INFO - [2026-09-17T09:34:55.641+0000] {dagbag.py:355} ERROR - Failed to import: /opt/airflow/dags/extraction_DAG.py
Traceback (most recent call last):
  File "/home/airflow/.local/lib/python3.12/site-packages/airflow/models/dagbag.py", line 351, in parse
    loader.exec_module(new_module)
  File "<frozen importlib._bootstrap_external>", line 991, in exec_module
  File "<frozen importlib._bootstrap_external>", line 1129, in get_code
  File "<frozen importlib._bootstrap_external>", line 1059, in source_to_code
  File "<frozen importlib._bootstrap>", line 488, in _call_with_frames_removed
  File "/opt/airflow/dags/extraction_DAG.py", line 28
    python_callable = extract_data.getPlaylistDetails
                      
SyntaxError: invalid syntax. Perhaps you forgot a comma?
[2026-09-17T09:34:55.643+0000] {processor.py:842} WARNING - No viable dags retrieved from /opt/airflow/dags/extraction_DAG.py
[2026-09-17T09:34:55.654+0000] {processor.py:183} INFO - Processing /opt/airflow/dags/extraction_DAG.py took 0.018 seconds
[2026-09-17T09:35:25.789+0000] {processor.py:161} INFO - Started process (PID=1349) to work on /opt/airflow/dags/extraction_DAG.py
[2026-09-17T09:35:25.902+0000] {processor.py:830} INFO - Processing file /opt/airflow/dags/extraction_DAG.py for tasks to queue
[2026-09-17T09:35:25.905+0000] {logging_mixin.py:188} INFO - [2026-09-17T09:35:25.904+0000] {dagbag.py:545} INFO - Filling up the DagBag from /opt/airflow/dags/extraction_DAG.py
[2026-09-17T09:35:25.910+0000] {logging_mixin.py:188} INFO - [2026-09-17T09:35:25.908+0000] {dagbag.py:355} ERROR - Failed to import: /opt/airflow/dags/extraction_DAG.py
Traceback (most recent call last):
  File "/home/airflow/.local/lib/python3.12/site-packages/airflow/models/dagbag.py", line 351, in parse
    loader.exec_module(new_module)
  File "<frozen importlib._bootstrap_external>", line 991, in exec_module
  File "<frozen importlib._bootstrap_external>", line 1129, in get_code
  File "<frozen importlib._bootstrap_external>", line 1059, in source_to_code
  File "<frozen importlib._bootstrap>", line 488, in _call_with_frames_removed
  File "/opt/airflow/dags/extraction_DAG.py", line 28
    python_callable = extract_data.getPlaylistDetails
                      
SyntaxError: invalid syntax. Perhaps you forgot a comma?
[2026-09-17T09:35:25.911+0000] {processor.py:842} WARNING - No viable dags retrieved from /opt/airflow/dags/extraction_DAG.py
[2026-09-17T09:35:25.939+0000] {processor.py:183} INFO - Processing /opt/airflow/dags/extraction_DAG.py took 0.159 seconds
[2026-09-17T09:35:56.085+0000] {processor.py:161} INFO - Started process (PID=1356) to work on /opt/airflow/dags/extraction_DAG.py
[2026-09-17T09:35:56.086+0000] {processor.py:830} INFO - Processing file /opt/airflow/dags/extraction_DAG.py for tasks to queue
[2026-09-17T09:35:56.088+0000] {logging_mixin.py:188} INFO - [2026-09-17T09:35:56.087+0000] {dagbag.py:545} INFO - Filling up the DagBag from /opt/airflow/dags/extraction_DAG.py
[2026-09-17T09:35:56.091+0000] {logging_mixin.py:188} INFO - [2026-09-17T09:35:56.090+0000] {dagbag.py:355} ERROR - Failed to import: /opt/airflow/dags/extraction_DAG.py
Traceback (most recent call last):
  File "/home/airflow/.local/lib/python3.12/site-packages/airflow/models/dagbag.py", line 351, in parse
    loader.exec_module(new_module)
  File "<frozen importlib._bootstrap_external>", line 991, in exec_module
  File "<frozen importlib._bootstrap_external>", line 1129, in get_code
  File "<frozen importlib._bootstrap_external>", line 1059, in source_to_code
  File "<frozen importlib._bootstrap>", line 488, in _call_with_frames_removed
  File "/opt/airflow/dags/extraction_DAG.py", line 28
    python_callable = extract_data.getPlaylistDetails
                      
SyntaxError: invalid syntax. Perhaps you forgot a comma?
[2026-09-17T09:35:56.091+0000] {processor.py:842} WARNING - No viable dags retrieved from /opt/airflow/dags/extraction_DAG.py
[2026-09-17T09:35:56.102+0000] {processor.py:183} INFO - Processing /opt/airflow/dags/extraction_DAG.py took 0.026 seconds
[2026-09-17T09:36:26.234+0000] {processor.py:161} INFO - Started process (PID=1363) to work on /opt/airflow/dags/extraction_DAG.py
[2026-09-17T09:36:26.330+0000] {processor.py:830} INFO - Processing file /opt/airflow/dags/extraction_DAG.py for tasks to queue
[2026-09-17T09:36:26.331+0000] {logging_mixin.py:188} INFO - [2026-09-17T09:36:26.331+0000] {dagbag.py:545} INFO - Filling up the DagBag from /opt/airflow/dags/extraction_DAG.py
[2026-09-17T09:36:26.333+0000] {logging_mixin.py:188} INFO - [2026-09-17T09:36:26.333+0000] {dagbag.py:355} ERROR - Failed to import: /opt/airflow/dags/extraction_DAG.py
Traceback (most recent call last):
  File "/home/airflow/.local/lib/python3.12/site-packages/airflow/models/dagbag.py", line 351, in parse
    loader.exec_module(new_module)
  File "<frozen importlib._bootstrap_external>", line 991, in exec_module
  File "<frozen importlib._bootstrap_external>", line 1129, in get_code
  File "<frozen importlib._bootstrap_external>", line 1059, in source_to_code
  File "<frozen importlib._bootstrap>", line 488, in _call_with_frames_removed
  File "/opt/airflow/dags/extraction_DAG.py", line 28
    python_callable = extract_data.getPlaylistDetails
                      
SyntaxError: invalid syntax. Perhaps you forgot a comma?
[2026-09-17T09:36:26.334+0000] {processor.py:842} WARNING - No viable dags retrieved from /opt/airflow/dags/extraction_DAG.py
[2026-09-17T09:36:26.344+0000] {processor.py:183} INFO - Processing /opt/airflow/dags/extraction_DAG.py took 0.117 seconds
[2026-09-17T09:36:56.378+0000] {processor.py:161} INFO - Started process (PID=1376) to work on /opt/airflow/dags/extraction_DAG.py
[2026-09-17T09:36:56.379+0000] {processor.py:830} INFO - Processing file /opt/airflow/dags/extraction_DAG.py for tasks to queue
[2026-09-17T09:36:56.380+0000] {logging_mixin.py:188} INFO - [2026-09-17T09:36:56.380+0000] {dagbag.py:545} INFO - Filling up the DagBag from /opt/airflow/dags/extraction_DAG.py
[2026-09-17T09:36:56.381+0000] {logging_mixin.py:188} INFO - [2026-09-17T09:36:56.381+0000] {dagbag.py:355} ERROR - Failed to import: /opt/airflow/dags/extraction_DAG.py
Traceback (most recent call last):
  File "/home/airflow/.local/lib/python3.12/site-packages/airflow/models/dagbag.py", line 351, in parse
    loader.exec_module(new_module)
  File "<frozen importlib._bootstrap_external>", line 991, in exec_module
  File "<frozen importlib._bootstrap_external>", line 1129, in get_code
  File "<frozen importlib._bootstrap_external>", line 1059, in source_to_code
  File "<frozen importlib._bootstrap>", line 488, in _call_with_frames_removed
  File "/opt/airflow/dags/extraction_DAG.py", line 28
    python_callable = extract_data.getPlaylistDetails
                      
SyntaxError: invalid syntax. Perhaps you forgot a comma?
[2026-09-17T09:36:56.382+0000] {processor.py:842} WARNING - No viable dags retrieved from /opt/airflow/dags/extraction_DAG.py
[2026-09-17T09:36:56.393+0000] {processor.py:183} INFO - Processing /opt/airflow/dags/extraction_DAG.py took 0.018 seconds
[2026-09-17T09:37:26.540+0000] {processor.py:161} INFO - Started process (PID=1383) to work on /opt/airflow/dags/extraction_DAG.py
[2026-09-17T09:37:26.649+0000] {processor.py:830} INFO - Processing file /opt/airflow/dags/extraction_DAG.py for tasks to queue
[2026-09-17T09:37:26.651+0000] {logging_mixin.py:188} INFO - [2026-09-17T09:37:26.651+0000] {dagbag.py:545} INFO - Filling up the DagBag from /opt/airflow/dags/extraction_DAG.py
[2026-09-17T09:37:26.656+0000] {logging_mixin.py:188} INFO - [2026-09-17T09:37:26.654+0000] {dagbag.py:355} ERROR - Failed to import: /opt/airflow/dags/extraction_DAG.py
Traceback (most recent call last):
  File "/home/airflow/.local/lib/python3.12/site-packages/airflow/models/dagbag.py", line 351, in parse
    loader.exec_module(new_module)
  File "<frozen importlib._bootstrap_external>", line 991, in exec_module
  File "<frozen importlib._bootstrap_external>", line 1129, in get_code
  File "<frozen importlib._bootstrap_external>", line 1059, in source_to_code
  File "<frozen importlib._bootstrap>", line 488, in _call_with_frames_removed
  File "/opt/airflow/dags/extraction_DAG.py", line 28
    python_callable = extract_data.getPlaylistDetails
                      
SyntaxError: invalid syntax. Perhaps you forgot a comma?
[2026-09-17T09:37:26.657+0000] {processor.py:842} WARNING - No viable dags retrieved from /opt/airflow/dags/extraction_DAG.py
[2026-09-17T09:37:26.681+0000] {processor.py:183} INFO - Processing /opt/airflow/dags/extraction_DAG.py took 0.147 seconds
[2026-09-17T09:37:56.827+0000] {processor.py:161} INFO - Started process (PID=1390) to work on /opt/airflow/dags/extraction_DAG.py
[2026-09-17T09:37:56.828+0000] {processor.py:830} INFO - Processing file /opt/airflow/dags/extraction_DAG.py for tasks to queue
[2026-09-17T09:37:56.830+0000] {logging_mixin.py:188} INFO - [2026-09-17T09:37:56.830+0000] {dagbag.py:545} INFO - Filling up the DagBag from /opt/airflow/dags/extraction_DAG.py
[2026-09-17T09:37:56.833+0000] {logging_mixin.py:188} INFO - [2026-09-17T09:37:56.832+0000] {dagbag.py:355} ERROR - Failed to import: /opt/airflow/dags/extraction_DAG.py
Traceback (most recent call last):
  File "/home/airflow/.local/lib/python3.12/site-packages/airflow/models/dagbag.py", line 351, in parse
    loader.exec_module(new_module)
  File "<frozen importlib._bootstrap_external>", line 991, in exec_module
  File "<frozen importlib._bootstrap_external>", line 1129, in get_code
  File "<frozen importlib._bootstrap_external>", line 1059, in source_to_code
  File "<frozen importlib._bootstrap>", line 488, in _call_with_frames_removed
  File "/opt/airflow/dags/extraction_DAG.py", line 28
    python_callable = extract_data.getPlaylistDetails
                      
SyntaxError: invalid syntax. Perhaps you forgot a comma?
[2026-09-17T09:37:56.833+0000] {processor.py:842} WARNING - No viable dags retrieved from /opt/airflow/dags/extraction_DAG.py
[2026-09-17T09:37:56.849+0000] {processor.py:183} INFO - Processing /opt/airflow/dags/extraction_DAG.py took 0.030 seconds
[2026-09-17T09:38:26.981+0000] {processor.py:161} INFO - Started process (PID=1397) to work on /opt/airflow/dags/extraction_DAG.py
[2026-09-17T09:38:27.163+0000] {processor.py:830} INFO - Processing file /opt/airflow/dags/extraction_DAG.py for tasks to queue
[2026-09-17T09:38:27.166+0000] {logging_mixin.py:188} INFO - [2026-09-17T09:38:27.166+0000] {dagbag.py:545} INFO - Filling up the DagBag from /opt/airflow/dags/extraction_DAG.py
[2026-09-17T09:38:27.172+0000] {logging_mixin.py:188} INFO - [2026-09-17T09:38:27.170+0000] {dagbag.py:355} ERROR - Failed to import: /opt/airflow/dags/extraction_DAG.py
Traceback (most recent call last):
  File "/home/airflow/.local/lib/python3.12/site-packages/airflow/models/dagbag.py", line 351, in parse
    loader.exec_module(new_module)
  File "<frozen importlib._bootstrap_external>", line 991, in exec_module
  File "<frozen importlib._bootstrap_external>", line 1129, in get_code
  File "<frozen importlib._bootstrap_external>", line 1059, in source_to_code
  File "<frozen importlib._bootstrap>", line 488, in _call_with_frames_removed
  File "/opt/airflow/dags/extraction_DAG.py", line 28
    python_callable = extract_data.getPlaylistDetails
                      
SyntaxError: invalid syntax. Perhaps you forgot a comma?
[2026-09-17T09:38:27.173+0000] {processor.py:842} WARNING - No viable dags retrieved from /opt/airflow/dags/extraction_DAG.py
[2026-09-17T09:38:27.200+0000] {processor.py:183} INFO - Processing /opt/airflow/dags/extraction_DAG.py took 0.226 seconds
[2026-09-17T09:38:57.330+0000] {processor.py:161} INFO - Started process (PID=1403) to work on /opt/airflow/dags/extraction_DAG.py
[2026-09-17T09:38:57.330+0000] {processor.py:830} INFO - Processing file /opt/airflow/dags/extraction_DAG.py for tasks to queue
[2026-09-17T09:38:57.331+0000] {logging_mixin.py:188} INFO - [2026-09-17T09:38:57.331+0000] {dagbag.py:545} INFO - Filling up the DagBag from /opt/airflow/dags/extraction_DAG.py
[2026-09-17T09:38:57.333+0000] {logging_mixin.py:188} INFO - [2026-09-17T09:38:57.333+0000] {dagbag.py:355} ERROR - Failed to import: /opt/airflow/dags/extraction_DAG.py
Traceback (most recent call last):
  File "/home/airflow/.local/lib/python3.12/site-packages/airflow/models/dagbag.py", line 351, in parse
    loader.exec_module(new_module)
  File "<frozen importlib._bootstrap_external>", line 991, in exec_module
  File "<frozen importlib._bootstrap_external>", line 1129, in get_code
  File "<frozen importlib._bootstrap_external>", line 1059, in source_to_code
  File "<frozen importlib._bootstrap>", line 488, in _call_with_frames_removed
  File "/opt/airflow/dags/extraction_DAG.py", line 28
    python_callable = extract_data.getPlaylistDetails
                      
SyntaxError: invalid syntax. Perhaps you forgot a comma?
[2026-09-17T09:38:57.334+0000] {processor.py:842} WARNING - No viable dags retrieved from /opt/airflow/dags/extraction_DAG.py
[2026-09-17T09:38:57.347+0000] {processor.py:183} INFO - Processing /opt/airflow/dags/extraction_DAG.py took 0.021 seconds
[2026-09-17T09:39:27.468+0000] {processor.py:161} INFO - Started process (PID=1410) to work on /opt/airflow/dags/extraction_DAG.py
[2026-09-17T09:39:27.472+0000] {processor.py:830} INFO - Processing file /opt/airflow/dags/extraction_DAG.py for tasks to queue
[2026-09-17T09:39:27.473+0000] {logging_mixin.py:188} INFO - [2026-09-17T09:39:27.473+0000] {dagbag.py:545} INFO - Filling up the DagBag from /opt/airflow/dags/extraction_DAG.py
[2026-09-17T09:39:27.475+0000] {logging_mixin.py:188} INFO - [2026-09-17T09:39:27.474+0000] {dagbag.py:355} ERROR - Failed to import: /opt/airflow/dags/extraction_DAG.py
Traceback (most recent call last):
  File "/home/airflow/.local/lib/python3.12/site-packages/airflow/models/dagbag.py", line 351, in parse
    loader.exec_module(new_module)
  File "<frozen importlib._bootstrap_external>", line 991, in exec_module
  File "<frozen importlib._bootstrap_external>", line 1129, in get_code
  File "<frozen importlib._bootstrap_external>", line 1059, in source_to_code
  File "<frozen importlib._bootstrap>", line 488, in _call_with_frames_removed
  File "/opt/airflow/dags/extraction_DAG.py", line 28
    python_callable = extract_data.getPlaylistDetails
                      
SyntaxError: invalid syntax. Perhaps you forgot a comma?
[2026-09-17T09:39:27.475+0000] {processor.py:842} WARNING - No viable dags retrieved from /opt/airflow/dags/extraction_DAG.py
[2026-09-17T09:39:27.486+0000] {processor.py:183} INFO - Processing /opt/airflow/dags/extraction_DAG.py took 0.022 seconds
[2026-09-17T09:39:57.613+0000] {processor.py:161} INFO - Started process (PID=1417) to work on /opt/airflow/dags/extraction_DAG.py
[2026-09-17T09:39:57.613+0000] {processor.py:830} INFO - Processing file /opt/airflow/dags/extraction_DAG.py for tasks to queue
[2026-09-17T09:39:57.615+0000] {logging_mixin.py:188} INFO - [2026-09-17T09:39:57.615+0000] {dagbag.py:545} INFO - Filling up the DagBag from /opt/airflow/dags/extraction_DAG.py
[2026-09-17T09:39:57.617+0000] {logging_mixin.py:188} INFO - [2026-09-17T09:39:57.616+0000] {dagbag.py:355} ERROR - Failed to import: /opt/airflow/dags/extraction_DAG.py
Traceback (most recent call last):
  File "/home/airflow/.local/lib/python3.12/site-packages/airflow/models/dagbag.py", line 351, in parse
    loader.exec_module(new_module)
  File "<frozen importlib._bootstrap_external>", line 991, in exec_module
  File "<frozen importlib._bootstrap_external>", line 1129, in get_code
  File "<frozen importlib._bootstrap_external>", line 1059, in source_to_code
  File "<frozen importlib._bootstrap>", line 488, in _call_with_frames_removed
  File "/opt/airflow/dags/extraction_DAG.py", line 28
    python_callable = extract_data.getPlaylistDetails
                      
SyntaxError: invalid syntax. Perhaps you forgot a comma?
[2026-09-17T09:39:57.617+0000] {processor.py:842} WARNING - No viable dags retrieved from /opt/airflow/dags/extraction_DAG.py
[2026-09-17T09:39:57.628+0000] {processor.py:183} INFO - Processing /opt/airflow/dags/extraction_DAG.py took 0.023 seconds
[2026-09-17T09:40:27.749+0000] {processor.py:161} INFO - Started process (PID=1424) to work on /opt/airflow/dags/extraction_DAG.py
[2026-09-17T09:40:27.752+0000] {processor.py:830} INFO - Processing file /opt/airflow/dags/extraction_DAG.py for tasks to queue
[2026-09-17T09:40:27.753+0000] {logging_mixin.py:188} INFO - [2026-09-17T09:40:27.753+0000] {dagbag.py:545} INFO - Filling up the DagBag from /opt/airflow/dags/extraction_DAG.py
[2026-09-17T09:40:27.756+0000] {logging_mixin.py:188} INFO - [2026-09-17T09:40:27.755+0000] {dagbag.py:355} ERROR - Failed to import: /opt/airflow/dags/extraction_DAG.py
Traceback (most recent call last):
  File "/home/airflow/.local/lib/python3.12/site-packages/airflow/models/dagbag.py", line 351, in parse
    loader.exec_module(new_module)
  File "<frozen importlib._bootstrap_external>", line 991, in exec_module
  File "<frozen importlib._bootstrap_external>", line 1129, in get_code
  File "<frozen importlib._bootstrap_external>", line 1059, in source_to_code
  File "<frozen importlib._bootstrap>", line 488, in _call_with_frames_removed
  File "/opt/airflow/dags/extraction_DAG.py", line 28
    python_callable = extract_data.getPlaylistDetails
                      
SyntaxError: invalid syntax. Perhaps you forgot a comma?
[2026-09-17T09:40:27.756+0000] {processor.py:842} WARNING - No viable dags retrieved from /opt/airflow/dags/extraction_DAG.py
[2026-09-17T09:40:27.772+0000] {processor.py:183} INFO - Processing /opt/airflow/dags/extraction_DAG.py took 0.031 seconds
[2026-09-17T09:40:57.882+0000] {processor.py:161} INFO - Started process (PID=1431) to work on /opt/airflow/dags/extraction_DAG.py
[2026-09-17T09:40:57.883+0000] {processor.py:830} INFO - Processing file /opt/airflow/dags/extraction_DAG.py for tasks to queue
[2026-09-17T09:40:57.885+0000] {logging_mixin.py:188} INFO - [2026-09-17T09:40:57.885+0000] {dagbag.py:545} INFO - Filling up the DagBag from /opt/airflow/dags/extraction_DAG.py
[2026-09-17T09:40:57.887+0000] {logging_mixin.py:188} INFO - [2026-09-17T09:40:57.886+0000] {dagbag.py:355} ERROR - Failed to import: /opt/airflow/dags/extraction_DAG.py
Traceback (most recent call last):
  File "/home/airflow/.local/lib/python3.12/site-packages/airflow/models/dagbag.py", line 351, in parse
    loader.exec_module(new_module)
  File "<frozen importlib._bootstrap_external>", line 991, in exec_module
  File "<frozen importlib._bootstrap_external>", line 1129, in get_code
  File "<frozen importlib._bootstrap_external>", line 1059, in source_to_code
  File "<frozen importlib._bootstrap>", line 488, in _call_with_frames_removed
  File "/opt/airflow/dags/extraction_DAG.py", line 28
    python_callable = extract_data.getPlaylistDetails
                      
SyntaxError: invalid syntax. Perhaps you forgot a comma?
[2026-09-17T09:40:57.888+0000] {processor.py:842} WARNING - No viable dags retrieved from /opt/airflow/dags/extraction_DAG.py
[2026-09-17T09:40:57.900+0000] {processor.py:183} INFO - Processing /opt/airflow/dags/extraction_DAG.py took 0.026 seconds
[2026-09-17T09:41:28.042+0000] {processor.py:161} INFO - Started process (PID=1438) to work on /opt/airflow/dags/extraction_DAG.py
[2026-09-17T09:41:28.055+0000] {processor.py:830} INFO - Processing file /opt/airflow/dags/extraction_DAG.py for tasks to queue
[2026-09-17T09:41:28.057+0000] {logging_mixin.py:188} INFO - [2026-09-17T09:41:28.057+0000] {dagbag.py:545} INFO - Filling up the DagBag from /opt/airflow/dags/extraction_DAG.py
[2026-09-17T09:41:28.062+0000] {logging_mixin.py:188} INFO - [2026-09-17T09:41:28.060+0000] {dagbag.py:355} ERROR - Failed to import: /opt/airflow/dags/extraction_DAG.py
Traceback (most recent call last):
  File "/home/airflow/.local/lib/python3.12/site-packages/airflow/models/dagbag.py", line 351, in parse
    loader.exec_module(new_module)
  File "<frozen importlib._bootstrap_external>", line 991, in exec_module
  File "<frozen importlib._bootstrap_external>", line 1129, in get_code
  File "<frozen importlib._bootstrap_external>", line 1059, in source_to_code
  File "<frozen importlib._bootstrap>", line 488, in _call_with_frames_removed
  File "/opt/airflow/dags/extraction_DAG.py", line 28
    python_callable = extract_data.getPlaylistDetails
                      
SyntaxError: invalid syntax. Perhaps you forgot a comma?
[2026-09-17T09:41:28.063+0000] {processor.py:842} WARNING - No viable dags retrieved from /opt/airflow/dags/extraction_DAG.py
[2026-09-17T09:41:28.088+0000] {processor.py:183} INFO - Processing /opt/airflow/dags/extraction_DAG.py took 0.054 seconds
[2026-09-17T09:41:58.154+0000] {processor.py:161} INFO - Started process (PID=1445) to work on /opt/airflow/dags/extraction_DAG.py
[2026-09-17T09:41:58.154+0000] {processor.py:830} INFO - Processing file /opt/airflow/dags/extraction_DAG.py for tasks to queue
[2026-09-17T09:41:58.155+0000] {logging_mixin.py:188} INFO - [2026-09-17T09:41:58.155+0000] {dagbag.py:545} INFO - Filling up the DagBag from /opt/airflow/dags/extraction_DAG.py
[2026-09-17T09:41:58.158+0000] {logging_mixin.py:188} INFO - [2026-09-17T09:41:58.157+0000] {dagbag.py:355} ERROR - Failed to import: /opt/airflow/dags/extraction_DAG.py
Traceback (most recent call last):
  File "/home/airflow/.local/lib/python3.12/site-packages/airflow/models/dagbag.py", line 351, in parse
    loader.exec_module(new_module)
  File "<frozen importlib._bootstrap_external>", line 991, in exec_module
  File "<frozen importlib._bootstrap_external>", line 1129, in get_code
  File "<frozen importlib._bootstrap_external>", line 1059, in source_to_code
  File "<frozen importlib._bootstrap>", line 488, in _call_with_frames_removed
  File "/opt/airflow/dags/extraction_DAG.py", line 28
    python_callable = extract_data.getPlaylistDetails
                      
SyntaxError: invalid syntax. Perhaps you forgot a comma?
[2026-09-17T09:41:58.158+0000] {processor.py:842} WARNING - No viable dags retrieved from /opt/airflow/dags/extraction_DAG.py
[2026-09-17T09:41:58.170+0000] {processor.py:183} INFO - Processing /opt/airflow/dags/extraction_DAG.py took 0.020 seconds
[2026-09-17T09:42:28.264+0000] {processor.py:161} INFO - Started process (PID=1452) to work on /opt/airflow/dags/extraction_DAG.py
[2026-09-17T09:42:28.355+0000] {processor.py:830} INFO - Processing file /opt/airflow/dags/extraction_DAG.py for tasks to queue
[2026-09-17T09:42:28.356+0000] {logging_mixin.py:188} INFO - [2026-09-17T09:42:28.356+0000] {dagbag.py:545} INFO - Filling up the DagBag from /opt/airflow/dags/extraction_DAG.py
[2026-09-17T09:42:28.358+0000] {logging_mixin.py:188} INFO - [2026-09-17T09:42:28.358+0000] {dagbag.py:355} ERROR - Failed to import: /opt/airflow/dags/extraction_DAG.py
Traceback (most recent call last):
  File "/home/airflow/.local/lib/python3.12/site-packages/airflow/models/dagbag.py", line 351, in parse
    loader.exec_module(new_module)
  File "<frozen importlib._bootstrap_external>", line 991, in exec_module
  File "<frozen importlib._bootstrap_external>", line 1129, in get_code
  File "<frozen importlib._bootstrap_external>", line 1059, in source_to_code
  File "<frozen importlib._bootstrap>", line 488, in _call_with_frames_removed
  File "/opt/airflow/dags/extraction_DAG.py", line 28
    python_callable = extract_data.getPlaylistDetails
                      
SyntaxError: invalid syntax. Perhaps you forgot a comma?
[2026-09-17T09:42:28.359+0000] {processor.py:842} WARNING - No viable dags retrieved from /opt/airflow/dags/extraction_DAG.py
[2026-09-17T09:42:28.373+0000] {processor.py:183} INFO - Processing /opt/airflow/dags/extraction_DAG.py took 0.114 seconds
[2026-09-17T09:42:58.407+0000] {processor.py:161} INFO - Started process (PID=1459) to work on /opt/airflow/dags/extraction_DAG.py
[2026-09-17T09:42:58.409+0000] {processor.py:830} INFO - Processing file /opt/airflow/dags/extraction_DAG.py for tasks to queue
[2026-09-17T09:42:58.410+0000] {logging_mixin.py:188} INFO - [2026-09-17T09:42:58.410+0000] {dagbag.py:545} INFO - Filling up the DagBag from /opt/airflow/dags/extraction_DAG.py
[2026-09-17T09:42:58.414+0000] {logging_mixin.py:188} INFO - [2026-09-17T09:42:58.413+0000] {dagbag.py:355} ERROR - Failed to import: /opt/airflow/dags/extraction_DAG.py
Traceback (most recent call last):
  File "/home/airflow/.local/lib/python3.12/site-packages/airflow/models/dagbag.py", line 351, in parse
    loader.exec_module(new_module)
  File "<frozen importlib._bootstrap_external>", line 991, in exec_module
  File "<frozen importlib._bootstrap_external>", line 1129, in get_code
  File "<frozen importlib._bootstrap_external>", line 1059, in source_to_code
  File "<frozen importlib._bootstrap>", line 488, in _call_with_frames_removed
  File "/opt/airflow/dags/extraction_DAG.py", line 28
    python_callable = extract_data.getPlaylistDetails
                      
SyntaxError: invalid syntax. Perhaps you forgot a comma?
[2026-09-17T09:42:58.415+0000] {processor.py:842} WARNING - No viable dags retrieved from /opt/airflow/dags/extraction_DAG.py
[2026-09-17T09:42:58.426+0000] {processor.py:183} INFO - Processing /opt/airflow/dags/extraction_DAG.py took 0.029 seconds
[2026-09-17T09:43:28.517+0000] {processor.py:161} INFO - Started process (PID=1466) to work on /opt/airflow/dags/extraction_DAG.py
[2026-09-17T09:43:28.957+0000] {processor.py:830} INFO - Processing file /opt/airflow/dags/extraction_DAG.py for tasks to queue
[2026-09-17T09:43:28.960+0000] {logging_mixin.py:188} INFO - [2026-09-17T09:43:28.959+0000] {dagbag.py:545} INFO - Filling up the DagBag from /opt/airflow/dags/extraction_DAG.py
[2026-09-17T09:43:28.966+0000] {logging_mixin.py:188} INFO - [2026-09-17T09:43:28.964+0000] {dagbag.py:355} ERROR - Failed to import: /opt/airflow/dags/extraction_DAG.py
Traceback (most recent call last):
  File "/home/airflow/.local/lib/python3.12/site-packages/airflow/models/dagbag.py", line 351, in parse
    loader.exec_module(new_module)
  File "<frozen importlib._bootstrap_external>", line 991, in exec_module
  File "<frozen importlib._bootstrap_external>", line 1129, in get_code
  File "<frozen importlib._bootstrap_external>", line 1059, in source_to_code
  File "<frozen importlib._bootstrap>", line 488, in _call_with_frames_removed
  File "/opt/airflow/dags/extraction_DAG.py", line 28
    python_callable = extract_data.getPlaylistDetails
                      
SyntaxError: invalid syntax. Perhaps you forgot a comma?
[2026-09-17T09:43:28.967+0000] {processor.py:842} WARNING - No viable dags retrieved from /opt/airflow/dags/extraction_DAG.py
[2026-09-17T09:43:28.978+0000] {processor.py:183} INFO - Processing /opt/airflow/dags/extraction_DAG.py took 0.465 seconds
[2026-09-17T09:43:59.117+0000] {processor.py:161} INFO - Started process (PID=1473) to work on /opt/airflow/dags/extraction_DAG.py
[2026-09-17T09:43:59.118+0000] {processor.py:830} INFO - Processing file /opt/airflow/dags/extraction_DAG.py for tasks to queue
[2026-09-17T09:43:59.119+0000] {logging_mixin.py:188} INFO - [2026-09-17T09:43:59.119+0000] {dagbag.py:545} INFO - Filling up the DagBag from /opt/airflow/dags/extraction_DAG.py
[2026-09-17T09:43:59.122+0000] {logging_mixin.py:188} INFO - [2026-09-17T09:43:59.121+0000] {dagbag.py:355} ERROR - Failed to import: /opt/airflow/dags/extraction_DAG.py
Traceback (most recent call last):
  File "/home/airflow/.local/lib/python3.12/site-packages/airflow/models/dagbag.py", line 351, in parse
    loader.exec_module(new_module)
  File "<frozen importlib._bootstrap_external>", line 991, in exec_module
  File "<frozen importlib._bootstrap_external>", line 1129, in get_code
  File "<frozen importlib._bootstrap_external>", line 1059, in source_to_code
  File "<frozen importlib._bootstrap>", line 488, in _call_with_frames_removed
  File "/opt/airflow/dags/extraction_DAG.py", line 28
    python_callable = extract_data.getPlaylistDetails
                      
SyntaxError: invalid syntax. Perhaps you forgot a comma?
[2026-09-17T09:43:59.123+0000] {processor.py:842} WARNING - No viable dags retrieved from /opt/airflow/dags/extraction_DAG.py
[2026-09-17T09:43:59.134+0000] {processor.py:183} INFO - Processing /opt/airflow/dags/extraction_DAG.py took 0.023 seconds
[2026-09-17T09:44:29.230+0000] {processor.py:161} INFO - Started process (PID=1480) to work on /opt/airflow/dags/extraction_DAG.py
[2026-09-17T09:44:29.319+0000] {processor.py:830} INFO - Processing file /opt/airflow/dags/extraction_DAG.py for tasks to queue
[2026-09-17T09:44:29.320+0000] {logging_mixin.py:188} INFO - [2026-09-17T09:44:29.320+0000] {dagbag.py:545} INFO - Filling up the DagBag from /opt/airflow/dags/extraction_DAG.py
[2026-09-17T09:44:29.322+0000] {logging_mixin.py:188} INFO - [2026-09-17T09:44:29.321+0000] {dagbag.py:355} ERROR - Failed to import: /opt/airflow/dags/extraction_DAG.py
Traceback (most recent call last):
  File "/home/airflow/.local/lib/python3.12/site-packages/airflow/models/dagbag.py", line 351, in parse
    loader.exec_module(new_module)
  File "<frozen importlib._bootstrap_external>", line 991, in exec_module
  File "<frozen importlib._bootstrap_external>", line 1129, in get_code
  File "<frozen importlib._bootstrap_external>", line 1059, in source_to_code
  File "<frozen importlib._bootstrap>", line 488, in _call_with_frames_removed
  File "/opt/airflow/dags/extraction_DAG.py", line 28
    python_callable = extract_data.getPlaylistDetails
                      
SyntaxError: invalid syntax. Perhaps you forgot a comma?
[2026-09-17T09:44:29.322+0000] {processor.py:842} WARNING - No viable dags retrieved from /opt/airflow/dags/extraction_DAG.py
[2026-09-17T09:44:29.334+0000] {processor.py:183} INFO - Processing /opt/airflow/dags/extraction_DAG.py took 0.107 seconds
[2026-09-17T09:44:59.442+0000] {processor.py:161} INFO - Started process (PID=1486) to work on /opt/airflow/dags/extraction_DAG.py
[2026-09-17T09:44:59.443+0000] {processor.py:830} INFO - Processing file /opt/airflow/dags/extraction_DAG.py for tasks to queue
[2026-09-17T09:44:59.445+0000] {logging_mixin.py:188} INFO - [2026-09-17T09:44:59.445+0000] {dagbag.py:545} INFO - Filling up the DagBag from /opt/airflow/dags/extraction_DAG.py
[2026-09-17T09:44:59.448+0000] {logging_mixin.py:188} INFO - [2026-09-17T09:44:59.447+0000] {dagbag.py:355} ERROR - Failed to import: /opt/airflow/dags/extraction_DAG.py
Traceback (most recent call last):
  File "/home/airflow/.local/lib/python3.12/site-packages/airflow/models/dagbag.py", line 351, in parse
    loader.exec_module(new_module)
  File "<frozen importlib._bootstrap_external>", line 991, in exec_module
  File "<frozen importlib._bootstrap_external>", line 1129, in get_code
  File "<frozen importlib._bootstrap_external>", line 1059, in source_to_code
  File "<frozen importlib._bootstrap>", line 488, in _call_with_frames_removed
  File "/opt/airflow/dags/extraction_DAG.py", line 28
    python_callable = extract_data.getPlaylistDetails
                      
SyntaxError: invalid syntax. Perhaps you forgot a comma?
[2026-09-17T09:44:59.448+0000] {processor.py:842} WARNING - No viable dags retrieved from /opt/airflow/dags/extraction_DAG.py
[2026-09-17T09:44:59.462+0000] {processor.py:183} INFO - Processing /opt/airflow/dags/extraction_DAG.py took 0.028 seconds
[2026-09-17T09:45:29.551+0000] {processor.py:161} INFO - Started process (PID=1493) to work on /opt/airflow/dags/extraction_DAG.py
[2026-09-17T09:45:29.641+0000] {processor.py:830} INFO - Processing file /opt/airflow/dags/extraction_DAG.py for tasks to queue
[2026-09-17T09:45:29.642+0000] {logging_mixin.py:188} INFO - [2026-09-17T09:45:29.642+0000] {dagbag.py:545} INFO - Filling up the DagBag from /opt/airflow/dags/extraction_DAG.py
[2026-09-17T09:45:29.645+0000] {logging_mixin.py:188} INFO - [2026-09-17T09:45:29.644+0000] {dagbag.py:355} ERROR - Failed to import: /opt/airflow/dags/extraction_DAG.py
Traceback (most recent call last):
  File "/home/airflow/.local/lib/python3.12/site-packages/airflow/models/dagbag.py", line 351, in parse
    loader.exec_module(new_module)
  File "<frozen importlib._bootstrap_external>", line 991, in exec_module
  File "<frozen importlib._bootstrap_external>", line 1129, in get_code
  File "<frozen importlib._bootstrap_external>", line 1059, in source_to_code
  File "<frozen importlib._bootstrap>", line 488, in _call_with_frames_removed
  File "/opt/airflow/dags/extraction_DAG.py", line 28
    python_callable = extract_data.getPlaylistDetails
                      
SyntaxError: invalid syntax. Perhaps you forgot a comma?
[2026-09-17T09:45:29.645+0000] {processor.py:842} WARNING - No viable dags retrieved from /opt/airflow/dags/extraction_DAG.py
[2026-09-17T09:45:29.656+0000] {processor.py:183} INFO - Processing /opt/airflow/dags/extraction_DAG.py took 0.109 seconds
[2026-09-17T09:45:59.694+0000] {processor.py:161} INFO - Started process (PID=1500) to work on /opt/airflow/dags/extraction_DAG.py
[2026-09-17T09:45:59.695+0000] {processor.py:830} INFO - Processing file /opt/airflow/dags/extraction_DAG.py for tasks to queue
[2026-09-17T09:45:59.697+0000] {logging_mixin.py:188} INFO - [2026-09-17T09:45:59.697+0000] {dagbag.py:545} INFO - Filling up the DagBag from /opt/airflow/dags/extraction_DAG.py
[2026-09-17T09:45:59.699+0000] {logging_mixin.py:188} INFO - [2026-09-17T09:45:59.698+0000] {dagbag.py:355} ERROR - Failed to import: /opt/airflow/dags/extraction_DAG.py
Traceback (most recent call last):
  File "/home/airflow/.local/lib/python3.12/site-packages/airflow/models/dagbag.py", line 351, in parse
    loader.exec_module(new_module)
  File "<frozen importlib._bootstrap_external>", line 991, in exec_module
  File "<frozen importlib._bootstrap_external>", line 1129, in get_code
  File "<frozen importlib._bootstrap_external>", line 1059, in source_to_code
  File "<frozen importlib._bootstrap>", line 488, in _call_with_frames_removed
  File "/opt/airflow/dags/extraction_DAG.py", line 28
    python_callable = extract_data.getPlaylistDetails
                      
SyntaxError: invalid syntax. Perhaps you forgot a comma?
[2026-09-17T09:45:59.699+0000] {processor.py:842} WARNING - No viable dags retrieved from /opt/airflow/dags/extraction_DAG.py
[2026-09-17T09:45:59.711+0000] {processor.py:183} INFO - Processing /opt/airflow/dags/extraction_DAG.py took 0.022 seconds
[2026-09-17T09:46:29.822+0000] {processor.py:161} INFO - Started process (PID=1507) to work on /opt/airflow/dags/extraction_DAG.py
[2026-09-17T09:46:29.854+0000] {processor.py:830} INFO - Processing file /opt/airflow/dags/extraction_DAG.py for tasks to queue
[2026-09-17T09:46:29.857+0000] {logging_mixin.py:188} INFO - [2026-09-17T09:46:29.857+0000] {dagbag.py:545} INFO - Filling up the DagBag from /opt/airflow/dags/extraction_DAG.py
[2026-09-17T09:46:29.862+0000] {logging_mixin.py:188} INFO - [2026-09-17T09:46:29.860+0000] {dagbag.py:355} ERROR - Failed to import: /opt/airflow/dags/extraction_DAG.py
Traceback (most recent call last):
  File "/home/airflow/.local/lib/python3.12/site-packages/airflow/models/dagbag.py", line 351, in parse
    loader.exec_module(new_module)
  File "<frozen importlib._bootstrap_external>", line 991, in exec_module
  File "<frozen importlib._bootstrap_external>", line 1129, in get_code
  File "<frozen importlib._bootstrap_external>", line 1059, in source_to_code
  File "<frozen importlib._bootstrap>", line 488, in _call_with_frames_removed
  File "/opt/airflow/dags/extraction_DAG.py", line 28
    python_callable = extract_data.getPlaylistDetails
                      
SyntaxError: invalid syntax. Perhaps you forgot a comma?
[2026-09-17T09:46:29.863+0000] {processor.py:842} WARNING - No viable dags retrieved from /opt/airflow/dags/extraction_DAG.py
[2026-09-17T09:46:29.889+0000] {processor.py:183} INFO - Processing /opt/airflow/dags/extraction_DAG.py took 0.075 seconds
[2026-09-17T09:46:59.964+0000] {processor.py:161} INFO - Started process (PID=1514) to work on /opt/airflow/dags/extraction_DAG.py
[2026-09-17T09:46:59.965+0000] {processor.py:830} INFO - Processing file /opt/airflow/dags/extraction_DAG.py for tasks to queue
[2026-09-17T09:46:59.967+0000] {logging_mixin.py:188} INFO - [2026-09-17T09:46:59.967+0000] {dagbag.py:545} INFO - Filling up the DagBag from /opt/airflow/dags/extraction_DAG.py
[2026-09-17T09:46:59.972+0000] {logging_mixin.py:188} INFO - [2026-09-17T09:46:59.970+0000] {dagbag.py:355} ERROR - Failed to import: /opt/airflow/dags/extraction_DAG.py
Traceback (most recent call last):
  File "/home/airflow/.local/lib/python3.12/site-packages/airflow/models/dagbag.py", line 351, in parse
    loader.exec_module(new_module)
  File "<frozen importlib._bootstrap_external>", line 991, in exec_module
  File "<frozen importlib._bootstrap_external>", line 1129, in get_code
  File "<frozen importlib._bootstrap_external>", line 1059, in source_to_code
  File "<frozen importlib._bootstrap>", line 488, in _call_with_frames_removed
  File "/opt/airflow/dags/extraction_DAG.py", line 28
    python_callable = extract_data.getPlaylistDetails
                      
SyntaxError: invalid syntax. Perhaps you forgot a comma?
[2026-09-17T09:46:59.973+0000] {processor.py:842} WARNING - No viable dags retrieved from /opt/airflow/dags/extraction_DAG.py
[2026-09-17T09:46:59.991+0000] {processor.py:183} INFO - Processing /opt/airflow/dags/extraction_DAG.py took 0.036 seconds
[2026-09-17T09:47:30.105+0000] {processor.py:161} INFO - Started process (PID=1521) to work on /opt/airflow/dags/extraction_DAG.py
[2026-09-17T09:47:30.199+0000] {processor.py:830} INFO - Processing file /opt/airflow/dags/extraction_DAG.py for tasks to queue
[2026-09-17T09:47:30.202+0000] {logging_mixin.py:188} INFO - [2026-09-17T09:47:30.202+0000] {dagbag.py:545} INFO - Filling up the DagBag from /opt/airflow/dags/extraction_DAG.py
[2026-09-17T09:47:30.206+0000] {logging_mixin.py:188} INFO - [2026-09-17T09:47:30.205+0000] {dagbag.py:355} ERROR - Failed to import: /opt/airflow/dags/extraction_DAG.py
Traceback (most recent call last):
  File "/home/airflow/.local/lib/python3.12/site-packages/airflow/models/dagbag.py", line 351, in parse
    loader.exec_module(new_module)
  File "<frozen importlib._bootstrap_external>", line 991, in exec_module
  File "<frozen importlib._bootstrap_external>", line 1129, in get_code
  File "<frozen importlib._bootstrap_external>", line 1059, in source_to_code
  File "<frozen importlib._bootstrap>", line 488, in _call_with_frames_removed
  File "/opt/airflow/dags/extraction_DAG.py", line 28
    python_callable = extract_data.getPlaylistDetails
                      
SyntaxError: invalid syntax. Perhaps you forgot a comma?
[2026-09-17T09:47:30.207+0000] {processor.py:842} WARNING - No viable dags retrieved from /opt/airflow/dags/extraction_DAG.py
[2026-09-17T09:47:30.230+0000] {processor.py:183} INFO - Processing /opt/airflow/dags/extraction_DAG.py took 0.133 seconds
[2026-09-17T09:48:00.361+0000] {processor.py:161} INFO - Started process (PID=1528) to work on /opt/airflow/dags/extraction_DAG.py
[2026-09-17T09:48:00.362+0000] {processor.py:830} INFO - Processing file /opt/airflow/dags/extraction_DAG.py for tasks to queue
[2026-09-17T09:48:00.364+0000] {logging_mixin.py:188} INFO - [2026-09-17T09:48:00.363+0000] {dagbag.py:545} INFO - Filling up the DagBag from /opt/airflow/dags/extraction_DAG.py
[2026-09-17T09:48:00.366+0000] {logging_mixin.py:188} INFO - [2026-09-17T09:48:00.365+0000] {dagbag.py:355} ERROR - Failed to import: /opt/airflow/dags/extraction_DAG.py
Traceback (most recent call last):
  File "/home/airflow/.local/lib/python3.12/site-packages/airflow/models/dagbag.py", line 351, in parse
    loader.exec_module(new_module)
  File "<frozen importlib._bootstrap_external>", line 991, in exec_module
  File "<frozen importlib._bootstrap_external>", line 1129, in get_code
  File "<frozen importlib._bootstrap_external>", line 1059, in source_to_code
  File "<frozen importlib._bootstrap>", line 488, in _call_with_frames_removed
  File "/opt/airflow/dags/extraction_DAG.py", line 28
    python_callable = extract_data.getPlaylistDetails
                      
SyntaxError: invalid syntax. Perhaps you forgot a comma?
[2026-09-17T09:48:00.367+0000] {processor.py:842} WARNING - No viable dags retrieved from /opt/airflow/dags/extraction_DAG.py
[2026-09-17T09:48:00.378+0000] {processor.py:183} INFO - Processing /opt/airflow/dags/extraction_DAG.py took 0.027 seconds
[2026-09-17T09:48:30.490+0000] {processor.py:161} INFO - Started process (PID=1535) to work on /opt/airflow/dags/extraction_DAG.py
[2026-09-17T09:48:30.573+0000] {processor.py:830} INFO - Processing file /opt/airflow/dags/extraction_DAG.py for tasks to queue
[2026-09-17T09:48:30.575+0000] {logging_mixin.py:188} INFO - [2026-09-17T09:48:30.575+0000] {dagbag.py:545} INFO - Filling up the DagBag from /opt/airflow/dags/extraction_DAG.py
[2026-09-17T09:48:30.580+0000] {logging_mixin.py:188} INFO - [2026-09-17T09:48:30.579+0000] {dagbag.py:355} ERROR - Failed to import: /opt/airflow/dags/extraction_DAG.py
Traceback (most recent call last):
  File "/home/airflow/.local/lib/python3.12/site-packages/airflow/models/dagbag.py", line 351, in parse
    loader.exec_module(new_module)
  File "<frozen importlib._bootstrap_external>", line 991, in exec_module
  File "<frozen importlib._bootstrap_external>", line 1129, in get_code
  File "<frozen importlib._bootstrap_external>", line 1059, in source_to_code
  File "<frozen importlib._bootstrap>", line 488, in _call_with_frames_removed
  File "/opt/airflow/dags/extraction_DAG.py", line 28
    python_callable = extract_data.getPlaylistDetails
                      
SyntaxError: invalid syntax. Perhaps you forgot a comma?
[2026-09-17T09:48:30.581+0000] {processor.py:842} WARNING - No viable dags retrieved from /opt/airflow/dags/extraction_DAG.py
[2026-09-17T09:48:30.608+0000] {processor.py:183} INFO - Processing /opt/airflow/dags/extraction_DAG.py took 0.122 seconds
[2026-09-17T09:49:00.742+0000] {processor.py:161} INFO - Started process (PID=1542) to work on /opt/airflow/dags/extraction_DAG.py
[2026-09-17T09:49:00.743+0000] {processor.py:830} INFO - Processing file /opt/airflow/dags/extraction_DAG.py for tasks to queue
[2026-09-17T09:49:00.745+0000] {logging_mixin.py:188} INFO - [2026-09-17T09:49:00.744+0000] {dagbag.py:545} INFO - Filling up the DagBag from /opt/airflow/dags/extraction_DAG.py
[2026-09-17T09:49:00.748+0000] {logging_mixin.py:188} INFO - [2026-09-17T09:49:00.747+0000] {dagbag.py:355} ERROR - Failed to import: /opt/airflow/dags/extraction_DAG.py
Traceback (most recent call last):
  File "/home/airflow/.local/lib/python3.12/site-packages/airflow/models/dagbag.py", line 351, in parse
    loader.exec_module(new_module)
  File "<frozen importlib._bootstrap_external>", line 991, in exec_module
  File "<frozen importlib._bootstrap_external>", line 1129, in get_code
  File "<frozen importlib._bootstrap_external>", line 1059, in source_to_code
  File "<frozen importlib._bootstrap>", line 488, in _call_with_frames_removed
  File "/opt/airflow/dags/extraction_DAG.py", line 28
    python_callable = extract_data.getPlaylistDetails
                      
SyntaxError: invalid syntax. Perhaps you forgot a comma?
[2026-09-17T09:49:00.748+0000] {processor.py:842} WARNING - No viable dags retrieved from /opt/airflow/dags/extraction_DAG.py
[2026-09-17T09:49:00.768+0000] {processor.py:183} INFO - Processing /opt/airflow/dags/extraction_DAG.py took 0.036 seconds
[2026-09-17T09:49:30.882+0000] {processor.py:161} INFO - Started process (PID=1549) to work on /opt/airflow/dags/extraction_DAG.py
[2026-09-17T09:49:30.889+0000] {processor.py:830} INFO - Processing file /opt/airflow/dags/extraction_DAG.py for tasks to queue
[2026-09-17T09:49:30.891+0000] {logging_mixin.py:188} INFO - [2026-09-17T09:49:30.891+0000] {dagbag.py:545} INFO - Filling up the DagBag from /opt/airflow/dags/extraction_DAG.py
[2026-09-17T09:49:30.895+0000] {logging_mixin.py:188} INFO - [2026-09-17T09:49:30.893+0000] {dagbag.py:355} ERROR - Failed to import: /opt/airflow/dags/extraction_DAG.py
Traceback (most recent call last):
  File "/home/airflow/.local/lib/python3.12/site-packages/airflow/models/dagbag.py", line 351, in parse
    loader.exec_module(new_module)
  File "<frozen importlib._bootstrap_external>", line 991, in exec_module
  File "<frozen importlib._bootstrap_external>", line 1129, in get_code
  File "<frozen importlib._bootstrap_external>", line 1059, in source_to_code
  File "<frozen importlib._bootstrap>", line 488, in _call_with_frames_removed
  File "/opt/airflow/dags/extraction_DAG.py", line 28
    python_callable = extract_data.getPlaylistDetails
                      
SyntaxError: invalid syntax. Perhaps you forgot a comma?
[2026-09-17T09:49:30.895+0000] {processor.py:842} WARNING - No viable dags retrieved from /opt/airflow/dags/extraction_DAG.py
[2026-09-17T09:49:30.910+0000] {processor.py:183} INFO - Processing /opt/airflow/dags/extraction_DAG.py took 0.036 seconds
[2026-09-17T09:50:01.030+0000] {processor.py:161} INFO - Started process (PID=1556) to work on /opt/airflow/dags/extraction_DAG.py
[2026-09-17T09:50:01.031+0000] {processor.py:830} INFO - Processing file /opt/airflow/dags/extraction_DAG.py for tasks to queue
[2026-09-17T09:50:01.033+0000] {logging_mixin.py:188} INFO - [2026-09-17T09:50:01.033+0000] {dagbag.py:545} INFO - Filling up the DagBag from /opt/airflow/dags/extraction_DAG.py
[2026-09-17T09:50:01.036+0000] {logging_mixin.py:188} INFO - [2026-09-17T09:50:01.035+0000] {dagbag.py:355} ERROR - Failed to import: /opt/airflow/dags/extraction_DAG.py
Traceback (most recent call last):
  File "/home/airflow/.local/lib/python3.12/site-packages/airflow/models/dagbag.py", line 351, in parse
    loader.exec_module(new_module)
  File "<frozen importlib._bootstrap_external>", line 991, in exec_module
  File "<frozen importlib._bootstrap_external>", line 1129, in get_code
  File "<frozen importlib._bootstrap_external>", line 1059, in source_to_code
  File "<frozen importlib._bootstrap>", line 488, in _call_with_frames_removed
  File "/opt/airflow/dags/extraction_DAG.py", line 28
    python_callable = extract_data.getPlaylistDetails
                      
SyntaxError: invalid syntax. Perhaps you forgot a comma?
[2026-09-17T09:50:01.036+0000] {processor.py:842} WARNING - No viable dags retrieved from /opt/airflow/dags/extraction_DAG.py
[2026-09-17T09:50:01.047+0000] {processor.py:183} INFO - Processing /opt/airflow/dags/extraction_DAG.py took 0.025 seconds
[2026-09-17T09:50:31.176+0000] {processor.py:161} INFO - Started process (PID=1563) to work on /opt/airflow/dags/extraction_DAG.py
[2026-09-17T09:50:31.270+0000] {processor.py:830} INFO - Processing file /opt/airflow/dags/extraction_DAG.py for tasks to queue
[2026-09-17T09:50:31.273+0000] {logging_mixin.py:188} INFO - [2026-09-17T09:50:31.272+0000] {dagbag.py:545} INFO - Filling up the DagBag from /opt/airflow/dags/extraction_DAG.py
[2026-09-17T09:50:31.278+0000] {logging_mixin.py:188} INFO - [2026-09-17T09:50:31.276+0000] {dagbag.py:355} ERROR - Failed to import: /opt/airflow/dags/extraction_DAG.py
Traceback (most recent call last):
  File "/home/airflow/.local/lib/python3.12/site-packages/airflow/models/dagbag.py", line 351, in parse
    loader.exec_module(new_module)
  File "<frozen importlib._bootstrap_external>", line 991, in exec_module
  File "<frozen importlib._bootstrap_external>", line 1129, in get_code
  File "<frozen importlib._bootstrap_external>", line 1059, in source_to_code
  File "<frozen importlib._bootstrap>", line 488, in _call_with_frames_removed
  File "/opt/airflow/dags/extraction_DAG.py", line 28
    python_callable = extract_data.getPlaylistDetails
                      
SyntaxError: invalid syntax. Perhaps you forgot a comma?
[2026-09-17T09:50:31.279+0000] {processor.py:842} WARNING - No viable dags retrieved from /opt/airflow/dags/extraction_DAG.py
[2026-09-17T09:50:31.303+0000] {processor.py:183} INFO - Processing /opt/airflow/dags/extraction_DAG.py took 0.136 seconds
[2026-09-17T09:51:01.430+0000] {processor.py:161} INFO - Started process (PID=1570) to work on /opt/airflow/dags/extraction_DAG.py
[2026-09-17T09:51:01.431+0000] {processor.py:830} INFO - Processing file /opt/airflow/dags/extraction_DAG.py for tasks to queue
[2026-09-17T09:51:01.433+0000] {logging_mixin.py:188} INFO - [2026-09-17T09:51:01.433+0000] {dagbag.py:545} INFO - Filling up the DagBag from /opt/airflow/dags/extraction_DAG.py
[2026-09-17T09:51:01.435+0000] {logging_mixin.py:188} INFO - [2026-09-17T09:51:01.435+0000] {dagbag.py:355} ERROR - Failed to import: /opt/airflow/dags/extraction_DAG.py
Traceback (most recent call last):
  File "/home/airflow/.local/lib/python3.12/site-packages/airflow/models/dagbag.py", line 351, in parse
    loader.exec_module(new_module)
  File "<frozen importlib._bootstrap_external>", line 991, in exec_module
  File "<frozen importlib._bootstrap_external>", line 1129, in get_code
  File "<frozen importlib._bootstrap_external>", line 1059, in source_to_code
  File "<frozen importlib._bootstrap>", line 488, in _call_with_frames_removed
  File "/opt/airflow/dags/extraction_DAG.py", line 28
    python_callable = extract_data.getPlaylistDetails
                      
SyntaxError: invalid syntax. Perhaps you forgot a comma?
[2026-09-17T09:51:01.436+0000] {processor.py:842} WARNING - No viable dags retrieved from /opt/airflow/dags/extraction_DAG.py
[2026-09-17T09:51:01.453+0000] {processor.py:183} INFO - Processing /opt/airflow/dags/extraction_DAG.py took 0.033 seconds
[2026-09-17T09:51:31.549+0000] {processor.py:161} INFO - Started process (PID=1577) to work on /opt/airflow/dags/extraction_DAG.py
[2026-09-17T09:51:31.639+0000] {processor.py:830} INFO - Processing file /opt/airflow/dags/extraction_DAG.py for tasks to queue
[2026-09-17T09:51:31.642+0000] {logging_mixin.py:188} INFO - [2026-09-17T09:51:31.641+0000] {dagbag.py:545} INFO - Filling up the DagBag from /opt/airflow/dags/extraction_DAG.py
[2026-09-17T09:51:31.647+0000] {logging_mixin.py:188} INFO - [2026-09-17T09:51:31.645+0000] {dagbag.py:355} ERROR - Failed to import: /opt/airflow/dags/extraction_DAG.py
Traceback (most recent call last):
  File "/home/airflow/.local/lib/python3.12/site-packages/airflow/models/dagbag.py", line 351, in parse
    loader.exec_module(new_module)
  File "<frozen importlib._bootstrap_external>", line 991, in exec_module
  File "<frozen importlib._bootstrap_external>", line 1129, in get_code
  File "<frozen importlib._bootstrap_external>", line 1059, in source_to_code
  File "<frozen importlib._bootstrap>", line 488, in _call_with_frames_removed
  File "/opt/airflow/dags/extraction_DAG.py", line 28
    python_callable = extract_data.getPlaylistDetails
                      
SyntaxError: invalid syntax. Perhaps you forgot a comma?
[2026-09-17T09:51:31.647+0000] {processor.py:842} WARNING - No viable dags retrieved from /opt/airflow/dags/extraction_DAG.py
[2026-09-17T09:51:31.667+0000] {processor.py:183} INFO - Processing /opt/airflow/dags/extraction_DAG.py took 0.126 seconds
[2026-09-17T09:52:01.781+0000] {processor.py:161} INFO - Started process (PID=1584) to work on /opt/airflow/dags/extraction_DAG.py
[2026-09-17T09:52:01.781+0000] {processor.py:830} INFO - Processing file /opt/airflow/dags/extraction_DAG.py for tasks to queue
[2026-09-17T09:52:01.783+0000] {logging_mixin.py:188} INFO - [2026-09-17T09:52:01.782+0000] {dagbag.py:545} INFO - Filling up the DagBag from /opt/airflow/dags/extraction_DAG.py
[2026-09-17T09:52:01.786+0000] {logging_mixin.py:188} INFO - [2026-09-17T09:52:01.784+0000] {dagbag.py:355} ERROR - Failed to import: /opt/airflow/dags/extraction_DAG.py
Traceback (most recent call last):
  File "/home/airflow/.local/lib/python3.12/site-packages/airflow/models/dagbag.py", line 351, in parse
    loader.exec_module(new_module)
  File "<frozen importlib._bootstrap_external>", line 991, in exec_module
  File "<frozen importlib._bootstrap_external>", line 1129, in get_code
  File "<frozen importlib._bootstrap_external>", line 1059, in source_to_code
  File "<frozen importlib._bootstrap>", line 488, in _call_with_frames_removed
  File "/opt/airflow/dags/extraction_DAG.py", line 28
    python_callable = extract_data.getPlaylistDetails
                      
SyntaxError: invalid syntax. Perhaps you forgot a comma?
[2026-09-17T09:52:01.786+0000] {processor.py:842} WARNING - No viable dags retrieved from /opt/airflow/dags/extraction_DAG.py
[2026-09-17T09:52:01.799+0000] {processor.py:183} INFO - Processing /opt/airflow/dags/extraction_DAG.py took 0.022 seconds
[2026-09-17T09:52:31.906+0000] {processor.py:161} INFO - Started process (PID=1591) to work on /opt/airflow/dags/extraction_DAG.py
[2026-09-17T09:52:31.942+0000] {processor.py:830} INFO - Processing file /opt/airflow/dags/extraction_DAG.py for tasks to queue
[2026-09-17T09:52:31.944+0000] {logging_mixin.py:188} INFO - [2026-09-17T09:52:31.944+0000] {dagbag.py:545} INFO - Filling up the DagBag from /opt/airflow/dags/extraction_DAG.py
[2026-09-17T09:52:31.947+0000] {logging_mixin.py:188} INFO - [2026-09-17T09:52:31.946+0000] {dagbag.py:355} ERROR - Failed to import: /opt/airflow/dags/extraction_DAG.py
Traceback (most recent call last):
  File "/home/airflow/.local/lib/python3.12/site-packages/airflow/models/dagbag.py", line 351, in parse
    loader.exec_module(new_module)
  File "<frozen importlib._bootstrap_external>", line 991, in exec_module
  File "<frozen importlib._bootstrap_external>", line 1129, in get_code
  File "<frozen importlib._bootstrap_external>", line 1059, in source_to_code
  File "<frozen importlib._bootstrap>", line 488, in _call_with_frames_removed
  File "/opt/airflow/dags/extraction_DAG.py", line 28
    python_callable = extract_data.getPlaylistDetails
                      
SyntaxError: invalid syntax. Perhaps you forgot a comma?
[2026-09-17T09:52:31.947+0000] {processor.py:842} WARNING - No viable dags retrieved from /opt/airflow/dags/extraction_DAG.py
[2026-09-17T09:52:31.958+0000] {processor.py:183} INFO - Processing /opt/airflow/dags/extraction_DAG.py took 0.056 seconds
[2026-09-17T09:53:02.029+0000] {processor.py:161} INFO - Started process (PID=1598) to work on /opt/airflow/dags/extraction_DAG.py
[2026-09-17T09:53:02.030+0000] {processor.py:830} INFO - Processing file /opt/airflow/dags/extraction_DAG.py for tasks to queue
[2026-09-17T09:53:02.031+0000] {logging_mixin.py:188} INFO - [2026-09-17T09:53:02.031+0000] {dagbag.py:545} INFO - Filling up the DagBag from /opt/airflow/dags/extraction_DAG.py
[2026-09-17T09:53:02.034+0000] {logging_mixin.py:188} INFO - [2026-09-17T09:53:02.033+0000] {dagbag.py:355} ERROR - Failed to import: /opt/airflow/dags/extraction_DAG.py
Traceback (most recent call last):
  File "/home/airflow/.local/lib/python3.12/site-packages/airflow/models/dagbag.py", line 351, in parse
    loader.exec_module(new_module)
  File "<frozen importlib._bootstrap_external>", line 991, in exec_module
  File "<frozen importlib._bootstrap_external>", line 1129, in get_code
  File "<frozen importlib._bootstrap_external>", line 1059, in source_to_code
  File "<frozen importlib._bootstrap>", line 488, in _call_with_frames_removed
  File "/opt/airflow/dags/extraction_DAG.py", line 28
    python_callable = extract_data.getPlaylistDetails
                      
SyntaxError: invalid syntax. Perhaps you forgot a comma?
[2026-09-17T09:53:02.034+0000] {processor.py:842} WARNING - No viable dags retrieved from /opt/airflow/dags/extraction_DAG.py
[2026-09-17T09:53:02.048+0000] {processor.py:183} INFO - Processing /opt/airflow/dags/extraction_DAG.py took 0.027 seconds
[2026-09-17T09:53:32.181+0000] {processor.py:161} INFO - Started process (PID=1605) to work on /opt/airflow/dags/extraction_DAG.py
[2026-09-17T09:53:32.275+0000] {processor.py:830} INFO - Processing file /opt/airflow/dags/extraction_DAG.py for tasks to queue
[2026-09-17T09:53:32.277+0000] {logging_mixin.py:188} INFO - [2026-09-17T09:53:32.276+0000] {dagbag.py:545} INFO - Filling up the DagBag from /opt/airflow/dags/extraction_DAG.py
[2026-09-17T09:53:32.280+0000] {logging_mixin.py:188} INFO - [2026-09-17T09:53:32.279+0000] {dagbag.py:355} ERROR - Failed to import: /opt/airflow/dags/extraction_DAG.py
Traceback (most recent call last):
  File "/home/airflow/.local/lib/python3.12/site-packages/airflow/models/dagbag.py", line 351, in parse
    loader.exec_module(new_module)
  File "<frozen importlib._bootstrap_external>", line 991, in exec_module
  File "<frozen importlib._bootstrap_external>", line 1129, in get_code
  File "<frozen importlib._bootstrap_external>", line 1059, in source_to_code
  File "<frozen importlib._bootstrap>", line 488, in _call_with_frames_removed
  File "/opt/airflow/dags/extraction_DAG.py", line 28
    python_callable = extract_data.getPlaylistDetails
                      
SyntaxError: invalid syntax. Perhaps you forgot a comma?
[2026-09-17T09:53:32.281+0000] {processor.py:842} WARNING - No viable dags retrieved from /opt/airflow/dags/extraction_DAG.py
[2026-09-17T09:53:32.293+0000] {processor.py:183} INFO - Processing /opt/airflow/dags/extraction_DAG.py took 0.118 seconds
[2026-09-17T09:54:02.310+0000] {processor.py:161} INFO - Started process (PID=1612) to work on /opt/airflow/dags/extraction_DAG.py
[2026-09-17T09:54:02.311+0000] {processor.py:830} INFO - Processing file /opt/airflow/dags/extraction_DAG.py for tasks to queue
[2026-09-17T09:54:02.312+0000] {logging_mixin.py:188} INFO - [2026-09-17T09:54:02.312+0000] {dagbag.py:545} INFO - Filling up the DagBag from /opt/airflow/dags/extraction_DAG.py
[2026-09-17T09:54:02.314+0000] {logging_mixin.py:188} INFO - [2026-09-17T09:54:02.313+0000] {dagbag.py:355} ERROR - Failed to import: /opt/airflow/dags/extraction_DAG.py
Traceback (most recent call last):
  File "/home/airflow/.local/lib/python3.12/site-packages/airflow/models/dagbag.py", line 351, in parse
    loader.exec_module(new_module)
  File "<frozen importlib._bootstrap_external>", line 991, in exec_module
  File "<frozen importlib._bootstrap_external>", line 1129, in get_code
  File "<frozen importlib._bootstrap_external>", line 1059, in source_to_code
  File "<frozen importlib._bootstrap>", line 488, in _call_with_frames_removed
  File "/opt/airflow/dags/extraction_DAG.py", line 28
    python_callable = extract_data.getPlaylistDetails
                      
SyntaxError: invalid syntax. Perhaps you forgot a comma?
[2026-09-17T09:54:02.314+0000] {processor.py:842} WARNING - No viable dags retrieved from /opt/airflow/dags/extraction_DAG.py
[2026-09-17T09:54:02.325+0000] {processor.py:183} INFO - Processing /opt/airflow/dags/extraction_DAG.py took 0.018 seconds
[2026-09-17T09:54:32.456+0000] {processor.py:161} INFO - Started process (PID=1619) to work on /opt/airflow/dags/extraction_DAG.py
[2026-09-17T09:54:32.543+0000] {processor.py:830} INFO - Processing file /opt/airflow/dags/extraction_DAG.py for tasks to queue
[2026-09-17T09:54:32.544+0000] {logging_mixin.py:188} INFO - [2026-09-17T09:54:32.544+0000] {dagbag.py:545} INFO - Filling up the DagBag from /opt/airflow/dags/extraction_DAG.py
[2026-09-17T09:54:32.546+0000] {logging_mixin.py:188} INFO - [2026-09-17T09:54:32.546+0000] {dagbag.py:355} ERROR - Failed to import: /opt/airflow/dags/extraction_DAG.py
Traceback (most recent call last):
  File "/home/airflow/.local/lib/python3.12/site-packages/airflow/models/dagbag.py", line 351, in parse
    loader.exec_module(new_module)
  File "<frozen importlib._bootstrap_external>", line 991, in exec_module
  File "<frozen importlib._bootstrap_external>", line 1129, in get_code
  File "<frozen importlib._bootstrap_external>", line 1059, in source_to_code
  File "<frozen importlib._bootstrap>", line 488, in _call_with_frames_removed
  File "/opt/airflow/dags/extraction_DAG.py", line 28
    python_callable = extract_data.getPlaylistDetails
                      
SyntaxError: invalid syntax. Perhaps you forgot a comma?
[2026-09-17T09:54:32.547+0000] {processor.py:842} WARNING - No viable dags retrieved from /opt/airflow/dags/extraction_DAG.py
[2026-09-17T09:54:32.558+0000] {processor.py:183} INFO - Processing /opt/airflow/dags/extraction_DAG.py took 0.111 seconds
[2026-09-17T09:55:02.585+0000] {processor.py:161} INFO - Started process (PID=1626) to work on /opt/airflow/dags/extraction_DAG.py
[2026-09-17T09:55:02.585+0000] {processor.py:830} INFO - Processing file /opt/airflow/dags/extraction_DAG.py for tasks to queue
[2026-09-17T09:55:02.587+0000] {logging_mixin.py:188} INFO - [2026-09-17T09:55:02.586+0000] {dagbag.py:545} INFO - Filling up the DagBag from /opt/airflow/dags/extraction_DAG.py
[2026-09-17T09:55:02.589+0000] {logging_mixin.py:188} INFO - [2026-09-17T09:55:02.588+0000] {dagbag.py:355} ERROR - Failed to import: /opt/airflow/dags/extraction_DAG.py
Traceback (most recent call last):
  File "/home/airflow/.local/lib/python3.12/site-packages/airflow/models/dagbag.py", line 351, in parse
    loader.exec_module(new_module)
  File "<frozen importlib._bootstrap_external>", line 991, in exec_module
  File "<frozen importlib._bootstrap_external>", line 1129, in get_code
  File "<frozen importlib._bootstrap_external>", line 1059, in source_to_code
  File "<frozen importlib._bootstrap>", line 488, in _call_with_frames_removed
  File "/opt/airflow/dags/extraction_DAG.py", line 28
    python_callable = extract_data.getPlaylistDetails
                      
SyntaxError: invalid syntax. Perhaps you forgot a comma?
[2026-09-17T09:55:02.589+0000] {processor.py:842} WARNING - No viable dags retrieved from /opt/airflow/dags/extraction_DAG.py
[2026-09-17T09:55:02.601+0000] {processor.py:183} INFO - Processing /opt/airflow/dags/extraction_DAG.py took 0.021 seconds
[2026-09-17T09:55:32.708+0000] {processor.py:161} INFO - Started process (PID=1633) to work on /opt/airflow/dags/extraction_DAG.py
[2026-09-17T09:55:32.796+0000] {processor.py:830} INFO - Processing file /opt/airflow/dags/extraction_DAG.py for tasks to queue
[2026-09-17T09:55:32.799+0000] {logging_mixin.py:188} INFO - [2026-09-17T09:55:32.798+0000] {dagbag.py:545} INFO - Filling up the DagBag from /opt/airflow/dags/extraction_DAG.py
[2026-09-17T09:55:32.804+0000] {logging_mixin.py:188} INFO - [2026-09-17T09:55:32.802+0000] {dagbag.py:355} ERROR - Failed to import: /opt/airflow/dags/extraction_DAG.py
Traceback (most recent call last):
  File "/home/airflow/.local/lib/python3.12/site-packages/airflow/models/dagbag.py", line 351, in parse
    loader.exec_module(new_module)
  File "<frozen importlib._bootstrap_external>", line 991, in exec_module
  File "<frozen importlib._bootstrap_external>", line 1129, in get_code
  File "<frozen importlib._bootstrap_external>", line 1059, in source_to_code
  File "<frozen importlib._bootstrap>", line 488, in _call_with_frames_removed
  File "/opt/airflow/dags/extraction_DAG.py", line 28
    python_callable = extract_data.getPlaylistDetails
                      
SyntaxError: invalid syntax. Perhaps you forgot a comma?
[2026-09-17T09:55:32.805+0000] {processor.py:842} WARNING - No viable dags retrieved from /opt/airflow/dags/extraction_DAG.py
[2026-09-17T09:55:32.831+0000] {processor.py:183} INFO - Processing /opt/airflow/dags/extraction_DAG.py took 0.131 seconds
[2026-09-17T09:56:02.861+0000] {processor.py:161} INFO - Started process (PID=1640) to work on /opt/airflow/dags/extraction_DAG.py
[2026-09-17T09:56:02.862+0000] {processor.py:830} INFO - Processing file /opt/airflow/dags/extraction_DAG.py for tasks to queue
[2026-09-17T09:56:02.864+0000] {logging_mixin.py:188} INFO - [2026-09-17T09:56:02.864+0000] {dagbag.py:545} INFO - Filling up the DagBag from /opt/airflow/dags/extraction_DAG.py
[2026-09-17T09:56:02.867+0000] {logging_mixin.py:188} INFO - [2026-09-17T09:56:02.866+0000] {dagbag.py:355} ERROR - Failed to import: /opt/airflow/dags/extraction_DAG.py
Traceback (most recent call last):
  File "/home/airflow/.local/lib/python3.12/site-packages/airflow/models/dagbag.py", line 351, in parse
    loader.exec_module(new_module)
  File "<frozen importlib._bootstrap_external>", line 991, in exec_module
  File "<frozen importlib._bootstrap_external>", line 1129, in get_code
  File "<frozen importlib._bootstrap_external>", line 1059, in source_to_code
  File "<frozen importlib._bootstrap>", line 488, in _call_with_frames_removed
  File "/opt/airflow/dags/extraction_DAG.py", line 28
    python_callable = extract_data.getPlaylistDetails
                      
SyntaxError: invalid syntax. Perhaps you forgot a comma?
[2026-09-17T09:56:02.867+0000] {processor.py:842} WARNING - No viable dags retrieved from /opt/airflow/dags/extraction_DAG.py
[2026-09-17T09:56:02.879+0000] {processor.py:183} INFO - Processing /opt/airflow/dags/extraction_DAG.py took 0.027 seconds
[2026-09-17T09:56:32.999+0000] {processor.py:161} INFO - Started process (PID=1646) to work on /opt/airflow/dags/extraction_DAG.py
[2026-09-17T09:56:33.093+0000] {processor.py:830} INFO - Processing file /opt/airflow/dags/extraction_DAG.py for tasks to queue
[2026-09-17T09:56:33.096+0000] {logging_mixin.py:188} INFO - [2026-09-17T09:56:33.096+0000] {dagbag.py:545} INFO - Filling up the DagBag from /opt/airflow/dags/extraction_DAG.py
[2026-09-17T09:56:33.101+0000] {logging_mixin.py:188} INFO - [2026-09-17T09:56:33.099+0000] {dagbag.py:355} ERROR - Failed to import: /opt/airflow/dags/extraction_DAG.py
Traceback (most recent call last):
  File "/home/airflow/.local/lib/python3.12/site-packages/airflow/models/dagbag.py", line 351, in parse
    loader.exec_module(new_module)
  File "<frozen importlib._bootstrap_external>", line 991, in exec_module
  File "<frozen importlib._bootstrap_external>", line 1129, in get_code
  File "<frozen importlib._bootstrap_external>", line 1059, in source_to_code
  File "<frozen importlib._bootstrap>", line 488, in _call_with_frames_removed
  File "/opt/airflow/dags/extraction_DAG.py", line 28
    python_callable = extract_data.getPlaylistDetails
                      
SyntaxError: invalid syntax. Perhaps you forgot a comma?
[2026-09-17T09:56:33.102+0000] {processor.py:842} WARNING - No viable dags retrieved from /opt/airflow/dags/extraction_DAG.py
[2026-09-17T09:56:33.121+0000] {processor.py:183} INFO - Processing /opt/airflow/dags/extraction_DAG.py took 0.131 seconds
[2026-09-17T09:57:03.154+0000] {processor.py:161} INFO - Started process (PID=1653) to work on /opt/airflow/dags/extraction_DAG.py
[2026-09-17T09:57:03.155+0000] {processor.py:830} INFO - Processing file /opt/airflow/dags/extraction_DAG.py for tasks to queue
[2026-09-17T09:57:03.157+0000] {logging_mixin.py:188} INFO - [2026-09-17T09:57:03.156+0000] {dagbag.py:545} INFO - Filling up the DagBag from /opt/airflow/dags/extraction_DAG.py
[2026-09-17T09:57:03.159+0000] {logging_mixin.py:188} INFO - [2026-09-17T09:57:03.159+0000] {dagbag.py:355} ERROR - Failed to import: /opt/airflow/dags/extraction_DAG.py
Traceback (most recent call last):
  File "/home/airflow/.local/lib/python3.12/site-packages/airflow/models/dagbag.py", line 351, in parse
    loader.exec_module(new_module)
  File "<frozen importlib._bootstrap_external>", line 991, in exec_module
  File "<frozen importlib._bootstrap_external>", line 1129, in get_code
  File "<frozen importlib._bootstrap_external>", line 1059, in source_to_code
  File "<frozen importlib._bootstrap>", line 488, in _call_with_frames_removed
  File "/opt/airflow/dags/extraction_DAG.py", line 28
    python_callable = extract_data.getPlaylistDetails
                      
SyntaxError: invalid syntax. Perhaps you forgot a comma?
[2026-09-17T09:57:03.160+0000] {processor.py:842} WARNING - No viable dags retrieved from /opt/airflow/dags/extraction_DAG.py
[2026-09-17T09:57:03.174+0000] {processor.py:183} INFO - Processing /opt/airflow/dags/extraction_DAG.py took 0.030 seconds
[2026-09-17T09:57:33.273+0000] {processor.py:161} INFO - Started process (PID=1660) to work on /opt/airflow/dags/extraction_DAG.py
[2026-09-17T09:57:33.367+0000] {processor.py:830} INFO - Processing file /opt/airflow/dags/extraction_DAG.py for tasks to queue
[2026-09-17T09:57:33.369+0000] {logging_mixin.py:188} INFO - [2026-09-17T09:57:33.369+0000] {dagbag.py:545} INFO - Filling up the DagBag from /opt/airflow/dags/extraction_DAG.py
[2026-09-17T09:57:33.371+0000] {logging_mixin.py:188} INFO - [2026-09-17T09:57:33.370+0000] {dagbag.py:355} ERROR - Failed to import: /opt/airflow/dags/extraction_DAG.py
Traceback (most recent call last):
  File "/home/airflow/.local/lib/python3.12/site-packages/airflow/models/dagbag.py", line 351, in parse
    loader.exec_module(new_module)
  File "<frozen importlib._bootstrap_external>", line 991, in exec_module
  File "<frozen importlib._bootstrap_external>", line 1129, in get_code
  File "<frozen importlib._bootstrap_external>", line 1059, in source_to_code
  File "<frozen importlib._bootstrap>", line 488, in _call_with_frames_removed
  File "/opt/airflow/dags/extraction_DAG.py", line 28
    python_callable = extract_data.getPlaylistDetails
                      
SyntaxError: invalid syntax. Perhaps you forgot a comma?
[2026-09-17T09:57:33.372+0000] {processor.py:842} WARNING - No viable dags retrieved from /opt/airflow/dags/extraction_DAG.py
[2026-09-17T09:57:33.382+0000] {processor.py:183} INFO - Processing /opt/airflow/dags/extraction_DAG.py took 0.118 seconds
[2026-09-17T09:58:03.398+0000] {processor.py:161} INFO - Started process (PID=1667) to work on /opt/airflow/dags/extraction_DAG.py
[2026-09-17T09:58:03.398+0000] {processor.py:830} INFO - Processing file /opt/airflow/dags/extraction_DAG.py for tasks to queue
[2026-09-17T09:58:03.399+0000] {logging_mixin.py:188} INFO - [2026-09-17T09:58:03.399+0000] {dagbag.py:545} INFO - Filling up the DagBag from /opt/airflow/dags/extraction_DAG.py
[2026-09-17T09:58:03.401+0000] {logging_mixin.py:188} INFO - [2026-09-17T09:58:03.401+0000] {dagbag.py:355} ERROR - Failed to import: /opt/airflow/dags/extraction_DAG.py
Traceback (most recent call last):
  File "/home/airflow/.local/lib/python3.12/site-packages/airflow/models/dagbag.py", line 351, in parse
    loader.exec_module(new_module)
  File "<frozen importlib._bootstrap_external>", line 991, in exec_module
  File "<frozen importlib._bootstrap_external>", line 1129, in get_code
  File "<frozen importlib._bootstrap_external>", line 1059, in source_to_code
  File "<frozen importlib._bootstrap>", line 488, in _call_with_frames_removed
  File "/opt/airflow/dags/extraction_DAG.py", line 28
    python_callable = extract_data.getPlaylistDetails
                      
SyntaxError: invalid syntax. Perhaps you forgot a comma?
[2026-09-17T09:58:03.402+0000] {processor.py:842} WARNING - No viable dags retrieved from /opt/airflow/dags/extraction_DAG.py
[2026-09-17T09:58:03.414+0000] {processor.py:183} INFO - Processing /opt/airflow/dags/extraction_DAG.py took 0.020 seconds
[2026-09-17T09:58:33.501+0000] {processor.py:161} INFO - Started process (PID=1674) to work on /opt/airflow/dags/extraction_DAG.py
[2026-09-17T09:58:33.505+0000] {processor.py:830} INFO - Processing file /opt/airflow/dags/extraction_DAG.py for tasks to queue
[2026-09-17T09:58:33.506+0000] {logging_mixin.py:188} INFO - [2026-09-17T09:58:33.506+0000] {dagbag.py:545} INFO - Filling up the DagBag from /opt/airflow/dags/extraction_DAG.py
[2026-09-17T09:58:33.508+0000] {logging_mixin.py:188} INFO - [2026-09-17T09:58:33.508+0000] {dagbag.py:355} ERROR - Failed to import: /opt/airflow/dags/extraction_DAG.py
Traceback (most recent call last):
  File "/home/airflow/.local/lib/python3.12/site-packages/airflow/models/dagbag.py", line 351, in parse
    loader.exec_module(new_module)
  File "<frozen importlib._bootstrap_external>", line 991, in exec_module
  File "<frozen importlib._bootstrap_external>", line 1129, in get_code
  File "<frozen importlib._bootstrap_external>", line 1059, in source_to_code
  File "<frozen importlib._bootstrap>", line 488, in _call_with_frames_removed
  File "/opt/airflow/dags/extraction_DAG.py", line 28
    python_callable = extract_data.getPlaylistDetails
                      
SyntaxError: invalid syntax. Perhaps you forgot a comma?
[2026-09-17T09:58:33.509+0000] {processor.py:842} WARNING - No viable dags retrieved from /opt/airflow/dags/extraction_DAG.py
[2026-09-17T09:58:33.522+0000] {processor.py:183} INFO - Processing /opt/airflow/dags/extraction_DAG.py took 0.027 seconds
[2026-09-17T09:59:03.615+0000] {processor.py:161} INFO - Started process (PID=1681) to work on /opt/airflow/dags/extraction_DAG.py
[2026-09-17T09:59:03.616+0000] {processor.py:830} INFO - Processing file /opt/airflow/dags/extraction_DAG.py for tasks to queue
[2026-09-17T09:59:03.617+0000] {logging_mixin.py:188} INFO - [2026-09-17T09:59:03.617+0000] {dagbag.py:545} INFO - Filling up the DagBag from /opt/airflow/dags/extraction_DAG.py
[2026-09-17T09:59:03.620+0000] {logging_mixin.py:188} INFO - [2026-09-17T09:59:03.619+0000] {dagbag.py:355} ERROR - Failed to import: /opt/airflow/dags/extraction_DAG.py
Traceback (most recent call last):
  File "/home/airflow/.local/lib/python3.12/site-packages/airflow/models/dagbag.py", line 351, in parse
    loader.exec_module(new_module)
  File "<frozen importlib._bootstrap_external>", line 991, in exec_module
  File "<frozen importlib._bootstrap_external>", line 1129, in get_code
  File "<frozen importlib._bootstrap_external>", line 1059, in source_to_code
  File "<frozen importlib._bootstrap>", line 488, in _call_with_frames_removed
  File "/opt/airflow/dags/extraction_DAG.py", line 28
    python_callable = extract_data.getPlaylistDetails
                      
SyntaxError: invalid syntax. Perhaps you forgot a comma?
[2026-09-17T09:59:03.620+0000] {processor.py:842} WARNING - No viable dags retrieved from /opt/airflow/dags/extraction_DAG.py
[2026-09-17T09:59:03.631+0000] {processor.py:183} INFO - Processing /opt/airflow/dags/extraction_DAG.py took 0.024 seconds
[2026-09-17T09:59:33.757+0000] {processor.py:161} INFO - Started process (PID=1688) to work on /opt/airflow/dags/extraction_DAG.py
[2026-09-17T09:59:33.854+0000] {processor.py:830} INFO - Processing file /opt/airflow/dags/extraction_DAG.py for tasks to queue
[2026-09-17T09:59:33.856+0000] {logging_mixin.py:188} INFO - [2026-09-17T09:59:33.855+0000] {dagbag.py:545} INFO - Filling up the DagBag from /opt/airflow/dags/extraction_DAG.py
[2026-09-17T09:59:33.859+0000] {logging_mixin.py:188} INFO - [2026-09-17T09:59:33.858+0000] {dagbag.py:355} ERROR - Failed to import: /opt/airflow/dags/extraction_DAG.py
Traceback (most recent call last):
  File "/home/airflow/.local/lib/python3.12/site-packages/airflow/models/dagbag.py", line 351, in parse
    loader.exec_module(new_module)
  File "<frozen importlib._bootstrap_external>", line 991, in exec_module
  File "<frozen importlib._bootstrap_external>", line 1129, in get_code
  File "<frozen importlib._bootstrap_external>", line 1059, in source_to_code
  File "<frozen importlib._bootstrap>", line 488, in _call_with_frames_removed
  File "/opt/airflow/dags/extraction_DAG.py", line 28
    python_callable = extract_data.getPlaylistDetails
                      
SyntaxError: invalid syntax. Perhaps you forgot a comma?
[2026-09-17T09:59:33.860+0000] {processor.py:842} WARNING - No viable dags retrieved from /opt/airflow/dags/extraction_DAG.py
[2026-09-17T09:59:33.872+0000] {processor.py:183} INFO - Processing /opt/airflow/dags/extraction_DAG.py took 0.124 seconds
[2026-09-17T10:00:03.988+0000] {processor.py:161} INFO - Started process (PID=1695) to work on /opt/airflow/dags/extraction_DAG.py
[2026-09-17T10:00:03.989+0000] {processor.py:830} INFO - Processing file /opt/airflow/dags/extraction_DAG.py for tasks to queue
[2026-09-17T10:00:03.990+0000] {logging_mixin.py:188} INFO - [2026-09-17T10:00:03.990+0000] {dagbag.py:545} INFO - Filling up the DagBag from /opt/airflow/dags/extraction_DAG.py
[2026-09-17T10:00:03.992+0000] {logging_mixin.py:188} INFO - [2026-09-17T10:00:03.991+0000] {dagbag.py:355} ERROR - Failed to import: /opt/airflow/dags/extraction_DAG.py
Traceback (most recent call last):
  File "/home/airflow/.local/lib/python3.12/site-packages/airflow/models/dagbag.py", line 351, in parse
    loader.exec_module(new_module)
  File "<frozen importlib._bootstrap_external>", line 991, in exec_module
  File "<frozen importlib._bootstrap_external>", line 1129, in get_code
  File "<frozen importlib._bootstrap_external>", line 1059, in source_to_code
  File "<frozen importlib._bootstrap>", line 488, in _call_with_frames_removed
  File "/opt/airflow/dags/extraction_DAG.py", line 28
    python_callable = extract_data.getPlaylistDetails
                      
SyntaxError: invalid syntax. Perhaps you forgot a comma?
[2026-09-17T10:00:03.992+0000] {processor.py:842} WARNING - No viable dags retrieved from /opt/airflow/dags/extraction_DAG.py
[2026-09-17T10:00:04.004+0000] {processor.py:183} INFO - Processing /opt/airflow/dags/extraction_DAG.py took 0.018 seconds
[2026-09-17T10:00:34.104+0000] {processor.py:161} INFO - Started process (PID=1702) to work on /opt/airflow/dags/extraction_DAG.py
[2026-09-17T10:00:34.117+0000] {processor.py:830} INFO - Processing file /opt/airflow/dags/extraction_DAG.py for tasks to queue
[2026-09-17T10:00:34.118+0000] {logging_mixin.py:188} INFO - [2026-09-17T10:00:34.118+0000] {dagbag.py:545} INFO - Filling up the DagBag from /opt/airflow/dags/extraction_DAG.py
[2026-09-17T10:00:34.120+0000] {logging_mixin.py:188} INFO - [2026-09-17T10:00:34.119+0000] {dagbag.py:355} ERROR - Failed to import: /opt/airflow/dags/extraction_DAG.py
Traceback (most recent call last):
  File "/home/airflow/.local/lib/python3.12/site-packages/airflow/models/dagbag.py", line 351, in parse
    loader.exec_module(new_module)
  File "<frozen importlib._bootstrap_external>", line 991, in exec_module
  File "<frozen importlib._bootstrap_external>", line 1129, in get_code
  File "<frozen importlib._bootstrap_external>", line 1059, in source_to_code
  File "<frozen importlib._bootstrap>", line 488, in _call_with_frames_removed
  File "/opt/airflow/dags/extraction_DAG.py", line 28
    python_callable = extract_data.getPlaylistDetails
                      
SyntaxError: invalid syntax. Perhaps you forgot a comma?
[2026-09-17T10:00:34.120+0000] {processor.py:842} WARNING - No viable dags retrieved from /opt/airflow/dags/extraction_DAG.py
[2026-09-17T10:00:34.135+0000] {processor.py:183} INFO - Processing /opt/airflow/dags/extraction_DAG.py took 0.035 seconds
[2026-09-17T10:01:04.229+0000] {processor.py:161} INFO - Started process (PID=1709) to work on /opt/airflow/dags/extraction_DAG.py
[2026-09-17T10:01:04.230+0000] {processor.py:830} INFO - Processing file /opt/airflow/dags/extraction_DAG.py for tasks to queue
[2026-09-17T10:01:04.231+0000] {logging_mixin.py:188} INFO - [2026-09-17T10:01:04.231+0000] {dagbag.py:545} INFO - Filling up the DagBag from /opt/airflow/dags/extraction_DAG.py
[2026-09-17T10:01:04.234+0000] {logging_mixin.py:188} INFO - [2026-09-17T10:01:04.233+0000] {dagbag.py:355} ERROR - Failed to import: /opt/airflow/dags/extraction_DAG.py
Traceback (most recent call last):
  File "/home/airflow/.local/lib/python3.12/site-packages/airflow/models/dagbag.py", line 351, in parse
    loader.exec_module(new_module)
  File "<frozen importlib._bootstrap_external>", line 991, in exec_module
  File "<frozen importlib._bootstrap_external>", line 1129, in get_code
  File "<frozen importlib._bootstrap_external>", line 1059, in source_to_code
  File "<frozen importlib._bootstrap>", line 488, in _call_with_frames_removed
  File "/opt/airflow/dags/extraction_DAG.py", line 28
    python_callable = extract_data.getPlaylistDetails
                      
SyntaxError: invalid syntax. Perhaps you forgot a comma?
[2026-09-17T10:01:04.235+0000] {processor.py:842} WARNING - No viable dags retrieved from /opt/airflow/dags/extraction_DAG.py
[2026-09-17T10:01:04.246+0000] {processor.py:183} INFO - Processing /opt/airflow/dags/extraction_DAG.py took 0.027 seconds
[2026-09-17T10:01:26.339+0000] {processor.py:161} INFO - Started process (PID=1710) to work on /opt/airflow/dags/extraction_DAG.py
[2026-09-17T10:01:26.359+0000] {processor.py:830} INFO - Processing file /opt/airflow/dags/extraction_DAG.py for tasks to queue
[2026-09-17T10:01:26.360+0000] {logging_mixin.py:188} INFO - [2026-09-17T10:01:26.360+0000] {dagbag.py:545} INFO - Filling up the DagBag from /opt/airflow/dags/extraction_DAG.py
[2026-09-17T10:01:26.362+0000] {logging_mixin.py:188} INFO - [2026-09-17T10:01:26.361+0000] {dagbag.py:355} ERROR - Failed to import: /opt/airflow/dags/extraction_DAG.py
Traceback (most recent call last):
  File "/home/airflow/.local/lib/python3.12/site-packages/airflow/models/dagbag.py", line 351, in parse
    loader.exec_module(new_module)
  File "<frozen importlib._bootstrap_external>", line 991, in exec_module
  File "<frozen importlib._bootstrap_external>", line 1129, in get_code
  File "<frozen importlib._bootstrap_external>", line 1059, in source_to_code
  File "<frozen importlib._bootstrap>", line 488, in _call_with_frames_removed
  File "/opt/airflow/dags/extraction_DAG.py", line 13
    start_date=datetime(2026, 09, 17),
                              ^
SyntaxError: leading zeros in decimal integer literals are not permitted; use an 0o prefix for octal integers
[2026-09-17T10:01:26.362+0000] {processor.py:842} WARNING - No viable dags retrieved from /opt/airflow/dags/extraction_DAG.py
[2026-09-17T10:01:26.375+0000] {processor.py:183} INFO - Processing /opt/airflow/dags/extraction_DAG.py took 0.040 seconds
[2026-09-17T10:01:40.406+0000] {processor.py:161} INFO - Started process (PID=1717) to work on /opt/airflow/dags/extraction_DAG.py
[2026-09-17T10:01:40.407+0000] {processor.py:830} INFO - Processing file /opt/airflow/dags/extraction_DAG.py for tasks to queue
[2026-09-17T10:01:40.409+0000] {logging_mixin.py:188} INFO - [2026-09-17T10:01:40.408+0000] {dagbag.py:545} INFO - Filling up the DagBag from /opt/airflow/dags/extraction_DAG.py
[2026-09-17T10:01:40.411+0000] {logging_mixin.py:188} INFO - [2026-09-17T10:01:40.410+0000] {dagbag.py:355} ERROR - Failed to import: /opt/airflow/dags/extraction_DAG.py
Traceback (most recent call last):
  File "/home/airflow/.local/lib/python3.12/site-packages/airflow/models/dagbag.py", line 351, in parse
    loader.exec_module(new_module)
  File "<frozen importlib._bootstrap_external>", line 991, in exec_module
  File "<frozen importlib._bootstrap_external>", line 1129, in get_code
  File "<frozen importlib._bootstrap_external>", line 1059, in source_to_code
  File "<frozen importlib._bootstrap>", line 488, in _call_with_frames_removed
  File "/opt/airflow/dags/extraction_DAG.py", line 13
    start_date=datetime(2026, 09, 17),
                              ^
SyntaxError: leading zeros in decimal integer literals are not permitted; use an 0o prefix for octal integers
[2026-09-17T10:01:40.411+0000] {processor.py:842} WARNING - No viable dags retrieved from /opt/airflow/dags/extraction_DAG.py
[2026-09-17T10:01:40.423+0000] {processor.py:183} INFO - Processing /opt/airflow/dags/extraction_DAG.py took 0.024 seconds
[2026-09-17T10:02:10.581+0000] {processor.py:161} INFO - Started process (PID=1724) to work on /opt/airflow/dags/extraction_DAG.py
[2026-09-17T10:02:10.781+0000] {processor.py:830} INFO - Processing file /opt/airflow/dags/extraction_DAG.py for tasks to queue
[2026-09-17T10:02:10.784+0000] {logging_mixin.py:188} INFO - [2026-09-17T10:02:10.783+0000] {dagbag.py:545} INFO - Filling up the DagBag from /opt/airflow/dags/extraction_DAG.py
[2026-09-17T10:02:10.788+0000] {logging_mixin.py:188} INFO - [2026-09-17T10:02:10.786+0000] {dagbag.py:355} ERROR - Failed to import: /opt/airflow/dags/extraction_DAG.py
Traceback (most recent call last):
  File "/home/airflow/.local/lib/python3.12/site-packages/airflow/models/dagbag.py", line 351, in parse
    loader.exec_module(new_module)
  File "<frozen importlib._bootstrap_external>", line 991, in exec_module
  File "<frozen importlib._bootstrap_external>", line 1129, in get_code
  File "<frozen importlib._bootstrap_external>", line 1059, in source_to_code
  File "<frozen importlib._bootstrap>", line 488, in _call_with_frames_removed
  File "/opt/airflow/dags/extraction_DAG.py", line 13
    start_date=datetime(2026, 09, 17),
                              ^
SyntaxError: leading zeros in decimal integer literals are not permitted; use an 0o prefix for octal integers
[2026-09-17T10:02:10.789+0000] {processor.py:842} WARNING - No viable dags retrieved from /opt/airflow/dags/extraction_DAG.py
[2026-09-17T10:02:10.814+0000] {processor.py:183} INFO - Processing /opt/airflow/dags/extraction_DAG.py took 0.243 seconds
[2026-09-17T10:02:40.964+0000] {processor.py:161} INFO - Started process (PID=1731) to work on /opt/airflow/dags/extraction_DAG.py
[2026-09-17T10:02:40.964+0000] {processor.py:830} INFO - Processing file /opt/airflow/dags/extraction_DAG.py for tasks to queue
[2026-09-17T10:02:40.966+0000] {logging_mixin.py:188} INFO - [2026-09-17T10:02:40.966+0000] {dagbag.py:545} INFO - Filling up the DagBag from /opt/airflow/dags/extraction_DAG.py
[2026-09-17T10:02:40.970+0000] {logging_mixin.py:188} INFO - [2026-09-17T10:02:40.968+0000] {dagbag.py:355} ERROR - Failed to import: /opt/airflow/dags/extraction_DAG.py
Traceback (most recent call last):
  File "/home/airflow/.local/lib/python3.12/site-packages/airflow/models/dagbag.py", line 351, in parse
    loader.exec_module(new_module)
  File "<frozen importlib._bootstrap_external>", line 991, in exec_module
  File "<frozen importlib._bootstrap_external>", line 1129, in get_code
  File "<frozen importlib._bootstrap_external>", line 1059, in source_to_code
  File "<frozen importlib._bootstrap>", line 488, in _call_with_frames_removed
  File "/opt/airflow/dags/extraction_DAG.py", line 13
    start_date=datetime(2026, 09, 17),
                              ^
SyntaxError: leading zeros in decimal integer literals are not permitted; use an 0o prefix for octal integers
[2026-09-17T10:02:40.970+0000] {processor.py:842} WARNING - No viable dags retrieved from /opt/airflow/dags/extraction_DAG.py
[2026-09-17T10:02:40.984+0000] {processor.py:183} INFO - Processing /opt/airflow/dags/extraction_DAG.py took 0.028 seconds
[2026-09-17T10:03:00.042+0000] {processor.py:161} INFO - Started process (PID=1738) to work on /opt/airflow/dags/extraction_DAG.py
[2026-09-17T10:03:00.050+0000] {processor.py:830} INFO - Processing file /opt/airflow/dags/extraction_DAG.py for tasks to queue
[2026-09-17T10:03:00.052+0000] {logging_mixin.py:188} INFO - [2026-09-17T10:03:00.052+0000] {dagbag.py:545} INFO - Filling up the DagBag from /opt/airflow/dags/extraction_DAG.py
[2026-09-17T10:03:00.075+0000] {logging_mixin.py:188} INFO - [2026-09-17T10:03:00.073+0000] {dagbag.py:355} ERROR - Failed to import: /opt/airflow/dags/extraction_DAG.py
Traceback (most recent call last):
  File "/home/airflow/.local/lib/python3.12/site-packages/airflow/models/dagbag.py", line 351, in parse
    loader.exec_module(new_module)
  File "<frozen importlib._bootstrap_external>", line 995, in exec_module
  File "<frozen importlib._bootstrap>", line 488, in _call_with_frames_removed
  File "/opt/airflow/dags/extraction_DAG.py", line 6, in <module>
    from include import extract as extract_data
ModuleNotFoundError: No module named 'include'
[2026-09-17T10:03:00.076+0000] {processor.py:842} WARNING - No viable dags retrieved from /opt/airflow/dags/extraction_DAG.py
[2026-09-17T10:03:00.092+0000] {processor.py:183} INFO - Processing /opt/airflow/dags/extraction_DAG.py took 0.053 seconds
[2026-09-17T10:03:30.180+0000] {processor.py:161} INFO - Started process (PID=1745) to work on /opt/airflow/dags/extraction_DAG.py
[2026-09-17T10:03:30.181+0000] {processor.py:830} INFO - Processing file /opt/airflow/dags/extraction_DAG.py for tasks to queue
[2026-09-17T10:03:30.182+0000] {logging_mixin.py:188} INFO - [2026-09-17T10:03:30.182+0000] {dagbag.py:545} INFO - Filling up the DagBag from /opt/airflow/dags/extraction_DAG.py
[2026-09-17T10:03:30.185+0000] {logging_mixin.py:188} INFO - [2026-09-17T10:03:30.184+0000] {dagbag.py:355} ERROR - Failed to import: /opt/airflow/dags/extraction_DAG.py
Traceback (most recent call last):
  File "/home/airflow/.local/lib/python3.12/site-packages/airflow/models/dagbag.py", line 351, in parse
    loader.exec_module(new_module)
  File "<frozen importlib._bootstrap_external>", line 995, in exec_module
  File "<frozen importlib._bootstrap>", line 488, in _call_with_frames_removed
  File "/opt/airflow/dags/extraction_DAG.py", line 6, in <module>
    from include import extract as extract_data
ModuleNotFoundError: No module named 'include'
[2026-09-17T10:03:30.186+0000] {processor.py:842} WARNING - No viable dags retrieved from /opt/airflow/dags/extraction_DAG.py
[2026-09-17T10:03:30.197+0000] {processor.py:183} INFO - Processing /opt/airflow/dags/extraction_DAG.py took 0.026 seconds
[2026-09-17T10:03:48.272+0000] {processor.py:161} INFO - Started process (PID=1746) to work on /opt/airflow/dags/extraction_DAG.py
[2026-09-17T10:03:48.352+0000] {processor.py:830} INFO - Processing file /opt/airflow/dags/extraction_DAG.py for tasks to queue
[2026-09-17T10:03:48.356+0000] {logging_mixin.py:188} INFO - [2026-09-17T10:03:48.355+0000] {dagbag.py:545} INFO - Filling up the DagBag from /opt/airflow/dags/extraction_DAG.py
[2026-09-17T10:03:48.362+0000] {logging_mixin.py:188} INFO - [2026-09-17T10:03:48.360+0000] {dagbag.py:355} ERROR - Failed to import: /opt/airflow/dags/extraction_DAG.py
Traceback (most recent call last):
  File "/home/airflow/.local/lib/python3.12/site-packages/airflow/models/dagbag.py", line 351, in parse
    loader.exec_module(new_module)
  File "<frozen importlib._bootstrap_external>", line 995, in exec_module
  File "<frozen importlib._bootstrap>", line 488, in _call_with_frames_removed
  File "/opt/airflow/dags/extraction_DAG.py", line 5, in <module>
    from include import extract as extract_data
ModuleNotFoundError: No module named 'include'
[2026-09-17T10:03:48.363+0000] {processor.py:842} WARNING - No viable dags retrieved from /opt/airflow/dags/extraction_DAG.py
[2026-09-17T10:03:48.379+0000] {processor.py:183} INFO - Processing /opt/airflow/dags/extraction_DAG.py took 0.113 seconds
[2026-09-17T10:04:18.396+0000] {processor.py:161} INFO - Started process (PID=1753) to work on /opt/airflow/dags/extraction_DAG.py
[2026-09-17T10:04:18.397+0000] {processor.py:830} INFO - Processing file /opt/airflow/dags/extraction_DAG.py for tasks to queue
[2026-09-17T10:04:18.398+0000] {logging_mixin.py:188} INFO - [2026-09-17T10:04:18.398+0000] {dagbag.py:545} INFO - Filling up the DagBag from /opt/airflow/dags/extraction_DAG.py
[2026-09-17T10:04:18.400+0000] {logging_mixin.py:188} INFO - [2026-09-17T10:04:18.399+0000] {dagbag.py:355} ERROR - Failed to import: /opt/airflow/dags/extraction_DAG.py
Traceback (most recent call last):
  File "/home/airflow/.local/lib/python3.12/site-packages/airflow/models/dagbag.py", line 351, in parse
    loader.exec_module(new_module)
  File "<frozen importlib._bootstrap_external>", line 995, in exec_module
  File "<frozen importlib._bootstrap>", line 488, in _call_with_frames_removed
  File "/opt/airflow/dags/extraction_DAG.py", line 5, in <module>
    from include import extract as extract_data
ModuleNotFoundError: No module named 'include'
[2026-09-17T10:04:18.400+0000] {processor.py:842} WARNING - No viable dags retrieved from /opt/airflow/dags/extraction_DAG.py
[2026-09-17T10:04:18.412+0000] {processor.py:183} INFO - Processing /opt/airflow/dags/extraction_DAG.py took 0.019 seconds
[2026-09-17T10:04:48.513+0000] {processor.py:161} INFO - Started process (PID=1760) to work on /opt/airflow/dags/extraction_DAG.py
[2026-09-17T10:04:48.526+0000] {processor.py:830} INFO - Processing file /opt/airflow/dags/extraction_DAG.py for tasks to queue
[2026-09-17T10:04:48.529+0000] {logging_mixin.py:188} INFO - [2026-09-17T10:04:48.528+0000] {dagbag.py:545} INFO - Filling up the DagBag from /opt/airflow/dags/extraction_DAG.py
[2026-09-17T10:04:48.533+0000] {logging_mixin.py:188} INFO - [2026-09-17T10:04:48.532+0000] {dagbag.py:355} ERROR - Failed to import: /opt/airflow/dags/extraction_DAG.py
Traceback (most recent call last):
  File "/home/airflow/.local/lib/python3.12/site-packages/airflow/models/dagbag.py", line 351, in parse
    loader.exec_module(new_module)
  File "<frozen importlib._bootstrap_external>", line 995, in exec_module
  File "<frozen importlib._bootstrap>", line 488, in _call_with_frames_removed
  File "/opt/airflow/dags/extraction_DAG.py", line 5, in <module>
    from include import extract as extract_data
ModuleNotFoundError: No module named 'include'
[2026-09-17T10:04:48.534+0000] {processor.py:842} WARNING - No viable dags retrieved from /opt/airflow/dags/extraction_DAG.py
[2026-09-17T10:04:48.558+0000] {processor.py:183} INFO - Processing /opt/airflow/dags/extraction_DAG.py took 0.052 seconds
[2026-09-17T10:05:16.654+0000] {processor.py:161} INFO - Started process (PID=1767) to work on /opt/airflow/dags/extraction_DAG.py
[2026-09-17T10:05:16.655+0000] {processor.py:830} INFO - Processing file /opt/airflow/dags/extraction_DAG.py for tasks to queue
[2026-09-17T10:05:16.657+0000] {logging_mixin.py:188} INFO - [2026-09-17T10:05:16.656+0000] {dagbag.py:545} INFO - Filling up the DagBag from /opt/airflow/dags/extraction_DAG.py
[2026-09-17T10:05:16.662+0000] {logging_mixin.py:188} INFO - [2026-09-17T10:05:16.661+0000] {dagbag.py:355} ERROR - Failed to import: /opt/airflow/dags/extraction_DAG.py
Traceback (most recent call last):
  File "/home/airflow/.local/lib/python3.12/site-packages/airflow/models/dagbag.py", line 351, in parse
    loader.exec_module(new_module)
  File "<frozen importlib._bootstrap_external>", line 995, in exec_module
  File "<frozen importlib._bootstrap>", line 488, in _call_with_frames_removed
  File "/opt/airflow/dags/extraction_DAG.py", line 7, in <module>
    from include import extract as extract_data
ModuleNotFoundError: No module named 'include'
[2026-09-17T10:05:16.663+0000] {processor.py:842} WARNING - No viable dags retrieved from /opt/airflow/dags/extraction_DAG.py
[2026-09-17T10:05:16.685+0000] {processor.py:183} INFO - Processing /opt/airflow/dags/extraction_DAG.py took 0.038 seconds
[2026-09-17T10:05:46.777+0000] {processor.py:161} INFO - Started process (PID=1774) to work on /opt/airflow/dags/extraction_DAG.py
[2026-09-17T10:05:46.863+0000] {processor.py:830} INFO - Processing file /opt/airflow/dags/extraction_DAG.py for tasks to queue
[2026-09-17T10:05:46.865+0000] {logging_mixin.py:188} INFO - [2026-09-17T10:05:46.865+0000] {dagbag.py:545} INFO - Filling up the DagBag from /opt/airflow/dags/extraction_DAG.py
[2026-09-17T10:05:46.871+0000] {logging_mixin.py:188} INFO - [2026-09-17T10:05:46.869+0000] {dagbag.py:355} ERROR - Failed to import: /opt/airflow/dags/extraction_DAG.py
Traceback (most recent call last):
  File "/home/airflow/.local/lib/python3.12/site-packages/airflow/models/dagbag.py", line 351, in parse
    loader.exec_module(new_module)
  File "<frozen importlib._bootstrap_external>", line 995, in exec_module
  File "<frozen importlib._bootstrap>", line 488, in _call_with_frames_removed
  File "/opt/airflow/dags/extraction_DAG.py", line 7, in <module>
    from include import extract as extract_data
ModuleNotFoundError: No module named 'include'
[2026-09-17T10:05:46.872+0000] {processor.py:842} WARNING - No viable dags retrieved from /opt/airflow/dags/extraction_DAG.py
[2026-09-17T10:05:46.887+0000] {processor.py:183} INFO - Processing /opt/airflow/dags/extraction_DAG.py took 0.114 seconds
[2026-09-17T10:06:16.924+0000] {processor.py:161} INFO - Started process (PID=1781) to work on /opt/airflow/dags/extraction_DAG.py
[2026-09-17T10:06:16.925+0000] {processor.py:830} INFO - Processing file /opt/airflow/dags/extraction_DAG.py for tasks to queue
[2026-09-17T10:06:16.926+0000] {logging_mixin.py:188} INFO - [2026-09-17T10:06:16.926+0000] {dagbag.py:545} INFO - Filling up the DagBag from /opt/airflow/dags/extraction_DAG.py
[2026-09-17T10:06:16.928+0000] {logging_mixin.py:188} INFO - [2026-09-17T10:06:16.927+0000] {dagbag.py:355} ERROR - Failed to import: /opt/airflow/dags/extraction_DAG.py
Traceback (most recent call last):
  File "/home/airflow/.local/lib/python3.12/site-packages/airflow/models/dagbag.py", line 351, in parse
    loader.exec_module(new_module)
  File "<frozen importlib._bootstrap_external>", line 995, in exec_module
  File "<frozen importlib._bootstrap>", line 488, in _call_with_frames_removed
  File "/opt/airflow/dags/extraction_DAG.py", line 7, in <module>
    from include import extract as extract_data
ModuleNotFoundError: No module named 'include'
[2026-09-17T10:06:16.929+0000] {processor.py:842} WARNING - No viable dags retrieved from /opt/airflow/dags/extraction_DAG.py
[2026-09-17T10:06:16.941+0000] {processor.py:183} INFO - Processing /opt/airflow/dags/extraction_DAG.py took 0.028 seconds
[2026-09-17T10:06:47.056+0000] {processor.py:161} INFO - Started process (PID=1788) to work on /opt/airflow/dags/extraction_DAG.py
[2026-09-17T10:06:47.145+0000] {processor.py:830} INFO - Processing file /opt/airflow/dags/extraction_DAG.py for tasks to queue
[2026-09-17T10:06:47.148+0000] {logging_mixin.py:188} INFO - [2026-09-17T10:06:47.147+0000] {dagbag.py:545} INFO - Filling up the DagBag from /opt/airflow/dags/extraction_DAG.py
[2026-09-17T10:06:47.152+0000] {logging_mixin.py:188} INFO - [2026-09-17T10:06:47.150+0000] {dagbag.py:355} ERROR - Failed to import: /opt/airflow/dags/extraction_DAG.py
Traceback (most recent call last):
  File "/home/airflow/.local/lib/python3.12/site-packages/airflow/models/dagbag.py", line 351, in parse
    loader.exec_module(new_module)
  File "<frozen importlib._bootstrap_external>", line 995, in exec_module
  File "<frozen importlib._bootstrap>", line 488, in _call_with_frames_removed
  File "/opt/airflow/dags/extraction_DAG.py", line 7, in <module>
    from include import extract as extract_data
ModuleNotFoundError: No module named 'include'
[2026-09-17T10:06:47.153+0000] {processor.py:842} WARNING - No viable dags retrieved from /opt/airflow/dags/extraction_DAG.py
[2026-09-17T10:06:47.176+0000] {processor.py:183} INFO - Processing /opt/airflow/dags/extraction_DAG.py took 0.128 seconds
[2026-09-17T10:07:17.291+0000] {processor.py:161} INFO - Started process (PID=1795) to work on /opt/airflow/dags/extraction_DAG.py
[2026-09-17T10:07:17.292+0000] {processor.py:830} INFO - Processing file /opt/airflow/dags/extraction_DAG.py for tasks to queue
[2026-09-17T10:07:17.293+0000] {logging_mixin.py:188} INFO - [2026-09-17T10:07:17.293+0000] {dagbag.py:545} INFO - Filling up the DagBag from /opt/airflow/dags/extraction_DAG.py
[2026-09-17T10:07:17.295+0000] {logging_mixin.py:188} INFO - [2026-09-17T10:07:17.295+0000] {dagbag.py:355} ERROR - Failed to import: /opt/airflow/dags/extraction_DAG.py
Traceback (most recent call last):
  File "/home/airflow/.local/lib/python3.12/site-packages/airflow/models/dagbag.py", line 351, in parse
    loader.exec_module(new_module)
  File "<frozen importlib._bootstrap_external>", line 995, in exec_module
  File "<frozen importlib._bootstrap>", line 488, in _call_with_frames_removed
  File "/opt/airflow/dags/extraction_DAG.py", line 7, in <module>
    from include import extract as extract_data
ModuleNotFoundError: No module named 'include'
[2026-09-17T10:07:17.296+0000] {processor.py:842} WARNING - No viable dags retrieved from /opt/airflow/dags/extraction_DAG.py
[2026-09-17T10:07:17.308+0000] {processor.py:183} INFO - Processing /opt/airflow/dags/extraction_DAG.py took 0.021 seconds
[2026-09-17T10:07:32.363+0000] {processor.py:161} INFO - Started process (PID=1802) to work on /opt/airflow/dags/extraction_DAG.py
[2026-09-17T10:07:32.470+0000] {processor.py:830} INFO - Processing file /opt/airflow/dags/extraction_DAG.py for tasks to queue
[2026-09-17T10:07:32.472+0000] {logging_mixin.py:188} INFO - [2026-09-17T10:07:32.472+0000] {dagbag.py:545} INFO - Filling up the DagBag from /opt/airflow/dags/extraction_DAG.py
[2026-09-17T10:07:32.476+0000] {logging_mixin.py:188} INFO - [2026-09-17T10:07:32.475+0000] {dagbag.py:355} ERROR - Failed to import: /opt/airflow/dags/extraction_DAG.py
Traceback (most recent call last):
  File "/home/airflow/.local/lib/python3.12/site-packages/airflow/models/dagbag.py", line 351, in parse
    loader.exec_module(new_module)
  File "<frozen importlib._bootstrap_external>", line 995, in exec_module
  File "<frozen importlib._bootstrap>", line 488, in _call_with_frames_removed
  File "/opt/airflow/dags/extraction_DAG.py", line 5, in <module>
    from include import extract as extract_data
ModuleNotFoundError: No module named 'include'
[2026-09-17T10:07:32.476+0000] {processor.py:842} WARNING - No viable dags retrieved from /opt/airflow/dags/extraction_DAG.py
[2026-09-17T10:07:32.490+0000] {processor.py:183} INFO - Processing /opt/airflow/dags/extraction_DAG.py took 0.136 seconds
[2026-09-17T10:08:02.605+0000] {processor.py:161} INFO - Started process (PID=1808) to work on /opt/airflow/dags/extraction_DAG.py
[2026-09-17T10:08:02.605+0000] {processor.py:830} INFO - Processing file /opt/airflow/dags/extraction_DAG.py for tasks to queue
[2026-09-17T10:08:02.607+0000] {logging_mixin.py:188} INFO - [2026-09-17T10:08:02.606+0000] {dagbag.py:545} INFO - Filling up the DagBag from /opt/airflow/dags/extraction_DAG.py
[2026-09-17T10:08:02.609+0000] {logging_mixin.py:188} INFO - [2026-09-17T10:08:02.608+0000] {dagbag.py:355} ERROR - Failed to import: /opt/airflow/dags/extraction_DAG.py
Traceback (most recent call last):
  File "/home/airflow/.local/lib/python3.12/site-packages/airflow/models/dagbag.py", line 351, in parse
    loader.exec_module(new_module)
  File "<frozen importlib._bootstrap_external>", line 995, in exec_module
  File "<frozen importlib._bootstrap>", line 488, in _call_with_frames_removed
  File "/opt/airflow/dags/extraction_DAG.py", line 5, in <module>
    from include import extract as extract_data
ModuleNotFoundError: No module named 'include'
[2026-09-17T10:08:02.609+0000] {processor.py:842} WARNING - No viable dags retrieved from /opt/airflow/dags/extraction_DAG.py
[2026-09-17T10:08:02.621+0000] {processor.py:183} INFO - Processing /opt/airflow/dags/extraction_DAG.py took 0.021 seconds
[2026-09-17T10:08:32.741+0000] {processor.py:161} INFO - Started process (PID=1815) to work on /opt/airflow/dags/extraction_DAG.py
[2026-09-17T10:08:32.831+0000] {processor.py:830} INFO - Processing file /opt/airflow/dags/extraction_DAG.py for tasks to queue
[2026-09-17T10:08:32.834+0000] {logging_mixin.py:188} INFO - [2026-09-17T10:08:32.834+0000] {dagbag.py:545} INFO - Filling up the DagBag from /opt/airflow/dags/extraction_DAG.py
[2026-09-17T10:08:32.839+0000] {logging_mixin.py:188} INFO - [2026-09-17T10:08:32.838+0000] {dagbag.py:355} ERROR - Failed to import: /opt/airflow/dags/extraction_DAG.py
Traceback (most recent call last):
  File "/home/airflow/.local/lib/python3.12/site-packages/airflow/models/dagbag.py", line 351, in parse
    loader.exec_module(new_module)
  File "<frozen importlib._bootstrap_external>", line 995, in exec_module
  File "<frozen importlib._bootstrap>", line 488, in _call_with_frames_removed
  File "/opt/airflow/dags/extraction_DAG.py", line 5, in <module>
    from include import extract as extract_data
ModuleNotFoundError: No module named 'include'
[2026-09-17T10:08:32.840+0000] {processor.py:842} WARNING - No viable dags retrieved from /opt/airflow/dags/extraction_DAG.py
[2026-09-17T10:08:32.866+0000] {processor.py:183} INFO - Processing /opt/airflow/dags/extraction_DAG.py took 0.132 seconds
[2026-09-17T10:08:47.820+0000] {processor.py:161} INFO - Started process (PID=1816) to work on /opt/airflow/dags/extraction_DAG.py
[2026-09-17T10:08:47.820+0000] {processor.py:830} INFO - Processing file /opt/airflow/dags/extraction_DAG.py for tasks to queue
[2026-09-17T10:08:47.822+0000] {logging_mixin.py:188} INFO - [2026-09-17T10:08:47.821+0000] {dagbag.py:545} INFO - Filling up the DagBag from /opt/airflow/dags/extraction_DAG.py
[2026-09-17T10:08:47.824+0000] {logging_mixin.py:188} INFO - [2026-09-17T10:08:47.823+0000] {dagbag.py:355} ERROR - Failed to import: /opt/airflow/dags/extraction_DAG.py
Traceback (most recent call last):
  File "/home/airflow/.local/lib/python3.12/site-packages/airflow/models/dagbag.py", line 351, in parse
    loader.exec_module(new_module)
  File "<frozen importlib._bootstrap_external>", line 995, in exec_module
  File "<frozen importlib._bootstrap>", line 488, in _call_with_frames_removed
  File "/opt/airflow/dags/extraction_DAG.py", line 5, in <module>
    from include import extract as extract_data
ModuleNotFoundError: No module named 'include'
[2026-09-17T10:08:47.824+0000] {processor.py:842} WARNING - No viable dags retrieved from /opt/airflow/dags/extraction_DAG.py
[2026-09-17T10:08:47.836+0000] {processor.py:183} INFO - Processing /opt/airflow/dags/extraction_DAG.py took 0.020 seconds
[2026-09-17T10:08:57.872+0000] {processor.py:161} INFO - Started process (PID=1817) to work on /opt/airflow/dags/extraction_DAG.py
[2026-09-17T10:08:57.872+0000] {processor.py:830} INFO - Processing file /opt/airflow/dags/extraction_DAG.py for tasks to queue
[2026-09-17T10:08:57.874+0000] {logging_mixin.py:188} INFO - [2026-09-17T10:08:57.874+0000] {dagbag.py:545} INFO - Filling up the DagBag from /opt/airflow/dags/extraction_DAG.py
[2026-09-17T10:08:57.877+0000] {logging_mixin.py:188} INFO - [2026-09-17T10:08:57.876+0000] {dagbag.py:355} ERROR - Failed to import: /opt/airflow/dags/extraction_DAG.py
Traceback (most recent call last):
  File "/home/airflow/.local/lib/python3.12/site-packages/airflow/models/dagbag.py", line 351, in parse
    loader.exec_module(new_module)
  File "<frozen importlib._bootstrap_external>", line 995, in exec_module
  File "<frozen importlib._bootstrap>", line 488, in _call_with_frames_removed
  File "/opt/airflow/dags/extraction_DAG.py", line 7, in <module>
    from include import extract as extract_data
ModuleNotFoundError: No module named 'include'
[2026-09-17T10:08:57.878+0000] {processor.py:842} WARNING - No viable dags retrieved from /opt/airflow/dags/extraction_DAG.py
[2026-09-17T10:08:57.889+0000] {processor.py:183} INFO - Processing /opt/airflow/dags/extraction_DAG.py took 0.027 seconds
[2026-09-17T10:09:28.006+0000] {processor.py:161} INFO - Started process (PID=1824) to work on /opt/airflow/dags/extraction_DAG.py
[2026-09-17T10:09:28.018+0000] {processor.py:830} INFO - Processing file /opt/airflow/dags/extraction_DAG.py for tasks to queue
[2026-09-17T10:09:28.019+0000] {logging_mixin.py:188} INFO - [2026-09-17T10:09:28.019+0000] {dagbag.py:545} INFO - Filling up the DagBag from /opt/airflow/dags/extraction_DAG.py
[2026-09-17T10:09:28.021+0000] {logging_mixin.py:188} INFO - [2026-09-17T10:09:28.020+0000] {dagbag.py:355} ERROR - Failed to import: /opt/airflow/dags/extraction_DAG.py
Traceback (most recent call last):
  File "/home/airflow/.local/lib/python3.12/site-packages/airflow/models/dagbag.py", line 351, in parse
    loader.exec_module(new_module)
  File "<frozen importlib._bootstrap_external>", line 995, in exec_module
  File "<frozen importlib._bootstrap>", line 488, in _call_with_frames_removed
  File "/opt/airflow/dags/extraction_DAG.py", line 7, in <module>
    from include import extract as extract_data
ModuleNotFoundError: No module named 'include'
[2026-09-17T10:09:28.021+0000] {processor.py:842} WARNING - No viable dags retrieved from /opt/airflow/dags/extraction_DAG.py
[2026-09-17T10:09:28.032+0000] {processor.py:183} INFO - Processing /opt/airflow/dags/extraction_DAG.py took 0.030 seconds
[2026-09-17T10:09:58.150+0000] {processor.py:161} INFO - Started process (PID=1831) to work on /opt/airflow/dags/extraction_DAG.py
[2026-09-17T10:09:58.151+0000] {processor.py:830} INFO - Processing file /opt/airflow/dags/extraction_DAG.py for tasks to queue
[2026-09-17T10:09:58.152+0000] {logging_mixin.py:188} INFO - [2026-09-17T10:09:58.152+0000] {dagbag.py:545} INFO - Filling up the DagBag from /opt/airflow/dags/extraction_DAG.py
[2026-09-17T10:09:58.155+0000] {logging_mixin.py:188} INFO - [2026-09-17T10:09:58.154+0000] {dagbag.py:355} ERROR - Failed to import: /opt/airflow/dags/extraction_DAG.py
Traceback (most recent call last):
  File "/home/airflow/.local/lib/python3.12/site-packages/airflow/models/dagbag.py", line 351, in parse
    loader.exec_module(new_module)
  File "<frozen importlib._bootstrap_external>", line 995, in exec_module
  File "<frozen importlib._bootstrap>", line 488, in _call_with_frames_removed
  File "/opt/airflow/dags/extraction_DAG.py", line 7, in <module>
    from include import extract as extract_data
ModuleNotFoundError: No module named 'include'
[2026-09-17T10:09:58.155+0000] {processor.py:842} WARNING - No viable dags retrieved from /opt/airflow/dags/extraction_DAG.py
[2026-09-17T10:09:58.166+0000] {processor.py:183} INFO - Processing /opt/airflow/dags/extraction_DAG.py took 0.025 seconds
[2026-09-17T10:10:28.278+0000] {processor.py:161} INFO - Started process (PID=1838) to work on /opt/airflow/dags/extraction_DAG.py
[2026-09-17T10:10:28.369+0000] {processor.py:830} INFO - Processing file /opt/airflow/dags/extraction_DAG.py for tasks to queue
[2026-09-17T10:10:28.370+0000] {logging_mixin.py:188} INFO - [2026-09-17T10:10:28.370+0000] {dagbag.py:545} INFO - Filling up the DagBag from /opt/airflow/dags/extraction_DAG.py
[2026-09-17T10:10:28.372+0000] {logging_mixin.py:188} INFO - [2026-09-17T10:10:28.371+0000] {dagbag.py:355} ERROR - Failed to import: /opt/airflow/dags/extraction_DAG.py
Traceback (most recent call last):
  File "/home/airflow/.local/lib/python3.12/site-packages/airflow/models/dagbag.py", line 351, in parse
    loader.exec_module(new_module)
  File "<frozen importlib._bootstrap_external>", line 995, in exec_module
  File "<frozen importlib._bootstrap>", line 488, in _call_with_frames_removed
  File "/opt/airflow/dags/extraction_DAG.py", line 7, in <module>
    from include import extract as extract_data
ModuleNotFoundError: No module named 'include'
[2026-09-17T10:10:28.372+0000] {processor.py:842} WARNING - No viable dags retrieved from /opt/airflow/dags/extraction_DAG.py
[2026-09-17T10:10:28.384+0000] {processor.py:183} INFO - Processing /opt/airflow/dags/extraction_DAG.py took 0.110 seconds
[2026-09-17T10:10:58.484+0000] {processor.py:161} INFO - Started process (PID=1845) to work on /opt/airflow/dags/extraction_DAG.py
[2026-09-17T10:10:58.484+0000] {processor.py:830} INFO - Processing file /opt/airflow/dags/extraction_DAG.py for tasks to queue
[2026-09-17T10:10:58.486+0000] {logging_mixin.py:188} INFO - [2026-09-17T10:10:58.486+0000] {dagbag.py:545} INFO - Filling up the DagBag from /opt/airflow/dags/extraction_DAG.py
[2026-09-17T10:10:58.489+0000] {logging_mixin.py:188} INFO - [2026-09-17T10:10:58.488+0000] {dagbag.py:355} ERROR - Failed to import: /opt/airflow/dags/extraction_DAG.py
Traceback (most recent call last):
  File "/home/airflow/.local/lib/python3.12/site-packages/airflow/models/dagbag.py", line 351, in parse
    loader.exec_module(new_module)
  File "<frozen importlib._bootstrap_external>", line 995, in exec_module
  File "<frozen importlib._bootstrap>", line 488, in _call_with_frames_removed
  File "/opt/airflow/dags/extraction_DAG.py", line 7, in <module>
    from include import extract as extract_data
ModuleNotFoundError: No module named 'include'
[2026-09-17T10:10:58.489+0000] {processor.py:842} WARNING - No viable dags retrieved from /opt/airflow/dags/extraction_DAG.py
[2026-09-17T10:10:58.501+0000] {processor.py:183} INFO - Processing /opt/airflow/dags/extraction_DAG.py took 0.020 seconds
[2026-09-17T10:11:28.616+0000] {processor.py:161} INFO - Started process (PID=1852) to work on /opt/airflow/dags/extraction_DAG.py
[2026-09-17T10:11:28.767+0000] {processor.py:830} INFO - Processing file /opt/airflow/dags/extraction_DAG.py for tasks to queue
[2026-09-17T10:11:28.768+0000] {logging_mixin.py:188} INFO - [2026-09-17T10:11:28.768+0000] {dagbag.py:545} INFO - Filling up the DagBag from /opt/airflow/dags/extraction_DAG.py
[2026-09-17T10:11:28.770+0000] {logging_mixin.py:188} INFO - [2026-09-17T10:11:28.770+0000] {dagbag.py:355} ERROR - Failed to import: /opt/airflow/dags/extraction_DAG.py
Traceback (most recent call last):
  File "/home/airflow/.local/lib/python3.12/site-packages/airflow/models/dagbag.py", line 351, in parse
    loader.exec_module(new_module)
  File "<frozen importlib._bootstrap_external>", line 995, in exec_module
  File "<frozen importlib._bootstrap>", line 488, in _call_with_frames_removed
  File "/opt/airflow/dags/extraction_DAG.py", line 7, in <module>
    from include import extract as extract_data
ModuleNotFoundError: No module named 'include'
[2026-09-17T10:11:28.771+0000] {processor.py:842} WARNING - No viable dags retrieved from /opt/airflow/dags/extraction_DAG.py
[2026-09-17T10:11:28.783+0000] {processor.py:183} INFO - Processing /opt/airflow/dags/extraction_DAG.py took 0.176 seconds
[2026-09-17T10:11:58.910+0000] {processor.py:161} INFO - Started process (PID=1865) to work on /opt/airflow/dags/extraction_DAG.py
[2026-09-17T10:11:58.911+0000] {processor.py:830} INFO - Processing file /opt/airflow/dags/extraction_DAG.py for tasks to queue
[2026-09-17T10:11:58.913+0000] {logging_mixin.py:188} INFO - [2026-09-17T10:11:58.912+0000] {dagbag.py:545} INFO - Filling up the DagBag from /opt/airflow/dags/extraction_DAG.py
[2026-09-17T10:11:58.915+0000] {logging_mixin.py:188} INFO - [2026-09-17T10:11:58.914+0000] {dagbag.py:355} ERROR - Failed to import: /opt/airflow/dags/extraction_DAG.py
Traceback (most recent call last):
  File "/home/airflow/.local/lib/python3.12/site-packages/airflow/models/dagbag.py", line 351, in parse
    loader.exec_module(new_module)
  File "<frozen importlib._bootstrap_external>", line 995, in exec_module
  File "<frozen importlib._bootstrap>", line 488, in _call_with_frames_removed
  File "/opt/airflow/dags/extraction_DAG.py", line 7, in <module>
    from include import extract as extract_data
ModuleNotFoundError: No module named 'include'
[2026-09-17T10:11:58.915+0000] {processor.py:842} WARNING - No viable dags retrieved from /opt/airflow/dags/extraction_DAG.py
[2026-09-17T10:11:58.927+0000] {processor.py:183} INFO - Processing /opt/airflow/dags/extraction_DAG.py took 0.026 seconds
[2026-09-17T10:12:29.039+0000] {processor.py:161} INFO - Started process (PID=1872) to work on /opt/airflow/dags/extraction_DAG.py
[2026-09-17T10:12:29.134+0000] {processor.py:830} INFO - Processing file /opt/airflow/dags/extraction_DAG.py for tasks to queue
[2026-09-17T10:12:29.135+0000] {logging_mixin.py:188} INFO - [2026-09-17T10:12:29.135+0000] {dagbag.py:545} INFO - Filling up the DagBag from /opt/airflow/dags/extraction_DAG.py
[2026-09-17T10:12:29.137+0000] {logging_mixin.py:188} INFO - [2026-09-17T10:12:29.136+0000] {dagbag.py:355} ERROR - Failed to import: /opt/airflow/dags/extraction_DAG.py
Traceback (most recent call last):
  File "/home/airflow/.local/lib/python3.12/site-packages/airflow/models/dagbag.py", line 351, in parse
    loader.exec_module(new_module)
  File "<frozen importlib._bootstrap_external>", line 995, in exec_module
  File "<frozen importlib._bootstrap>", line 488, in _call_with_frames_removed
  File "/opt/airflow/dags/extraction_DAG.py", line 7, in <module>
    from include import extract as extract_data
ModuleNotFoundError: No module named 'include'
[2026-09-17T10:12:29.137+0000] {processor.py:842} WARNING - No viable dags retrieved from /opt/airflow/dags/extraction_DAG.py
[2026-09-17T10:12:29.149+0000] {processor.py:183} INFO - Processing /opt/airflow/dags/extraction_DAG.py took 0.116 seconds
[2026-09-17T10:12:59.184+0000] {processor.py:161} INFO - Started process (PID=1879) to work on /opt/airflow/dags/extraction_DAG.py
[2026-09-17T10:12:59.185+0000] {processor.py:830} INFO - Processing file /opt/airflow/dags/extraction_DAG.py for tasks to queue
[2026-09-17T10:12:59.187+0000] {logging_mixin.py:188} INFO - [2026-09-17T10:12:59.186+0000] {dagbag.py:545} INFO - Filling up the DagBag from /opt/airflow/dags/extraction_DAG.py
[2026-09-17T10:12:59.189+0000] {logging_mixin.py:188} INFO - [2026-09-17T10:12:59.188+0000] {dagbag.py:355} ERROR - Failed to import: /opt/airflow/dags/extraction_DAG.py
Traceback (most recent call last):
  File "/home/airflow/.local/lib/python3.12/site-packages/airflow/models/dagbag.py", line 351, in parse
    loader.exec_module(new_module)
  File "<frozen importlib._bootstrap_external>", line 995, in exec_module
  File "<frozen importlib._bootstrap>", line 488, in _call_with_frames_removed
  File "/opt/airflow/dags/extraction_DAG.py", line 7, in <module>
    from include import extract as extract_data
ModuleNotFoundError: No module named 'include'
[2026-09-17T10:12:59.189+0000] {processor.py:842} WARNING - No viable dags retrieved from /opt/airflow/dags/extraction_DAG.py
[2026-09-17T10:12:59.201+0000] {processor.py:183} INFO - Processing /opt/airflow/dags/extraction_DAG.py took 0.026 seconds
[2026-09-17T10:13:29.316+0000] {processor.py:161} INFO - Started process (PID=1886) to work on /opt/airflow/dags/extraction_DAG.py
[2026-09-17T10:13:29.341+0000] {processor.py:830} INFO - Processing file /opt/airflow/dags/extraction_DAG.py for tasks to queue
[2026-09-17T10:13:29.345+0000] {logging_mixin.py:188} INFO - [2026-09-17T10:13:29.344+0000] {dagbag.py:545} INFO - Filling up the DagBag from /opt/airflow/dags/extraction_DAG.py
[2026-09-17T10:13:29.350+0000] {logging_mixin.py:188} INFO - [2026-09-17T10:13:29.348+0000] {dagbag.py:355} ERROR - Failed to import: /opt/airflow/dags/extraction_DAG.py
Traceback (most recent call last):
  File "/home/airflow/.local/lib/python3.12/site-packages/airflow/models/dagbag.py", line 351, in parse
    loader.exec_module(new_module)
  File "<frozen importlib._bootstrap_external>", line 995, in exec_module
  File "<frozen importlib._bootstrap>", line 488, in _call_with_frames_removed
  File "/opt/airflow/dags/extraction_DAG.py", line 7, in <module>
    from include import extract as extract_data
ModuleNotFoundError: No module named 'include'
[2026-09-17T10:13:29.350+0000] {processor.py:842} WARNING - No viable dags retrieved from /opt/airflow/dags/extraction_DAG.py
[2026-09-17T10:13:29.374+0000] {processor.py:183} INFO - Processing /opt/airflow/dags/extraction_DAG.py took 0.067 seconds
[2026-09-17T10:13:55.451+0000] {processor.py:161} INFO - Started process (PID=1887) to work on /opt/airflow/dags/extraction_DAG.py
[2026-09-17T10:13:55.452+0000] {processor.py:830} INFO - Processing file /opt/airflow/dags/extraction_DAG.py for tasks to queue
[2026-09-17T10:13:55.453+0000] {logging_mixin.py:188} INFO - [2026-09-17T10:13:55.453+0000] {dagbag.py:545} INFO - Filling up the DagBag from /opt/airflow/dags/extraction_DAG.py
[2026-09-17T10:13:56.499+0000] {processor.py:840} INFO - DAG(s) 'extraction_DAG' retrieved from /opt/airflow/dags/extraction_DAG.py
[2026-09-17T10:13:56.573+0000] {logging_mixin.py:188} INFO - [2026-09-17T10:13:56.573+0000] {override.py:1829} INFO - Created Permission View: can edit on DAG:extraction_DAG
[2026-09-17T10:13:56.578+0000] {logging_mixin.py:188} INFO - [2026-09-17T10:13:56.578+0000] {override.py:1829} INFO - Created Permission View: can delete on DAG:extraction_DAG
[2026-09-17T10:13:56.582+0000] {logging_mixin.py:188} INFO - [2026-09-17T10:13:56.582+0000] {override.py:1829} INFO - Created Permission View: can read on DAG:extraction_DAG
[2026-09-17T10:13:56.582+0000] {logging_mixin.py:188} INFO - [2026-09-17T10:13:56.582+0000] {dag.py:3096} INFO - Sync 1 DAGs
[2026-09-17T10:13:56.588+0000] {logging_mixin.py:188} INFO - [2026-09-17T10:13:56.588+0000] {dag.py:3118} INFO - Creating ORM DAG for extraction_DAG
[2026-09-17T10:13:56.594+0000] {logging_mixin.py:188} INFO - [2026-09-17T10:13:56.594+0000] {dag.py:3954} INFO - Setting next_dagrun for extraction_DAG to 2026-09-17 09:00:00+00:00, run_after=2026-09-17 10:00:00+00:00
[2026-09-17T10:13:56.603+0000] {processor.py:183} INFO - Processing /opt/airflow/dags/extraction_DAG.py took 1.162 seconds
[2026-09-17T10:14:26.729+0000] {processor.py:161} INFO - Started process (PID=1899) to work on /opt/airflow/dags/extraction_DAG.py
[2026-09-17T10:14:26.742+0000] {processor.py:830} INFO - Processing file /opt/airflow/dags/extraction_DAG.py for tasks to queue
[2026-09-17T10:14:26.745+0000] {logging_mixin.py:188} INFO - [2026-09-17T10:14:26.744+0000] {dagbag.py:545} INFO - Filling up the DagBag from /opt/airflow/dags/extraction_DAG.py
[2026-09-17T10:14:27.041+0000] {processor.py:840} INFO - DAG(s) 'extraction_DAG' retrieved from /opt/airflow/dags/extraction_DAG.py
[2026-09-17T10:14:27.056+0000] {logging_mixin.py:188} INFO - [2026-09-17T10:14:27.055+0000] {dag.py:3096} INFO - Sync 1 DAGs
[2026-09-17T10:14:27.068+0000] {logging_mixin.py:188} INFO - [2026-09-17T10:14:27.068+0000] {dag.py:3954} INFO - Setting next_dagrun for extraction_DAG to 2026-09-17 10:00:00+00:00, run_after=2026-09-17 11:00:00+00:00
[2026-09-17T10:14:27.077+0000] {processor.py:183} INFO - Processing /opt/airflow/dags/extraction_DAG.py took 0.357 seconds
[2026-09-17T10:14:57.202+0000] {processor.py:161} INFO - Started process (PID=1906) to work on /opt/airflow/dags/extraction_DAG.py
[2026-09-17T10:14:57.202+0000] {processor.py:830} INFO - Processing file /opt/airflow/dags/extraction_DAG.py for tasks to queue
[2026-09-17T10:14:57.203+0000] {logging_mixin.py:188} INFO - [2026-09-17T10:14:57.203+0000] {dagbag.py:545} INFO - Filling up the DagBag from /opt/airflow/dags/extraction_DAG.py
[2026-09-17T10:14:57.207+0000] {logging_mixin.py:188} INFO - [2026-09-17T10:14:57.206+0000] {dagbag.py:355} ERROR - Failed to import: /opt/airflow/dags/extraction_DAG.py
Traceback (most recent call last):
  File "/home/airflow/.local/lib/python3.12/site-packages/airflow/models/dagbag.py", line 351, in parse
    loader.exec_module(new_module)
  File "<frozen importlib._bootstrap_external>", line 995, in exec_module
  File "<frozen importlib._bootstrap>", line 488, in _call_with_frames_removed
  File "/opt/airflow/dags/extraction_DAG.py", line 9, in <module>
    from include import extract as extract_data
  File "/opt/airflow/include/extract.py", line 12
    from datetime include datetime
                  ^^^^^^^
SyntaxError: invalid syntax
[2026-09-17T10:14:57.208+0000] {processor.py:842} WARNING - No viable dags retrieved from /opt/airflow/dags/extraction_DAG.py
[2026-09-17T10:14:57.220+0000] {processor.py:183} INFO - Processing /opt/airflow/dags/extraction_DAG.py took 0.022 seconds
[2026-09-17T10:15:27.325+0000] {processor.py:161} INFO - Started process (PID=1913) to work on /opt/airflow/dags/extraction_DAG.py
[2026-09-17T10:15:27.408+0000] {processor.py:830} INFO - Processing file /opt/airflow/dags/extraction_DAG.py for tasks to queue
[2026-09-17T10:15:27.411+0000] {logging_mixin.py:188} INFO - [2026-09-17T10:15:27.410+0000] {dagbag.py:545} INFO - Filling up the DagBag from /opt/airflow/dags/extraction_DAG.py
[2026-09-17T10:15:27.760+0000] {processor.py:840} INFO - DAG(s) 'extraction_DAG' retrieved from /opt/airflow/dags/extraction_DAG.py
[2026-09-17T10:15:27.776+0000] {logging_mixin.py:188} INFO - [2026-09-17T10:15:27.776+0000] {dag.py:3096} INFO - Sync 1 DAGs
[2026-09-17T10:15:27.789+0000] {logging_mixin.py:188} INFO - [2026-09-17T10:15:27.789+0000] {dag.py:3954} INFO - Setting next_dagrun for extraction_DAG to 2026-09-17 10:00:00+00:00, run_after=2026-09-17 11:00:00+00:00
[2026-09-17T10:15:27.798+0000] {processor.py:183} INFO - Processing /opt/airflow/dags/extraction_DAG.py took 0.480 seconds
[2026-09-17T10:15:57.941+0000] {processor.py:161} INFO - Started process (PID=1921) to work on /opt/airflow/dags/extraction_DAG.py
[2026-09-17T10:15:57.942+0000] {processor.py:830} INFO - Processing file /opt/airflow/dags/extraction_DAG.py for tasks to queue
[2026-09-17T10:15:57.944+0000] {logging_mixin.py:188} INFO - [2026-09-17T10:15:57.944+0000] {dagbag.py:545} INFO - Filling up the DagBag from /opt/airflow/dags/extraction_DAG.py
[2026-09-17T10:15:58.247+0000] {processor.py:840} INFO - DAG(s) 'extraction_DAG' retrieved from /opt/airflow/dags/extraction_DAG.py
[2026-09-17T10:15:58.263+0000] {logging_mixin.py:188} INFO - [2026-09-17T10:15:58.262+0000] {dag.py:3096} INFO - Sync 1 DAGs
[2026-09-17T10:15:58.275+0000] {logging_mixin.py:188} INFO - [2026-09-17T10:15:58.275+0000] {dag.py:3954} INFO - Setting next_dagrun for extraction_DAG to 2026-09-17 10:00:00+00:00, run_after=2026-09-17 11:00:00+00:00
[2026-09-17T10:15:58.284+0000] {processor.py:183} INFO - Processing /opt/airflow/dags/extraction_DAG.py took 0.351 seconds
[2026-09-17T10:16:28.399+0000] {processor.py:161} INFO - Started process (PID=1929) to work on /opt/airflow/dags/extraction_DAG.py
[2026-09-17T10:16:28.404+0000] {processor.py:830} INFO - Processing file /opt/airflow/dags/extraction_DAG.py for tasks to queue
[2026-09-17T10:16:28.407+0000] {logging_mixin.py:188} INFO - [2026-09-17T10:16:28.406+0000] {dagbag.py:545} INFO - Filling up the DagBag from /opt/airflow/dags/extraction_DAG.py
[2026-09-17T10:16:28.704+0000] {processor.py:840} INFO - DAG(s) 'extraction_DAG' retrieved from /opt/airflow/dags/extraction_DAG.py
[2026-09-17T10:16:28.719+0000] {logging_mixin.py:188} INFO - [2026-09-17T10:16:28.719+0000] {dag.py:3096} INFO - Sync 1 DAGs
[2026-09-17T10:16:28.732+0000] {logging_mixin.py:188} INFO - [2026-09-17T10:16:28.732+0000] {dag.py:3954} INFO - Setting next_dagrun for extraction_DAG to 2026-09-17 10:00:00+00:00, run_after=2026-09-17 11:00:00+00:00
[2026-09-17T10:16:28.742+0000] {processor.py:183} INFO - Processing /opt/airflow/dags/extraction_DAG.py took 0.351 seconds
[2026-09-17T10:16:58.865+0000] {processor.py:161} INFO - Started process (PID=1937) to work on /opt/airflow/dags/extraction_DAG.py
[2026-09-17T10:16:58.866+0000] {processor.py:830} INFO - Processing file /opt/airflow/dags/extraction_DAG.py for tasks to queue
[2026-09-17T10:16:58.868+0000] {logging_mixin.py:188} INFO - [2026-09-17T10:16:58.868+0000] {dagbag.py:545} INFO - Filling up the DagBag from /opt/airflow/dags/extraction_DAG.py
[2026-09-17T10:16:59.162+0000] {processor.py:840} INFO - DAG(s) 'extraction_DAG' retrieved from /opt/airflow/dags/extraction_DAG.py
[2026-09-17T10:16:59.175+0000] {logging_mixin.py:188} INFO - [2026-09-17T10:16:59.175+0000] {dag.py:3096} INFO - Sync 1 DAGs
[2026-09-17T10:16:59.188+0000] {logging_mixin.py:188} INFO - [2026-09-17T10:16:59.187+0000] {dag.py:3954} INFO - Setting next_dagrun for extraction_DAG to 2026-09-17 10:00:00+00:00, run_after=2026-09-17 11:00:00+00:00
[2026-09-17T10:16:59.198+0000] {processor.py:183} INFO - Processing /opt/airflow/dags/extraction_DAG.py took 0.342 seconds
[2026-09-17T10:17:29.335+0000] {processor.py:161} INFO - Started process (PID=1950) to work on /opt/airflow/dags/extraction_DAG.py
[2026-09-17T10:17:29.427+0000] {processor.py:830} INFO - Processing file /opt/airflow/dags/extraction_DAG.py for tasks to queue
[2026-09-17T10:17:29.430+0000] {logging_mixin.py:188} INFO - [2026-09-17T10:17:29.429+0000] {dagbag.py:545} INFO - Filling up the DagBag from /opt/airflow/dags/extraction_DAG.py
[2026-09-17T10:17:29.732+0000] {processor.py:840} INFO - DAG(s) 'extraction_DAG' retrieved from /opt/airflow/dags/extraction_DAG.py
[2026-09-17T10:17:29.746+0000] {logging_mixin.py:188} INFO - [2026-09-17T10:17:29.746+0000] {dag.py:3096} INFO - Sync 1 DAGs
[2026-09-17T10:17:29.759+0000] {logging_mixin.py:188} INFO - [2026-09-17T10:17:29.759+0000] {dag.py:3954} INFO - Setting next_dagrun for extraction_DAG to 2026-09-17 10:00:00+00:00, run_after=2026-09-17 11:00:00+00:00
[2026-09-17T10:17:29.767+0000] {processor.py:183} INFO - Processing /opt/airflow/dags/extraction_DAG.py took 0.442 seconds
[2026-09-17T10:17:59.907+0000] {processor.py:161} INFO - Started process (PID=1958) to work on /opt/airflow/dags/extraction_DAG.py
[2026-09-17T10:17:59.907+0000] {processor.py:830} INFO - Processing file /opt/airflow/dags/extraction_DAG.py for tasks to queue
[2026-09-17T10:17:59.908+0000] {logging_mixin.py:188} INFO - [2026-09-17T10:17:59.908+0000] {dagbag.py:545} INFO - Filling up the DagBag from /opt/airflow/dags/extraction_DAG.py
[2026-09-17T10:18:00.197+0000] {processor.py:840} INFO - DAG(s) 'extraction_DAG' retrieved from /opt/airflow/dags/extraction_DAG.py
[2026-09-17T10:18:00.212+0000] {logging_mixin.py:188} INFO - [2026-09-17T10:18:00.212+0000] {dag.py:3096} INFO - Sync 1 DAGs
[2026-09-17T10:18:00.226+0000] {logging_mixin.py:188} INFO - [2026-09-17T10:18:00.226+0000] {dag.py:3954} INFO - Setting next_dagrun for extraction_DAG to 2026-09-17 10:00:00+00:00, run_after=2026-09-17 11:00:00+00:00
[2026-09-17T10:18:00.235+0000] {processor.py:183} INFO - Processing /opt/airflow/dags/extraction_DAG.py took 0.333 seconds
[2026-09-17T10:18:30.380+0000] {processor.py:161} INFO - Started process (PID=1966) to work on /opt/airflow/dags/extraction_DAG.py
[2026-09-17T10:18:30.386+0000] {processor.py:830} INFO - Processing file /opt/airflow/dags/extraction_DAG.py for tasks to queue
[2026-09-17T10:18:30.388+0000] {logging_mixin.py:188} INFO - [2026-09-17T10:18:30.388+0000] {dagbag.py:545} INFO - Filling up the DagBag from /opt/airflow/dags/extraction_DAG.py
[2026-09-17T10:18:30.667+0000] {processor.py:840} INFO - DAG(s) 'extraction_DAG' retrieved from /opt/airflow/dags/extraction_DAG.py
[2026-09-17T10:18:30.684+0000] {logging_mixin.py:188} INFO - [2026-09-17T10:18:30.684+0000] {dag.py:3096} INFO - Sync 1 DAGs
[2026-09-17T10:18:30.696+0000] {logging_mixin.py:188} INFO - [2026-09-17T10:18:30.696+0000] {dag.py:3954} INFO - Setting next_dagrun for extraction_DAG to 2026-09-17 10:00:00+00:00, run_after=2026-09-17 11:00:00+00:00
[2026-09-17T10:18:30.706+0000] {processor.py:183} INFO - Processing /opt/airflow/dags/extraction_DAG.py took 0.336 seconds
[2026-09-17T10:19:00.835+0000] {processor.py:161} INFO - Started process (PID=1974) to work on /opt/airflow/dags/extraction_DAG.py
[2026-09-17T10:19:00.836+0000] {processor.py:830} INFO - Processing file /opt/airflow/dags/extraction_DAG.py for tasks to queue
[2026-09-17T10:19:00.837+0000] {logging_mixin.py:188} INFO - [2026-09-17T10:19:00.837+0000] {dagbag.py:545} INFO - Filling up the DagBag from /opt/airflow/dags/extraction_DAG.py
[2026-09-17T10:19:01.152+0000] {processor.py:840} INFO - DAG(s) 'extraction_DAG' retrieved from /opt/airflow/dags/extraction_DAG.py
[2026-09-17T10:19:01.167+0000] {logging_mixin.py:188} INFO - [2026-09-17T10:19:01.166+0000] {dag.py:3096} INFO - Sync 1 DAGs
[2026-09-17T10:19:01.180+0000] {logging_mixin.py:188} INFO - [2026-09-17T10:19:01.180+0000] {dag.py:3954} INFO - Setting next_dagrun for extraction_DAG to 2026-09-17 10:00:00+00:00, run_after=2026-09-17 11:00:00+00:00
[2026-09-17T10:19:01.193+0000] {processor.py:183} INFO - Processing /opt/airflow/dags/extraction_DAG.py took 0.363 seconds
[2026-09-17T10:19:31.336+0000] {processor.py:161} INFO - Started process (PID=1982) to work on /opt/airflow/dags/extraction_DAG.py
[2026-09-17T10:19:31.339+0000] {processor.py:830} INFO - Processing file /opt/airflow/dags/extraction_DAG.py for tasks to queue
[2026-09-17T10:19:31.341+0000] {logging_mixin.py:188} INFO - [2026-09-17T10:19:31.341+0000] {dagbag.py:545} INFO - Filling up the DagBag from /opt/airflow/dags/extraction_DAG.py
[2026-09-17T10:19:31.618+0000] {processor.py:840} INFO - DAG(s) 'extraction_DAG' retrieved from /opt/airflow/dags/extraction_DAG.py
[2026-09-17T10:19:31.632+0000] {logging_mixin.py:188} INFO - [2026-09-17T10:19:31.632+0000] {dag.py:3096} INFO - Sync 1 DAGs
[2026-09-17T10:19:31.644+0000] {logging_mixin.py:188} INFO - [2026-09-17T10:19:31.644+0000] {dag.py:3954} INFO - Setting next_dagrun for extraction_DAG to 2026-09-17 10:00:00+00:00, run_after=2026-09-17 11:00:00+00:00
[2026-09-17T10:19:31.652+0000] {processor.py:183} INFO - Processing /opt/airflow/dags/extraction_DAG.py took 0.325 seconds
[2026-09-17T10:20:01.767+0000] {processor.py:161} INFO - Started process (PID=1990) to work on /opt/airflow/dags/extraction_DAG.py
[2026-09-17T10:20:01.767+0000] {processor.py:830} INFO - Processing file /opt/airflow/dags/extraction_DAG.py for tasks to queue
[2026-09-17T10:20:01.768+0000] {logging_mixin.py:188} INFO - [2026-09-17T10:20:01.768+0000] {dagbag.py:545} INFO - Filling up the DagBag from /opt/airflow/dags/extraction_DAG.py
[2026-09-17T10:20:02.088+0000] {processor.py:840} INFO - DAG(s) 'extraction_DAG' retrieved from /opt/airflow/dags/extraction_DAG.py
[2026-09-17T10:20:02.103+0000] {logging_mixin.py:188} INFO - [2026-09-17T10:20:02.103+0000] {dag.py:3096} INFO - Sync 1 DAGs
[2026-09-17T10:20:02.116+0000] {logging_mixin.py:188} INFO - [2026-09-17T10:20:02.116+0000] {dag.py:3954} INFO - Setting next_dagrun for extraction_DAG to 2026-09-17 10:00:00+00:00, run_after=2026-09-17 11:00:00+00:00
[2026-09-17T10:20:02.127+0000] {processor.py:183} INFO - Processing /opt/airflow/dags/extraction_DAG.py took 0.364 seconds
[2026-09-17T10:20:32.236+0000] {processor.py:161} INFO - Started process (PID=1998) to work on /opt/airflow/dags/extraction_DAG.py
[2026-09-17T10:20:32.250+0000] {processor.py:830} INFO - Processing file /opt/airflow/dags/extraction_DAG.py for tasks to queue
[2026-09-17T10:20:32.251+0000] {logging_mixin.py:188} INFO - [2026-09-17T10:20:32.251+0000] {dagbag.py:545} INFO - Filling up the DagBag from /opt/airflow/dags/extraction_DAG.py
[2026-09-17T10:20:32.556+0000] {processor.py:840} INFO - DAG(s) 'extraction_DAG' retrieved from /opt/airflow/dags/extraction_DAG.py
[2026-09-17T10:20:32.571+0000] {logging_mixin.py:188} INFO - [2026-09-17T10:20:32.571+0000] {dag.py:3096} INFO - Sync 1 DAGs
[2026-09-17T10:20:32.586+0000] {logging_mixin.py:188} INFO - [2026-09-17T10:20:32.586+0000] {dag.py:3954} INFO - Setting next_dagrun for extraction_DAG to 2026-09-17 10:00:00+00:00, run_after=2026-09-17 11:00:00+00:00
[2026-09-17T10:20:32.596+0000] {processor.py:183} INFO - Processing /opt/airflow/dags/extraction_DAG.py took 0.365 seconds
[2026-09-17T10:21:02.729+0000] {processor.py:161} INFO - Started process (PID=2006) to work on /opt/airflow/dags/extraction_DAG.py
[2026-09-17T10:21:02.730+0000] {processor.py:830} INFO - Processing file /opt/airflow/dags/extraction_DAG.py for tasks to queue
[2026-09-17T10:21:02.731+0000] {logging_mixin.py:188} INFO - [2026-09-17T10:21:02.730+0000] {dagbag.py:545} INFO - Filling up the DagBag from /opt/airflow/dags/extraction_DAG.py
[2026-09-17T10:21:03.024+0000] {processor.py:840} INFO - DAG(s) 'extraction_DAG' retrieved from /opt/airflow/dags/extraction_DAG.py
[2026-09-17T10:21:03.039+0000] {logging_mixin.py:188} INFO - [2026-09-17T10:21:03.038+0000] {dag.py:3096} INFO - Sync 1 DAGs
[2026-09-17T10:21:03.050+0000] {logging_mixin.py:188} INFO - [2026-09-17T10:21:03.050+0000] {dag.py:3954} INFO - Setting next_dagrun for extraction_DAG to 2026-09-17 10:00:00+00:00, run_after=2026-09-17 11:00:00+00:00
[2026-09-17T10:21:03.059+0000] {processor.py:183} INFO - Processing /opt/airflow/dags/extraction_DAG.py took 0.334 seconds
[2026-09-17T10:21:33.183+0000] {processor.py:161} INFO - Started process (PID=2014) to work on /opt/airflow/dags/extraction_DAG.py
[2026-09-17T10:21:33.907+0000] {processor.py:830} INFO - Processing file /opt/airflow/dags/extraction_DAG.py for tasks to queue
[2026-09-17T10:21:33.908+0000] {logging_mixin.py:188} INFO - [2026-09-17T10:21:33.908+0000] {dagbag.py:545} INFO - Filling up the DagBag from /opt/airflow/dags/extraction_DAG.py
[2026-09-17T10:21:34.212+0000] {processor.py:840} INFO - DAG(s) 'extraction_DAG' retrieved from /opt/airflow/dags/extraction_DAG.py
[2026-09-17T10:21:34.228+0000] {logging_mixin.py:188} INFO - [2026-09-17T10:21:34.228+0000] {dag.py:3096} INFO - Sync 1 DAGs
[2026-09-17T10:21:34.240+0000] {logging_mixin.py:188} INFO - [2026-09-17T10:21:34.240+0000] {dag.py:3954} INFO - Setting next_dagrun for extraction_DAG to 2026-09-17 10:00:00+00:00, run_after=2026-09-17 11:00:00+00:00
[2026-09-17T10:21:34.251+0000] {processor.py:183} INFO - Processing /opt/airflow/dags/extraction_DAG.py took 1.072 seconds
[2026-09-17T10:22:04.294+0000] {processor.py:161} INFO - Started process (PID=2022) to work on /opt/airflow/dags/extraction_DAG.py
[2026-09-17T10:22:04.294+0000] {processor.py:830} INFO - Processing file /opt/airflow/dags/extraction_DAG.py for tasks to queue
[2026-09-17T10:22:04.295+0000] {logging_mixin.py:188} INFO - [2026-09-17T10:22:04.295+0000] {dagbag.py:545} INFO - Filling up the DagBag from /opt/airflow/dags/extraction_DAG.py
[2026-09-17T10:22:04.588+0000] {processor.py:840} INFO - DAG(s) 'extraction_DAG' retrieved from /opt/airflow/dags/extraction_DAG.py
[2026-09-17T10:22:04.603+0000] {logging_mixin.py:188} INFO - [2026-09-17T10:22:04.602+0000] {dag.py:3096} INFO - Sync 1 DAGs
[2026-09-17T10:22:04.615+0000] {logging_mixin.py:188} INFO - [2026-09-17T10:22:04.615+0000] {dag.py:3954} INFO - Setting next_dagrun for extraction_DAG to 2026-09-17 10:00:00+00:00, run_after=2026-09-17 11:00:00+00:00
[2026-09-17T10:22:04.624+0000] {processor.py:183} INFO - Processing /opt/airflow/dags/extraction_DAG.py took 0.334 seconds
[2026-09-17T10:22:34.727+0000] {processor.py:161} INFO - Started process (PID=2030) to work on /opt/airflow/dags/extraction_DAG.py
[2026-09-17T10:22:34.755+0000] {processor.py:830} INFO - Processing file /opt/airflow/dags/extraction_DAG.py for tasks to queue
[2026-09-17T10:22:34.756+0000] {logging_mixin.py:188} INFO - [2026-09-17T10:22:34.756+0000] {dagbag.py:545} INFO - Filling up the DagBag from /opt/airflow/dags/extraction_DAG.py
[2026-09-17T10:22:35.063+0000] {processor.py:840} INFO - DAG(s) 'extraction_DAG' retrieved from /opt/airflow/dags/extraction_DAG.py
[2026-09-17T10:22:35.078+0000] {logging_mixin.py:188} INFO - [2026-09-17T10:22:35.078+0000] {dag.py:3096} INFO - Sync 1 DAGs
[2026-09-17T10:22:35.091+0000] {logging_mixin.py:188} INFO - [2026-09-17T10:22:35.091+0000] {dag.py:3954} INFO - Setting next_dagrun for extraction_DAG to 2026-09-17 10:00:00+00:00, run_after=2026-09-17 11:00:00+00:00
[2026-09-17T10:22:35.101+0000] {processor.py:183} INFO - Processing /opt/airflow/dags/extraction_DAG.py took 0.378 seconds
[2026-09-17T10:23:05.222+0000] {processor.py:161} INFO - Started process (PID=2038) to work on /opt/airflow/dags/extraction_DAG.py
[2026-09-17T10:23:05.223+0000] {processor.py:830} INFO - Processing file /opt/airflow/dags/extraction_DAG.py for tasks to queue
[2026-09-17T10:23:05.224+0000] {logging_mixin.py:188} INFO - [2026-09-17T10:23:05.224+0000] {dagbag.py:545} INFO - Filling up the DagBag from /opt/airflow/dags/extraction_DAG.py
[2026-09-17T10:23:05.506+0000] {processor.py:840} INFO - DAG(s) 'extraction_DAG' retrieved from /opt/airflow/dags/extraction_DAG.py
[2026-09-17T10:23:05.520+0000] {logging_mixin.py:188} INFO - [2026-09-17T10:23:05.520+0000] {dag.py:3096} INFO - Sync 1 DAGs
[2026-09-17T10:23:05.532+0000] {logging_mixin.py:188} INFO - [2026-09-17T10:23:05.532+0000] {dag.py:3954} INFO - Setting next_dagrun for extraction_DAG to 2026-09-17 10:00:00+00:00, run_after=2026-09-17 11:00:00+00:00
[2026-09-17T10:23:05.545+0000] {processor.py:183} INFO - Processing /opt/airflow/dags/extraction_DAG.py took 0.331 seconds
[2026-09-17T10:23:35.663+0000] {processor.py:161} INFO - Started process (PID=2046) to work on /opt/airflow/dags/extraction_DAG.py
[2026-09-17T10:23:35.674+0000] {processor.py:830} INFO - Processing file /opt/airflow/dags/extraction_DAG.py for tasks to queue
[2026-09-17T10:23:35.675+0000] {logging_mixin.py:188} INFO - [2026-09-17T10:23:35.675+0000] {dagbag.py:545} INFO - Filling up the DagBag from /opt/airflow/dags/extraction_DAG.py
[2026-09-17T10:23:35.984+0000] {processor.py:840} INFO - DAG(s) 'extraction_DAG' retrieved from /opt/airflow/dags/extraction_DAG.py
[2026-09-17T10:23:35.998+0000] {logging_mixin.py:188} INFO - [2026-09-17T10:23:35.998+0000] {dag.py:3096} INFO - Sync 1 DAGs
[2026-09-17T10:23:36.011+0000] {logging_mixin.py:188} INFO - [2026-09-17T10:23:36.011+0000] {dag.py:3954} INFO - Setting next_dagrun for extraction_DAG to 2026-09-17 10:00:00+00:00, run_after=2026-09-17 11:00:00+00:00
[2026-09-17T10:23:36.020+0000] {processor.py:183} INFO - Processing /opt/airflow/dags/extraction_DAG.py took 0.361 seconds
[2026-09-17T10:24:06.129+0000] {processor.py:161} INFO - Started process (PID=2054) to work on /opt/airflow/dags/extraction_DAG.py
[2026-09-17T10:24:06.129+0000] {processor.py:830} INFO - Processing file /opt/airflow/dags/extraction_DAG.py for tasks to queue
[2026-09-17T10:24:06.130+0000] {logging_mixin.py:188} INFO - [2026-09-17T10:24:06.130+0000] {dagbag.py:545} INFO - Filling up the DagBag from /opt/airflow/dags/extraction_DAG.py
[2026-09-17T10:24:06.435+0000] {processor.py:840} INFO - DAG(s) 'extraction_DAG' retrieved from /opt/airflow/dags/extraction_DAG.py
[2026-09-17T10:24:06.450+0000] {logging_mixin.py:188} INFO - [2026-09-17T10:24:06.450+0000] {dag.py:3096} INFO - Sync 1 DAGs
[2026-09-17T10:24:06.462+0000] {logging_mixin.py:188} INFO - [2026-09-17T10:24:06.462+0000] {dag.py:3954} INFO - Setting next_dagrun for extraction_DAG to 2026-09-17 10:00:00+00:00, run_after=2026-09-17 11:00:00+00:00
[2026-09-17T10:24:06.472+0000] {processor.py:183} INFO - Processing /opt/airflow/dags/extraction_DAG.py took 0.347 seconds
[2026-09-17T10:24:36.584+0000] {processor.py:161} INFO - Started process (PID=2062) to work on /opt/airflow/dags/extraction_DAG.py
[2026-09-17T10:24:36.598+0000] {processor.py:830} INFO - Processing file /opt/airflow/dags/extraction_DAG.py for tasks to queue
[2026-09-17T10:24:36.599+0000] {logging_mixin.py:188} INFO - [2026-09-17T10:24:36.599+0000] {dagbag.py:545} INFO - Filling up the DagBag from /opt/airflow/dags/extraction_DAG.py
[2026-09-17T10:24:36.886+0000] {processor.py:840} INFO - DAG(s) 'extraction_DAG' retrieved from /opt/airflow/dags/extraction_DAG.py
[2026-09-17T10:24:36.901+0000] {logging_mixin.py:188} INFO - [2026-09-17T10:24:36.901+0000] {dag.py:3096} INFO - Sync 1 DAGs
[2026-09-17T10:24:36.913+0000] {logging_mixin.py:188} INFO - [2026-09-17T10:24:36.913+0000] {dag.py:3954} INFO - Setting next_dagrun for extraction_DAG to 2026-09-17 10:00:00+00:00, run_after=2026-09-17 11:00:00+00:00
[2026-09-17T10:24:36.923+0000] {processor.py:183} INFO - Processing /opt/airflow/dags/extraction_DAG.py took 0.341 seconds
[2026-09-17T10:25:07.048+0000] {processor.py:161} INFO - Started process (PID=2070) to work on /opt/airflow/dags/extraction_DAG.py
[2026-09-17T10:25:07.048+0000] {processor.py:830} INFO - Processing file /opt/airflow/dags/extraction_DAG.py for tasks to queue
[2026-09-17T10:25:07.050+0000] {logging_mixin.py:188} INFO - [2026-09-17T10:25:07.050+0000] {dagbag.py:545} INFO - Filling up the DagBag from /opt/airflow/dags/extraction_DAG.py
[2026-09-17T10:25:07.345+0000] {processor.py:840} INFO - DAG(s) 'extraction_DAG' retrieved from /opt/airflow/dags/extraction_DAG.py
[2026-09-17T10:25:07.361+0000] {logging_mixin.py:188} INFO - [2026-09-17T10:25:07.361+0000] {dag.py:3096} INFO - Sync 1 DAGs
[2026-09-17T10:25:07.374+0000] {logging_mixin.py:188} INFO - [2026-09-17T10:25:07.374+0000] {dag.py:3954} INFO - Setting next_dagrun for extraction_DAG to 2026-09-17 10:00:00+00:00, run_after=2026-09-17 11:00:00+00:00
[2026-09-17T10:25:07.383+0000] {processor.py:183} INFO - Processing /opt/airflow/dags/extraction_DAG.py took 0.344 seconds
[2026-09-17T10:25:37.498+0000] {processor.py:161} INFO - Started process (PID=2078) to work on /opt/airflow/dags/extraction_DAG.py
[2026-09-17T10:25:37.593+0000] {processor.py:830} INFO - Processing file /opt/airflow/dags/extraction_DAG.py for tasks to queue
[2026-09-17T10:25:37.595+0000] {logging_mixin.py:188} INFO - [2026-09-17T10:25:37.595+0000] {dagbag.py:545} INFO - Filling up the DagBag from /opt/airflow/dags/extraction_DAG.py
[2026-09-17T10:25:37.950+0000] {processor.py:840} INFO - DAG(s) 'extraction_DAG' retrieved from /opt/airflow/dags/extraction_DAG.py
[2026-09-17T10:25:37.964+0000] {logging_mixin.py:188} INFO - [2026-09-17T10:25:37.964+0000] {dag.py:3096} INFO - Sync 1 DAGs
[2026-09-17T10:25:37.977+0000] {logging_mixin.py:188} INFO - [2026-09-17T10:25:37.976+0000] {dag.py:3954} INFO - Setting next_dagrun for extraction_DAG to 2026-09-17 10:00:00+00:00, run_after=2026-09-17 11:00:00+00:00
[2026-09-17T10:25:37.985+0000] {processor.py:183} INFO - Processing /opt/airflow/dags/extraction_DAG.py took 0.492 seconds
[2026-09-17T10:26:08.126+0000] {processor.py:161} INFO - Started process (PID=2086) to work on /opt/airflow/dags/extraction_DAG.py
[2026-09-17T10:26:08.127+0000] {processor.py:830} INFO - Processing file /opt/airflow/dags/extraction_DAG.py for tasks to queue
[2026-09-17T10:26:08.130+0000] {logging_mixin.py:188} INFO - [2026-09-17T10:26:08.129+0000] {dagbag.py:545} INFO - Filling up the DagBag from /opt/airflow/dags/extraction_DAG.py
[2026-09-17T10:26:08.432+0000] {processor.py:840} INFO - DAG(s) 'extraction_DAG' retrieved from /opt/airflow/dags/extraction_DAG.py
[2026-09-17T10:26:08.447+0000] {logging_mixin.py:188} INFO - [2026-09-17T10:26:08.446+0000] {dag.py:3096} INFO - Sync 1 DAGs
[2026-09-17T10:26:08.458+0000] {logging_mixin.py:188} INFO - [2026-09-17T10:26:08.458+0000] {dag.py:3954} INFO - Setting next_dagrun for extraction_DAG to 2026-09-17 10:00:00+00:00, run_after=2026-09-17 11:00:00+00:00
[2026-09-17T10:26:08.469+0000] {processor.py:183} INFO - Processing /opt/airflow/dags/extraction_DAG.py took 0.352 seconds
[2026-09-17T10:26:38.598+0000] {processor.py:161} INFO - Started process (PID=2094) to work on /opt/airflow/dags/extraction_DAG.py
[2026-09-17T10:26:38.719+0000] {processor.py:830} INFO - Processing file /opt/airflow/dags/extraction_DAG.py for tasks to queue
[2026-09-17T10:26:38.720+0000] {logging_mixin.py:188} INFO - [2026-09-17T10:26:38.720+0000] {dagbag.py:545} INFO - Filling up the DagBag from /opt/airflow/dags/extraction_DAG.py
[2026-09-17T10:26:39.030+0000] {processor.py:840} INFO - DAG(s) 'extraction_DAG' retrieved from /opt/airflow/dags/extraction_DAG.py
[2026-09-17T10:26:39.045+0000] {logging_mixin.py:188} INFO - [2026-09-17T10:26:39.045+0000] {dag.py:3096} INFO - Sync 1 DAGs
[2026-09-17T10:26:39.058+0000] {logging_mixin.py:188} INFO - [2026-09-17T10:26:39.058+0000] {dag.py:3954} INFO - Setting next_dagrun for extraction_DAG to 2026-09-17 10:00:00+00:00, run_after=2026-09-17 11:00:00+00:00
[2026-09-17T10:26:39.067+0000] {processor.py:183} INFO - Processing /opt/airflow/dags/extraction_DAG.py took 0.474 seconds
[2026-09-17T10:27:09.208+0000] {processor.py:161} INFO - Started process (PID=2102) to work on /opt/airflow/dags/extraction_DAG.py
[2026-09-17T10:27:09.209+0000] {processor.py:830} INFO - Processing file /opt/airflow/dags/extraction_DAG.py for tasks to queue
[2026-09-17T10:27:09.212+0000] {logging_mixin.py:188} INFO - [2026-09-17T10:27:09.211+0000] {dagbag.py:545} INFO - Filling up the DagBag from /opt/airflow/dags/extraction_DAG.py
[2026-09-17T10:27:09.499+0000] {processor.py:840} INFO - DAG(s) 'extraction_DAG' retrieved from /opt/airflow/dags/extraction_DAG.py
[2026-09-17T10:27:09.514+0000] {logging_mixin.py:188} INFO - [2026-09-17T10:27:09.514+0000] {dag.py:3096} INFO - Sync 1 DAGs
[2026-09-17T10:27:09.526+0000] {logging_mixin.py:188} INFO - [2026-09-17T10:27:09.526+0000] {dag.py:3954} INFO - Setting next_dagrun for extraction_DAG to 2026-09-17 10:00:00+00:00, run_after=2026-09-17 11:00:00+00:00
[2026-09-17T10:27:09.534+0000] {processor.py:183} INFO - Processing /opt/airflow/dags/extraction_DAG.py took 0.333 seconds
[2026-09-17T10:27:39.675+0000] {processor.py:161} INFO - Started process (PID=2110) to work on /opt/airflow/dags/extraction_DAG.py
[2026-09-17T10:27:39.687+0000] {processor.py:830} INFO - Processing file /opt/airflow/dags/extraction_DAG.py for tasks to queue
[2026-09-17T10:27:39.689+0000] {logging_mixin.py:188} INFO - [2026-09-17T10:27:39.689+0000] {dagbag.py:545} INFO - Filling up the DagBag from /opt/airflow/dags/extraction_DAG.py
[2026-09-17T10:27:39.994+0000] {processor.py:840} INFO - DAG(s) 'extraction_DAG' retrieved from /opt/airflow/dags/extraction_DAG.py
[2026-09-17T10:27:40.010+0000] {logging_mixin.py:188} INFO - [2026-09-17T10:27:40.010+0000] {dag.py:3096} INFO - Sync 1 DAGs
[2026-09-17T10:27:40.021+0000] {logging_mixin.py:188} INFO - [2026-09-17T10:27:40.021+0000] {dag.py:3954} INFO - Setting next_dagrun for extraction_DAG to 2026-09-17 10:00:00+00:00, run_after=2026-09-17 11:00:00+00:00
[2026-09-17T10:27:40.031+0000] {processor.py:183} INFO - Processing /opt/airflow/dags/extraction_DAG.py took 0.361 seconds
[2026-09-17T10:28:10.152+0000] {processor.py:161} INFO - Started process (PID=2118) to work on /opt/airflow/dags/extraction_DAG.py
[2026-09-17T10:28:10.153+0000] {processor.py:830} INFO - Processing file /opt/airflow/dags/extraction_DAG.py for tasks to queue
[2026-09-17T10:28:10.156+0000] {logging_mixin.py:188} INFO - [2026-09-17T10:28:10.156+0000] {dagbag.py:545} INFO - Filling up the DagBag from /opt/airflow/dags/extraction_DAG.py
[2026-09-17T10:28:10.450+0000] {processor.py:840} INFO - DAG(s) 'extraction_DAG' retrieved from /opt/airflow/dags/extraction_DAG.py
[2026-09-17T10:28:10.466+0000] {logging_mixin.py:188} INFO - [2026-09-17T10:28:10.466+0000] {dag.py:3096} INFO - Sync 1 DAGs
[2026-09-17T10:28:10.478+0000] {logging_mixin.py:188} INFO - [2026-09-17T10:28:10.478+0000] {dag.py:3954} INFO - Setting next_dagrun for extraction_DAG to 2026-09-17 10:00:00+00:00, run_after=2026-09-17 11:00:00+00:00
[2026-09-17T10:28:10.486+0000] {processor.py:183} INFO - Processing /opt/airflow/dags/extraction_DAG.py took 0.342 seconds
[2026-09-17T10:28:40.585+0000] {processor.py:161} INFO - Started process (PID=2126) to work on /opt/airflow/dags/extraction_DAG.py
[2026-09-17T10:28:40.596+0000] {processor.py:830} INFO - Processing file /opt/airflow/dags/extraction_DAG.py for tasks to queue
[2026-09-17T10:28:40.597+0000] {logging_mixin.py:188} INFO - [2026-09-17T10:28:40.596+0000] {dagbag.py:545} INFO - Filling up the DagBag from /opt/airflow/dags/extraction_DAG.py
[2026-09-17T10:28:40.897+0000] {processor.py:840} INFO - DAG(s) 'extraction_DAG' retrieved from /opt/airflow/dags/extraction_DAG.py
[2026-09-17T10:28:40.912+0000] {logging_mixin.py:188} INFO - [2026-09-17T10:28:40.912+0000] {dag.py:3096} INFO - Sync 1 DAGs
[2026-09-17T10:28:40.924+0000] {logging_mixin.py:188} INFO - [2026-09-17T10:28:40.924+0000] {dag.py:3954} INFO - Setting next_dagrun for extraction_DAG to 2026-09-17 10:00:00+00:00, run_after=2026-09-17 11:00:00+00:00
[2026-09-17T10:28:40.934+0000] {processor.py:183} INFO - Processing /opt/airflow/dags/extraction_DAG.py took 0.353 seconds
[2026-09-17T10:29:11.033+0000] {processor.py:161} INFO - Started process (PID=2134) to work on /opt/airflow/dags/extraction_DAG.py
[2026-09-17T10:29:11.034+0000] {processor.py:830} INFO - Processing file /opt/airflow/dags/extraction_DAG.py for tasks to queue
[2026-09-17T10:29:11.035+0000] {logging_mixin.py:188} INFO - [2026-09-17T10:29:11.034+0000] {dagbag.py:545} INFO - Filling up the DagBag from /opt/airflow/dags/extraction_DAG.py
[2026-09-17T10:29:11.338+0000] {processor.py:840} INFO - DAG(s) 'extraction_DAG' retrieved from /opt/airflow/dags/extraction_DAG.py
[2026-09-17T10:29:11.352+0000] {logging_mixin.py:188} INFO - [2026-09-17T10:29:11.352+0000] {dag.py:3096} INFO - Sync 1 DAGs
[2026-09-17T10:29:11.366+0000] {logging_mixin.py:188} INFO - [2026-09-17T10:29:11.366+0000] {dag.py:3954} INFO - Setting next_dagrun for extraction_DAG to 2026-09-17 10:00:00+00:00, run_after=2026-09-17 11:00:00+00:00
[2026-09-17T10:29:11.377+0000] {processor.py:183} INFO - Processing /opt/airflow/dags/extraction_DAG.py took 0.348 seconds
[2026-09-17T10:29:41.520+0000] {processor.py:161} INFO - Started process (PID=2142) to work on /opt/airflow/dags/extraction_DAG.py
[2026-09-17T10:29:41.521+0000] {processor.py:830} INFO - Processing file /opt/airflow/dags/extraction_DAG.py for tasks to queue
[2026-09-17T10:29:41.522+0000] {logging_mixin.py:188} INFO - [2026-09-17T10:29:41.522+0000] {dagbag.py:545} INFO - Filling up the DagBag from /opt/airflow/dags/extraction_DAG.py
[2026-09-17T10:29:41.805+0000] {processor.py:840} INFO - DAG(s) 'extraction_DAG' retrieved from /opt/airflow/dags/extraction_DAG.py
[2026-09-17T10:29:41.819+0000] {logging_mixin.py:188} INFO - [2026-09-17T10:29:41.819+0000] {dag.py:3096} INFO - Sync 1 DAGs
[2026-09-17T10:29:41.832+0000] {logging_mixin.py:188} INFO - [2026-09-17T10:29:41.832+0000] {dag.py:3954} INFO - Setting next_dagrun for extraction_DAG to 2026-09-17 10:00:00+00:00, run_after=2026-09-17 11:00:00+00:00
[2026-09-17T10:29:41.841+0000] {processor.py:183} INFO - Processing /opt/airflow/dags/extraction_DAG.py took 0.330 seconds
[2026-09-17T10:30:11.985+0000] {processor.py:161} INFO - Started process (PID=2150) to work on /opt/airflow/dags/extraction_DAG.py
[2026-09-17T10:30:11.995+0000] {processor.py:830} INFO - Processing file /opt/airflow/dags/extraction_DAG.py for tasks to queue
[2026-09-17T10:30:11.998+0000] {logging_mixin.py:188} INFO - [2026-09-17T10:30:11.997+0000] {dagbag.py:545} INFO - Filling up the DagBag from /opt/airflow/dags/extraction_DAG.py
[2026-09-17T10:30:12.288+0000] {processor.py:840} INFO - DAG(s) 'extraction_DAG' retrieved from /opt/airflow/dags/extraction_DAG.py
[2026-09-17T10:30:12.304+0000] {logging_mixin.py:188} INFO - [2026-09-17T10:30:12.303+0000] {dag.py:3096} INFO - Sync 1 DAGs
[2026-09-17T10:30:12.318+0000] {logging_mixin.py:188} INFO - [2026-09-17T10:30:12.318+0000] {dag.py:3954} INFO - Setting next_dagrun for extraction_DAG to 2026-09-17 10:00:00+00:00, run_after=2026-09-17 11:00:00+00:00
[2026-09-17T10:30:12.330+0000] {processor.py:183} INFO - Processing /opt/airflow/dags/extraction_DAG.py took 0.354 seconds
[2026-09-17T10:30:42.467+0000] {processor.py:161} INFO - Started process (PID=2158) to work on /opt/airflow/dags/extraction_DAG.py
[2026-09-17T10:30:42.468+0000] {processor.py:830} INFO - Processing file /opt/airflow/dags/extraction_DAG.py for tasks to queue
[2026-09-17T10:30:42.470+0000] {logging_mixin.py:188} INFO - [2026-09-17T10:30:42.470+0000] {dagbag.py:545} INFO - Filling up the DagBag from /opt/airflow/dags/extraction_DAG.py
[2026-09-17T10:30:42.826+0000] {processor.py:840} INFO - DAG(s) 'extraction_DAG' retrieved from /opt/airflow/dags/extraction_DAG.py
[2026-09-17T10:30:42.852+0000] {logging_mixin.py:188} INFO - [2026-09-17T10:30:42.851+0000] {dag.py:3096} INFO - Sync 1 DAGs
[2026-09-17T10:30:42.868+0000] {logging_mixin.py:188} INFO - [2026-09-17T10:30:42.868+0000] {dag.py:3954} INFO - Setting next_dagrun for extraction_DAG to 2026-09-17 10:00:00+00:00, run_after=2026-09-17 11:00:00+00:00
[2026-09-17T10:30:42.880+0000] {processor.py:183} INFO - Processing /opt/airflow/dags/extraction_DAG.py took 0.421 seconds
[2026-09-17T10:31:12.983+0000] {processor.py:161} INFO - Started process (PID=2166) to work on /opt/airflow/dags/extraction_DAG.py
[2026-09-17T10:31:13.080+0000] {processor.py:830} INFO - Processing file /opt/airflow/dags/extraction_DAG.py for tasks to queue
[2026-09-17T10:31:13.083+0000] {logging_mixin.py:188} INFO - [2026-09-17T10:31:13.083+0000] {dagbag.py:545} INFO - Filling up the DagBag from /opt/airflow/dags/extraction_DAG.py
[2026-09-17T10:31:13.388+0000] {processor.py:840} INFO - DAG(s) 'extraction_DAG' retrieved from /opt/airflow/dags/extraction_DAG.py
[2026-09-17T10:31:13.403+0000] {logging_mixin.py:188} INFO - [2026-09-17T10:31:13.403+0000] {dag.py:3096} INFO - Sync 1 DAGs
[2026-09-17T10:31:13.416+0000] {logging_mixin.py:188} INFO - [2026-09-17T10:31:13.416+0000] {dag.py:3954} INFO - Setting next_dagrun for extraction_DAG to 2026-09-17 10:00:00+00:00, run_after=2026-09-17 11:00:00+00:00
[2026-09-17T10:31:13.424+0000] {processor.py:183} INFO - Processing /opt/airflow/dags/extraction_DAG.py took 0.445 seconds
[2026-09-17T10:31:43.542+0000] {processor.py:161} INFO - Started process (PID=2174) to work on /opt/airflow/dags/extraction_DAG.py
[2026-09-17T10:31:43.543+0000] {processor.py:830} INFO - Processing file /opt/airflow/dags/extraction_DAG.py for tasks to queue
[2026-09-17T10:31:43.544+0000] {logging_mixin.py:188} INFO - [2026-09-17T10:31:43.544+0000] {dagbag.py:545} INFO - Filling up the DagBag from /opt/airflow/dags/extraction_DAG.py
[2026-09-17T10:31:43.847+0000] {processor.py:840} INFO - DAG(s) 'extraction_DAG' retrieved from /opt/airflow/dags/extraction_DAG.py
[2026-09-17T10:31:43.861+0000] {logging_mixin.py:188} INFO - [2026-09-17T10:31:43.861+0000] {dag.py:3096} INFO - Sync 1 DAGs
[2026-09-17T10:31:43.873+0000] {logging_mixin.py:188} INFO - [2026-09-17T10:31:43.872+0000] {dag.py:3954} INFO - Setting next_dagrun for extraction_DAG to 2026-09-17 10:00:00+00:00, run_after=2026-09-17 11:00:00+00:00
[2026-09-17T10:31:43.882+0000] {processor.py:183} INFO - Processing /opt/airflow/dags/extraction_DAG.py took 0.344 seconds
[2026-09-17T10:32:14.007+0000] {processor.py:161} INFO - Started process (PID=2182) to work on /opt/airflow/dags/extraction_DAG.py
[2026-09-17T10:32:14.051+0000] {processor.py:830} INFO - Processing file /opt/airflow/dags/extraction_DAG.py for tasks to queue
[2026-09-17T10:32:14.053+0000] {logging_mixin.py:188} INFO - [2026-09-17T10:32:14.053+0000] {dagbag.py:545} INFO - Filling up the DagBag from /opt/airflow/dags/extraction_DAG.py
[2026-09-17T10:32:14.382+0000] {processor.py:840} INFO - DAG(s) 'extraction_DAG' retrieved from /opt/airflow/dags/extraction_DAG.py
[2026-09-17T10:32:14.399+0000] {logging_mixin.py:188} INFO - [2026-09-17T10:32:14.398+0000] {dag.py:3096} INFO - Sync 1 DAGs
[2026-09-17T10:32:14.412+0000] {logging_mixin.py:188} INFO - [2026-09-17T10:32:14.412+0000] {dag.py:3954} INFO - Setting next_dagrun for extraction_DAG to 2026-09-17 10:00:00+00:00, run_after=2026-09-17 11:00:00+00:00
[2026-09-17T10:32:14.424+0000] {processor.py:183} INFO - Processing /opt/airflow/dags/extraction_DAG.py took 0.421 seconds
[2026-09-17T10:32:44.540+0000] {processor.py:161} INFO - Started process (PID=2190) to work on /opt/airflow/dags/extraction_DAG.py
[2026-09-17T10:32:44.540+0000] {processor.py:830} INFO - Processing file /opt/airflow/dags/extraction_DAG.py for tasks to queue
[2026-09-17T10:32:44.542+0000] {logging_mixin.py:188} INFO - [2026-09-17T10:32:44.541+0000] {dagbag.py:545} INFO - Filling up the DagBag from /opt/airflow/dags/extraction_DAG.py
[2026-09-17T10:32:44.842+0000] {processor.py:840} INFO - DAG(s) 'extraction_DAG' retrieved from /opt/airflow/dags/extraction_DAG.py
[2026-09-17T10:32:44.856+0000] {logging_mixin.py:188} INFO - [2026-09-17T10:32:44.856+0000] {dag.py:3096} INFO - Sync 1 DAGs
[2026-09-17T10:32:44.870+0000] {logging_mixin.py:188} INFO - [2026-09-17T10:32:44.870+0000] {dag.py:3954} INFO - Setting next_dagrun for extraction_DAG to 2026-09-17 10:00:00+00:00, run_after=2026-09-17 11:00:00+00:00
[2026-09-17T10:32:44.880+0000] {processor.py:183} INFO - Processing /opt/airflow/dags/extraction_DAG.py took 0.343 seconds
[2026-09-17T10:33:15.031+0000] {processor.py:161} INFO - Started process (PID=2197) to work on /opt/airflow/dags/extraction_DAG.py
[2026-09-17T10:33:15.118+0000] {processor.py:830} INFO - Processing file /opt/airflow/dags/extraction_DAG.py for tasks to queue
[2026-09-17T10:33:15.121+0000] {logging_mixin.py:188} INFO - [2026-09-17T10:33:15.120+0000] {dagbag.py:545} INFO - Filling up the DagBag from /opt/airflow/dags/extraction_DAG.py
[2026-09-17T10:33:15.418+0000] {processor.py:840} INFO - DAG(s) 'extraction_DAG' retrieved from /opt/airflow/dags/extraction_DAG.py
[2026-09-17T10:33:15.433+0000] {logging_mixin.py:188} INFO - [2026-09-17T10:33:15.433+0000] {dag.py:3096} INFO - Sync 1 DAGs
[2026-09-17T10:33:15.445+0000] {logging_mixin.py:188} INFO - [2026-09-17T10:33:15.445+0000] {dag.py:3954} INFO - Setting next_dagrun for extraction_DAG to 2026-09-17 10:00:00+00:00, run_after=2026-09-17 11:00:00+00:00
[2026-09-17T10:33:15.454+0000] {processor.py:183} INFO - Processing /opt/airflow/dags/extraction_DAG.py took 0.431 seconds
[2026-09-17T10:33:45.569+0000] {processor.py:161} INFO - Started process (PID=2206) to work on /opt/airflow/dags/extraction_DAG.py
[2026-09-17T10:33:45.570+0000] {processor.py:830} INFO - Processing file /opt/airflow/dags/extraction_DAG.py for tasks to queue
[2026-09-17T10:33:45.571+0000] {logging_mixin.py:188} INFO - [2026-09-17T10:33:45.570+0000] {dagbag.py:545} INFO - Filling up the DagBag from /opt/airflow/dags/extraction_DAG.py
[2026-09-17T10:33:45.884+0000] {processor.py:840} INFO - DAG(s) 'extraction_DAG' retrieved from /opt/airflow/dags/extraction_DAG.py
[2026-09-17T10:33:45.899+0000] {logging_mixin.py:188} INFO - [2026-09-17T10:33:45.898+0000] {dag.py:3096} INFO - Sync 1 DAGs
[2026-09-17T10:33:45.913+0000] {logging_mixin.py:188} INFO - [2026-09-17T10:33:45.913+0000] {dag.py:3954} INFO - Setting next_dagrun for extraction_DAG to 2026-09-17 10:00:00+00:00, run_after=2026-09-17 11:00:00+00:00
[2026-09-17T10:33:45.922+0000] {processor.py:183} INFO - Processing /opt/airflow/dags/extraction_DAG.py took 0.358 seconds
[2026-09-17T10:34:16.035+0000] {processor.py:161} INFO - Started process (PID=2214) to work on /opt/airflow/dags/extraction_DAG.py
[2026-09-17T10:34:16.041+0000] {processor.py:830} INFO - Processing file /opt/airflow/dags/extraction_DAG.py for tasks to queue
[2026-09-17T10:34:16.042+0000] {logging_mixin.py:188} INFO - [2026-09-17T10:34:16.042+0000] {dagbag.py:545} INFO - Filling up the DagBag from /opt/airflow/dags/extraction_DAG.py
[2026-09-17T10:34:16.365+0000] {processor.py:840} INFO - DAG(s) 'extraction_DAG' retrieved from /opt/airflow/dags/extraction_DAG.py
[2026-09-17T10:34:16.381+0000] {logging_mixin.py:188} INFO - [2026-09-17T10:34:16.381+0000] {dag.py:3096} INFO - Sync 1 DAGs
[2026-09-17T10:34:16.398+0000] {logging_mixin.py:188} INFO - [2026-09-17T10:34:16.397+0000] {dag.py:3954} INFO - Setting next_dagrun for extraction_DAG to 2026-09-17 10:00:00+00:00, run_after=2026-09-17 11:00:00+00:00
[2026-09-17T10:34:16.407+0000] {processor.py:183} INFO - Processing /opt/airflow/dags/extraction_DAG.py took 0.376 seconds
[2026-09-17T10:34:46.546+0000] {processor.py:161} INFO - Started process (PID=2222) to work on /opt/airflow/dags/extraction_DAG.py
[2026-09-17T10:34:46.547+0000] {processor.py:830} INFO - Processing file /opt/airflow/dags/extraction_DAG.py for tasks to queue
[2026-09-17T10:34:46.549+0000] {logging_mixin.py:188} INFO - [2026-09-17T10:34:46.549+0000] {dagbag.py:545} INFO - Filling up the DagBag from /opt/airflow/dags/extraction_DAG.py
[2026-09-17T10:34:46.850+0000] {processor.py:840} INFO - DAG(s) 'extraction_DAG' retrieved from /opt/airflow/dags/extraction_DAG.py
[2026-09-17T10:34:46.867+0000] {logging_mixin.py:188} INFO - [2026-09-17T10:34:46.867+0000] {dag.py:3096} INFO - Sync 1 DAGs
[2026-09-17T10:34:46.878+0000] {logging_mixin.py:188} INFO - [2026-09-17T10:34:46.878+0000] {dag.py:3954} INFO - Setting next_dagrun for extraction_DAG to 2026-09-17 10:00:00+00:00, run_after=2026-09-17 11:00:00+00:00
[2026-09-17T10:34:46.888+0000] {processor.py:183} INFO - Processing /opt/airflow/dags/extraction_DAG.py took 0.351 seconds
[2026-09-17T10:35:16.989+0000] {processor.py:161} INFO - Started process (PID=2230) to work on /opt/airflow/dags/extraction_DAG.py
[2026-09-17T10:35:16.993+0000] {processor.py:830} INFO - Processing file /opt/airflow/dags/extraction_DAG.py for tasks to queue
[2026-09-17T10:35:16.994+0000] {logging_mixin.py:188} INFO - [2026-09-17T10:35:16.993+0000] {dagbag.py:545} INFO - Filling up the DagBag from /opt/airflow/dags/extraction_DAG.py
[2026-09-17T10:35:17.317+0000] {processor.py:840} INFO - DAG(s) 'extraction_DAG' retrieved from /opt/airflow/dags/extraction_DAG.py
[2026-09-17T10:35:17.332+0000] {logging_mixin.py:188} INFO - [2026-09-17T10:35:17.332+0000] {dag.py:3096} INFO - Sync 1 DAGs
[2026-09-17T10:35:17.345+0000] {logging_mixin.py:188} INFO - [2026-09-17T10:35:17.344+0000] {dag.py:3954} INFO - Setting next_dagrun for extraction_DAG to 2026-09-17 10:00:00+00:00, run_after=2026-09-17 11:00:00+00:00
[2026-09-17T10:35:17.356+0000] {processor.py:183} INFO - Processing /opt/airflow/dags/extraction_DAG.py took 0.371 seconds
[2026-09-17T10:35:47.457+0000] {processor.py:161} INFO - Started process (PID=2238) to work on /opt/airflow/dags/extraction_DAG.py
[2026-09-17T10:35:47.457+0000] {processor.py:830} INFO - Processing file /opt/airflow/dags/extraction_DAG.py for tasks to queue
[2026-09-17T10:35:47.458+0000] {logging_mixin.py:188} INFO - [2026-09-17T10:35:47.458+0000] {dagbag.py:545} INFO - Filling up the DagBag from /opt/airflow/dags/extraction_DAG.py
[2026-09-17T10:35:47.779+0000] {processor.py:840} INFO - DAG(s) 'extraction_DAG' retrieved from /opt/airflow/dags/extraction_DAG.py
[2026-09-17T10:35:47.798+0000] {logging_mixin.py:188} INFO - [2026-09-17T10:35:47.797+0000] {dag.py:3096} INFO - Sync 1 DAGs
[2026-09-17T10:35:47.818+0000] {logging_mixin.py:188} INFO - [2026-09-17T10:35:47.818+0000] {dag.py:3954} INFO - Setting next_dagrun for extraction_DAG to 2026-09-17 10:00:00+00:00, run_after=2026-09-17 11:00:00+00:00
[2026-09-17T10:35:47.831+0000] {processor.py:183} INFO - Processing /opt/airflow/dags/extraction_DAG.py took 0.378 seconds
[2026-09-17T10:36:17.961+0000] {processor.py:161} INFO - Started process (PID=2246) to work on /opt/airflow/dags/extraction_DAG.py
[2026-09-17T10:36:17.974+0000] {processor.py:830} INFO - Processing file /opt/airflow/dags/extraction_DAG.py for tasks to queue
[2026-09-17T10:36:17.976+0000] {logging_mixin.py:188} INFO - [2026-09-17T10:36:17.975+0000] {dagbag.py:545} INFO - Filling up the DagBag from /opt/airflow/dags/extraction_DAG.py
[2026-09-17T10:36:17.981+0000] {logging_mixin.py:188} INFO - [2026-09-17T10:36:17.980+0000] {dagbag.py:355} ERROR - Failed to import: /opt/airflow/dags/extraction_DAG.py
Traceback (most recent call last):
  File "/home/airflow/.local/lib/python3.12/site-packages/airflow/models/dagbag.py", line 351, in parse
    loader.exec_module(new_module)
  File "<frozen importlib._bootstrap_external>", line 995, in exec_module
  File "<frozen importlib._bootstrap>", line 488, in _call_with_frames_removed
  File "/opt/airflow/dags/extraction_DAG.py", line 9, in <module>
    from include import extract as extract_data
  File "/opt/airflow/include/extract.py", line 57
    detailsListresponse["items"])
                                ^
SyntaxError: unmatched ')'
[2026-09-17T10:36:17.981+0000] {processor.py:842} WARNING - No viable dags retrieved from /opt/airflow/dags/extraction_DAG.py
[2026-09-17T10:36:17.998+0000] {processor.py:183} INFO - Processing /opt/airflow/dags/extraction_DAG.py took 0.047 seconds
[2026-09-17T10:36:48.080+0000] {processor.py:161} INFO - Started process (PID=2253) to work on /opt/airflow/dags/extraction_DAG.py
[2026-09-17T10:36:48.081+0000] {processor.py:830} INFO - Processing file /opt/airflow/dags/extraction_DAG.py for tasks to queue
[2026-09-17T10:36:48.082+0000] {logging_mixin.py:188} INFO - [2026-09-17T10:36:48.082+0000] {dagbag.py:545} INFO - Filling up the DagBag from /opt/airflow/dags/extraction_DAG.py
[2026-09-17T10:36:48.395+0000] {processor.py:840} INFO - DAG(s) 'extraction_DAG' retrieved from /opt/airflow/dags/extraction_DAG.py
[2026-09-17T10:36:48.409+0000] {logging_mixin.py:188} INFO - [2026-09-17T10:36:48.409+0000] {dag.py:3096} INFO - Sync 1 DAGs
[2026-09-17T10:36:48.421+0000] {logging_mixin.py:188} INFO - [2026-09-17T10:36:48.421+0000] {dag.py:3954} INFO - Setting next_dagrun for extraction_DAG to 2026-09-17 10:00:00+00:00, run_after=2026-09-17 11:00:00+00:00
[2026-09-17T10:36:48.432+0000] {processor.py:183} INFO - Processing /opt/airflow/dags/extraction_DAG.py took 0.358 seconds
[2026-09-17T10:37:18.532+0000] {processor.py:161} INFO - Started process (PID=2261) to work on /opt/airflow/dags/extraction_DAG.py
[2026-09-17T10:37:18.628+0000] {processor.py:830} INFO - Processing file /opt/airflow/dags/extraction_DAG.py for tasks to queue
[2026-09-17T10:37:18.629+0000] {logging_mixin.py:188} INFO - [2026-09-17T10:37:18.629+0000] {dagbag.py:545} INFO - Filling up the DagBag from /opt/airflow/dags/extraction_DAG.py
[2026-09-17T10:37:18.939+0000] {processor.py:840} INFO - DAG(s) 'extraction_DAG' retrieved from /opt/airflow/dags/extraction_DAG.py
[2026-09-17T10:37:18.953+0000] {logging_mixin.py:188} INFO - [2026-09-17T10:37:18.952+0000] {dag.py:3096} INFO - Sync 1 DAGs
[2026-09-17T10:37:18.965+0000] {logging_mixin.py:188} INFO - [2026-09-17T10:37:18.965+0000] {dag.py:3954} INFO - Setting next_dagrun for extraction_DAG to 2026-09-17 10:00:00+00:00, run_after=2026-09-17 11:00:00+00:00
[2026-09-17T10:37:18.975+0000] {processor.py:183} INFO - Processing /opt/airflow/dags/extraction_DAG.py took 0.446 seconds
[2026-09-17T10:37:49.073+0000] {processor.py:161} INFO - Started process (PID=2269) to work on /opt/airflow/dags/extraction_DAG.py
[2026-09-17T10:37:49.085+0000] {processor.py:830} INFO - Processing file /opt/airflow/dags/extraction_DAG.py for tasks to queue
[2026-09-17T10:37:49.086+0000] {logging_mixin.py:188} INFO - [2026-09-17T10:37:49.086+0000] {dagbag.py:545} INFO - Filling up the DagBag from /opt/airflow/dags/extraction_DAG.py
[2026-09-17T10:37:49.405+0000] {processor.py:840} INFO - DAG(s) 'extraction_DAG' retrieved from /opt/airflow/dags/extraction_DAG.py
[2026-09-17T10:37:49.420+0000] {logging_mixin.py:188} INFO - [2026-09-17T10:37:49.420+0000] {dag.py:3096} INFO - Sync 1 DAGs
[2026-09-17T10:37:49.433+0000] {logging_mixin.py:188} INFO - [2026-09-17T10:37:49.432+0000] {dag.py:3954} INFO - Setting next_dagrun for extraction_DAG to 2026-09-17 10:00:00+00:00, run_after=2026-09-17 11:00:00+00:00
[2026-09-17T10:37:49.442+0000] {processor.py:183} INFO - Processing /opt/airflow/dags/extraction_DAG.py took 0.372 seconds
[2026-09-17T10:38:19.584+0000] {processor.py:161} INFO - Started process (PID=2277) to work on /opt/airflow/dags/extraction_DAG.py
[2026-09-17T10:38:19.585+0000] {processor.py:830} INFO - Processing file /opt/airflow/dags/extraction_DAG.py for tasks to queue
[2026-09-17T10:38:19.588+0000] {logging_mixin.py:188} INFO - [2026-09-17T10:38:19.587+0000] {dagbag.py:545} INFO - Filling up the DagBag from /opt/airflow/dags/extraction_DAG.py
[2026-09-17T10:38:19.881+0000] {processor.py:840} INFO - DAG(s) 'extraction_DAG' retrieved from /opt/airflow/dags/extraction_DAG.py
[2026-09-17T10:38:19.895+0000] {logging_mixin.py:188} INFO - [2026-09-17T10:38:19.895+0000] {dag.py:3096} INFO - Sync 1 DAGs
[2026-09-17T10:38:19.908+0000] {logging_mixin.py:188} INFO - [2026-09-17T10:38:19.908+0000] {dag.py:3954} INFO - Setting next_dagrun for extraction_DAG to 2026-09-17 10:00:00+00:00, run_after=2026-09-17 11:00:00+00:00
[2026-09-17T10:38:19.917+0000] {processor.py:183} INFO - Processing /opt/airflow/dags/extraction_DAG.py took 0.342 seconds
[2026-09-17T10:38:50.054+0000] {processor.py:161} INFO - Started process (PID=2285) to work on /opt/airflow/dags/extraction_DAG.py
[2026-09-17T10:38:50.055+0000] {processor.py:830} INFO - Processing file /opt/airflow/dags/extraction_DAG.py for tasks to queue
[2026-09-17T10:38:50.057+0000] {logging_mixin.py:188} INFO - [2026-09-17T10:38:50.056+0000] {dagbag.py:545} INFO - Filling up the DagBag from /opt/airflow/dags/extraction_DAG.py
[2026-09-17T10:38:50.343+0000] {processor.py:840} INFO - DAG(s) 'extraction_DAG' retrieved from /opt/airflow/dags/extraction_DAG.py
[2026-09-17T10:38:50.358+0000] {logging_mixin.py:188} INFO - [2026-09-17T10:38:50.357+0000] {dag.py:3096} INFO - Sync 1 DAGs
[2026-09-17T10:38:50.371+0000] {logging_mixin.py:188} INFO - [2026-09-17T10:38:50.371+0000] {dag.py:3954} INFO - Setting next_dagrun for extraction_DAG to 2026-09-17 10:00:00+00:00, run_after=2026-09-17 11:00:00+00:00
[2026-09-17T10:38:50.380+0000] {processor.py:183} INFO - Processing /opt/airflow/dags/extraction_DAG.py took 0.334 seconds
[2026-09-17T10:39:20.503+0000] {processor.py:161} INFO - Started process (PID=2293) to work on /opt/airflow/dags/extraction_DAG.py
[2026-09-17T10:39:20.504+0000] {processor.py:830} INFO - Processing file /opt/airflow/dags/extraction_DAG.py for tasks to queue
[2026-09-17T10:39:20.505+0000] {logging_mixin.py:188} INFO - [2026-09-17T10:39:20.505+0000] {dagbag.py:545} INFO - Filling up the DagBag from /opt/airflow/dags/extraction_DAG.py
[2026-09-17T10:39:20.819+0000] {processor.py:840} INFO - DAG(s) 'extraction_DAG' retrieved from /opt/airflow/dags/extraction_DAG.py
[2026-09-17T10:39:20.835+0000] {logging_mixin.py:188} INFO - [2026-09-17T10:39:20.835+0000] {dag.py:3096} INFO - Sync 1 DAGs
[2026-09-17T10:39:20.849+0000] {logging_mixin.py:188} INFO - [2026-09-17T10:39:20.849+0000] {dag.py:3954} INFO - Setting next_dagrun for extraction_DAG to 2026-09-17 10:00:00+00:00, run_after=2026-09-17 11:00:00+00:00
[2026-09-17T10:39:20.860+0000] {processor.py:183} INFO - Processing /opt/airflow/dags/extraction_DAG.py took 0.360 seconds
[2026-09-17T10:39:50.989+0000] {processor.py:161} INFO - Started process (PID=2301) to work on /opt/airflow/dags/extraction_DAG.py
[2026-09-17T10:39:51.080+0000] {processor.py:830} INFO - Processing file /opt/airflow/dags/extraction_DAG.py for tasks to queue
[2026-09-17T10:39:51.083+0000] {logging_mixin.py:188} INFO - [2026-09-17T10:39:51.082+0000] {dagbag.py:545} INFO - Filling up the DagBag from /opt/airflow/dags/extraction_DAG.py
[2026-09-17T10:39:51.374+0000] {processor.py:840} INFO - DAG(s) 'extraction_DAG' retrieved from /opt/airflow/dags/extraction_DAG.py
[2026-09-17T10:39:51.389+0000] {logging_mixin.py:188} INFO - [2026-09-17T10:39:51.389+0000] {dag.py:3096} INFO - Sync 1 DAGs
[2026-09-17T10:39:51.401+0000] {logging_mixin.py:188} INFO - [2026-09-17T10:39:51.401+0000] {dag.py:3954} INFO - Setting next_dagrun for extraction_DAG to 2026-09-17 10:00:00+00:00, run_after=2026-09-17 11:00:00+00:00
[2026-09-17T10:39:51.410+0000] {processor.py:183} INFO - Processing /opt/airflow/dags/extraction_DAG.py took 0.428 seconds
[2026-09-17T10:40:21.567+0000] {processor.py:161} INFO - Started process (PID=2309) to work on /opt/airflow/dags/extraction_DAG.py
[2026-09-17T10:40:21.569+0000] {processor.py:830} INFO - Processing file /opt/airflow/dags/extraction_DAG.py for tasks to queue
[2026-09-17T10:40:21.570+0000] {logging_mixin.py:188} INFO - [2026-09-17T10:40:21.570+0000] {dagbag.py:545} INFO - Filling up the DagBag from /opt/airflow/dags/extraction_DAG.py
[2026-09-17T10:40:21.865+0000] {processor.py:840} INFO - DAG(s) 'extraction_DAG' retrieved from /opt/airflow/dags/extraction_DAG.py
[2026-09-17T10:40:21.880+0000] {logging_mixin.py:188} INFO - [2026-09-17T10:40:21.879+0000] {dag.py:3096} INFO - Sync 1 DAGs
[2026-09-17T10:40:21.892+0000] {logging_mixin.py:188} INFO - [2026-09-17T10:40:21.892+0000] {dag.py:3954} INFO - Setting next_dagrun for extraction_DAG to 2026-09-17 10:00:00+00:00, run_after=2026-09-17 11:00:00+00:00
[2026-09-17T10:40:21.901+0000] {processor.py:183} INFO - Processing /opt/airflow/dags/extraction_DAG.py took 0.342 seconds
[2026-09-17T10:40:52.051+0000] {processor.py:161} INFO - Started process (PID=2317) to work on /opt/airflow/dags/extraction_DAG.py
[2026-09-17T10:40:52.052+0000] {processor.py:830} INFO - Processing file /opt/airflow/dags/extraction_DAG.py for tasks to queue
[2026-09-17T10:40:52.054+0000] {logging_mixin.py:188} INFO - [2026-09-17T10:40:52.053+0000] {dagbag.py:545} INFO - Filling up the DagBag from /opt/airflow/dags/extraction_DAG.py
[2026-09-17T10:40:52.347+0000] {processor.py:840} INFO - DAG(s) 'extraction_DAG' retrieved from /opt/airflow/dags/extraction_DAG.py
[2026-09-17T10:40:52.363+0000] {logging_mixin.py:188} INFO - [2026-09-17T10:40:52.363+0000] {dag.py:3096} INFO - Sync 1 DAGs
[2026-09-17T10:40:52.376+0000] {logging_mixin.py:188} INFO - [2026-09-17T10:40:52.376+0000] {dag.py:3954} INFO - Setting next_dagrun for extraction_DAG to 2026-09-17 10:00:00+00:00, run_after=2026-09-17 11:00:00+00:00
[2026-09-17T10:40:52.386+0000] {processor.py:183} INFO - Processing /opt/airflow/dags/extraction_DAG.py took 0.344 seconds
[2026-09-17T10:41:22.506+0000] {processor.py:161} INFO - Started process (PID=2325) to work on /opt/airflow/dags/extraction_DAG.py
[2026-09-17T10:41:22.507+0000] {processor.py:830} INFO - Processing file /opt/airflow/dags/extraction_DAG.py for tasks to queue
[2026-09-17T10:41:22.508+0000] {logging_mixin.py:188} INFO - [2026-09-17T10:41:22.508+0000] {dagbag.py:545} INFO - Filling up the DagBag from /opt/airflow/dags/extraction_DAG.py
[2026-09-17T10:41:22.856+0000] {processor.py:840} INFO - DAG(s) 'extraction_DAG' retrieved from /opt/airflow/dags/extraction_DAG.py
[2026-09-17T10:41:22.874+0000] {logging_mixin.py:188} INFO - [2026-09-17T10:41:22.874+0000] {dag.py:3096} INFO - Sync 1 DAGs
[2026-09-17T10:41:22.890+0000] {logging_mixin.py:188} INFO - [2026-09-17T10:41:22.889+0000] {dag.py:3954} INFO - Setting next_dagrun for extraction_DAG to 2026-09-17 10:00:00+00:00, run_after=2026-09-17 11:00:00+00:00
[2026-09-17T10:41:22.899+0000] {processor.py:183} INFO - Processing /opt/airflow/dags/extraction_DAG.py took 0.397 seconds
[2026-09-17T10:41:53.009+0000] {processor.py:161} INFO - Started process (PID=2333) to work on /opt/airflow/dags/extraction_DAG.py
[2026-09-17T10:41:53.010+0000] {processor.py:830} INFO - Processing file /opt/airflow/dags/extraction_DAG.py for tasks to queue
[2026-09-17T10:41:53.010+0000] {logging_mixin.py:188} INFO - [2026-09-17T10:41:53.010+0000] {dagbag.py:545} INFO - Filling up the DagBag from /opt/airflow/dags/extraction_DAG.py
[2026-09-17T10:41:53.309+0000] {processor.py:840} INFO - DAG(s) 'extraction_DAG' retrieved from /opt/airflow/dags/extraction_DAG.py
[2026-09-17T10:41:53.323+0000] {logging_mixin.py:188} INFO - [2026-09-17T10:41:53.323+0000] {dag.py:3096} INFO - Sync 1 DAGs
[2026-09-17T10:41:53.335+0000] {logging_mixin.py:188} INFO - [2026-09-17T10:41:53.335+0000] {dag.py:3954} INFO - Setting next_dagrun for extraction_DAG to 2026-09-17 10:00:00+00:00, run_after=2026-09-17 11:00:00+00:00
[2026-09-17T10:41:53.344+0000] {processor.py:183} INFO - Processing /opt/airflow/dags/extraction_DAG.py took 0.341 seconds
[2026-09-17T10:42:23.469+0000] {processor.py:161} INFO - Started process (PID=2341) to work on /opt/airflow/dags/extraction_DAG.py
[2026-09-17T10:42:23.469+0000] {processor.py:830} INFO - Processing file /opt/airflow/dags/extraction_DAG.py for tasks to queue
[2026-09-17T10:42:23.470+0000] {logging_mixin.py:188} INFO - [2026-09-17T10:42:23.470+0000] {dagbag.py:545} INFO - Filling up the DagBag from /opt/airflow/dags/extraction_DAG.py
[2026-09-17T10:42:23.784+0000] {processor.py:840} INFO - DAG(s) 'extraction_DAG' retrieved from /opt/airflow/dags/extraction_DAG.py
[2026-09-17T10:42:23.801+0000] {logging_mixin.py:188} INFO - [2026-09-17T10:42:23.801+0000] {dag.py:3096} INFO - Sync 1 DAGs
[2026-09-17T10:42:23.815+0000] {logging_mixin.py:188} INFO - [2026-09-17T10:42:23.814+0000] {dag.py:3954} INFO - Setting next_dagrun for extraction_DAG to 2026-09-17 10:00:00+00:00, run_after=2026-09-17 11:00:00+00:00
[2026-09-17T10:42:23.824+0000] {processor.py:183} INFO - Processing /opt/airflow/dags/extraction_DAG.py took 0.359 seconds
[2026-09-17T10:42:53.936+0000] {processor.py:161} INFO - Started process (PID=2349) to work on /opt/airflow/dags/extraction_DAG.py
[2026-09-17T10:42:53.937+0000] {processor.py:830} INFO - Processing file /opt/airflow/dags/extraction_DAG.py for tasks to queue
[2026-09-17T10:42:53.938+0000] {logging_mixin.py:188} INFO - [2026-09-17T10:42:53.937+0000] {dagbag.py:545} INFO - Filling up the DagBag from /opt/airflow/dags/extraction_DAG.py
[2026-09-17T10:42:54.246+0000] {processor.py:840} INFO - DAG(s) 'extraction_DAG' retrieved from /opt/airflow/dags/extraction_DAG.py
[2026-09-17T10:42:54.262+0000] {logging_mixin.py:188} INFO - [2026-09-17T10:42:54.261+0000] {dag.py:3096} INFO - Sync 1 DAGs
[2026-09-17T10:42:54.275+0000] {logging_mixin.py:188} INFO - [2026-09-17T10:42:54.275+0000] {dag.py:3954} INFO - Setting next_dagrun for extraction_DAG to 2026-09-17 10:00:00+00:00, run_after=2026-09-17 11:00:00+00:00
[2026-09-17T10:42:54.285+0000] {processor.py:183} INFO - Processing /opt/airflow/dags/extraction_DAG.py took 0.353 seconds
[2026-09-17T10:43:24.386+0000] {processor.py:161} INFO - Started process (PID=2357) to work on /opt/airflow/dags/extraction_DAG.py
[2026-09-17T10:43:24.479+0000] {processor.py:830} INFO - Processing file /opt/airflow/dags/extraction_DAG.py for tasks to queue
[2026-09-17T10:43:24.480+0000] {logging_mixin.py:188} INFO - [2026-09-17T10:43:24.480+0000] {dagbag.py:545} INFO - Filling up the DagBag from /opt/airflow/dags/extraction_DAG.py
[2026-09-17T10:43:24.811+0000] {processor.py:840} INFO - DAG(s) 'extraction_DAG' retrieved from /opt/airflow/dags/extraction_DAG.py
[2026-09-17T10:43:24.826+0000] {logging_mixin.py:188} INFO - [2026-09-17T10:43:24.826+0000] {dag.py:3096} INFO - Sync 1 DAGs
[2026-09-17T10:43:24.840+0000] {logging_mixin.py:188} INFO - [2026-09-17T10:43:24.839+0000] {dag.py:3954} INFO - Setting next_dagrun for extraction_DAG to 2026-09-17 10:00:00+00:00, run_after=2026-09-17 11:00:00+00:00
[2026-09-17T10:43:24.850+0000] {processor.py:183} INFO - Processing /opt/airflow/dags/extraction_DAG.py took 0.468 seconds
[2026-09-17T10:43:54.967+0000] {processor.py:161} INFO - Started process (PID=2365) to work on /opt/airflow/dags/extraction_DAG.py
[2026-09-17T10:43:54.988+0000] {processor.py:830} INFO - Processing file /opt/airflow/dags/extraction_DAG.py for tasks to queue
[2026-09-17T10:43:54.990+0000] {logging_mixin.py:188} INFO - [2026-09-17T10:43:54.989+0000] {dagbag.py:545} INFO - Filling up the DagBag from /opt/airflow/dags/extraction_DAG.py
[2026-09-17T10:43:55.332+0000] {processor.py:840} INFO - DAG(s) 'extraction_DAG' retrieved from /opt/airflow/dags/extraction_DAG.py
[2026-09-17T10:43:55.347+0000] {logging_mixin.py:188} INFO - [2026-09-17T10:43:55.347+0000] {dag.py:3096} INFO - Sync 1 DAGs
[2026-09-17T10:43:55.361+0000] {logging_mixin.py:188} INFO - [2026-09-17T10:43:55.361+0000] {dag.py:3954} INFO - Setting next_dagrun for extraction_DAG to 2026-09-17 10:00:00+00:00, run_after=2026-09-17 11:00:00+00:00
[2026-09-17T10:43:55.371+0000] {processor.py:183} INFO - Processing /opt/airflow/dags/extraction_DAG.py took 0.407 seconds
[2026-09-17T10:44:25.503+0000] {processor.py:161} INFO - Started process (PID=2373) to work on /opt/airflow/dags/extraction_DAG.py
[2026-09-17T10:44:25.504+0000] {processor.py:830} INFO - Processing file /opt/airflow/dags/extraction_DAG.py for tasks to queue
[2026-09-17T10:44:25.505+0000] {logging_mixin.py:188} INFO - [2026-09-17T10:44:25.505+0000] {dagbag.py:545} INFO - Filling up the DagBag from /opt/airflow/dags/extraction_DAG.py
[2026-09-17T10:44:25.829+0000] {processor.py:840} INFO - DAG(s) 'extraction_DAG' retrieved from /opt/airflow/dags/extraction_DAG.py
[2026-09-17T10:44:25.845+0000] {logging_mixin.py:188} INFO - [2026-09-17T10:44:25.845+0000] {dag.py:3096} INFO - Sync 1 DAGs
[2026-09-17T10:44:25.859+0000] {logging_mixin.py:188} INFO - [2026-09-17T10:44:25.859+0000] {dag.py:3954} INFO - Setting next_dagrun for extraction_DAG to 2026-09-17 10:00:00+00:00, run_after=2026-09-17 11:00:00+00:00
[2026-09-17T10:44:25.868+0000] {processor.py:183} INFO - Processing /opt/airflow/dags/extraction_DAG.py took 0.369 seconds
[2026-09-17T10:44:56.000+0000] {processor.py:161} INFO - Started process (PID=2381) to work on /opt/airflow/dags/extraction_DAG.py
[2026-09-17T10:44:56.002+0000] {processor.py:830} INFO - Processing file /opt/airflow/dags/extraction_DAG.py for tasks to queue
[2026-09-17T10:44:56.004+0000] {logging_mixin.py:188} INFO - [2026-09-17T10:44:56.004+0000] {dagbag.py:545} INFO - Filling up the DagBag from /opt/airflow/dags/extraction_DAG.py
[2026-09-17T10:44:56.294+0000] {processor.py:840} INFO - DAG(s) 'extraction_DAG' retrieved from /opt/airflow/dags/extraction_DAG.py
[2026-09-17T10:44:56.311+0000] {logging_mixin.py:188} INFO - [2026-09-17T10:44:56.311+0000] {dag.py:3096} INFO - Sync 1 DAGs
[2026-09-17T10:44:56.324+0000] {logging_mixin.py:188} INFO - [2026-09-17T10:44:56.324+0000] {dag.py:3954} INFO - Setting next_dagrun for extraction_DAG to 2026-09-17 10:00:00+00:00, run_after=2026-09-17 11:00:00+00:00
[2026-09-17T10:44:56.332+0000] {processor.py:183} INFO - Processing /opt/airflow/dags/extraction_DAG.py took 0.342 seconds
[2026-09-17T10:45:26.472+0000] {processor.py:161} INFO - Started process (PID=2389) to work on /opt/airflow/dags/extraction_DAG.py
[2026-09-17T10:45:26.495+0000] {processor.py:830} INFO - Processing file /opt/airflow/dags/extraction_DAG.py for tasks to queue
[2026-09-17T10:45:26.496+0000] {logging_mixin.py:188} INFO - [2026-09-17T10:45:26.496+0000] {dagbag.py:545} INFO - Filling up the DagBag from /opt/airflow/dags/extraction_DAG.py
[2026-09-17T10:45:26.805+0000] {processor.py:840} INFO - DAG(s) 'extraction_DAG' retrieved from /opt/airflow/dags/extraction_DAG.py
[2026-09-17T10:45:26.821+0000] {logging_mixin.py:188} INFO - [2026-09-17T10:45:26.821+0000] {dag.py:3096} INFO - Sync 1 DAGs
[2026-09-17T10:45:26.833+0000] {logging_mixin.py:188} INFO - [2026-09-17T10:45:26.833+0000] {dag.py:3954} INFO - Setting next_dagrun for extraction_DAG to 2026-09-17 10:00:00+00:00, run_after=2026-09-17 11:00:00+00:00
[2026-09-17T10:45:26.841+0000] {processor.py:183} INFO - Processing /opt/airflow/dags/extraction_DAG.py took 0.373 seconds
[2026-09-17T10:45:56.981+0000] {processor.py:161} INFO - Started process (PID=2397) to work on /opt/airflow/dags/extraction_DAG.py
[2026-09-17T10:45:56.981+0000] {processor.py:830} INFO - Processing file /opt/airflow/dags/extraction_DAG.py for tasks to queue
[2026-09-17T10:45:56.983+0000] {logging_mixin.py:188} INFO - [2026-09-17T10:45:56.983+0000] {dagbag.py:545} INFO - Filling up the DagBag from /opt/airflow/dags/extraction_DAG.py
[2026-09-17T10:45:57.285+0000] {processor.py:840} INFO - DAG(s) 'extraction_DAG' retrieved from /opt/airflow/dags/extraction_DAG.py
[2026-09-17T10:45:57.299+0000] {logging_mixin.py:188} INFO - [2026-09-17T10:45:57.298+0000] {dag.py:3096} INFO - Sync 1 DAGs
[2026-09-17T10:45:57.311+0000] {logging_mixin.py:188} INFO - [2026-09-17T10:45:57.310+0000] {dag.py:3954} INFO - Setting next_dagrun for extraction_DAG to 2026-09-17 10:00:00+00:00, run_after=2026-09-17 11:00:00+00:00
[2026-09-17T10:45:57.320+0000] {processor.py:183} INFO - Processing /opt/airflow/dags/extraction_DAG.py took 0.347 seconds
[2026-09-17T10:46:27.471+0000] {processor.py:161} INFO - Started process (PID=2405) to work on /opt/airflow/dags/extraction_DAG.py
[2026-09-17T10:46:27.472+0000] {processor.py:830} INFO - Processing file /opt/airflow/dags/extraction_DAG.py for tasks to queue
[2026-09-17T10:46:27.473+0000] {logging_mixin.py:188} INFO - [2026-09-17T10:46:27.473+0000] {dagbag.py:545} INFO - Filling up the DagBag from /opt/airflow/dags/extraction_DAG.py
[2026-09-17T10:46:27.784+0000] {processor.py:840} INFO - DAG(s) 'extraction_DAG' retrieved from /opt/airflow/dags/extraction_DAG.py
[2026-09-17T10:46:27.804+0000] {logging_mixin.py:188} INFO - [2026-09-17T10:46:27.804+0000] {dag.py:3096} INFO - Sync 1 DAGs
[2026-09-17T10:46:27.819+0000] {logging_mixin.py:188} INFO - [2026-09-17T10:46:27.819+0000] {dag.py:3954} INFO - Setting next_dagrun for extraction_DAG to 2026-09-17 10:00:00+00:00, run_after=2026-09-17 11:00:00+00:00
[2026-09-17T10:46:27.832+0000] {processor.py:183} INFO - Processing /opt/airflow/dags/extraction_DAG.py took 0.367 seconds
[2026-09-17T10:46:57.978+0000] {processor.py:161} INFO - Started process (PID=2413) to work on /opt/airflow/dags/extraction_DAG.py
[2026-09-17T10:46:57.985+0000] {processor.py:830} INFO - Processing file /opt/airflow/dags/extraction_DAG.py for tasks to queue
[2026-09-17T10:46:57.988+0000] {logging_mixin.py:188} INFO - [2026-09-17T10:46:57.987+0000] {dagbag.py:545} INFO - Filling up the DagBag from /opt/airflow/dags/extraction_DAG.py
[2026-09-17T10:46:58.296+0000] {processor.py:840} INFO - DAG(s) 'extraction_DAG' retrieved from /opt/airflow/dags/extraction_DAG.py
[2026-09-17T10:46:58.311+0000] {logging_mixin.py:188} INFO - [2026-09-17T10:46:58.311+0000] {dag.py:3096} INFO - Sync 1 DAGs
[2026-09-17T10:46:58.324+0000] {logging_mixin.py:188} INFO - [2026-09-17T10:46:58.323+0000] {dag.py:3954} INFO - Setting next_dagrun for extraction_DAG to 2026-09-17 10:00:00+00:00, run_after=2026-09-17 11:00:00+00:00
[2026-09-17T10:46:58.334+0000] {processor.py:183} INFO - Processing /opt/airflow/dags/extraction_DAG.py took 0.365 seconds
[2026-09-17T10:47:28.482+0000] {processor.py:161} INFO - Started process (PID=2421) to work on /opt/airflow/dags/extraction_DAG.py
[2026-09-17T10:47:28.483+0000] {processor.py:830} INFO - Processing file /opt/airflow/dags/extraction_DAG.py for tasks to queue
[2026-09-17T10:47:28.485+0000] {logging_mixin.py:188} INFO - [2026-09-17T10:47:28.485+0000] {dagbag.py:545} INFO - Filling up the DagBag from /opt/airflow/dags/extraction_DAG.py
[2026-09-17T10:47:28.777+0000] {processor.py:840} INFO - DAG(s) 'extraction_DAG' retrieved from /opt/airflow/dags/extraction_DAG.py
[2026-09-17T10:47:28.791+0000] {logging_mixin.py:188} INFO - [2026-09-17T10:47:28.791+0000] {dag.py:3096} INFO - Sync 1 DAGs
[2026-09-17T10:47:28.803+0000] {logging_mixin.py:188} INFO - [2026-09-17T10:47:28.803+0000] {dag.py:3954} INFO - Setting next_dagrun for extraction_DAG to 2026-09-17 10:00:00+00:00, run_after=2026-09-17 11:00:00+00:00
[2026-09-17T10:47:28.812+0000] {processor.py:183} INFO - Processing /opt/airflow/dags/extraction_DAG.py took 0.339 seconds
[2026-09-17T10:47:58.945+0000] {processor.py:161} INFO - Started process (PID=2429) to work on /opt/airflow/dags/extraction_DAG.py
[2026-09-17T10:47:58.956+0000] {processor.py:830} INFO - Processing file /opt/airflow/dags/extraction_DAG.py for tasks to queue
[2026-09-17T10:47:58.958+0000] {logging_mixin.py:188} INFO - [2026-09-17T10:47:58.957+0000] {dagbag.py:545} INFO - Filling up the DagBag from /opt/airflow/dags/extraction_DAG.py
[2026-09-17T10:47:59.251+0000] {processor.py:840} INFO - DAG(s) 'extraction_DAG' retrieved from /opt/airflow/dags/extraction_DAG.py
[2026-09-17T10:47:59.265+0000] {logging_mixin.py:188} INFO - [2026-09-17T10:47:59.265+0000] {dag.py:3096} INFO - Sync 1 DAGs
[2026-09-17T10:47:59.278+0000] {logging_mixin.py:188} INFO - [2026-09-17T10:47:59.277+0000] {dag.py:3954} INFO - Setting next_dagrun for extraction_DAG to 2026-09-17 10:00:00+00:00, run_after=2026-09-17 11:00:00+00:00
[2026-09-17T10:47:59.286+0000] {processor.py:183} INFO - Processing /opt/airflow/dags/extraction_DAG.py took 0.345 seconds
[2026-09-17T10:48:29.435+0000] {processor.py:161} INFO - Started process (PID=2437) to work on /opt/airflow/dags/extraction_DAG.py
[2026-09-17T10:48:29.436+0000] {processor.py:830} INFO - Processing file /opt/airflow/dags/extraction_DAG.py for tasks to queue
[2026-09-17T10:48:29.438+0000] {logging_mixin.py:188} INFO - [2026-09-17T10:48:29.438+0000] {dagbag.py:545} INFO - Filling up the DagBag from /opt/airflow/dags/extraction_DAG.py
[2026-09-17T10:48:29.752+0000] {processor.py:840} INFO - DAG(s) 'extraction_DAG' retrieved from /opt/airflow/dags/extraction_DAG.py
[2026-09-17T10:48:29.767+0000] {logging_mixin.py:188} INFO - [2026-09-17T10:48:29.767+0000] {dag.py:3096} INFO - Sync 1 DAGs
[2026-09-17T10:48:29.779+0000] {logging_mixin.py:188} INFO - [2026-09-17T10:48:29.779+0000] {dag.py:3954} INFO - Setting next_dagrun for extraction_DAG to 2026-09-17 10:00:00+00:00, run_after=2026-09-17 11:00:00+00:00
[2026-09-17T10:48:29.789+0000] {processor.py:183} INFO - Processing /opt/airflow/dags/extraction_DAG.py took 0.363 seconds
[2026-09-17T10:48:59.926+0000] {processor.py:161} INFO - Started process (PID=2445) to work on /opt/airflow/dags/extraction_DAG.py
[2026-09-17T10:48:59.927+0000] {processor.py:830} INFO - Processing file /opt/airflow/dags/extraction_DAG.py for tasks to queue
[2026-09-17T10:48:59.929+0000] {logging_mixin.py:188} INFO - [2026-09-17T10:48:59.929+0000] {dagbag.py:545} INFO - Filling up the DagBag from /opt/airflow/dags/extraction_DAG.py
[2026-09-17T10:49:00.239+0000] {processor.py:840} INFO - DAG(s) 'extraction_DAG' retrieved from /opt/airflow/dags/extraction_DAG.py
[2026-09-17T10:49:00.252+0000] {logging_mixin.py:188} INFO - [2026-09-17T10:49:00.252+0000] {dag.py:3096} INFO - Sync 1 DAGs
[2026-09-17T10:49:00.264+0000] {logging_mixin.py:188} INFO - [2026-09-17T10:49:00.264+0000] {dag.py:3954} INFO - Setting next_dagrun for extraction_DAG to 2026-09-17 10:00:00+00:00, run_after=2026-09-17 11:00:00+00:00
[2026-09-17T10:49:00.273+0000] {processor.py:183} INFO - Processing /opt/airflow/dags/extraction_DAG.py took 0.357 seconds
[2026-09-17T10:49:30.414+0000] {processor.py:161} INFO - Started process (PID=2453) to work on /opt/airflow/dags/extraction_DAG.py
[2026-09-17T10:49:30.415+0000] {processor.py:830} INFO - Processing file /opt/airflow/dags/extraction_DAG.py for tasks to queue
[2026-09-17T10:49:30.417+0000] {logging_mixin.py:188} INFO - [2026-09-17T10:49:30.416+0000] {dagbag.py:545} INFO - Filling up the DagBag from /opt/airflow/dags/extraction_DAG.py
[2026-09-17T10:49:30.712+0000] {processor.py:840} INFO - DAG(s) 'extraction_DAG' retrieved from /opt/airflow/dags/extraction_DAG.py
[2026-09-17T10:49:30.726+0000] {logging_mixin.py:188} INFO - [2026-09-17T10:49:30.725+0000] {dag.py:3096} INFO - Sync 1 DAGs
[2026-09-17T10:49:30.738+0000] {logging_mixin.py:188} INFO - [2026-09-17T10:49:30.737+0000] {dag.py:3954} INFO - Setting next_dagrun for extraction_DAG to 2026-09-17 10:00:00+00:00, run_after=2026-09-17 11:00:00+00:00
[2026-09-17T10:49:30.747+0000] {processor.py:183} INFO - Processing /opt/airflow/dags/extraction_DAG.py took 0.338 seconds
[2026-09-17T10:50:00.862+0000] {processor.py:161} INFO - Started process (PID=2461) to work on /opt/airflow/dags/extraction_DAG.py
[2026-09-17T10:50:00.997+0000] {processor.py:830} INFO - Processing file /opt/airflow/dags/extraction_DAG.py for tasks to queue
[2026-09-17T10:50:00.999+0000] {logging_mixin.py:188} INFO - [2026-09-17T10:50:00.999+0000] {dagbag.py:545} INFO - Filling up the DagBag from /opt/airflow/dags/extraction_DAG.py
[2026-09-17T10:50:01.322+0000] {processor.py:840} INFO - DAG(s) 'extraction_DAG' retrieved from /opt/airflow/dags/extraction_DAG.py
[2026-09-17T10:50:01.337+0000] {logging_mixin.py:188} INFO - [2026-09-17T10:50:01.336+0000] {dag.py:3096} INFO - Sync 1 DAGs
[2026-09-17T10:50:01.350+0000] {logging_mixin.py:188} INFO - [2026-09-17T10:50:01.350+0000] {dag.py:3954} INFO - Setting next_dagrun for extraction_DAG to 2026-09-17 10:00:00+00:00, run_after=2026-09-17 11:00:00+00:00
[2026-09-17T10:50:01.362+0000] {processor.py:183} INFO - Processing /opt/airflow/dags/extraction_DAG.py took 0.508 seconds
[2026-09-17T10:50:31.513+0000] {processor.py:161} INFO - Started process (PID=2475) to work on /opt/airflow/dags/extraction_DAG.py
[2026-09-17T10:50:31.514+0000] {processor.py:830} INFO - Processing file /opt/airflow/dags/extraction_DAG.py for tasks to queue
[2026-09-17T10:50:31.516+0000] {logging_mixin.py:188} INFO - [2026-09-17T10:50:31.515+0000] {dagbag.py:545} INFO - Filling up the DagBag from /opt/airflow/dags/extraction_DAG.py
[2026-09-17T10:50:31.802+0000] {processor.py:840} INFO - DAG(s) 'extraction_DAG' retrieved from /opt/airflow/dags/extraction_DAG.py
[2026-09-17T10:50:31.817+0000] {logging_mixin.py:188} INFO - [2026-09-17T10:50:31.816+0000] {dag.py:3096} INFO - Sync 1 DAGs
[2026-09-17T10:50:31.829+0000] {logging_mixin.py:188} INFO - [2026-09-17T10:50:31.829+0000] {dag.py:3954} INFO - Setting next_dagrun for extraction_DAG to 2026-09-17 10:00:00+00:00, run_after=2026-09-17 11:00:00+00:00
[2026-09-17T10:50:31.838+0000] {processor.py:183} INFO - Processing /opt/airflow/dags/extraction_DAG.py took 0.335 seconds
[2026-09-17T10:51:01.980+0000] {processor.py:161} INFO - Started process (PID=2483) to work on /opt/airflow/dags/extraction_DAG.py
[2026-09-17T10:51:01.982+0000] {processor.py:830} INFO - Processing file /opt/airflow/dags/extraction_DAG.py for tasks to queue
[2026-09-17T10:51:01.984+0000] {logging_mixin.py:188} INFO - [2026-09-17T10:51:01.983+0000] {dagbag.py:545} INFO - Filling up the DagBag from /opt/airflow/dags/extraction_DAG.py
[2026-09-17T10:51:02.286+0000] {processor.py:840} INFO - DAG(s) 'extraction_DAG' retrieved from /opt/airflow/dags/extraction_DAG.py
[2026-09-17T10:51:02.302+0000] {logging_mixin.py:188} INFO - [2026-09-17T10:51:02.302+0000] {dag.py:3096} INFO - Sync 1 DAGs
[2026-09-17T10:51:02.314+0000] {logging_mixin.py:188} INFO - [2026-09-17T10:51:02.314+0000] {dag.py:3954} INFO - Setting next_dagrun for extraction_DAG to 2026-09-17 10:00:00+00:00, run_after=2026-09-17 11:00:00+00:00
[2026-09-17T10:51:02.325+0000] {processor.py:183} INFO - Processing /opt/airflow/dags/extraction_DAG.py took 0.354 seconds
[2026-09-17T10:51:32.479+0000] {processor.py:161} INFO - Started process (PID=2491) to work on /opt/airflow/dags/extraction_DAG.py
[2026-09-17T10:51:32.480+0000] {processor.py:830} INFO - Processing file /opt/airflow/dags/extraction_DAG.py for tasks to queue
[2026-09-17T10:51:32.482+0000] {logging_mixin.py:188} INFO - [2026-09-17T10:51:32.482+0000] {dagbag.py:545} INFO - Filling up the DagBag from /opt/airflow/dags/extraction_DAG.py
[2026-09-17T10:51:32.781+0000] {processor.py:840} INFO - DAG(s) 'extraction_DAG' retrieved from /opt/airflow/dags/extraction_DAG.py
[2026-09-17T10:51:32.799+0000] {logging_mixin.py:188} INFO - [2026-09-17T10:51:32.799+0000] {dag.py:3096} INFO - Sync 1 DAGs
[2026-09-17T10:51:32.812+0000] {logging_mixin.py:188} INFO - [2026-09-17T10:51:32.812+0000] {dag.py:3954} INFO - Setting next_dagrun for extraction_DAG to 2026-09-17 10:00:00+00:00, run_after=2026-09-17 11:00:00+00:00
[2026-09-17T10:51:32.826+0000] {processor.py:183} INFO - Processing /opt/airflow/dags/extraction_DAG.py took 0.357 seconds
[2026-09-17T10:52:02.978+0000] {processor.py:161} INFO - Started process (PID=2499) to work on /opt/airflow/dags/extraction_DAG.py
[2026-09-17T10:52:02.979+0000] {processor.py:830} INFO - Processing file /opt/airflow/dags/extraction_DAG.py for tasks to queue
[2026-09-17T10:52:02.980+0000] {logging_mixin.py:188} INFO - [2026-09-17T10:52:02.980+0000] {dagbag.py:545} INFO - Filling up the DagBag from /opt/airflow/dags/extraction_DAG.py
[2026-09-17T10:52:03.272+0000] {processor.py:840} INFO - DAG(s) 'extraction_DAG' retrieved from /opt/airflow/dags/extraction_DAG.py
[2026-09-17T10:52:03.286+0000] {logging_mixin.py:188} INFO - [2026-09-17T10:52:03.286+0000] {dag.py:3096} INFO - Sync 1 DAGs
[2026-09-17T10:52:03.298+0000] {logging_mixin.py:188} INFO - [2026-09-17T10:52:03.298+0000] {dag.py:3954} INFO - Setting next_dagrun for extraction_DAG to 2026-09-17 10:00:00+00:00, run_after=2026-09-17 11:00:00+00:00
[2026-09-17T10:52:03.306+0000] {processor.py:183} INFO - Processing /opt/airflow/dags/extraction_DAG.py took 0.338 seconds
[2026-09-17T10:52:33.473+0000] {processor.py:161} INFO - Started process (PID=2507) to work on /opt/airflow/dags/extraction_DAG.py
[2026-09-17T10:52:33.486+0000] {processor.py:830} INFO - Processing file /opt/airflow/dags/extraction_DAG.py for tasks to queue
[2026-09-17T10:52:33.489+0000] {logging_mixin.py:188} INFO - [2026-09-17T10:52:33.488+0000] {dagbag.py:545} INFO - Filling up the DagBag from /opt/airflow/dags/extraction_DAG.py
[2026-09-17T10:52:33.782+0000] {processor.py:840} INFO - DAG(s) 'extraction_DAG' retrieved from /opt/airflow/dags/extraction_DAG.py
[2026-09-17T10:52:33.796+0000] {logging_mixin.py:188} INFO - [2026-09-17T10:52:33.795+0000] {dag.py:3096} INFO - Sync 1 DAGs
[2026-09-17T10:52:33.807+0000] {logging_mixin.py:188} INFO - [2026-09-17T10:52:33.807+0000] {dag.py:3954} INFO - Setting next_dagrun for extraction_DAG to 2026-09-17 10:00:00+00:00, run_after=2026-09-17 11:00:00+00:00
[2026-09-17T10:52:33.815+0000] {processor.py:183} INFO - Processing /opt/airflow/dags/extraction_DAG.py took 0.351 seconds
[2026-09-17T10:53:03.959+0000] {processor.py:161} INFO - Started process (PID=2515) to work on /opt/airflow/dags/extraction_DAG.py
[2026-09-17T10:53:04.054+0000] {processor.py:830} INFO - Processing file /opt/airflow/dags/extraction_DAG.py for tasks to queue
[2026-09-17T10:53:04.057+0000] {logging_mixin.py:188} INFO - [2026-09-17T10:53:04.057+0000] {dagbag.py:545} INFO - Filling up the DagBag from /opt/airflow/dags/extraction_DAG.py
[2026-09-17T10:53:04.359+0000] {processor.py:840} INFO - DAG(s) 'extraction_DAG' retrieved from /opt/airflow/dags/extraction_DAG.py
[2026-09-17T10:53:04.373+0000] {logging_mixin.py:188} INFO - [2026-09-17T10:53:04.373+0000] {dag.py:3096} INFO - Sync 1 DAGs
[2026-09-17T10:53:04.385+0000] {logging_mixin.py:188} INFO - [2026-09-17T10:53:04.385+0000] {dag.py:3954} INFO - Setting next_dagrun for extraction_DAG to 2026-09-17 10:00:00+00:00, run_after=2026-09-17 11:00:00+00:00
[2026-09-17T10:53:04.396+0000] {processor.py:183} INFO - Processing /opt/airflow/dags/extraction_DAG.py took 0.446 seconds
[2026-09-17T10:53:34.551+0000] {processor.py:161} INFO - Started process (PID=2523) to work on /opt/airflow/dags/extraction_DAG.py
[2026-09-17T10:53:34.552+0000] {processor.py:830} INFO - Processing file /opt/airflow/dags/extraction_DAG.py for tasks to queue
[2026-09-17T10:53:34.555+0000] {logging_mixin.py:188} INFO - [2026-09-17T10:53:34.554+0000] {dagbag.py:545} INFO - Filling up the DagBag from /opt/airflow/dags/extraction_DAG.py
[2026-09-17T10:53:34.843+0000] {processor.py:840} INFO - DAG(s) 'extraction_DAG' retrieved from /opt/airflow/dags/extraction_DAG.py
[2026-09-17T10:53:34.856+0000] {logging_mixin.py:188} INFO - [2026-09-17T10:53:34.856+0000] {dag.py:3096} INFO - Sync 1 DAGs
[2026-09-17T10:53:34.868+0000] {logging_mixin.py:188} INFO - [2026-09-17T10:53:34.868+0000] {dag.py:3954} INFO - Setting next_dagrun for extraction_DAG to 2026-09-17 10:00:00+00:00, run_after=2026-09-17 11:00:00+00:00
[2026-09-17T10:53:34.876+0000] {processor.py:183} INFO - Processing /opt/airflow/dags/extraction_DAG.py took 0.334 seconds
[2026-09-17T10:54:05.007+0000] {processor.py:161} INFO - Started process (PID=2531) to work on /opt/airflow/dags/extraction_DAG.py
[2026-09-17T10:54:05.007+0000] {processor.py:830} INFO - Processing file /opt/airflow/dags/extraction_DAG.py for tasks to queue
[2026-09-17T10:54:05.008+0000] {logging_mixin.py:188} INFO - [2026-09-17T10:54:05.008+0000] {dagbag.py:545} INFO - Filling up the DagBag from /opt/airflow/dags/extraction_DAG.py
[2026-09-17T10:54:05.350+0000] {processor.py:840} INFO - DAG(s) 'extraction_DAG' retrieved from /opt/airflow/dags/extraction_DAG.py
[2026-09-17T10:54:05.365+0000] {logging_mixin.py:188} INFO - [2026-09-17T10:54:05.364+0000] {dag.py:3096} INFO - Sync 1 DAGs
[2026-09-17T10:54:05.377+0000] {logging_mixin.py:188} INFO - [2026-09-17T10:54:05.376+0000] {dag.py:3954} INFO - Setting next_dagrun for extraction_DAG to 2026-09-17 10:00:00+00:00, run_after=2026-09-17 11:00:00+00:00
[2026-09-17T10:54:05.385+0000] {processor.py:183} INFO - Processing /opt/airflow/dags/extraction_DAG.py took 0.384 seconds
[2026-09-17T10:54:35.521+0000] {processor.py:161} INFO - Started process (PID=2539) to work on /opt/airflow/dags/extraction_DAG.py
[2026-09-17T10:54:35.522+0000] {processor.py:830} INFO - Processing file /opt/airflow/dags/extraction_DAG.py for tasks to queue
[2026-09-17T10:54:35.523+0000] {logging_mixin.py:188} INFO - [2026-09-17T10:54:35.523+0000] {dagbag.py:545} INFO - Filling up the DagBag from /opt/airflow/dags/extraction_DAG.py
[2026-09-17T10:54:35.845+0000] {processor.py:840} INFO - DAG(s) 'extraction_DAG' retrieved from /opt/airflow/dags/extraction_DAG.py
[2026-09-17T10:54:35.867+0000] {logging_mixin.py:188} INFO - [2026-09-17T10:54:35.866+0000] {dag.py:3096} INFO - Sync 1 DAGs
[2026-09-17T10:54:35.881+0000] {logging_mixin.py:188} INFO - [2026-09-17T10:54:35.880+0000] {dag.py:3954} INFO - Setting next_dagrun for extraction_DAG to 2026-09-17 10:00:00+00:00, run_after=2026-09-17 11:00:00+00:00
[2026-09-17T10:54:35.890+0000] {processor.py:183} INFO - Processing /opt/airflow/dags/extraction_DAG.py took 0.377 seconds
[2026-09-17T10:55:06.027+0000] {processor.py:161} INFO - Started process (PID=2547) to work on /opt/airflow/dags/extraction_DAG.py
[2026-09-17T10:55:06.036+0000] {processor.py:830} INFO - Processing file /opt/airflow/dags/extraction_DAG.py for tasks to queue
[2026-09-17T10:55:06.037+0000] {logging_mixin.py:188} INFO - [2026-09-17T10:55:06.037+0000] {dagbag.py:545} INFO - Filling up the DagBag from /opt/airflow/dags/extraction_DAG.py
[2026-09-17T10:55:06.347+0000] {processor.py:840} INFO - DAG(s) 'extraction_DAG' retrieved from /opt/airflow/dags/extraction_DAG.py
[2026-09-17T10:55:06.362+0000] {logging_mixin.py:188} INFO - [2026-09-17T10:55:06.362+0000] {dag.py:3096} INFO - Sync 1 DAGs
[2026-09-17T10:55:06.374+0000] {logging_mixin.py:188} INFO - [2026-09-17T10:55:06.374+0000] {dag.py:3954} INFO - Setting next_dagrun for extraction_DAG to 2026-09-17 10:00:00+00:00, run_after=2026-09-17 11:00:00+00:00
[2026-09-17T10:55:06.384+0000] {processor.py:183} INFO - Processing /opt/airflow/dags/extraction_DAG.py took 0.362 seconds
[2026-09-17T10:55:36.505+0000] {processor.py:161} INFO - Started process (PID=2555) to work on /opt/airflow/dags/extraction_DAG.py
[2026-09-17T10:55:36.506+0000] {processor.py:830} INFO - Processing file /opt/airflow/dags/extraction_DAG.py for tasks to queue
[2026-09-17T10:55:36.508+0000] {logging_mixin.py:188} INFO - [2026-09-17T10:55:36.507+0000] {dagbag.py:545} INFO - Filling up the DagBag from /opt/airflow/dags/extraction_DAG.py
[2026-09-17T10:55:36.891+0000] {processor.py:840} INFO - DAG(s) 'extraction_DAG' retrieved from /opt/airflow/dags/extraction_DAG.py
[2026-09-17T10:55:36.910+0000] {logging_mixin.py:188} INFO - [2026-09-17T10:55:36.909+0000] {dag.py:3096} INFO - Sync 1 DAGs
[2026-09-17T10:55:36.926+0000] {logging_mixin.py:188} INFO - [2026-09-17T10:55:36.926+0000] {dag.py:3954} INFO - Setting next_dagrun for extraction_DAG to 2026-09-17 10:00:00+00:00, run_after=2026-09-17 11:00:00+00:00
[2026-09-17T10:55:36.941+0000] {processor.py:183} INFO - Processing /opt/airflow/dags/extraction_DAG.py took 0.440 seconds
[2026-09-17T10:56:07.081+0000] {processor.py:161} INFO - Started process (PID=2563) to work on /opt/airflow/dags/extraction_DAG.py
[2026-09-17T10:56:07.081+0000] {processor.py:830} INFO - Processing file /opt/airflow/dags/extraction_DAG.py for tasks to queue
[2026-09-17T10:56:07.082+0000] {logging_mixin.py:188} INFO - [2026-09-17T10:56:07.082+0000] {dagbag.py:545} INFO - Filling up the DagBag from /opt/airflow/dags/extraction_DAG.py
[2026-09-17T10:56:07.416+0000] {processor.py:840} INFO - DAG(s) 'extraction_DAG' retrieved from /opt/airflow/dags/extraction_DAG.py
[2026-09-17T10:56:07.432+0000] {logging_mixin.py:188} INFO - [2026-09-17T10:56:07.431+0000] {dag.py:3096} INFO - Sync 1 DAGs
[2026-09-17T10:56:07.447+0000] {logging_mixin.py:188} INFO - [2026-09-17T10:56:07.447+0000] {dag.py:3954} INFO - Setting next_dagrun for extraction_DAG to 2026-09-17 10:00:00+00:00, run_after=2026-09-17 11:00:00+00:00
[2026-09-17T10:56:07.459+0000] {processor.py:183} INFO - Processing /opt/airflow/dags/extraction_DAG.py took 0.382 seconds
[2026-09-17T10:56:37.573+0000] {processor.py:161} INFO - Started process (PID=2572) to work on /opt/airflow/dags/extraction_DAG.py
[2026-09-17T10:56:37.584+0000] {processor.py:830} INFO - Processing file /opt/airflow/dags/extraction_DAG.py for tasks to queue
[2026-09-17T10:56:37.586+0000] {logging_mixin.py:188} INFO - [2026-09-17T10:56:37.586+0000] {dagbag.py:545} INFO - Filling up the DagBag from /opt/airflow/dags/extraction_DAG.py
[2026-09-17T10:56:37.904+0000] {processor.py:840} INFO - DAG(s) 'extraction_DAG' retrieved from /opt/airflow/dags/extraction_DAG.py
[2026-09-17T10:56:37.918+0000] {logging_mixin.py:188} INFO - [2026-09-17T10:56:37.918+0000] {dag.py:3096} INFO - Sync 1 DAGs
[2026-09-17T10:56:37.932+0000] {logging_mixin.py:188} INFO - [2026-09-17T10:56:37.931+0000] {dag.py:3954} INFO - Setting next_dagrun for extraction_DAG to 2026-09-17 10:00:00+00:00, run_after=2026-09-17 11:00:00+00:00
[2026-09-17T10:56:37.940+0000] {processor.py:183} INFO - Processing /opt/airflow/dags/extraction_DAG.py took 0.375 seconds
[2026-09-17T10:56:59.035+0000] {processor.py:161} INFO - Started process (PID=2574) to work on /opt/airflow/dags/extraction_DAG.py
[2026-09-17T10:56:59.036+0000] {processor.py:830} INFO - Processing file /opt/airflow/dags/extraction_DAG.py for tasks to queue
[2026-09-17T10:56:59.037+0000] {logging_mixin.py:188} INFO - [2026-09-17T10:56:59.037+0000] {dagbag.py:545} INFO - Filling up the DagBag from /opt/airflow/dags/extraction_DAG.py
[2026-09-17T10:56:59.332+0000] {processor.py:840} INFO - DAG(s) 'extraction_DAG' retrieved from /opt/airflow/dags/extraction_DAG.py
[2026-09-17T10:56:59.343+0000] {logging_mixin.py:188} INFO - [2026-09-17T10:56:59.343+0000] {dag.py:3096} INFO - Sync 1 DAGs
[2026-09-17T10:56:59.356+0000] {logging_mixin.py:188} INFO - [2026-09-17T10:56:59.356+0000] {dag.py:3954} INFO - Setting next_dagrun for extraction_DAG to 2026-09-17 10:00:00+00:00, run_after=2026-09-17 11:00:00+00:00
[2026-09-17T10:56:59.366+0000] {processor.py:183} INFO - Processing /opt/airflow/dags/extraction_DAG.py took 0.335 seconds
[2026-09-17T10:57:29.510+0000] {processor.py:161} INFO - Started process (PID=2584) to work on /opt/airflow/dags/extraction_DAG.py
[2026-09-17T10:57:29.519+0000] {processor.py:830} INFO - Processing file /opt/airflow/dags/extraction_DAG.py for tasks to queue
[2026-09-17T10:57:29.522+0000] {logging_mixin.py:188} INFO - [2026-09-17T10:57:29.521+0000] {dagbag.py:545} INFO - Filling up the DagBag from /opt/airflow/dags/extraction_DAG.py
[2026-09-17T10:57:29.845+0000] {processor.py:840} INFO - DAG(s) 'extraction_DAG' retrieved from /opt/airflow/dags/extraction_DAG.py
[2026-09-17T10:57:29.858+0000] {logging_mixin.py:188} INFO - [2026-09-17T10:57:29.857+0000] {dag.py:3096} INFO - Sync 1 DAGs
[2026-09-17T10:57:29.869+0000] {logging_mixin.py:188} INFO - [2026-09-17T10:57:29.869+0000] {dag.py:3954} INFO - Setting next_dagrun for extraction_DAG to 2026-09-17 10:00:00+00:00, run_after=2026-09-17 11:00:00+00:00
[2026-09-17T10:57:29.879+0000] {processor.py:183} INFO - Processing /opt/airflow/dags/extraction_DAG.py took 0.378 seconds
[2026-09-17T10:58:00.021+0000] {processor.py:161} INFO - Started process (PID=2594) to work on /opt/airflow/dags/extraction_DAG.py
[2026-09-17T10:58:00.022+0000] {processor.py:830} INFO - Processing file /opt/airflow/dags/extraction_DAG.py for tasks to queue
[2026-09-17T10:58:00.025+0000] {logging_mixin.py:188} INFO - [2026-09-17T10:58:00.025+0000] {dagbag.py:545} INFO - Filling up the DagBag from /opt/airflow/dags/extraction_DAG.py
[2026-09-17T10:58:00.317+0000] {processor.py:840} INFO - DAG(s) 'extraction_DAG' retrieved from /opt/airflow/dags/extraction_DAG.py
[2026-09-17T10:58:00.328+0000] {logging_mixin.py:188} INFO - [2026-09-17T10:58:00.327+0000] {dag.py:3096} INFO - Sync 1 DAGs
[2026-09-17T10:58:00.342+0000] {logging_mixin.py:188} INFO - [2026-09-17T10:58:00.342+0000] {dag.py:3954} INFO - Setting next_dagrun for extraction_DAG to 2026-09-17 10:00:00+00:00, run_after=2026-09-17 11:00:00+00:00
[2026-09-17T10:58:00.351+0000] {processor.py:183} INFO - Processing /opt/airflow/dags/extraction_DAG.py took 0.340 seconds
[2026-09-17T10:58:26.499+0000] {processor.py:161} INFO - Started process (PID=2604) to work on /opt/airflow/dags/extraction_DAG.py
[2026-09-17T10:58:26.510+0000] {processor.py:830} INFO - Processing file /opt/airflow/dags/extraction_DAG.py for tasks to queue
[2026-09-17T10:58:26.513+0000] {logging_mixin.py:188} INFO - [2026-09-17T10:58:26.513+0000] {dagbag.py:545} INFO - Filling up the DagBag from /opt/airflow/dags/extraction_DAG.py
[2026-09-17T10:58:26.801+0000] {processor.py:840} INFO - DAG(s) 'extraction_DAG' retrieved from /opt/airflow/dags/extraction_DAG.py
[2026-09-17T10:58:26.852+0000] {logging_mixin.py:188} INFO - [2026-09-17T10:58:26.851+0000] {dag.py:3096} INFO - Sync 1 DAGs
[2026-09-17T10:58:26.862+0000] {logging_mixin.py:188} INFO - [2026-09-17T10:58:26.862+0000] {dag.py:3954} INFO - Setting next_dagrun for extraction_DAG to 2026-09-17 10:00:00+00:00, run_after=2026-09-17 11:00:00+00:00
[2026-09-17T10:58:26.872+0000] {processor.py:183} INFO - Processing /opt/airflow/dags/extraction_DAG.py took 0.381 seconds
[2026-09-17T10:58:56.977+0000] {processor.py:161} INFO - Started process (PID=2614) to work on /opt/airflow/dags/extraction_DAG.py
[2026-09-17T10:58:56.977+0000] {processor.py:830} INFO - Processing file /opt/airflow/dags/extraction_DAG.py for tasks to queue
[2026-09-17T10:58:56.979+0000] {logging_mixin.py:188} INFO - [2026-09-17T10:58:56.979+0000] {dagbag.py:545} INFO - Filling up the DagBag from /opt/airflow/dags/extraction_DAG.py
[2026-09-17T10:58:57.263+0000] {processor.py:840} INFO - DAG(s) 'extraction_DAG' retrieved from /opt/airflow/dags/extraction_DAG.py
[2026-09-17T10:58:57.274+0000] {logging_mixin.py:188} INFO - [2026-09-17T10:58:57.274+0000] {dag.py:3096} INFO - Sync 1 DAGs
[2026-09-17T10:58:57.286+0000] {logging_mixin.py:188} INFO - [2026-09-17T10:58:57.286+0000] {dag.py:3954} INFO - Setting next_dagrun for extraction_DAG to 2026-09-17 10:00:00+00:00, run_after=2026-09-17 11:00:00+00:00
[2026-09-17T10:58:57.295+0000] {processor.py:183} INFO - Processing /opt/airflow/dags/extraction_DAG.py took 0.327 seconds
[2026-09-17T10:59:27.435+0000] {processor.py:161} INFO - Started process (PID=2624) to work on /opt/airflow/dags/extraction_DAG.py
[2026-09-17T10:59:27.441+0000] {processor.py:830} INFO - Processing file /opt/airflow/dags/extraction_DAG.py for tasks to queue
[2026-09-17T10:59:27.444+0000] {logging_mixin.py:188} INFO - [2026-09-17T10:59:27.443+0000] {dagbag.py:545} INFO - Filling up the DagBag from /opt/airflow/dags/extraction_DAG.py
[2026-09-17T10:59:27.753+0000] {processor.py:840} INFO - DAG(s) 'extraction_DAG' retrieved from /opt/airflow/dags/extraction_DAG.py
[2026-09-17T10:59:27.764+0000] {logging_mixin.py:188} INFO - [2026-09-17T10:59:27.764+0000] {dag.py:3096} INFO - Sync 1 DAGs
[2026-09-17T10:59:27.780+0000] {logging_mixin.py:188} INFO - [2026-09-17T10:59:27.780+0000] {dag.py:3954} INFO - Setting next_dagrun for extraction_DAG to 2026-09-17 10:00:00+00:00, run_after=2026-09-17 11:00:00+00:00
[2026-09-17T10:59:27.792+0000] {processor.py:183} INFO - Processing /opt/airflow/dags/extraction_DAG.py took 0.365 seconds
[2026-09-17T10:59:57.906+0000] {processor.py:161} INFO - Started process (PID=2634) to work on /opt/airflow/dags/extraction_DAG.py
[2026-09-17T10:59:57.907+0000] {processor.py:830} INFO - Processing file /opt/airflow/dags/extraction_DAG.py for tasks to queue
[2026-09-17T10:59:57.908+0000] {logging_mixin.py:188} INFO - [2026-09-17T10:59:57.908+0000] {dagbag.py:545} INFO - Filling up the DagBag from /opt/airflow/dags/extraction_DAG.py
[2026-09-17T10:59:58.203+0000] {processor.py:840} INFO - DAG(s) 'extraction_DAG' retrieved from /opt/airflow/dags/extraction_DAG.py
[2026-09-17T10:59:58.214+0000] {logging_mixin.py:188} INFO - [2026-09-17T10:59:58.214+0000] {dag.py:3096} INFO - Sync 1 DAGs
[2026-09-17T10:59:58.227+0000] {logging_mixin.py:188} INFO - [2026-09-17T10:59:58.227+0000] {dag.py:3954} INFO - Setting next_dagrun for extraction_DAG to 2026-09-17 10:00:00+00:00, run_after=2026-09-17 11:00:00+00:00
[2026-09-17T10:59:58.236+0000] {processor.py:183} INFO - Processing /opt/airflow/dags/extraction_DAG.py took 0.334 seconds
[2026-09-17T11:00:28.388+0000] {processor.py:161} INFO - Started process (PID=2644) to work on /opt/airflow/dags/extraction_DAG.py
[2026-09-17T11:00:28.468+0000] {processor.py:830} INFO - Processing file /opt/airflow/dags/extraction_DAG.py for tasks to queue
[2026-09-17T11:00:28.471+0000] {logging_mixin.py:188} INFO - [2026-09-17T11:00:28.470+0000] {dagbag.py:545} INFO - Filling up the DagBag from /opt/airflow/dags/extraction_DAG.py
[2026-09-17T11:00:28.756+0000] {processor.py:840} INFO - DAG(s) 'extraction_DAG' retrieved from /opt/airflow/dags/extraction_DAG.py
[2026-09-17T11:00:28.767+0000] {logging_mixin.py:188} INFO - [2026-09-17T11:00:28.767+0000] {dag.py:3096} INFO - Sync 1 DAGs
[2026-09-17T11:00:28.778+0000] {logging_mixin.py:188} INFO - [2026-09-17T11:00:28.778+0000] {dag.py:3954} INFO - Setting next_dagrun for extraction_DAG to 2026-09-17 11:00:00+00:00, run_after=2026-09-17 12:00:00+00:00
[2026-09-17T11:00:28.788+0000] {processor.py:183} INFO - Processing /opt/airflow/dags/extraction_DAG.py took 0.408 seconds
[2026-09-17T11:00:58.850+0000] {processor.py:161} INFO - Started process (PID=2654) to work on /opt/airflow/dags/extraction_DAG.py
[2026-09-17T11:00:58.851+0000] {processor.py:830} INFO - Processing file /opt/airflow/dags/extraction_DAG.py for tasks to queue
[2026-09-17T11:00:58.853+0000] {logging_mixin.py:188} INFO - [2026-09-17T11:00:58.852+0000] {dagbag.py:545} INFO - Filling up the DagBag from /opt/airflow/dags/extraction_DAG.py
[2026-09-17T11:00:59.152+0000] {processor.py:840} INFO - DAG(s) 'extraction_DAG' retrieved from /opt/airflow/dags/extraction_DAG.py
[2026-09-17T11:00:59.163+0000] {logging_mixin.py:188} INFO - [2026-09-17T11:00:59.163+0000] {dag.py:3096} INFO - Sync 1 DAGs
[2026-09-17T11:00:59.175+0000] {logging_mixin.py:188} INFO - [2026-09-17T11:00:59.175+0000] {dag.py:3954} INFO - Setting next_dagrun for extraction_DAG to 2026-09-17 11:00:00+00:00, run_after=2026-09-17 12:00:00+00:00
[2026-09-17T11:00:59.186+0000] {processor.py:183} INFO - Processing /opt/airflow/dags/extraction_DAG.py took 0.342 seconds
[2026-09-17T11:01:29.320+0000] {processor.py:161} INFO - Started process (PID=2665) to work on /opt/airflow/dags/extraction_DAG.py
[2026-09-17T11:01:29.402+0000] {processor.py:830} INFO - Processing file /opt/airflow/dags/extraction_DAG.py for tasks to queue
[2026-09-17T11:01:29.406+0000] {logging_mixin.py:188} INFO - [2026-09-17T11:01:29.405+0000] {dagbag.py:545} INFO - Filling up the DagBag from /opt/airflow/dags/extraction_DAG.py
[2026-09-17T11:01:29.709+0000] {processor.py:840} INFO - DAG(s) 'extraction_DAG' retrieved from /opt/airflow/dags/extraction_DAG.py
[2026-09-17T11:01:29.719+0000] {logging_mixin.py:188} INFO - [2026-09-17T11:01:29.719+0000] {dag.py:3096} INFO - Sync 1 DAGs
[2026-09-17T11:01:29.731+0000] {logging_mixin.py:188} INFO - [2026-09-17T11:01:29.731+0000] {dag.py:3954} INFO - Setting next_dagrun for extraction_DAG to 2026-09-17 11:00:00+00:00, run_after=2026-09-17 12:00:00+00:00
[2026-09-17T11:01:29.740+0000] {processor.py:183} INFO - Processing /opt/airflow/dags/extraction_DAG.py took 0.428 seconds
[2026-09-17T11:01:59.817+0000] {processor.py:161} INFO - Started process (PID=2675) to work on /opt/airflow/dags/extraction_DAG.py
[2026-09-17T11:01:59.818+0000] {processor.py:830} INFO - Processing file /opt/airflow/dags/extraction_DAG.py for tasks to queue
[2026-09-17T11:01:59.819+0000] {logging_mixin.py:188} INFO - [2026-09-17T11:01:59.819+0000] {dagbag.py:545} INFO - Filling up the DagBag from /opt/airflow/dags/extraction_DAG.py
[2026-09-17T11:02:00.122+0000] {processor.py:840} INFO - DAG(s) 'extraction_DAG' retrieved from /opt/airflow/dags/extraction_DAG.py
[2026-09-17T11:02:00.134+0000] {logging_mixin.py:188} INFO - [2026-09-17T11:02:00.134+0000] {dag.py:3096} INFO - Sync 1 DAGs
[2026-09-17T11:02:00.146+0000] {logging_mixin.py:188} INFO - [2026-09-17T11:02:00.146+0000] {dag.py:3954} INFO - Setting next_dagrun for extraction_DAG to 2026-09-17 11:00:00+00:00, run_after=2026-09-17 12:00:00+00:00
[2026-09-17T11:02:00.155+0000] {processor.py:183} INFO - Processing /opt/airflow/dags/extraction_DAG.py took 0.341 seconds
[2026-09-17T11:02:30.289+0000] {processor.py:161} INFO - Started process (PID=2685) to work on /opt/airflow/dags/extraction_DAG.py
[2026-09-17T11:02:30.297+0000] {processor.py:830} INFO - Processing file /opt/airflow/dags/extraction_DAG.py for tasks to queue
[2026-09-17T11:02:30.298+0000] {logging_mixin.py:188} INFO - [2026-09-17T11:02:30.297+0000] {dagbag.py:545} INFO - Filling up the DagBag from /opt/airflow/dags/extraction_DAG.py
[2026-09-17T11:02:30.626+0000] {processor.py:840} INFO - DAG(s) 'extraction_DAG' retrieved from /opt/airflow/dags/extraction_DAG.py
[2026-09-17T11:02:30.638+0000] {logging_mixin.py:188} INFO - [2026-09-17T11:02:30.637+0000] {dag.py:3096} INFO - Sync 1 DAGs
[2026-09-17T11:02:30.651+0000] {logging_mixin.py:188} INFO - [2026-09-17T11:02:30.651+0000] {dag.py:3954} INFO - Setting next_dagrun for extraction_DAG to 2026-09-17 11:00:00+00:00, run_after=2026-09-17 12:00:00+00:00
[2026-09-17T11:02:30.661+0000] {processor.py:183} INFO - Processing /opt/airflow/dags/extraction_DAG.py took 0.376 seconds
[2026-09-17T11:03:00.784+0000] {processor.py:161} INFO - Started process (PID=2695) to work on /opt/airflow/dags/extraction_DAG.py
[2026-09-17T11:03:00.785+0000] {processor.py:830} INFO - Processing file /opt/airflow/dags/extraction_DAG.py for tasks to queue
[2026-09-17T11:03:00.787+0000] {logging_mixin.py:188} INFO - [2026-09-17T11:03:00.786+0000] {dagbag.py:545} INFO - Filling up the DagBag from /opt/airflow/dags/extraction_DAG.py
[2026-09-17T11:03:01.080+0000] {processor.py:840} INFO - DAG(s) 'extraction_DAG' retrieved from /opt/airflow/dags/extraction_DAG.py
[2026-09-17T11:03:01.092+0000] {logging_mixin.py:188} INFO - [2026-09-17T11:03:01.092+0000] {dag.py:3096} INFO - Sync 1 DAGs
[2026-09-17T11:03:01.104+0000] {logging_mixin.py:188} INFO - [2026-09-17T11:03:01.104+0000] {dag.py:3954} INFO - Setting next_dagrun for extraction_DAG to 2026-09-17 11:00:00+00:00, run_after=2026-09-17 12:00:00+00:00
[2026-09-17T11:03:01.113+0000] {processor.py:183} INFO - Processing /opt/airflow/dags/extraction_DAG.py took 0.339 seconds
[2026-09-17T11:03:31.265+0000] {processor.py:161} INFO - Started process (PID=2705) to work on /opt/airflow/dags/extraction_DAG.py
[2026-09-17T11:03:31.276+0000] {processor.py:830} INFO - Processing file /opt/airflow/dags/extraction_DAG.py for tasks to queue
[2026-09-17T11:03:31.278+0000] {logging_mixin.py:188} INFO - [2026-09-17T11:03:31.278+0000] {dagbag.py:545} INFO - Filling up the DagBag from /opt/airflow/dags/extraction_DAG.py
[2026-09-17T11:03:31.581+0000] {processor.py:840} INFO - DAG(s) 'extraction_DAG' retrieved from /opt/airflow/dags/extraction_DAG.py
[2026-09-17T11:03:31.593+0000] {logging_mixin.py:188} INFO - [2026-09-17T11:03:31.593+0000] {dag.py:3096} INFO - Sync 1 DAGs
[2026-09-17T11:03:31.607+0000] {logging_mixin.py:188} INFO - [2026-09-17T11:03:31.607+0000] {dag.py:3954} INFO - Setting next_dagrun for extraction_DAG to 2026-09-17 11:00:00+00:00, run_after=2026-09-17 12:00:00+00:00
[2026-09-17T11:03:31.621+0000] {processor.py:183} INFO - Processing /opt/airflow/dags/extraction_DAG.py took 0.366 seconds
[2026-09-17T11:04:01.767+0000] {processor.py:161} INFO - Started process (PID=2715) to work on /opt/airflow/dags/extraction_DAG.py
[2026-09-17T11:04:01.768+0000] {processor.py:830} INFO - Processing file /opt/airflow/dags/extraction_DAG.py for tasks to queue
[2026-09-17T11:04:01.769+0000] {logging_mixin.py:188} INFO - [2026-09-17T11:04:01.769+0000] {dagbag.py:545} INFO - Filling up the DagBag from /opt/airflow/dags/extraction_DAG.py
[2026-09-17T11:04:02.056+0000] {processor.py:840} INFO - DAG(s) 'extraction_DAG' retrieved from /opt/airflow/dags/extraction_DAG.py
[2026-09-17T11:04:02.067+0000] {logging_mixin.py:188} INFO - [2026-09-17T11:04:02.067+0000] {dag.py:3096} INFO - Sync 1 DAGs
[2026-09-17T11:04:02.079+0000] {logging_mixin.py:188} INFO - [2026-09-17T11:04:02.079+0000] {dag.py:3954} INFO - Setting next_dagrun for extraction_DAG to 2026-09-17 11:00:00+00:00, run_after=2026-09-17 12:00:00+00:00
[2026-09-17T11:04:02.089+0000] {processor.py:183} INFO - Processing /opt/airflow/dags/extraction_DAG.py took 0.329 seconds
[2026-09-17T11:04:32.230+0000] {processor.py:161} INFO - Started process (PID=2731) to work on /opt/airflow/dags/extraction_DAG.py
[2026-09-17T11:04:32.239+0000] {processor.py:830} INFO - Processing file /opt/airflow/dags/extraction_DAG.py for tasks to queue
[2026-09-17T11:04:32.241+0000] {logging_mixin.py:188} INFO - [2026-09-17T11:04:32.241+0000] {dagbag.py:545} INFO - Filling up the DagBag from /opt/airflow/dags/extraction_DAG.py
[2026-09-17T11:04:32.525+0000] {processor.py:840} INFO - DAG(s) 'extraction_DAG' retrieved from /opt/airflow/dags/extraction_DAG.py
[2026-09-17T11:04:32.537+0000] {logging_mixin.py:188} INFO - [2026-09-17T11:04:32.536+0000] {dag.py:3096} INFO - Sync 1 DAGs
[2026-09-17T11:04:32.549+0000] {logging_mixin.py:188} INFO - [2026-09-17T11:04:32.549+0000] {dag.py:3954} INFO - Setting next_dagrun for extraction_DAG to 2026-09-17 11:00:00+00:00, run_after=2026-09-17 12:00:00+00:00
[2026-09-17T11:04:32.559+0000] {processor.py:183} INFO - Processing /opt/airflow/dags/extraction_DAG.py took 0.332 seconds
[2026-09-17T11:05:02.717+0000] {processor.py:161} INFO - Started process (PID=2741) to work on /opt/airflow/dags/extraction_DAG.py
[2026-09-17T11:05:02.718+0000] {processor.py:830} INFO - Processing file /opt/airflow/dags/extraction_DAG.py for tasks to queue
[2026-09-17T11:05:02.720+0000] {logging_mixin.py:188} INFO - [2026-09-17T11:05:02.719+0000] {dagbag.py:545} INFO - Filling up the DagBag from /opt/airflow/dags/extraction_DAG.py
[2026-09-17T11:05:03.044+0000] {processor.py:840} INFO - DAG(s) 'extraction_DAG' retrieved from /opt/airflow/dags/extraction_DAG.py
[2026-09-17T11:05:03.055+0000] {logging_mixin.py:188} INFO - [2026-09-17T11:05:03.055+0000] {dag.py:3096} INFO - Sync 1 DAGs
[2026-09-17T11:05:03.067+0000] {logging_mixin.py:188} INFO - [2026-09-17T11:05:03.066+0000] {dag.py:3954} INFO - Setting next_dagrun for extraction_DAG to 2026-09-17 11:00:00+00:00, run_after=2026-09-17 12:00:00+00:00
[2026-09-17T11:05:03.076+0000] {processor.py:183} INFO - Processing /opt/airflow/dags/extraction_DAG.py took 0.368 seconds
[2026-09-17T11:05:33.855+0000] {processor.py:161} INFO - Started process (PID=2750) to work on /opt/airflow/dags/extraction_DAG.py
[2026-09-17T11:05:33.860+0000] {processor.py:830} INFO - Processing file /opt/airflow/dags/extraction_DAG.py for tasks to queue
[2026-09-17T11:05:33.862+0000] {logging_mixin.py:188} INFO - [2026-09-17T11:05:33.861+0000] {dagbag.py:545} INFO - Filling up the DagBag from /opt/airflow/dags/extraction_DAG.py
[2026-09-17T11:05:34.151+0000] {processor.py:840} INFO - DAG(s) 'extraction_DAG' retrieved from /opt/airflow/dags/extraction_DAG.py
[2026-09-17T11:05:34.163+0000] {logging_mixin.py:188} INFO - [2026-09-17T11:05:34.163+0000] {dag.py:3096} INFO - Sync 1 DAGs
[2026-09-17T11:05:34.178+0000] {logging_mixin.py:188} INFO - [2026-09-17T11:05:34.178+0000] {dag.py:3954} INFO - Setting next_dagrun for extraction_DAG to 2026-09-17 11:00:00+00:00, run_after=2026-09-17 12:00:00+00:00
[2026-09-17T11:05:34.189+0000] {processor.py:183} INFO - Processing /opt/airflow/dags/extraction_DAG.py took 0.338 seconds
[2026-09-17T11:06:05.018+0000] {processor.py:161} INFO - Started process (PID=2760) to work on /opt/airflow/dags/extraction_DAG.py
[2026-09-17T11:06:05.018+0000] {processor.py:830} INFO - Processing file /opt/airflow/dags/extraction_DAG.py for tasks to queue
[2026-09-17T11:06:05.019+0000] {logging_mixin.py:188} INFO - [2026-09-17T11:06:05.018+0000] {dagbag.py:545} INFO - Filling up the DagBag from /opt/airflow/dags/extraction_DAG.py
[2026-09-17T11:06:05.339+0000] {processor.py:840} INFO - DAG(s) 'extraction_DAG' retrieved from /opt/airflow/dags/extraction_DAG.py
[2026-09-17T11:06:05.350+0000] {logging_mixin.py:188} INFO - [2026-09-17T11:06:05.350+0000] {dag.py:3096} INFO - Sync 1 DAGs
[2026-09-17T11:06:05.363+0000] {logging_mixin.py:188} INFO - [2026-09-17T11:06:05.363+0000] {dag.py:3954} INFO - Setting next_dagrun for extraction_DAG to 2026-09-17 11:00:00+00:00, run_after=2026-09-17 12:00:00+00:00
[2026-09-17T11:06:05.373+0000] {processor.py:183} INFO - Processing /opt/airflow/dags/extraction_DAG.py took 0.359 seconds
[2026-09-17T11:06:35.431+0000] {processor.py:161} INFO - Started process (PID=2769) to work on /opt/airflow/dags/extraction_DAG.py
[2026-09-17T11:06:35.747+0000] {processor.py:830} INFO - Processing file /opt/airflow/dags/extraction_DAG.py for tasks to queue
[2026-09-17T11:06:35.747+0000] {logging_mixin.py:188} INFO - [2026-09-17T11:06:35.747+0000] {dagbag.py:545} INFO - Filling up the DagBag from /opt/airflow/dags/extraction_DAG.py
[2026-09-17T11:06:36.054+0000] {processor.py:840} INFO - DAG(s) 'extraction_DAG' retrieved from /opt/airflow/dags/extraction_DAG.py
[2026-09-17T11:06:36.066+0000] {logging_mixin.py:188} INFO - [2026-09-17T11:06:36.066+0000] {dag.py:3096} INFO - Sync 1 DAGs
[2026-09-17T11:06:36.079+0000] {logging_mixin.py:188} INFO - [2026-09-17T11:06:36.079+0000] {dag.py:3954} INFO - Setting next_dagrun for extraction_DAG to 2026-09-17 11:00:00+00:00, run_after=2026-09-17 12:00:00+00:00
[2026-09-17T11:06:36.088+0000] {processor.py:183} INFO - Processing /opt/airflow/dags/extraction_DAG.py took 0.661 seconds
[2026-09-17T11:07:06.544+0000] {processor.py:161} INFO - Started process (PID=2779) to work on /opt/airflow/dags/extraction_DAG.py
[2026-09-17T11:07:06.545+0000] {processor.py:830} INFO - Processing file /opt/airflow/dags/extraction_DAG.py for tasks to queue
[2026-09-17T11:07:06.546+0000] {logging_mixin.py:188} INFO - [2026-09-17T11:07:06.546+0000] {dagbag.py:545} INFO - Filling up the DagBag from /opt/airflow/dags/extraction_DAG.py
[2026-09-17T11:07:06.843+0000] {processor.py:840} INFO - DAG(s) 'extraction_DAG' retrieved from /opt/airflow/dags/extraction_DAG.py
[2026-09-17T11:07:06.855+0000] {logging_mixin.py:188} INFO - [2026-09-17T11:07:06.854+0000] {dag.py:3096} INFO - Sync 1 DAGs
[2026-09-17T11:07:06.866+0000] {logging_mixin.py:188} INFO - [2026-09-17T11:07:06.866+0000] {dag.py:3954} INFO - Setting next_dagrun for extraction_DAG to 2026-09-17 11:00:00+00:00, run_after=2026-09-17 12:00:00+00:00
[2026-09-17T11:07:06.878+0000] {processor.py:183} INFO - Processing /opt/airflow/dags/extraction_DAG.py took 0.342 seconds
[2026-09-17T11:07:37.011+0000] {processor.py:161} INFO - Started process (PID=2789) to work on /opt/airflow/dags/extraction_DAG.py
[2026-09-17T11:07:37.015+0000] {processor.py:830} INFO - Processing file /opt/airflow/dags/extraction_DAG.py for tasks to queue
[2026-09-17T11:07:37.015+0000] {logging_mixin.py:188} INFO - [2026-09-17T11:07:37.015+0000] {dagbag.py:545} INFO - Filling up the DagBag from /opt/airflow/dags/extraction_DAG.py
[2026-09-17T11:07:37.314+0000] {processor.py:840} INFO - DAG(s) 'extraction_DAG' retrieved from /opt/airflow/dags/extraction_DAG.py
[2026-09-17T11:07:37.324+0000] {logging_mixin.py:188} INFO - [2026-09-17T11:07:37.324+0000] {dag.py:3096} INFO - Sync 1 DAGs
[2026-09-17T11:07:37.336+0000] {logging_mixin.py:188} INFO - [2026-09-17T11:07:37.336+0000] {dag.py:3954} INFO - Setting next_dagrun for extraction_DAG to 2026-09-17 11:00:00+00:00, run_after=2026-09-17 12:00:00+00:00
[2026-09-17T11:07:37.346+0000] {processor.py:183} INFO - Processing /opt/airflow/dags/extraction_DAG.py took 0.338 seconds
[2026-09-17T11:08:07.443+0000] {processor.py:161} INFO - Started process (PID=2799) to work on /opt/airflow/dags/extraction_DAG.py
[2026-09-17T11:08:07.444+0000] {processor.py:830} INFO - Processing file /opt/airflow/dags/extraction_DAG.py for tasks to queue
[2026-09-17T11:08:07.444+0000] {logging_mixin.py:188} INFO - [2026-09-17T11:08:07.444+0000] {dagbag.py:545} INFO - Filling up the DagBag from /opt/airflow/dags/extraction_DAG.py
[2026-09-17T11:08:07.747+0000] {processor.py:840} INFO - DAG(s) 'extraction_DAG' retrieved from /opt/airflow/dags/extraction_DAG.py
[2026-09-17T11:08:07.759+0000] {logging_mixin.py:188} INFO - [2026-09-17T11:08:07.759+0000] {dag.py:3096} INFO - Sync 1 DAGs
[2026-09-17T11:08:07.772+0000] {logging_mixin.py:188} INFO - [2026-09-17T11:08:07.772+0000] {dag.py:3954} INFO - Setting next_dagrun for extraction_DAG to 2026-09-17 11:00:00+00:00, run_after=2026-09-17 12:00:00+00:00
[2026-09-17T11:08:07.781+0000] {processor.py:183} INFO - Processing /opt/airflow/dags/extraction_DAG.py took 0.343 seconds
[2026-09-17T11:08:37.907+0000] {processor.py:161} INFO - Started process (PID=2809) to work on /opt/airflow/dags/extraction_DAG.py
[2026-09-17T11:08:38.003+0000] {processor.py:830} INFO - Processing file /opt/airflow/dags/extraction_DAG.py for tasks to queue
[2026-09-17T11:08:38.003+0000] {logging_mixin.py:188} INFO - [2026-09-17T11:08:38.003+0000] {dagbag.py:545} INFO - Filling up the DagBag from /opt/airflow/dags/extraction_DAG.py
[2026-09-17T11:08:38.325+0000] {processor.py:840} INFO - DAG(s) 'extraction_DAG' retrieved from /opt/airflow/dags/extraction_DAG.py
[2026-09-17T11:08:38.337+0000] {logging_mixin.py:188} INFO - [2026-09-17T11:08:38.337+0000] {dag.py:3096} INFO - Sync 1 DAGs
[2026-09-17T11:08:38.350+0000] {logging_mixin.py:188} INFO - [2026-09-17T11:08:38.350+0000] {dag.py:3954} INFO - Setting next_dagrun for extraction_DAG to 2026-09-17 11:00:00+00:00, run_after=2026-09-17 12:00:00+00:00
[2026-09-17T11:08:38.359+0000] {processor.py:183} INFO - Processing /opt/airflow/dags/extraction_DAG.py took 0.456 seconds
[2026-09-17T11:09:08.425+0000] {processor.py:161} INFO - Started process (PID=2819) to work on /opt/airflow/dags/extraction_DAG.py
[2026-09-17T11:09:08.437+0000] {processor.py:830} INFO - Processing file /opt/airflow/dags/extraction_DAG.py for tasks to queue
[2026-09-17T11:09:08.438+0000] {logging_mixin.py:188} INFO - [2026-09-17T11:09:08.438+0000] {dagbag.py:545} INFO - Filling up the DagBag from /opt/airflow/dags/extraction_DAG.py
[2026-09-17T11:09:08.762+0000] {processor.py:840} INFO - DAG(s) 'extraction_DAG' retrieved from /opt/airflow/dags/extraction_DAG.py
[2026-09-17T11:09:08.775+0000] {logging_mixin.py:188} INFO - [2026-09-17T11:09:08.775+0000] {dag.py:3096} INFO - Sync 1 DAGs
[2026-09-17T11:09:08.788+0000] {logging_mixin.py:188} INFO - [2026-09-17T11:09:08.788+0000] {dag.py:3954} INFO - Setting next_dagrun for extraction_DAG to 2026-09-17 11:00:00+00:00, run_after=2026-09-17 12:00:00+00:00
[2026-09-17T11:09:08.799+0000] {processor.py:183} INFO - Processing /opt/airflow/dags/extraction_DAG.py took 0.379 seconds
[2026-09-17T11:09:38.882+0000] {processor.py:161} INFO - Started process (PID=2833) to work on /opt/airflow/dags/extraction_DAG.py
[2026-09-17T11:09:38.883+0000] {processor.py:830} INFO - Processing file /opt/airflow/dags/extraction_DAG.py for tasks to queue
[2026-09-17T11:09:38.883+0000] {logging_mixin.py:188} INFO - [2026-09-17T11:09:38.883+0000] {dagbag.py:545} INFO - Filling up the DagBag from /opt/airflow/dags/extraction_DAG.py
[2026-09-17T11:09:39.202+0000] {processor.py:840} INFO - DAG(s) 'extraction_DAG' retrieved from /opt/airflow/dags/extraction_DAG.py
[2026-09-17T11:09:39.216+0000] {logging_mixin.py:188} INFO - [2026-09-17T11:09:39.215+0000] {dag.py:3096} INFO - Sync 1 DAGs
[2026-09-17T11:09:39.229+0000] {logging_mixin.py:188} INFO - [2026-09-17T11:09:39.229+0000] {dag.py:3954} INFO - Setting next_dagrun for extraction_DAG to 2026-09-17 11:00:00+00:00, run_after=2026-09-17 12:00:00+00:00
[2026-09-17T11:09:39.238+0000] {processor.py:183} INFO - Processing /opt/airflow/dags/extraction_DAG.py took 0.359 seconds
[2026-09-17T11:10:09.335+0000] {processor.py:161} INFO - Started process (PID=2845) to work on /opt/airflow/dags/extraction_DAG.py
[2026-09-17T11:10:09.336+0000] {processor.py:830} INFO - Processing file /opt/airflow/dags/extraction_DAG.py for tasks to queue
[2026-09-17T11:10:09.337+0000] {logging_mixin.py:188} INFO - [2026-09-17T11:10:09.337+0000] {dagbag.py:545} INFO - Filling up the DagBag from /opt/airflow/dags/extraction_DAG.py
[2026-09-17T11:10:09.643+0000] {processor.py:840} INFO - DAG(s) 'extraction_DAG' retrieved from /opt/airflow/dags/extraction_DAG.py
[2026-09-17T11:10:09.657+0000] {logging_mixin.py:188} INFO - [2026-09-17T11:10:09.657+0000] {dag.py:3096} INFO - Sync 1 DAGs
[2026-09-17T11:10:09.672+0000] {logging_mixin.py:188} INFO - [2026-09-17T11:10:09.671+0000] {dag.py:3954} INFO - Setting next_dagrun for extraction_DAG to 2026-09-17 11:00:00+00:00, run_after=2026-09-17 12:00:00+00:00
[2026-09-17T11:10:09.682+0000] {processor.py:183} INFO - Processing /opt/airflow/dags/extraction_DAG.py took 0.356 seconds
[2026-09-17T11:10:39.799+0000] {processor.py:161} INFO - Started process (PID=2855) to work on /opt/airflow/dags/extraction_DAG.py
[2026-09-17T11:10:39.812+0000] {processor.py:830} INFO - Processing file /opt/airflow/dags/extraction_DAG.py for tasks to queue
[2026-09-17T11:10:39.812+0000] {logging_mixin.py:188} INFO - [2026-09-17T11:10:39.812+0000] {dagbag.py:545} INFO - Filling up the DagBag from /opt/airflow/dags/extraction_DAG.py
[2026-09-17T11:10:40.142+0000] {processor.py:840} INFO - DAG(s) 'extraction_DAG' retrieved from /opt/airflow/dags/extraction_DAG.py
[2026-09-17T11:10:40.154+0000] {logging_mixin.py:188} INFO - [2026-09-17T11:10:40.153+0000] {dag.py:3096} INFO - Sync 1 DAGs
[2026-09-17T11:10:40.166+0000] {logging_mixin.py:188} INFO - [2026-09-17T11:10:40.166+0000] {dag.py:3954} INFO - Setting next_dagrun for extraction_DAG to 2026-09-17 11:00:00+00:00, run_after=2026-09-17 12:00:00+00:00
[2026-09-17T11:10:40.177+0000] {processor.py:183} INFO - Processing /opt/airflow/dags/extraction_DAG.py took 0.381 seconds
[2026-09-17T11:11:10.286+0000] {processor.py:161} INFO - Started process (PID=2865) to work on /opt/airflow/dags/extraction_DAG.py
[2026-09-17T11:11:10.287+0000] {processor.py:830} INFO - Processing file /opt/airflow/dags/extraction_DAG.py for tasks to queue
[2026-09-17T11:11:10.288+0000] {logging_mixin.py:188} INFO - [2026-09-17T11:11:10.287+0000] {dagbag.py:545} INFO - Filling up the DagBag from /opt/airflow/dags/extraction_DAG.py
[2026-09-17T11:11:10.589+0000] {processor.py:840} INFO - DAG(s) 'extraction_DAG' retrieved from /opt/airflow/dags/extraction_DAG.py
[2026-09-17T11:11:10.602+0000] {logging_mixin.py:188} INFO - [2026-09-17T11:11:10.602+0000] {dag.py:3096} INFO - Sync 1 DAGs
[2026-09-17T11:11:10.616+0000] {logging_mixin.py:188} INFO - [2026-09-17T11:11:10.616+0000] {dag.py:3954} INFO - Setting next_dagrun for extraction_DAG to 2026-09-17 11:00:00+00:00, run_after=2026-09-17 12:00:00+00:00
[2026-09-17T11:11:10.626+0000] {processor.py:183} INFO - Processing /opt/airflow/dags/extraction_DAG.py took 0.345 seconds
[2026-09-17T11:11:40.745+0000] {processor.py:161} INFO - Started process (PID=2876) to work on /opt/airflow/dags/extraction_DAG.py
[2026-09-17T11:11:40.756+0000] {processor.py:830} INFO - Processing file /opt/airflow/dags/extraction_DAG.py for tasks to queue
[2026-09-17T11:11:40.757+0000] {logging_mixin.py:188} INFO - [2026-09-17T11:11:40.756+0000] {dagbag.py:545} INFO - Filling up the DagBag from /opt/airflow/dags/extraction_DAG.py
[2026-09-17T11:11:41.068+0000] {processor.py:840} INFO - DAG(s) 'extraction_DAG' retrieved from /opt/airflow/dags/extraction_DAG.py
[2026-09-17T11:11:41.079+0000] {logging_mixin.py:188} INFO - [2026-09-17T11:11:41.078+0000] {dag.py:3096} INFO - Sync 1 DAGs
[2026-09-17T11:11:41.093+0000] {logging_mixin.py:188} INFO - [2026-09-17T11:11:41.092+0000] {dag.py:3954} INFO - Setting next_dagrun for extraction_DAG to 2026-09-17 11:00:00+00:00, run_after=2026-09-17 12:00:00+00:00
[2026-09-17T11:11:41.102+0000] {processor.py:183} INFO - Processing /opt/airflow/dags/extraction_DAG.py took 0.364 seconds
[2026-09-17T11:12:11.221+0000] {processor.py:161} INFO - Started process (PID=2886) to work on /opt/airflow/dags/extraction_DAG.py
[2026-09-17T11:12:11.222+0000] {processor.py:830} INFO - Processing file /opt/airflow/dags/extraction_DAG.py for tasks to queue
[2026-09-17T11:12:11.222+0000] {logging_mixin.py:188} INFO - [2026-09-17T11:12:11.222+0000] {dagbag.py:545} INFO - Filling up the DagBag from /opt/airflow/dags/extraction_DAG.py
[2026-09-17T11:12:11.517+0000] {processor.py:840} INFO - DAG(s) 'extraction_DAG' retrieved from /opt/airflow/dags/extraction_DAG.py
[2026-09-17T11:12:11.529+0000] {logging_mixin.py:188} INFO - [2026-09-17T11:12:11.529+0000] {dag.py:3096} INFO - Sync 1 DAGs
[2026-09-17T11:12:11.542+0000] {logging_mixin.py:188} INFO - [2026-09-17T11:12:11.542+0000] {dag.py:3954} INFO - Setting next_dagrun for extraction_DAG to 2026-09-17 11:00:00+00:00, run_after=2026-09-17 12:00:00+00:00
[2026-09-17T11:12:11.551+0000] {processor.py:183} INFO - Processing /opt/airflow/dags/extraction_DAG.py took 0.334 seconds
[2026-09-17T11:12:41.688+0000] {processor.py:161} INFO - Started process (PID=2896) to work on /opt/airflow/dags/extraction_DAG.py
[2026-09-17T11:12:41.780+0000] {processor.py:830} INFO - Processing file /opt/airflow/dags/extraction_DAG.py for tasks to queue
[2026-09-17T11:12:41.781+0000] {logging_mixin.py:188} INFO - [2026-09-17T11:12:41.780+0000] {dagbag.py:545} INFO - Filling up the DagBag from /opt/airflow/dags/extraction_DAG.py
[2026-09-17T11:12:42.087+0000] {processor.py:840} INFO - DAG(s) 'extraction_DAG' retrieved from /opt/airflow/dags/extraction_DAG.py
[2026-09-17T11:12:42.098+0000] {logging_mixin.py:188} INFO - [2026-09-17T11:12:42.098+0000] {dag.py:3096} INFO - Sync 1 DAGs
[2026-09-17T11:12:42.110+0000] {logging_mixin.py:188} INFO - [2026-09-17T11:12:42.110+0000] {dag.py:3954} INFO - Setting next_dagrun for extraction_DAG to 2026-09-17 11:00:00+00:00, run_after=2026-09-17 12:00:00+00:00
[2026-09-17T11:12:42.119+0000] {processor.py:183} INFO - Processing /opt/airflow/dags/extraction_DAG.py took 0.439 seconds
[2026-09-17T11:13:12.176+0000] {processor.py:161} INFO - Started process (PID=2905) to work on /opt/airflow/dags/extraction_DAG.py
[2026-09-17T11:13:12.177+0000] {processor.py:830} INFO - Processing file /opt/airflow/dags/extraction_DAG.py for tasks to queue
[2026-09-17T11:13:12.177+0000] {logging_mixin.py:188} INFO - [2026-09-17T11:13:12.177+0000] {dagbag.py:545} INFO - Filling up the DagBag from /opt/airflow/dags/extraction_DAG.py
[2026-09-17T11:13:12.484+0000] {processor.py:840} INFO - DAG(s) 'extraction_DAG' retrieved from /opt/airflow/dags/extraction_DAG.py
[2026-09-17T11:13:12.494+0000] {logging_mixin.py:188} INFO - [2026-09-17T11:13:12.494+0000] {dag.py:3096} INFO - Sync 1 DAGs
[2026-09-17T11:13:12.507+0000] {logging_mixin.py:188} INFO - [2026-09-17T11:13:12.507+0000] {dag.py:3954} INFO - Setting next_dagrun for extraction_DAG to 2026-09-17 11:00:00+00:00, run_after=2026-09-17 12:00:00+00:00
[2026-09-17T11:13:12.517+0000] {processor.py:183} INFO - Processing /opt/airflow/dags/extraction_DAG.py took 0.347 seconds
[2026-09-17T11:13:43.315+0000] {processor.py:161} INFO - Started process (PID=2913) to work on /opt/airflow/dags/extraction_DAG.py
[2026-09-17T11:13:43.329+0000] {processor.py:830} INFO - Processing file /opt/airflow/dags/extraction_DAG.py for tasks to queue
[2026-09-17T11:13:43.329+0000] {logging_mixin.py:188} INFO - [2026-09-17T11:13:43.329+0000] {dagbag.py:545} INFO - Filling up the DagBag from /opt/airflow/dags/extraction_DAG.py
[2026-09-17T11:13:43.643+0000] {processor.py:840} INFO - DAG(s) 'extraction_DAG' retrieved from /opt/airflow/dags/extraction_DAG.py
[2026-09-17T11:13:43.655+0000] {logging_mixin.py:188} INFO - [2026-09-17T11:13:43.655+0000] {dag.py:3096} INFO - Sync 1 DAGs
[2026-09-17T11:13:43.668+0000] {logging_mixin.py:188} INFO - [2026-09-17T11:13:43.668+0000] {dag.py:3954} INFO - Setting next_dagrun for extraction_DAG to 2026-09-17 11:00:00+00:00, run_after=2026-09-17 12:00:00+00:00
[2026-09-17T11:13:43.679+0000] {processor.py:183} INFO - Processing /opt/airflow/dags/extraction_DAG.py took 0.368 seconds
[2026-09-17T11:14:14.462+0000] {processor.py:161} INFO - Started process (PID=2921) to work on /opt/airflow/dags/extraction_DAG.py
[2026-09-17T11:14:14.462+0000] {processor.py:830} INFO - Processing file /opt/airflow/dags/extraction_DAG.py for tasks to queue
[2026-09-17T11:14:14.463+0000] {logging_mixin.py:188} INFO - [2026-09-17T11:14:14.462+0000] {dagbag.py:545} INFO - Filling up the DagBag from /opt/airflow/dags/extraction_DAG.py
[2026-09-17T11:14:14.767+0000] {processor.py:840} INFO - DAG(s) 'extraction_DAG' retrieved from /opt/airflow/dags/extraction_DAG.py
[2026-09-17T11:14:14.779+0000] {logging_mixin.py:188} INFO - [2026-09-17T11:14:14.779+0000] {dag.py:3096} INFO - Sync 1 DAGs
[2026-09-17T11:14:14.793+0000] {logging_mixin.py:188} INFO - [2026-09-17T11:14:14.793+0000] {dag.py:3954} INFO - Setting next_dagrun for extraction_DAG to 2026-09-17 11:00:00+00:00, run_after=2026-09-17 12:00:00+00:00
[2026-09-17T11:14:14.803+0000] {processor.py:183} INFO - Processing /opt/airflow/dags/extraction_DAG.py took 0.346 seconds
[2026-09-17T11:14:44.930+0000] {processor.py:161} INFO - Started process (PID=2931) to work on /opt/airflow/dags/extraction_DAG.py
[2026-09-17T11:14:44.936+0000] {processor.py:830} INFO - Processing file /opt/airflow/dags/extraction_DAG.py for tasks to queue
[2026-09-17T11:14:44.937+0000] {logging_mixin.py:188} INFO - [2026-09-17T11:14:44.937+0000] {dagbag.py:545} INFO - Filling up the DagBag from /opt/airflow/dags/extraction_DAG.py
[2026-09-17T11:14:45.237+0000] {processor.py:840} INFO - DAG(s) 'extraction_DAG' retrieved from /opt/airflow/dags/extraction_DAG.py
[2026-09-17T11:14:45.250+0000] {logging_mixin.py:188} INFO - [2026-09-17T11:14:45.250+0000] {dag.py:3096} INFO - Sync 1 DAGs
[2026-09-17T11:14:45.265+0000] {logging_mixin.py:188} INFO - [2026-09-17T11:14:45.265+0000] {dag.py:3954} INFO - Setting next_dagrun for extraction_DAG to 2026-09-17 11:00:00+00:00, run_after=2026-09-17 12:00:00+00:00
[2026-09-17T11:14:45.273+0000] {processor.py:183} INFO - Processing /opt/airflow/dags/extraction_DAG.py took 0.352 seconds
[2026-09-17T11:15:15.395+0000] {processor.py:161} INFO - Started process (PID=2941) to work on /opt/airflow/dags/extraction_DAG.py
[2026-09-17T11:15:15.395+0000] {processor.py:830} INFO - Processing file /opt/airflow/dags/extraction_DAG.py for tasks to queue
[2026-09-17T11:15:15.396+0000] {logging_mixin.py:188} INFO - [2026-09-17T11:15:15.396+0000] {dagbag.py:545} INFO - Filling up the DagBag from /opt/airflow/dags/extraction_DAG.py
[2026-09-17T11:15:15.722+0000] {processor.py:840} INFO - DAG(s) 'extraction_DAG' retrieved from /opt/airflow/dags/extraction_DAG.py
[2026-09-17T11:15:15.735+0000] {logging_mixin.py:188} INFO - [2026-09-17T11:15:15.735+0000] {dag.py:3096} INFO - Sync 1 DAGs
[2026-09-17T11:15:15.748+0000] {logging_mixin.py:188} INFO - [2026-09-17T11:15:15.748+0000] {dag.py:3954} INFO - Setting next_dagrun for extraction_DAG to 2026-09-17 11:00:00+00:00, run_after=2026-09-17 12:00:00+00:00
[2026-09-17T11:15:15.758+0000] {processor.py:183} INFO - Processing /opt/airflow/dags/extraction_DAG.py took 0.367 seconds
[2026-09-17T11:15:45.895+0000] {processor.py:161} INFO - Started process (PID=2951) to work on /opt/airflow/dags/extraction_DAG.py
[2026-09-17T11:15:45.901+0000] {processor.py:830} INFO - Processing file /opt/airflow/dags/extraction_DAG.py for tasks to queue
[2026-09-17T11:15:45.902+0000] {logging_mixin.py:188} INFO - [2026-09-17T11:15:45.902+0000] {dagbag.py:545} INFO - Filling up the DagBag from /opt/airflow/dags/extraction_DAG.py
[2026-09-17T11:15:46.204+0000] {processor.py:840} INFO - DAG(s) 'extraction_DAG' retrieved from /opt/airflow/dags/extraction_DAG.py
[2026-09-17T11:15:46.215+0000] {logging_mixin.py:188} INFO - [2026-09-17T11:15:46.215+0000] {dag.py:3096} INFO - Sync 1 DAGs
[2026-09-17T11:15:46.226+0000] {logging_mixin.py:188} INFO - [2026-09-17T11:15:46.226+0000] {dag.py:3954} INFO - Setting next_dagrun for extraction_DAG to 2026-09-17 11:00:00+00:00, run_after=2026-09-17 12:00:00+00:00
[2026-09-17T11:15:46.235+0000] {processor.py:183} INFO - Processing /opt/airflow/dags/extraction_DAG.py took 0.349 seconds
[2026-09-17T11:16:16.381+0000] {processor.py:161} INFO - Started process (PID=2961) to work on /opt/airflow/dags/extraction_DAG.py
[2026-09-17T11:16:16.382+0000] {processor.py:830} INFO - Processing file /opt/airflow/dags/extraction_DAG.py for tasks to queue
[2026-09-17T11:16:16.382+0000] {logging_mixin.py:188} INFO - [2026-09-17T11:16:16.382+0000] {dagbag.py:545} INFO - Filling up the DagBag from /opt/airflow/dags/extraction_DAG.py
[2026-09-17T11:16:16.725+0000] {processor.py:840} INFO - DAG(s) 'extraction_DAG' retrieved from /opt/airflow/dags/extraction_DAG.py
[2026-09-17T11:16:16.737+0000] {logging_mixin.py:188} INFO - [2026-09-17T11:16:16.736+0000] {dag.py:3096} INFO - Sync 1 DAGs
[2026-09-17T11:16:16.749+0000] {logging_mixin.py:188} INFO - [2026-09-17T11:16:16.749+0000] {dag.py:3954} INFO - Setting next_dagrun for extraction_DAG to 2026-09-17 11:00:00+00:00, run_after=2026-09-17 12:00:00+00:00
[2026-09-17T11:16:16.759+0000] {processor.py:183} INFO - Processing /opt/airflow/dags/extraction_DAG.py took 0.382 seconds
[2026-09-17T11:16:46.876+0000] {processor.py:161} INFO - Started process (PID=2971) to work on /opt/airflow/dags/extraction_DAG.py
[2026-09-17T11:16:46.959+0000] {processor.py:830} INFO - Processing file /opt/airflow/dags/extraction_DAG.py for tasks to queue
[2026-09-17T11:16:46.961+0000] {logging_mixin.py:188} INFO - [2026-09-17T11:16:46.960+0000] {dagbag.py:545} INFO - Filling up the DagBag from /opt/airflow/dags/extraction_DAG.py
[2026-09-17T11:16:47.280+0000] {processor.py:840} INFO - DAG(s) 'extraction_DAG' retrieved from /opt/airflow/dags/extraction_DAG.py
[2026-09-17T11:16:47.292+0000] {logging_mixin.py:188} INFO - [2026-09-17T11:16:47.292+0000] {dag.py:3096} INFO - Sync 1 DAGs
[2026-09-17T11:16:47.305+0000] {logging_mixin.py:188} INFO - [2026-09-17T11:16:47.304+0000] {dag.py:3954} INFO - Setting next_dagrun for extraction_DAG to 2026-09-17 11:00:00+00:00, run_after=2026-09-17 12:00:00+00:00
[2026-09-17T11:16:47.315+0000] {processor.py:183} INFO - Processing /opt/airflow/dags/extraction_DAG.py took 0.448 seconds
[2026-09-17T11:17:17.435+0000] {processor.py:161} INFO - Started process (PID=2981) to work on /opt/airflow/dags/extraction_DAG.py
[2026-09-17T11:17:17.436+0000] {processor.py:830} INFO - Processing file /opt/airflow/dags/extraction_DAG.py for tasks to queue
[2026-09-17T11:17:17.436+0000] {logging_mixin.py:188} INFO - [2026-09-17T11:17:17.436+0000] {dagbag.py:545} INFO - Filling up the DagBag from /opt/airflow/dags/extraction_DAG.py
[2026-09-17T11:17:17.748+0000] {processor.py:840} INFO - DAG(s) 'extraction_DAG' retrieved from /opt/airflow/dags/extraction_DAG.py
[2026-09-17T11:17:17.760+0000] {logging_mixin.py:188} INFO - [2026-09-17T11:17:17.760+0000] {dag.py:3096} INFO - Sync 1 DAGs
[2026-09-17T11:17:17.773+0000] {logging_mixin.py:188} INFO - [2026-09-17T11:17:17.773+0000] {dag.py:3954} INFO - Setting next_dagrun for extraction_DAG to 2026-09-17 11:00:00+00:00, run_after=2026-09-17 12:00:00+00:00
[2026-09-17T11:17:17.783+0000] {processor.py:183} INFO - Processing /opt/airflow/dags/extraction_DAG.py took 0.351 seconds
[2026-09-17T11:17:47.883+0000] {processor.py:161} INFO - Started process (PID=2991) to work on /opt/airflow/dags/extraction_DAG.py
[2026-09-17T11:17:47.971+0000] {processor.py:830} INFO - Processing file /opt/airflow/dags/extraction_DAG.py for tasks to queue
[2026-09-17T11:17:47.972+0000] {logging_mixin.py:188} INFO - [2026-09-17T11:17:47.971+0000] {dagbag.py:545} INFO - Filling up the DagBag from /opt/airflow/dags/extraction_DAG.py
[2026-09-17T11:17:48.292+0000] {processor.py:840} INFO - DAG(s) 'extraction_DAG' retrieved from /opt/airflow/dags/extraction_DAG.py
[2026-09-17T11:17:48.303+0000] {logging_mixin.py:188} INFO - [2026-09-17T11:17:48.303+0000] {dag.py:3096} INFO - Sync 1 DAGs
[2026-09-17T11:17:48.317+0000] {logging_mixin.py:188} INFO - [2026-09-17T11:17:48.317+0000] {dag.py:3954} INFO - Setting next_dagrun for extraction_DAG to 2026-09-17 11:00:00+00:00, run_after=2026-09-17 12:00:00+00:00
[2026-09-17T11:17:48.326+0000] {processor.py:183} INFO - Processing /opt/airflow/dags/extraction_DAG.py took 0.448 seconds
[2026-09-17T11:18:18.478+0000] {processor.py:161} INFO - Started process (PID=3001) to work on /opt/airflow/dags/extraction_DAG.py
[2026-09-17T11:18:18.479+0000] {processor.py:830} INFO - Processing file /opt/airflow/dags/extraction_DAG.py for tasks to queue
[2026-09-17T11:18:18.480+0000] {logging_mixin.py:188} INFO - [2026-09-17T11:18:18.480+0000] {dagbag.py:545} INFO - Filling up the DagBag from /opt/airflow/dags/extraction_DAG.py
[2026-09-17T11:18:18.771+0000] {processor.py:840} INFO - DAG(s) 'extraction_DAG' retrieved from /opt/airflow/dags/extraction_DAG.py
[2026-09-17T11:18:18.781+0000] {logging_mixin.py:188} INFO - [2026-09-17T11:18:18.781+0000] {dag.py:3096} INFO - Sync 1 DAGs
[2026-09-17T11:18:18.793+0000] {logging_mixin.py:188} INFO - [2026-09-17T11:18:18.793+0000] {dag.py:3954} INFO - Setting next_dagrun for extraction_DAG to 2026-09-17 11:00:00+00:00, run_after=2026-09-17 12:00:00+00:00
[2026-09-17T11:18:18.802+0000] {processor.py:183} INFO - Processing /opt/airflow/dags/extraction_DAG.py took 0.332 seconds
[2026-09-17T11:18:48.949+0000] {processor.py:161} INFO - Started process (PID=3011) to work on /opt/airflow/dags/extraction_DAG.py
[2026-09-17T11:18:49.041+0000] {processor.py:830} INFO - Processing file /opt/airflow/dags/extraction_DAG.py for tasks to queue
[2026-09-17T11:18:49.043+0000] {logging_mixin.py:188} INFO - [2026-09-17T11:18:49.042+0000] {dagbag.py:545} INFO - Filling up the DagBag from /opt/airflow/dags/extraction_DAG.py
[2026-09-17T11:18:49.356+0000] {processor.py:840} INFO - DAG(s) 'extraction_DAG' retrieved from /opt/airflow/dags/extraction_DAG.py
[2026-09-17T11:18:49.366+0000] {logging_mixin.py:188} INFO - [2026-09-17T11:18:49.366+0000] {dag.py:3096} INFO - Sync 1 DAGs
[2026-09-17T11:18:49.379+0000] {logging_mixin.py:188} INFO - [2026-09-17T11:18:49.379+0000] {dag.py:3954} INFO - Setting next_dagrun for extraction_DAG to 2026-09-17 11:00:00+00:00, run_after=2026-09-17 12:00:00+00:00
[2026-09-17T11:18:49.389+0000] {processor.py:183} INFO - Processing /opt/airflow/dags/extraction_DAG.py took 0.445 seconds
[2026-09-17T11:19:19.525+0000] {processor.py:161} INFO - Started process (PID=3021) to work on /opt/airflow/dags/extraction_DAG.py
[2026-09-17T11:19:19.525+0000] {processor.py:830} INFO - Processing file /opt/airflow/dags/extraction_DAG.py for tasks to queue
[2026-09-17T11:19:19.526+0000] {logging_mixin.py:188} INFO - [2026-09-17T11:19:19.526+0000] {dagbag.py:545} INFO - Filling up the DagBag from /opt/airflow/dags/extraction_DAG.py
[2026-09-17T11:19:19.895+0000] {processor.py:840} INFO - DAG(s) 'extraction_DAG' retrieved from /opt/airflow/dags/extraction_DAG.py
[2026-09-17T11:19:19.907+0000] {logging_mixin.py:188} INFO - [2026-09-17T11:19:19.906+0000] {dag.py:3096} INFO - Sync 1 DAGs
[2026-09-17T11:19:19.920+0000] {logging_mixin.py:188} INFO - [2026-09-17T11:19:19.920+0000] {dag.py:3954} INFO - Setting next_dagrun for extraction_DAG to 2026-09-17 11:00:00+00:00, run_after=2026-09-17 12:00:00+00:00
[2026-09-17T11:19:19.934+0000] {processor.py:183} INFO - Processing /opt/airflow/dags/extraction_DAG.py took 0.413 seconds
[2026-09-17T11:19:50.042+0000] {processor.py:161} INFO - Started process (PID=3031) to work on /opt/airflow/dags/extraction_DAG.py
[2026-09-17T11:19:50.133+0000] {processor.py:830} INFO - Processing file /opt/airflow/dags/extraction_DAG.py for tasks to queue
[2026-09-17T11:19:50.133+0000] {logging_mixin.py:188} INFO - [2026-09-17T11:19:50.133+0000] {dagbag.py:545} INFO - Filling up the DagBag from /opt/airflow/dags/extraction_DAG.py
[2026-09-17T11:19:50.446+0000] {processor.py:840} INFO - DAG(s) 'extraction_DAG' retrieved from /opt/airflow/dags/extraction_DAG.py
[2026-09-17T11:19:50.457+0000] {logging_mixin.py:188} INFO - [2026-09-17T11:19:50.457+0000] {dag.py:3096} INFO - Sync 1 DAGs
[2026-09-17T11:19:50.468+0000] {logging_mixin.py:188} INFO - [2026-09-17T11:19:50.468+0000] {dag.py:3954} INFO - Setting next_dagrun for extraction_DAG to 2026-09-17 11:00:00+00:00, run_after=2026-09-17 12:00:00+00:00
[2026-09-17T11:19:50.477+0000] {processor.py:183} INFO - Processing /opt/airflow/dags/extraction_DAG.py took 0.439 seconds
[2026-09-17T11:20:20.606+0000] {processor.py:161} INFO - Started process (PID=3041) to work on /opt/airflow/dags/extraction_DAG.py
[2026-09-17T11:20:20.607+0000] {processor.py:830} INFO - Processing file /opt/airflow/dags/extraction_DAG.py for tasks to queue
[2026-09-17T11:20:20.607+0000] {logging_mixin.py:188} INFO - [2026-09-17T11:20:20.607+0000] {dagbag.py:545} INFO - Filling up the DagBag from /opt/airflow/dags/extraction_DAG.py
[2026-09-17T11:20:20.908+0000] {processor.py:840} INFO - DAG(s) 'extraction_DAG' retrieved from /opt/airflow/dags/extraction_DAG.py
[2026-09-17T11:20:20.918+0000] {logging_mixin.py:188} INFO - [2026-09-17T11:20:20.918+0000] {dag.py:3096} INFO - Sync 1 DAGs
[2026-09-17T11:20:20.931+0000] {logging_mixin.py:188} INFO - [2026-09-17T11:20:20.931+0000] {dag.py:3954} INFO - Setting next_dagrun for extraction_DAG to 2026-09-17 11:00:00+00:00, run_after=2026-09-17 12:00:00+00:00
[2026-09-17T11:20:20.940+0000] {processor.py:183} INFO - Processing /opt/airflow/dags/extraction_DAG.py took 0.343 seconds
[2026-09-17T11:20:51.071+0000] {processor.py:161} INFO - Started process (PID=3051) to work on /opt/airflow/dags/extraction_DAG.py
[2026-09-17T11:20:51.186+0000] {processor.py:830} INFO - Processing file /opt/airflow/dags/extraction_DAG.py for tasks to queue
[2026-09-17T11:20:51.187+0000] {logging_mixin.py:188} INFO - [2026-09-17T11:20:51.186+0000] {dagbag.py:545} INFO - Filling up the DagBag from /opt/airflow/dags/extraction_DAG.py
[2026-09-17T11:20:51.500+0000] {processor.py:840} INFO - DAG(s) 'extraction_DAG' retrieved from /opt/airflow/dags/extraction_DAG.py
[2026-09-17T11:20:51.512+0000] {logging_mixin.py:188} INFO - [2026-09-17T11:20:51.511+0000] {dag.py:3096} INFO - Sync 1 DAGs
[2026-09-17T11:20:51.524+0000] {logging_mixin.py:188} INFO - [2026-09-17T11:20:51.524+0000] {dag.py:3954} INFO - Setting next_dagrun for extraction_DAG to 2026-09-17 11:00:00+00:00, run_after=2026-09-17 12:00:00+00:00
[2026-09-17T11:20:51.535+0000] {processor.py:183} INFO - Processing /opt/airflow/dags/extraction_DAG.py took 0.472 seconds
[2026-09-17T11:21:21.673+0000] {processor.py:161} INFO - Started process (PID=3061) to work on /opt/airflow/dags/extraction_DAG.py
[2026-09-17T11:21:21.674+0000] {processor.py:830} INFO - Processing file /opt/airflow/dags/extraction_DAG.py for tasks to queue
[2026-09-17T11:21:21.675+0000] {logging_mixin.py:188} INFO - [2026-09-17T11:21:21.675+0000] {dagbag.py:545} INFO - Filling up the DagBag from /opt/airflow/dags/extraction_DAG.py
[2026-09-17T11:21:21.975+0000] {processor.py:840} INFO - DAG(s) 'extraction_DAG' retrieved from /opt/airflow/dags/extraction_DAG.py
[2026-09-17T11:21:21.987+0000] {logging_mixin.py:188} INFO - [2026-09-17T11:21:21.986+0000] {dag.py:3096} INFO - Sync 1 DAGs
[2026-09-17T11:21:21.998+0000] {logging_mixin.py:188} INFO - [2026-09-17T11:21:21.998+0000] {dag.py:3954} INFO - Setting next_dagrun for extraction_DAG to 2026-09-17 11:00:00+00:00, run_after=2026-09-17 12:00:00+00:00
[2026-09-17T11:21:22.008+0000] {processor.py:183} INFO - Processing /opt/airflow/dags/extraction_DAG.py took 0.344 seconds
[2026-09-17T11:21:52.125+0000] {processor.py:161} INFO - Started process (PID=3071) to work on /opt/airflow/dags/extraction_DAG.py
[2026-09-17T11:21:52.222+0000] {processor.py:830} INFO - Processing file /opt/airflow/dags/extraction_DAG.py for tasks to queue
[2026-09-17T11:21:52.223+0000] {logging_mixin.py:188} INFO - [2026-09-17T11:21:52.223+0000] {dagbag.py:545} INFO - Filling up the DagBag from /opt/airflow/dags/extraction_DAG.py
[2026-09-17T11:21:52.548+0000] {processor.py:840} INFO - DAG(s) 'extraction_DAG' retrieved from /opt/airflow/dags/extraction_DAG.py
[2026-09-17T11:21:52.559+0000] {logging_mixin.py:188} INFO - [2026-09-17T11:21:52.559+0000] {dag.py:3096} INFO - Sync 1 DAGs
[2026-09-17T11:21:52.573+0000] {logging_mixin.py:188} INFO - [2026-09-17T11:21:52.573+0000] {dag.py:3954} INFO - Setting next_dagrun for extraction_DAG to 2026-09-17 11:00:00+00:00, run_after=2026-09-17 12:00:00+00:00
[2026-09-17T11:21:52.584+0000] {processor.py:183} INFO - Processing /opt/airflow/dags/extraction_DAG.py took 0.466 seconds
[2026-09-17T11:22:22.667+0000] {processor.py:161} INFO - Started process (PID=3081) to work on /opt/airflow/dags/extraction_DAG.py
[2026-09-17T11:22:22.668+0000] {processor.py:830} INFO - Processing file /opt/airflow/dags/extraction_DAG.py for tasks to queue
[2026-09-17T11:22:22.669+0000] {logging_mixin.py:188} INFO - [2026-09-17T11:22:22.669+0000] {dagbag.py:545} INFO - Filling up the DagBag from /opt/airflow/dags/extraction_DAG.py
[2026-09-17T11:22:23.010+0000] {processor.py:840} INFO - DAG(s) 'extraction_DAG' retrieved from /opt/airflow/dags/extraction_DAG.py
[2026-09-17T11:22:23.022+0000] {logging_mixin.py:188} INFO - [2026-09-17T11:22:23.022+0000] {dag.py:3096} INFO - Sync 1 DAGs
[2026-09-17T11:22:23.036+0000] {logging_mixin.py:188} INFO - [2026-09-17T11:22:23.036+0000] {dag.py:3954} INFO - Setting next_dagrun for extraction_DAG to 2026-09-17 11:00:00+00:00, run_after=2026-09-17 12:00:00+00:00
[2026-09-17T11:22:23.047+0000] {processor.py:183} INFO - Processing /opt/airflow/dags/extraction_DAG.py took 0.389 seconds
[2026-09-17T11:22:53.161+0000] {processor.py:161} INFO - Started process (PID=3091) to work on /opt/airflow/dags/extraction_DAG.py
[2026-09-17T11:22:53.165+0000] {processor.py:830} INFO - Processing file /opt/airflow/dags/extraction_DAG.py for tasks to queue
[2026-09-17T11:22:53.165+0000] {logging_mixin.py:188} INFO - [2026-09-17T11:22:53.165+0000] {dagbag.py:545} INFO - Filling up the DagBag from /opt/airflow/dags/extraction_DAG.py
[2026-09-17T11:22:53.478+0000] {processor.py:840} INFO - DAG(s) 'extraction_DAG' retrieved from /opt/airflow/dags/extraction_DAG.py
[2026-09-17T11:22:53.490+0000] {logging_mixin.py:188} INFO - [2026-09-17T11:22:53.490+0000] {dag.py:3096} INFO - Sync 1 DAGs
[2026-09-17T11:22:53.504+0000] {logging_mixin.py:188} INFO - [2026-09-17T11:22:53.504+0000] {dag.py:3954} INFO - Setting next_dagrun for extraction_DAG to 2026-09-17 11:00:00+00:00, run_after=2026-09-17 12:00:00+00:00
[2026-09-17T11:22:53.514+0000] {processor.py:183} INFO - Processing /opt/airflow/dags/extraction_DAG.py took 0.356 seconds
[2026-09-17T11:23:23.620+0000] {processor.py:161} INFO - Started process (PID=3100) to work on /opt/airflow/dags/extraction_DAG.py
[2026-09-17T11:23:23.621+0000] {processor.py:830} INFO - Processing file /opt/airflow/dags/extraction_DAG.py for tasks to queue
[2026-09-17T11:23:23.622+0000] {logging_mixin.py:188} INFO - [2026-09-17T11:23:23.621+0000] {dagbag.py:545} INFO - Filling up the DagBag from /opt/airflow/dags/extraction_DAG.py
[2026-09-17T11:23:23.933+0000] {processor.py:840} INFO - DAG(s) 'extraction_DAG' retrieved from /opt/airflow/dags/extraction_DAG.py
[2026-09-17T11:23:23.945+0000] {logging_mixin.py:188} INFO - [2026-09-17T11:23:23.945+0000] {dag.py:3096} INFO - Sync 1 DAGs
[2026-09-17T11:23:23.958+0000] {logging_mixin.py:188} INFO - [2026-09-17T11:23:23.958+0000] {dag.py:3954} INFO - Setting next_dagrun for extraction_DAG to 2026-09-17 11:00:00+00:00, run_after=2026-09-17 12:00:00+00:00
[2026-09-17T11:23:23.967+0000] {processor.py:183} INFO - Processing /opt/airflow/dags/extraction_DAG.py took 0.352 seconds
[2026-09-17T11:23:54.070+0000] {processor.py:161} INFO - Started process (PID=3110) to work on /opt/airflow/dags/extraction_DAG.py
[2026-09-17T11:23:54.087+0000] {processor.py:830} INFO - Processing file /opt/airflow/dags/extraction_DAG.py for tasks to queue
[2026-09-17T11:23:54.088+0000] {logging_mixin.py:188} INFO - [2026-09-17T11:23:54.088+0000] {dagbag.py:545} INFO - Filling up the DagBag from /opt/airflow/dags/extraction_DAG.py
[2026-09-17T11:23:54.400+0000] {processor.py:840} INFO - DAG(s) 'extraction_DAG' retrieved from /opt/airflow/dags/extraction_DAG.py
[2026-09-17T11:23:54.414+0000] {logging_mixin.py:188} INFO - [2026-09-17T11:23:54.413+0000] {dag.py:3096} INFO - Sync 1 DAGs
[2026-09-17T11:23:54.427+0000] {logging_mixin.py:188} INFO - [2026-09-17T11:23:54.427+0000] {dag.py:3954} INFO - Setting next_dagrun for extraction_DAG to 2026-09-17 11:00:00+00:00, run_after=2026-09-17 12:00:00+00:00
[2026-09-17T11:23:54.437+0000] {processor.py:183} INFO - Processing /opt/airflow/dags/extraction_DAG.py took 0.370 seconds
[2026-09-17T11:24:24.563+0000] {processor.py:161} INFO - Started process (PID=3120) to work on /opt/airflow/dags/extraction_DAG.py
[2026-09-17T11:24:24.564+0000] {processor.py:830} INFO - Processing file /opt/airflow/dags/extraction_DAG.py for tasks to queue
[2026-09-17T11:24:24.565+0000] {logging_mixin.py:188} INFO - [2026-09-17T11:24:24.565+0000] {dagbag.py:545} INFO - Filling up the DagBag from /opt/airflow/dags/extraction_DAG.py
[2026-09-17T11:24:24.859+0000] {processor.py:840} INFO - DAG(s) 'extraction_DAG' retrieved from /opt/airflow/dags/extraction_DAG.py
[2026-09-17T11:24:24.871+0000] {logging_mixin.py:188} INFO - [2026-09-17T11:24:24.871+0000] {dag.py:3096} INFO - Sync 1 DAGs
[2026-09-17T11:24:24.885+0000] {logging_mixin.py:188} INFO - [2026-09-17T11:24:24.885+0000] {dag.py:3954} INFO - Setting next_dagrun for extraction_DAG to 2026-09-17 11:00:00+00:00, run_after=2026-09-17 12:00:00+00:00
[2026-09-17T11:24:24.894+0000] {processor.py:183} INFO - Processing /opt/airflow/dags/extraction_DAG.py took 0.340 seconds
[2026-09-17T11:24:55.034+0000] {processor.py:161} INFO - Started process (PID=3130) to work on /opt/airflow/dags/extraction_DAG.py
[2026-09-17T11:24:55.126+0000] {processor.py:830} INFO - Processing file /opt/airflow/dags/extraction_DAG.py for tasks to queue
[2026-09-17T11:24:55.127+0000] {logging_mixin.py:188} INFO - [2026-09-17T11:24:55.127+0000] {dagbag.py:545} INFO - Filling up the DagBag from /opt/airflow/dags/extraction_DAG.py
[2026-09-17T11:24:55.409+0000] {processor.py:840} INFO - DAG(s) 'extraction_DAG' retrieved from /opt/airflow/dags/extraction_DAG.py
[2026-09-17T11:24:55.421+0000] {logging_mixin.py:188} INFO - [2026-09-17T11:24:55.421+0000] {dag.py:3096} INFO - Sync 1 DAGs
[2026-09-17T11:24:55.436+0000] {logging_mixin.py:188} INFO - [2026-09-17T11:24:55.436+0000] {dag.py:3954} INFO - Setting next_dagrun for extraction_DAG to 2026-09-17 11:00:00+00:00, run_after=2026-09-17 12:00:00+00:00
[2026-09-17T11:24:55.448+0000] {processor.py:183} INFO - Processing /opt/airflow/dags/extraction_DAG.py took 0.422 seconds
[2026-09-17T11:25:25.559+0000] {processor.py:161} INFO - Started process (PID=3140) to work on /opt/airflow/dags/extraction_DAG.py
[2026-09-17T11:25:25.559+0000] {processor.py:830} INFO - Processing file /opt/airflow/dags/extraction_DAG.py for tasks to queue
[2026-09-17T11:25:25.559+0000] {logging_mixin.py:188} INFO - [2026-09-17T11:25:25.559+0000] {dagbag.py:545} INFO - Filling up the DagBag from /opt/airflow/dags/extraction_DAG.py
[2026-09-17T11:25:25.829+0000] {processor.py:840} INFO - DAG(s) 'extraction_DAG' retrieved from /opt/airflow/dags/extraction_DAG.py
[2026-09-17T11:25:25.839+0000] {logging_mixin.py:188} INFO - [2026-09-17T11:25:25.839+0000] {dag.py:3096} INFO - Sync 1 DAGs
[2026-09-17T11:25:25.850+0000] {logging_mixin.py:188} INFO - [2026-09-17T11:25:25.850+0000] {dag.py:3954} INFO - Setting next_dagrun for extraction_DAG to 2026-09-17 11:00:00+00:00, run_after=2026-09-17 12:00:00+00:00
[2026-09-17T11:25:25.859+0000] {processor.py:183} INFO - Processing /opt/airflow/dags/extraction_DAG.py took 0.304 seconds
[2026-09-17T11:25:56.005+0000] {processor.py:161} INFO - Started process (PID=3150) to work on /opt/airflow/dags/extraction_DAG.py
[2026-09-17T11:25:56.014+0000] {processor.py:830} INFO - Processing file /opt/airflow/dags/extraction_DAG.py for tasks to queue
[2026-09-17T11:25:56.016+0000] {logging_mixin.py:188} INFO - [2026-09-17T11:25:56.015+0000] {dagbag.py:545} INFO - Filling up the DagBag from /opt/airflow/dags/extraction_DAG.py
[2026-09-17T11:25:56.300+0000] {processor.py:840} INFO - DAG(s) 'extraction_DAG' retrieved from /opt/airflow/dags/extraction_DAG.py
[2026-09-17T11:25:56.310+0000] {logging_mixin.py:188} INFO - [2026-09-17T11:25:56.310+0000] {dag.py:3096} INFO - Sync 1 DAGs
[2026-09-17T11:25:56.322+0000] {logging_mixin.py:188} INFO - [2026-09-17T11:25:56.322+0000] {dag.py:3954} INFO - Setting next_dagrun for extraction_DAG to 2026-09-17 11:00:00+00:00, run_after=2026-09-17 12:00:00+00:00
[2026-09-17T11:25:56.331+0000] {processor.py:183} INFO - Processing /opt/airflow/dags/extraction_DAG.py took 0.329 seconds
[2026-09-17T11:26:26.486+0000] {processor.py:161} INFO - Started process (PID=3160) to work on /opt/airflow/dags/extraction_DAG.py
[2026-09-17T11:26:26.486+0000] {processor.py:830} INFO - Processing file /opt/airflow/dags/extraction_DAG.py for tasks to queue
[2026-09-17T11:26:26.487+0000] {logging_mixin.py:188} INFO - [2026-09-17T11:26:26.487+0000] {dagbag.py:545} INFO - Filling up the DagBag from /opt/airflow/dags/extraction_DAG.py
[2026-09-17T11:26:26.767+0000] {processor.py:840} INFO - DAG(s) 'extraction_DAG' retrieved from /opt/airflow/dags/extraction_DAG.py
[2026-09-17T11:26:26.781+0000] {logging_mixin.py:188} INFO - [2026-09-17T11:26:26.780+0000] {dag.py:3096} INFO - Sync 1 DAGs
[2026-09-17T11:26:26.796+0000] {logging_mixin.py:188} INFO - [2026-09-17T11:26:26.796+0000] {dag.py:3954} INFO - Setting next_dagrun for extraction_DAG to 2026-09-17 11:00:00+00:00, run_after=2026-09-17 12:00:00+00:00
[2026-09-17T11:26:26.804+0000] {processor.py:183} INFO - Processing /opt/airflow/dags/extraction_DAG.py took 0.324 seconds
[2026-09-17T11:26:56.950+0000] {processor.py:161} INFO - Started process (PID=3170) to work on /opt/airflow/dags/extraction_DAG.py
[2026-09-17T11:26:56.961+0000] {processor.py:830} INFO - Processing file /opt/airflow/dags/extraction_DAG.py for tasks to queue
[2026-09-17T11:26:56.962+0000] {logging_mixin.py:188} INFO - [2026-09-17T11:26:56.961+0000] {dagbag.py:545} INFO - Filling up the DagBag from /opt/airflow/dags/extraction_DAG.py
[2026-09-17T11:26:57.256+0000] {processor.py:840} INFO - DAG(s) 'extraction_DAG' retrieved from /opt/airflow/dags/extraction_DAG.py
[2026-09-17T11:26:57.268+0000] {logging_mixin.py:188} INFO - [2026-09-17T11:26:57.268+0000] {dag.py:3096} INFO - Sync 1 DAGs
[2026-09-17T11:26:57.280+0000] {logging_mixin.py:188} INFO - [2026-09-17T11:26:57.280+0000] {dag.py:3954} INFO - Setting next_dagrun for extraction_DAG to 2026-09-17 11:00:00+00:00, run_after=2026-09-17 12:00:00+00:00
[2026-09-17T11:26:57.289+0000] {processor.py:183} INFO - Processing /opt/airflow/dags/extraction_DAG.py took 0.343 seconds
[2026-09-17T11:27:27.428+0000] {processor.py:161} INFO - Started process (PID=3180) to work on /opt/airflow/dags/extraction_DAG.py
[2026-09-17T11:27:27.428+0000] {processor.py:830} INFO - Processing file /opt/airflow/dags/extraction_DAG.py for tasks to queue
[2026-09-17T11:27:27.429+0000] {logging_mixin.py:188} INFO - [2026-09-17T11:27:27.429+0000] {dagbag.py:545} INFO - Filling up the DagBag from /opt/airflow/dags/extraction_DAG.py
[2026-09-17T11:27:27.712+0000] {processor.py:840} INFO - DAG(s) 'extraction_DAG' retrieved from /opt/airflow/dags/extraction_DAG.py
[2026-09-17T11:27:27.722+0000] {logging_mixin.py:188} INFO - [2026-09-17T11:27:27.722+0000] {dag.py:3096} INFO - Sync 1 DAGs
[2026-09-17T11:27:27.734+0000] {logging_mixin.py:188} INFO - [2026-09-17T11:27:27.734+0000] {dag.py:3954} INFO - Setting next_dagrun for extraction_DAG to 2026-09-17 11:00:00+00:00, run_after=2026-09-17 12:00:00+00:00
[2026-09-17T11:27:27.745+0000] {processor.py:183} INFO - Processing /opt/airflow/dags/extraction_DAG.py took 0.323 seconds
[2026-09-17T11:27:57.903+0000] {processor.py:161} INFO - Started process (PID=3190) to work on /opt/airflow/dags/extraction_DAG.py
[2026-09-17T11:27:57.907+0000] {processor.py:830} INFO - Processing file /opt/airflow/dags/extraction_DAG.py for tasks to queue
[2026-09-17T11:27:57.907+0000] {logging_mixin.py:188} INFO - [2026-09-17T11:27:57.907+0000] {dagbag.py:545} INFO - Filling up the DagBag from /opt/airflow/dags/extraction_DAG.py
[2026-09-17T11:27:58.214+0000] {processor.py:840} INFO - DAG(s) 'extraction_DAG' retrieved from /opt/airflow/dags/extraction_DAG.py
[2026-09-17T11:27:58.225+0000] {logging_mixin.py:188} INFO - [2026-09-17T11:27:58.225+0000] {dag.py:3096} INFO - Sync 1 DAGs
[2026-09-17T11:27:58.236+0000] {logging_mixin.py:188} INFO - [2026-09-17T11:27:58.236+0000] {dag.py:3954} INFO - Setting next_dagrun for extraction_DAG to 2026-09-17 11:00:00+00:00, run_after=2026-09-17 12:00:00+00:00
[2026-09-17T11:27:58.245+0000] {processor.py:183} INFO - Processing /opt/airflow/dags/extraction_DAG.py took 0.347 seconds
[2026-09-17T11:28:28.410+0000] {processor.py:161} INFO - Started process (PID=3200) to work on /opt/airflow/dags/extraction_DAG.py
[2026-09-17T11:28:28.411+0000] {processor.py:830} INFO - Processing file /opt/airflow/dags/extraction_DAG.py for tasks to queue
[2026-09-17T11:28:28.412+0000] {logging_mixin.py:188} INFO - [2026-09-17T11:28:28.411+0000] {dagbag.py:545} INFO - Filling up the DagBag from /opt/airflow/dags/extraction_DAG.py
[2026-09-17T11:28:28.688+0000] {processor.py:840} INFO - DAG(s) 'extraction_DAG' retrieved from /opt/airflow/dags/extraction_DAG.py
[2026-09-17T11:28:28.698+0000] {logging_mixin.py:188} INFO - [2026-09-17T11:28:28.698+0000] {dag.py:3096} INFO - Sync 1 DAGs
[2026-09-17T11:28:28.709+0000] {logging_mixin.py:188} INFO - [2026-09-17T11:28:28.709+0000] {dag.py:3954} INFO - Setting next_dagrun for extraction_DAG to 2026-09-17 11:00:00+00:00, run_after=2026-09-17 12:00:00+00:00
[2026-09-17T11:28:28.718+0000] {processor.py:183} INFO - Processing /opt/airflow/dags/extraction_DAG.py took 0.318 seconds
[2026-09-17T11:28:58.881+0000] {processor.py:161} INFO - Started process (PID=3210) to work on /opt/airflow/dags/extraction_DAG.py
[2026-09-17T11:28:58.970+0000] {processor.py:830} INFO - Processing file /opt/airflow/dags/extraction_DAG.py for tasks to queue
[2026-09-17T11:28:58.971+0000] {logging_mixin.py:188} INFO - [2026-09-17T11:28:58.971+0000] {dagbag.py:545} INFO - Filling up the DagBag from /opt/airflow/dags/extraction_DAG.py
[2026-09-17T11:28:59.254+0000] {processor.py:840} INFO - DAG(s) 'extraction_DAG' retrieved from /opt/airflow/dags/extraction_DAG.py
[2026-09-17T11:28:59.266+0000] {logging_mixin.py:188} INFO - [2026-09-17T11:28:59.266+0000] {dag.py:3096} INFO - Sync 1 DAGs
[2026-09-17T11:28:59.279+0000] {logging_mixin.py:188} INFO - [2026-09-17T11:28:59.279+0000] {dag.py:3954} INFO - Setting next_dagrun for extraction_DAG to 2026-09-17 11:00:00+00:00, run_after=2026-09-17 12:00:00+00:00
[2026-09-17T11:28:59.288+0000] {processor.py:183} INFO - Processing /opt/airflow/dags/extraction_DAG.py took 0.417 seconds
[2026-09-17T11:29:29.342+0000] {processor.py:161} INFO - Started process (PID=3220) to work on /opt/airflow/dags/extraction_DAG.py
[2026-09-17T11:29:29.342+0000] {processor.py:830} INFO - Processing file /opt/airflow/dags/extraction_DAG.py for tasks to queue
[2026-09-17T11:29:29.343+0000] {logging_mixin.py:188} INFO - [2026-09-17T11:29:29.343+0000] {dagbag.py:545} INFO - Filling up the DagBag from /opt/airflow/dags/extraction_DAG.py
[2026-09-17T11:29:29.616+0000] {processor.py:840} INFO - DAG(s) 'extraction_DAG' retrieved from /opt/airflow/dags/extraction_DAG.py
[2026-09-17T11:29:29.627+0000] {logging_mixin.py:188} INFO - [2026-09-17T11:29:29.627+0000] {dag.py:3096} INFO - Sync 1 DAGs
[2026-09-17T11:29:29.639+0000] {logging_mixin.py:188} INFO - [2026-09-17T11:29:29.638+0000] {dag.py:3954} INFO - Setting next_dagrun for extraction_DAG to 2026-09-17 11:00:00+00:00, run_after=2026-09-17 12:00:00+00:00
[2026-09-17T11:29:29.647+0000] {processor.py:183} INFO - Processing /opt/airflow/dags/extraction_DAG.py took 0.312 seconds
[2026-09-17T11:29:59.797+0000] {processor.py:161} INFO - Started process (PID=3230) to work on /opt/airflow/dags/extraction_DAG.py
[2026-09-17T11:29:59.887+0000] {processor.py:830} INFO - Processing file /opt/airflow/dags/extraction_DAG.py for tasks to queue
[2026-09-17T11:29:59.888+0000] {logging_mixin.py:188} INFO - [2026-09-17T11:29:59.888+0000] {dagbag.py:545} INFO - Filling up the DagBag from /opt/airflow/dags/extraction_DAG.py
[2026-09-17T11:30:00.173+0000] {processor.py:840} INFO - DAG(s) 'extraction_DAG' retrieved from /opt/airflow/dags/extraction_DAG.py
[2026-09-17T11:30:00.185+0000] {logging_mixin.py:188} INFO - [2026-09-17T11:30:00.185+0000] {dag.py:3096} INFO - Sync 1 DAGs
[2026-09-17T11:30:00.196+0000] {logging_mixin.py:188} INFO - [2026-09-17T11:30:00.196+0000] {dag.py:3954} INFO - Setting next_dagrun for extraction_DAG to 2026-09-17 11:00:00+00:00, run_after=2026-09-17 12:00:00+00:00
[2026-09-17T11:30:00.205+0000] {processor.py:183} INFO - Processing /opt/airflow/dags/extraction_DAG.py took 0.412 seconds
[2026-09-17T11:30:30.237+0000] {processor.py:161} INFO - Started process (PID=3240) to work on /opt/airflow/dags/extraction_DAG.py
[2026-09-17T11:30:30.238+0000] {processor.py:830} INFO - Processing file /opt/airflow/dags/extraction_DAG.py for tasks to queue
[2026-09-17T11:30:30.239+0000] {logging_mixin.py:188} INFO - [2026-09-17T11:30:30.239+0000] {dagbag.py:545} INFO - Filling up the DagBag from /opt/airflow/dags/extraction_DAG.py
[2026-09-17T11:30:30.511+0000] {processor.py:840} INFO - DAG(s) 'extraction_DAG' retrieved from /opt/airflow/dags/extraction_DAG.py
[2026-09-17T11:30:30.523+0000] {logging_mixin.py:188} INFO - [2026-09-17T11:30:30.523+0000] {dag.py:3096} INFO - Sync 1 DAGs
[2026-09-17T11:30:30.535+0000] {logging_mixin.py:188} INFO - [2026-09-17T11:30:30.534+0000] {dag.py:3954} INFO - Setting next_dagrun for extraction_DAG to 2026-09-17 11:00:00+00:00, run_after=2026-09-17 12:00:00+00:00
[2026-09-17T11:30:30.543+0000] {processor.py:183} INFO - Processing /opt/airflow/dags/extraction_DAG.py took 0.313 seconds
[2026-09-17T11:31:00.703+0000] {processor.py:161} INFO - Started process (PID=3250) to work on /opt/airflow/dags/extraction_DAG.py
[2026-09-17T11:31:00.790+0000] {processor.py:830} INFO - Processing file /opt/airflow/dags/extraction_DAG.py for tasks to queue
[2026-09-17T11:31:00.792+0000] {logging_mixin.py:188} INFO - [2026-09-17T11:31:00.791+0000] {dagbag.py:545} INFO - Filling up the DagBag from /opt/airflow/dags/extraction_DAG.py
[2026-09-17T11:31:01.075+0000] {processor.py:840} INFO - DAG(s) 'extraction_DAG' retrieved from /opt/airflow/dags/extraction_DAG.py
[2026-09-17T11:31:01.086+0000] {logging_mixin.py:188} INFO - [2026-09-17T11:31:01.086+0000] {dag.py:3096} INFO - Sync 1 DAGs
[2026-09-17T11:31:01.098+0000] {logging_mixin.py:188} INFO - [2026-09-17T11:31:01.098+0000] {dag.py:3954} INFO - Setting next_dagrun for extraction_DAG to 2026-09-17 11:00:00+00:00, run_after=2026-09-17 12:00:00+00:00
[2026-09-17T11:31:01.107+0000] {processor.py:183} INFO - Processing /opt/airflow/dags/extraction_DAG.py took 0.411 seconds
[2026-09-17T11:31:31.170+0000] {processor.py:161} INFO - Started process (PID=3260) to work on /opt/airflow/dags/extraction_DAG.py
[2026-09-17T11:31:31.171+0000] {processor.py:830} INFO - Processing file /opt/airflow/dags/extraction_DAG.py for tasks to queue
[2026-09-17T11:31:31.172+0000] {logging_mixin.py:188} INFO - [2026-09-17T11:31:31.172+0000] {dagbag.py:545} INFO - Filling up the DagBag from /opt/airflow/dags/extraction_DAG.py
[2026-09-17T11:31:31.448+0000] {processor.py:840} INFO - DAG(s) 'extraction_DAG' retrieved from /opt/airflow/dags/extraction_DAG.py
[2026-09-17T11:31:31.459+0000] {logging_mixin.py:188} INFO - [2026-09-17T11:31:31.459+0000] {dag.py:3096} INFO - Sync 1 DAGs
[2026-09-17T11:31:31.470+0000] {logging_mixin.py:188} INFO - [2026-09-17T11:31:31.470+0000] {dag.py:3954} INFO - Setting next_dagrun for extraction_DAG to 2026-09-17 11:00:00+00:00, run_after=2026-09-17 12:00:00+00:00
[2026-09-17T11:31:31.480+0000] {processor.py:183} INFO - Processing /opt/airflow/dags/extraction_DAG.py took 0.319 seconds
[2026-09-17T11:32:01.637+0000] {processor.py:161} INFO - Started process (PID=3270) to work on /opt/airflow/dags/extraction_DAG.py
[2026-09-17T11:32:01.728+0000] {processor.py:830} INFO - Processing file /opt/airflow/dags/extraction_DAG.py for tasks to queue
[2026-09-17T11:32:01.730+0000] {logging_mixin.py:188} INFO - [2026-09-17T11:32:01.729+0000] {dagbag.py:545} INFO - Filling up the DagBag from /opt/airflow/dags/extraction_DAG.py
[2026-09-17T11:32:02.013+0000] {processor.py:840} INFO - DAG(s) 'extraction_DAG' retrieved from /opt/airflow/dags/extraction_DAG.py
[2026-09-17T11:32:02.023+0000] {logging_mixin.py:188} INFO - [2026-09-17T11:32:02.023+0000] {dag.py:3096} INFO - Sync 1 DAGs
[2026-09-17T11:32:02.035+0000] {logging_mixin.py:188} INFO - [2026-09-17T11:32:02.035+0000] {dag.py:3954} INFO - Setting next_dagrun for extraction_DAG to 2026-09-17 11:00:00+00:00, run_after=2026-09-17 12:00:00+00:00
[2026-09-17T11:32:02.043+0000] {processor.py:183} INFO - Processing /opt/airflow/dags/extraction_DAG.py took 0.415 seconds
[2026-09-17T11:32:32.192+0000] {processor.py:161} INFO - Started process (PID=3280) to work on /opt/airflow/dags/extraction_DAG.py
[2026-09-17T11:32:32.193+0000] {processor.py:830} INFO - Processing file /opt/airflow/dags/extraction_DAG.py for tasks to queue
[2026-09-17T11:32:32.194+0000] {logging_mixin.py:188} INFO - [2026-09-17T11:32:32.194+0000] {dagbag.py:545} INFO - Filling up the DagBag from /opt/airflow/dags/extraction_DAG.py
[2026-09-17T11:32:32.472+0000] {processor.py:840} INFO - DAG(s) 'extraction_DAG' retrieved from /opt/airflow/dags/extraction_DAG.py
[2026-09-17T11:32:32.484+0000] {logging_mixin.py:188} INFO - [2026-09-17T11:32:32.484+0000] {dag.py:3096} INFO - Sync 1 DAGs
[2026-09-17T11:32:32.496+0000] {logging_mixin.py:188} INFO - [2026-09-17T11:32:32.496+0000] {dag.py:3954} INFO - Setting next_dagrun for extraction_DAG to 2026-09-17 11:00:00+00:00, run_after=2026-09-17 12:00:00+00:00
[2026-09-17T11:32:32.505+0000] {processor.py:183} INFO - Processing /opt/airflow/dags/extraction_DAG.py took 0.320 seconds
[2026-09-17T11:33:02.670+0000] {processor.py:161} INFO - Started process (PID=3290) to work on /opt/airflow/dags/extraction_DAG.py
[2026-09-17T11:33:02.764+0000] {processor.py:830} INFO - Processing file /opt/airflow/dags/extraction_DAG.py for tasks to queue
[2026-09-17T11:33:02.765+0000] {logging_mixin.py:188} INFO - [2026-09-17T11:33:02.765+0000] {dagbag.py:545} INFO - Filling up the DagBag from /opt/airflow/dags/extraction_DAG.py
[2026-09-17T11:33:03.076+0000] {processor.py:840} INFO - DAG(s) 'extraction_DAG' retrieved from /opt/airflow/dags/extraction_DAG.py
[2026-09-17T11:33:03.087+0000] {logging_mixin.py:188} INFO - [2026-09-17T11:33:03.087+0000] {dag.py:3096} INFO - Sync 1 DAGs
[2026-09-17T11:33:03.098+0000] {logging_mixin.py:188} INFO - [2026-09-17T11:33:03.098+0000] {dag.py:3954} INFO - Setting next_dagrun for extraction_DAG to 2026-09-17 11:00:00+00:00, run_after=2026-09-17 12:00:00+00:00
[2026-09-17T11:33:03.107+0000] {processor.py:183} INFO - Processing /opt/airflow/dags/extraction_DAG.py took 0.447 seconds
[2026-09-17T11:33:33.211+0000] {processor.py:161} INFO - Started process (PID=3300) to work on /opt/airflow/dags/extraction_DAG.py
[2026-09-17T11:33:33.212+0000] {processor.py:830} INFO - Processing file /opt/airflow/dags/extraction_DAG.py for tasks to queue
[2026-09-17T11:33:33.213+0000] {logging_mixin.py:188} INFO - [2026-09-17T11:33:33.212+0000] {dagbag.py:545} INFO - Filling up the DagBag from /opt/airflow/dags/extraction_DAG.py
[2026-09-17T11:33:33.484+0000] {processor.py:840} INFO - DAG(s) 'extraction_DAG' retrieved from /opt/airflow/dags/extraction_DAG.py
[2026-09-17T11:33:33.495+0000] {logging_mixin.py:188} INFO - [2026-09-17T11:33:33.495+0000] {dag.py:3096} INFO - Sync 1 DAGs
[2026-09-17T11:33:33.506+0000] {logging_mixin.py:188} INFO - [2026-09-17T11:33:33.506+0000] {dag.py:3954} INFO - Setting next_dagrun for extraction_DAG to 2026-09-17 11:00:00+00:00, run_after=2026-09-17 12:00:00+00:00
[2026-09-17T11:33:33.514+0000] {processor.py:183} INFO - Processing /opt/airflow/dags/extraction_DAG.py took 0.313 seconds
[2026-09-17T11:34:03.673+0000] {processor.py:161} INFO - Started process (PID=3310) to work on /opt/airflow/dags/extraction_DAG.py
[2026-09-17T11:34:03.766+0000] {processor.py:830} INFO - Processing file /opt/airflow/dags/extraction_DAG.py for tasks to queue
[2026-09-17T11:34:03.768+0000] {logging_mixin.py:188} INFO - [2026-09-17T11:34:03.767+0000] {dagbag.py:545} INFO - Filling up the DagBag from /opt/airflow/dags/extraction_DAG.py
[2026-09-17T11:34:04.059+0000] {processor.py:840} INFO - DAG(s) 'extraction_DAG' retrieved from /opt/airflow/dags/extraction_DAG.py
[2026-09-17T11:34:04.071+0000] {logging_mixin.py:188} INFO - [2026-09-17T11:34:04.071+0000] {dag.py:3096} INFO - Sync 1 DAGs
[2026-09-17T11:34:04.082+0000] {logging_mixin.py:188} INFO - [2026-09-17T11:34:04.082+0000] {dag.py:3954} INFO - Setting next_dagrun for extraction_DAG to 2026-09-17 11:00:00+00:00, run_after=2026-09-17 12:00:00+00:00
[2026-09-17T11:34:04.091+0000] {processor.py:183} INFO - Processing /opt/airflow/dags/extraction_DAG.py took 0.422 seconds
[2026-09-17T11:34:34.221+0000] {processor.py:161} INFO - Started process (PID=3326) to work on /opt/airflow/dags/extraction_DAG.py
[2026-09-17T11:34:34.222+0000] {processor.py:830} INFO - Processing file /opt/airflow/dags/extraction_DAG.py for tasks to queue
[2026-09-17T11:34:34.222+0000] {logging_mixin.py:188} INFO - [2026-09-17T11:34:34.222+0000] {dagbag.py:545} INFO - Filling up the DagBag from /opt/airflow/dags/extraction_DAG.py
[2026-09-17T11:34:34.496+0000] {processor.py:840} INFO - DAG(s) 'extraction_DAG' retrieved from /opt/airflow/dags/extraction_DAG.py
[2026-09-17T11:34:34.507+0000] {logging_mixin.py:188} INFO - [2026-09-17T11:34:34.506+0000] {dag.py:3096} INFO - Sync 1 DAGs
[2026-09-17T11:34:34.519+0000] {logging_mixin.py:188} INFO - [2026-09-17T11:34:34.519+0000] {dag.py:3954} INFO - Setting next_dagrun for extraction_DAG to 2026-09-17 11:00:00+00:00, run_after=2026-09-17 12:00:00+00:00
[2026-09-17T11:34:34.530+0000] {processor.py:183} INFO - Processing /opt/airflow/dags/extraction_DAG.py took 0.312 seconds
[2026-09-17T11:35:04.698+0000] {processor.py:161} INFO - Started process (PID=3336) to work on /opt/airflow/dags/extraction_DAG.py
[2026-09-17T11:35:04.792+0000] {processor.py:830} INFO - Processing file /opt/airflow/dags/extraction_DAG.py for tasks to queue
[2026-09-17T11:35:04.793+0000] {logging_mixin.py:188} INFO - [2026-09-17T11:35:04.792+0000] {dagbag.py:545} INFO - Filling up the DagBag from /opt/airflow/dags/extraction_DAG.py
[2026-09-17T11:35:05.070+0000] {processor.py:840} INFO - DAG(s) 'extraction_DAG' retrieved from /opt/airflow/dags/extraction_DAG.py
[2026-09-17T11:35:05.081+0000] {logging_mixin.py:188} INFO - [2026-09-17T11:35:05.081+0000] {dag.py:3096} INFO - Sync 1 DAGs
[2026-09-17T11:35:05.093+0000] {logging_mixin.py:188} INFO - [2026-09-17T11:35:05.093+0000] {dag.py:3954} INFO - Setting next_dagrun for extraction_DAG to 2026-09-17 11:00:00+00:00, run_after=2026-09-17 12:00:00+00:00
[2026-09-17T11:35:05.102+0000] {processor.py:183} INFO - Processing /opt/airflow/dags/extraction_DAG.py took 0.413 seconds
[2026-09-17T11:35:35.156+0000] {processor.py:161} INFO - Started process (PID=3346) to work on /opt/airflow/dags/extraction_DAG.py
[2026-09-17T11:35:35.156+0000] {processor.py:830} INFO - Processing file /opt/airflow/dags/extraction_DAG.py for tasks to queue
[2026-09-17T11:35:35.157+0000] {logging_mixin.py:188} INFO - [2026-09-17T11:35:35.156+0000] {dagbag.py:545} INFO - Filling up the DagBag from /opt/airflow/dags/extraction_DAG.py
[2026-09-17T11:35:35.437+0000] {processor.py:840} INFO - DAG(s) 'extraction_DAG' retrieved from /opt/airflow/dags/extraction_DAG.py
[2026-09-17T11:35:35.448+0000] {logging_mixin.py:188} INFO - [2026-09-17T11:35:35.448+0000] {dag.py:3096} INFO - Sync 1 DAGs
[2026-09-17T11:35:35.464+0000] {logging_mixin.py:188} INFO - [2026-09-17T11:35:35.463+0000] {dag.py:3954} INFO - Setting next_dagrun for extraction_DAG to 2026-09-17 11:00:00+00:00, run_after=2026-09-17 12:00:00+00:00
[2026-09-17T11:35:35.475+0000] {processor.py:183} INFO - Processing /opt/airflow/dags/extraction_DAG.py took 0.323 seconds
[2026-09-17T11:36:05.647+0000] {processor.py:161} INFO - Started process (PID=3356) to work on /opt/airflow/dags/extraction_DAG.py
[2026-09-17T11:36:05.733+0000] {processor.py:830} INFO - Processing file /opt/airflow/dags/extraction_DAG.py for tasks to queue
[2026-09-17T11:36:05.735+0000] {logging_mixin.py:188} INFO - [2026-09-17T11:36:05.734+0000] {dagbag.py:545} INFO - Filling up the DagBag from /opt/airflow/dags/extraction_DAG.py
[2026-09-17T11:36:06.020+0000] {processor.py:840} INFO - DAG(s) 'extraction_DAG' retrieved from /opt/airflow/dags/extraction_DAG.py
[2026-09-17T11:36:06.032+0000] {logging_mixin.py:188} INFO - [2026-09-17T11:36:06.032+0000] {dag.py:3096} INFO - Sync 1 DAGs
[2026-09-17T11:36:06.043+0000] {logging_mixin.py:188} INFO - [2026-09-17T11:36:06.043+0000] {dag.py:3954} INFO - Setting next_dagrun for extraction_DAG to 2026-09-17 11:00:00+00:00, run_after=2026-09-17 12:00:00+00:00
[2026-09-17T11:36:06.052+0000] {processor.py:183} INFO - Processing /opt/airflow/dags/extraction_DAG.py took 0.415 seconds
[2026-09-17T11:36:36.172+0000] {processor.py:161} INFO - Started process (PID=3366) to work on /opt/airflow/dags/extraction_DAG.py
[2026-09-17T11:36:36.172+0000] {processor.py:830} INFO - Processing file /opt/airflow/dags/extraction_DAG.py for tasks to queue
[2026-09-17T11:36:36.173+0000] {logging_mixin.py:188} INFO - [2026-09-17T11:36:36.173+0000] {dagbag.py:545} INFO - Filling up the DagBag from /opt/airflow/dags/extraction_DAG.py
[2026-09-17T11:36:36.458+0000] {processor.py:840} INFO - DAG(s) 'extraction_DAG' retrieved from /opt/airflow/dags/extraction_DAG.py
[2026-09-17T11:36:36.469+0000] {logging_mixin.py:188} INFO - [2026-09-17T11:36:36.469+0000] {dag.py:3096} INFO - Sync 1 DAGs
[2026-09-17T11:36:36.480+0000] {logging_mixin.py:188} INFO - [2026-09-17T11:36:36.480+0000] {dag.py:3954} INFO - Setting next_dagrun for extraction_DAG to 2026-09-17 11:00:00+00:00, run_after=2026-09-17 12:00:00+00:00
[2026-09-17T11:36:36.488+0000] {processor.py:183} INFO - Processing /opt/airflow/dags/extraction_DAG.py took 0.322 seconds
[2026-09-17T11:37:06.644+0000] {processor.py:161} INFO - Started process (PID=3376) to work on /opt/airflow/dags/extraction_DAG.py
[2026-09-17T11:37:06.731+0000] {processor.py:830} INFO - Processing file /opt/airflow/dags/extraction_DAG.py for tasks to queue
[2026-09-17T11:37:06.733+0000] {logging_mixin.py:188} INFO - [2026-09-17T11:37:06.732+0000] {dagbag.py:545} INFO - Filling up the DagBag from /opt/airflow/dags/extraction_DAG.py
[2026-09-17T11:37:07.022+0000] {processor.py:840} INFO - DAG(s) 'extraction_DAG' retrieved from /opt/airflow/dags/extraction_DAG.py
[2026-09-17T11:37:07.033+0000] {logging_mixin.py:188} INFO - [2026-09-17T11:37:07.033+0000] {dag.py:3096} INFO - Sync 1 DAGs
[2026-09-17T11:37:07.044+0000] {logging_mixin.py:188} INFO - [2026-09-17T11:37:07.044+0000] {dag.py:3954} INFO - Setting next_dagrun for extraction_DAG to 2026-09-17 11:00:00+00:00, run_after=2026-09-17 12:00:00+00:00
[2026-09-17T11:37:07.052+0000] {processor.py:183} INFO - Processing /opt/airflow/dags/extraction_DAG.py took 0.413 seconds
[2026-09-17T11:37:37.197+0000] {processor.py:161} INFO - Started process (PID=3386) to work on /opt/airflow/dags/extraction_DAG.py
[2026-09-17T11:37:37.198+0000] {processor.py:830} INFO - Processing file /opt/airflow/dags/extraction_DAG.py for tasks to queue
[2026-09-17T11:37:37.199+0000] {logging_mixin.py:188} INFO - [2026-09-17T11:37:37.199+0000] {dagbag.py:545} INFO - Filling up the DagBag from /opt/airflow/dags/extraction_DAG.py
[2026-09-17T11:37:37.490+0000] {processor.py:840} INFO - DAG(s) 'extraction_DAG' retrieved from /opt/airflow/dags/extraction_DAG.py
[2026-09-17T11:37:37.503+0000] {logging_mixin.py:188} INFO - [2026-09-17T11:37:37.502+0000] {dag.py:3096} INFO - Sync 1 DAGs
[2026-09-17T11:37:37.515+0000] {logging_mixin.py:188} INFO - [2026-09-17T11:37:37.515+0000] {dag.py:3954} INFO - Setting next_dagrun for extraction_DAG to 2026-09-17 11:00:00+00:00, run_after=2026-09-17 12:00:00+00:00
[2026-09-17T11:37:37.524+0000] {processor.py:183} INFO - Processing /opt/airflow/dags/extraction_DAG.py took 0.335 seconds
[2026-09-17T11:38:07.677+0000] {processor.py:161} INFO - Started process (PID=3396) to work on /opt/airflow/dags/extraction_DAG.py
[2026-09-17T11:38:07.776+0000] {processor.py:830} INFO - Processing file /opt/airflow/dags/extraction_DAG.py for tasks to queue
[2026-09-17T11:38:07.777+0000] {logging_mixin.py:188} INFO - [2026-09-17T11:38:07.777+0000] {dagbag.py:545} INFO - Filling up the DagBag from /opt/airflow/dags/extraction_DAG.py
[2026-09-17T11:38:08.087+0000] {processor.py:840} INFO - DAG(s) 'extraction_DAG' retrieved from /opt/airflow/dags/extraction_DAG.py
[2026-09-17T11:38:08.098+0000] {logging_mixin.py:188} INFO - [2026-09-17T11:38:08.098+0000] {dag.py:3096} INFO - Sync 1 DAGs
[2026-09-17T11:38:08.110+0000] {logging_mixin.py:188} INFO - [2026-09-17T11:38:08.110+0000] {dag.py:3954} INFO - Setting next_dagrun for extraction_DAG to 2026-09-17 11:00:00+00:00, run_after=2026-09-17 12:00:00+00:00
[2026-09-17T11:38:08.118+0000] {processor.py:183} INFO - Processing /opt/airflow/dags/extraction_DAG.py took 0.450 seconds
[2026-09-17T11:38:38.201+0000] {processor.py:161} INFO - Started process (PID=3405) to work on /opt/airflow/dags/extraction_DAG.py
[2026-09-17T11:38:38.202+0000] {processor.py:830} INFO - Processing file /opt/airflow/dags/extraction_DAG.py for tasks to queue
[2026-09-17T11:38:38.204+0000] {logging_mixin.py:188} INFO - [2026-09-17T11:38:38.203+0000] {dagbag.py:545} INFO - Filling up the DagBag from /opt/airflow/dags/extraction_DAG.py
[2026-09-17T11:38:38.495+0000] {processor.py:840} INFO - DAG(s) 'extraction_DAG' retrieved from /opt/airflow/dags/extraction_DAG.py
[2026-09-17T11:38:38.506+0000] {logging_mixin.py:188} INFO - [2026-09-17T11:38:38.506+0000] {dag.py:3096} INFO - Sync 1 DAGs
[2026-09-17T11:38:38.518+0000] {logging_mixin.py:188} INFO - [2026-09-17T11:38:38.518+0000] {dag.py:3954} INFO - Setting next_dagrun for extraction_DAG to 2026-09-17 11:00:00+00:00, run_after=2026-09-17 12:00:00+00:00
[2026-09-17T11:38:38.527+0000] {processor.py:183} INFO - Processing /opt/airflow/dags/extraction_DAG.py took 0.336 seconds
[2026-09-17T11:39:08.664+0000] {processor.py:161} INFO - Started process (PID=3415) to work on /opt/airflow/dags/extraction_DAG.py
[2026-09-17T11:39:08.699+0000] {processor.py:830} INFO - Processing file /opt/airflow/dags/extraction_DAG.py for tasks to queue
[2026-09-17T11:39:08.701+0000] {logging_mixin.py:188} INFO - [2026-09-17T11:39:08.700+0000] {dagbag.py:545} INFO - Filling up the DagBag from /opt/airflow/dags/extraction_DAG.py
[2026-09-17T11:39:08.991+0000] {processor.py:840} INFO - DAG(s) 'extraction_DAG' retrieved from /opt/airflow/dags/extraction_DAG.py
[2026-09-17T11:39:09.003+0000] {logging_mixin.py:188} INFO - [2026-09-17T11:39:09.003+0000] {dag.py:3096} INFO - Sync 1 DAGs
[2026-09-17T11:39:09.014+0000] {logging_mixin.py:188} INFO - [2026-09-17T11:39:09.014+0000] {dag.py:3954} INFO - Setting next_dagrun for extraction_DAG to 2026-09-17 11:00:00+00:00, run_after=2026-09-17 12:00:00+00:00
[2026-09-17T11:39:09.022+0000] {processor.py:183} INFO - Processing /opt/airflow/dags/extraction_DAG.py took 0.368 seconds
[2026-09-17T11:39:39.132+0000] {processor.py:161} INFO - Started process (PID=3425) to work on /opt/airflow/dags/extraction_DAG.py
[2026-09-17T11:39:39.133+0000] {processor.py:830} INFO - Processing file /opt/airflow/dags/extraction_DAG.py for tasks to queue
[2026-09-17T11:39:39.134+0000] {logging_mixin.py:188} INFO - [2026-09-17T11:39:39.133+0000] {dagbag.py:545} INFO - Filling up the DagBag from /opt/airflow/dags/extraction_DAG.py
[2026-09-17T11:39:39.419+0000] {processor.py:840} INFO - DAG(s) 'extraction_DAG' retrieved from /opt/airflow/dags/extraction_DAG.py
[2026-09-17T11:39:39.430+0000] {logging_mixin.py:188} INFO - [2026-09-17T11:39:39.430+0000] {dag.py:3096} INFO - Sync 1 DAGs
[2026-09-17T11:39:39.441+0000] {logging_mixin.py:188} INFO - [2026-09-17T11:39:39.441+0000] {dag.py:3954} INFO - Setting next_dagrun for extraction_DAG to 2026-09-17 11:00:00+00:00, run_after=2026-09-17 12:00:00+00:00
[2026-09-17T11:39:39.450+0000] {processor.py:183} INFO - Processing /opt/airflow/dags/extraction_DAG.py took 0.326 seconds
[2026-09-17T11:40:09.603+0000] {processor.py:161} INFO - Started process (PID=3434) to work on /opt/airflow/dags/extraction_DAG.py
[2026-09-17T11:40:09.604+0000] {processor.py:830} INFO - Processing file /opt/airflow/dags/extraction_DAG.py for tasks to queue
[2026-09-17T11:40:09.604+0000] {logging_mixin.py:188} INFO - [2026-09-17T11:40:09.604+0000] {dagbag.py:545} INFO - Filling up the DagBag from /opt/airflow/dags/extraction_DAG.py
[2026-09-17T11:40:09.890+0000] {processor.py:840} INFO - DAG(s) 'extraction_DAG' retrieved from /opt/airflow/dags/extraction_DAG.py
[2026-09-17T11:40:09.900+0000] {logging_mixin.py:188} INFO - [2026-09-17T11:40:09.900+0000] {dag.py:3096} INFO - Sync 1 DAGs
[2026-09-17T11:40:09.911+0000] {logging_mixin.py:188} INFO - [2026-09-17T11:40:09.911+0000] {dag.py:3954} INFO - Setting next_dagrun for extraction_DAG to 2026-09-17 11:00:00+00:00, run_after=2026-09-17 12:00:00+00:00
[2026-09-17T11:40:09.918+0000] {processor.py:183} INFO - Processing /opt/airflow/dags/extraction_DAG.py took 0.319 seconds
[2026-09-17T11:40:40.051+0000] {processor.py:161} INFO - Started process (PID=3444) to work on /opt/airflow/dags/extraction_DAG.py
[2026-09-17T11:40:40.051+0000] {processor.py:830} INFO - Processing file /opt/airflow/dags/extraction_DAG.py for tasks to queue
[2026-09-17T11:40:40.052+0000] {logging_mixin.py:188} INFO - [2026-09-17T11:40:40.052+0000] {dagbag.py:545} INFO - Filling up the DagBag from /opt/airflow/dags/extraction_DAG.py
[2026-09-17T11:40:40.333+0000] {processor.py:840} INFO - DAG(s) 'extraction_DAG' retrieved from /opt/airflow/dags/extraction_DAG.py
[2026-09-17T11:40:40.344+0000] {logging_mixin.py:188} INFO - [2026-09-17T11:40:40.344+0000] {dag.py:3096} INFO - Sync 1 DAGs
[2026-09-17T11:40:40.357+0000] {logging_mixin.py:188} INFO - [2026-09-17T11:40:40.357+0000] {dag.py:3954} INFO - Setting next_dagrun for extraction_DAG to 2026-09-17 11:00:00+00:00, run_after=2026-09-17 12:00:00+00:00
[2026-09-17T11:40:40.366+0000] {processor.py:183} INFO - Processing /opt/airflow/dags/extraction_DAG.py took 0.319 seconds
[2026-09-17T11:41:10.530+0000] {processor.py:161} INFO - Started process (PID=3454) to work on /opt/airflow/dags/extraction_DAG.py
[2026-09-17T11:41:10.530+0000] {processor.py:830} INFO - Processing file /opt/airflow/dags/extraction_DAG.py for tasks to queue
[2026-09-17T11:41:10.531+0000] {logging_mixin.py:188} INFO - [2026-09-17T11:41:10.531+0000] {dagbag.py:545} INFO - Filling up the DagBag from /opt/airflow/dags/extraction_DAG.py
[2026-09-17T11:41:10.809+0000] {processor.py:840} INFO - DAG(s) 'extraction_DAG' retrieved from /opt/airflow/dags/extraction_DAG.py
[2026-09-17T11:41:10.820+0000] {logging_mixin.py:188} INFO - [2026-09-17T11:41:10.819+0000] {dag.py:3096} INFO - Sync 1 DAGs
[2026-09-17T11:41:10.832+0000] {logging_mixin.py:188} INFO - [2026-09-17T11:41:10.832+0000] {dag.py:3954} INFO - Setting next_dagrun for extraction_DAG to 2026-09-17 11:00:00+00:00, run_after=2026-09-17 12:00:00+00:00
[2026-09-17T11:41:10.841+0000] {processor.py:183} INFO - Processing /opt/airflow/dags/extraction_DAG.py took 0.315 seconds
[2026-09-17T11:41:41.002+0000] {processor.py:161} INFO - Started process (PID=3464) to work on /opt/airflow/dags/extraction_DAG.py
[2026-09-17T11:41:41.015+0000] {processor.py:830} INFO - Processing file /opt/airflow/dags/extraction_DAG.py for tasks to queue
[2026-09-17T11:41:41.017+0000] {logging_mixin.py:188} INFO - [2026-09-17T11:41:41.016+0000] {dagbag.py:545} INFO - Filling up the DagBag from /opt/airflow/dags/extraction_DAG.py
[2026-09-17T11:41:41.294+0000] {processor.py:840} INFO - DAG(s) 'extraction_DAG' retrieved from /opt/airflow/dags/extraction_DAG.py
[2026-09-17T11:41:41.306+0000] {logging_mixin.py:188} INFO - [2026-09-17T11:41:41.306+0000] {dag.py:3096} INFO - Sync 1 DAGs
[2026-09-17T11:41:41.318+0000] {logging_mixin.py:188} INFO - [2026-09-17T11:41:41.317+0000] {dag.py:3954} INFO - Setting next_dagrun for extraction_DAG to 2026-09-17 11:00:00+00:00, run_after=2026-09-17 12:00:00+00:00
[2026-09-17T11:41:41.326+0000] {processor.py:183} INFO - Processing /opt/airflow/dags/extraction_DAG.py took 0.332 seconds
[2026-09-17T11:42:11.493+0000] {processor.py:161} INFO - Started process (PID=3473) to work on /opt/airflow/dags/extraction_DAG.py
[2026-09-17T11:42:11.493+0000] {processor.py:830} INFO - Processing file /opt/airflow/dags/extraction_DAG.py for tasks to queue
[2026-09-17T11:42:11.494+0000] {logging_mixin.py:188} INFO - [2026-09-17T11:42:11.493+0000] {dagbag.py:545} INFO - Filling up the DagBag from /opt/airflow/dags/extraction_DAG.py
[2026-09-17T11:42:11.768+0000] {processor.py:840} INFO - DAG(s) 'extraction_DAG' retrieved from /opt/airflow/dags/extraction_DAG.py
[2026-09-17T11:42:11.779+0000] {logging_mixin.py:188} INFO - [2026-09-17T11:42:11.779+0000] {dag.py:3096} INFO - Sync 1 DAGs
[2026-09-17T11:42:11.789+0000] {logging_mixin.py:188} INFO - [2026-09-17T11:42:11.789+0000] {dag.py:3954} INFO - Setting next_dagrun for extraction_DAG to 2026-09-17 11:00:00+00:00, run_after=2026-09-17 12:00:00+00:00
[2026-09-17T11:42:11.798+0000] {processor.py:183} INFO - Processing /opt/airflow/dags/extraction_DAG.py took 0.309 seconds
[2026-09-17T11:42:41.957+0000] {processor.py:161} INFO - Started process (PID=3483) to work on /opt/airflow/dags/extraction_DAG.py
[2026-09-17T11:42:41.961+0000] {processor.py:830} INFO - Processing file /opt/airflow/dags/extraction_DAG.py for tasks to queue
[2026-09-17T11:42:41.962+0000] {logging_mixin.py:188} INFO - [2026-09-17T11:42:41.962+0000] {dagbag.py:545} INFO - Filling up the DagBag from /opt/airflow/dags/extraction_DAG.py
[2026-09-17T11:42:42.239+0000] {processor.py:840} INFO - DAG(s) 'extraction_DAG' retrieved from /opt/airflow/dags/extraction_DAG.py
[2026-09-17T11:42:42.250+0000] {logging_mixin.py:188} INFO - [2026-09-17T11:42:42.249+0000] {dag.py:3096} INFO - Sync 1 DAGs
[2026-09-17T11:42:42.262+0000] {logging_mixin.py:188} INFO - [2026-09-17T11:42:42.262+0000] {dag.py:3954} INFO - Setting next_dagrun for extraction_DAG to 2026-09-17 11:00:00+00:00, run_after=2026-09-17 12:00:00+00:00
[2026-09-17T11:42:42.271+0000] {processor.py:183} INFO - Processing /opt/airflow/dags/extraction_DAG.py took 0.320 seconds
[2026-09-17T11:43:12.427+0000] {processor.py:161} INFO - Started process (PID=3493) to work on /opt/airflow/dags/extraction_DAG.py
[2026-09-17T11:43:12.427+0000] {processor.py:830} INFO - Processing file /opt/airflow/dags/extraction_DAG.py for tasks to queue
[2026-09-17T11:43:12.428+0000] {logging_mixin.py:188} INFO - [2026-09-17T11:43:12.428+0000] {dagbag.py:545} INFO - Filling up the DagBag from /opt/airflow/dags/extraction_DAG.py
[2026-09-17T11:43:12.704+0000] {processor.py:840} INFO - DAG(s) 'extraction_DAG' retrieved from /opt/airflow/dags/extraction_DAG.py
[2026-09-17T11:43:12.715+0000] {logging_mixin.py:188} INFO - [2026-09-17T11:43:12.714+0000] {dag.py:3096} INFO - Sync 1 DAGs
[2026-09-17T11:43:12.727+0000] {logging_mixin.py:188} INFO - [2026-09-17T11:43:12.726+0000] {dag.py:3954} INFO - Setting next_dagrun for extraction_DAG to 2026-09-17 11:00:00+00:00, run_after=2026-09-17 12:00:00+00:00
[2026-09-17T11:43:12.736+0000] {processor.py:183} INFO - Processing /opt/airflow/dags/extraction_DAG.py took 0.314 seconds
[2026-09-17T11:43:42.897+0000] {processor.py:161} INFO - Started process (PID=3503) to work on /opt/airflow/dags/extraction_DAG.py
[2026-09-17T11:43:42.986+0000] {processor.py:830} INFO - Processing file /opt/airflow/dags/extraction_DAG.py for tasks to queue
[2026-09-17T11:43:42.987+0000] {logging_mixin.py:188} INFO - [2026-09-17T11:43:42.986+0000] {dagbag.py:545} INFO - Filling up the DagBag from /opt/airflow/dags/extraction_DAG.py
[2026-09-17T11:43:43.291+0000] {processor.py:840} INFO - DAG(s) 'extraction_DAG' retrieved from /opt/airflow/dags/extraction_DAG.py
[2026-09-17T11:43:43.302+0000] {logging_mixin.py:188} INFO - [2026-09-17T11:43:43.301+0000] {dag.py:3096} INFO - Sync 1 DAGs
[2026-09-17T11:43:43.314+0000] {logging_mixin.py:188} INFO - [2026-09-17T11:43:43.313+0000] {dag.py:3954} INFO - Setting next_dagrun for extraction_DAG to 2026-09-17 11:00:00+00:00, run_after=2026-09-17 12:00:00+00:00
[2026-09-17T11:43:43.322+0000] {processor.py:183} INFO - Processing /opt/airflow/dags/extraction_DAG.py took 0.429 seconds
[2026-09-17T11:44:13.479+0000] {processor.py:161} INFO - Started process (PID=3513) to work on /opt/airflow/dags/extraction_DAG.py
[2026-09-17T11:44:13.480+0000] {processor.py:830} INFO - Processing file /opt/airflow/dags/extraction_DAG.py for tasks to queue
[2026-09-17T11:44:13.481+0000] {logging_mixin.py:188} INFO - [2026-09-17T11:44:13.481+0000] {dagbag.py:545} INFO - Filling up the DagBag from /opt/airflow/dags/extraction_DAG.py
[2026-09-17T11:44:13.762+0000] {processor.py:840} INFO - DAG(s) 'extraction_DAG' retrieved from /opt/airflow/dags/extraction_DAG.py
[2026-09-17T11:44:13.774+0000] {logging_mixin.py:188} INFO - [2026-09-17T11:44:13.774+0000] {dag.py:3096} INFO - Sync 1 DAGs
[2026-09-17T11:44:13.789+0000] {logging_mixin.py:188} INFO - [2026-09-17T11:44:13.789+0000] {dag.py:3954} INFO - Setting next_dagrun for extraction_DAG to 2026-09-17 11:00:00+00:00, run_after=2026-09-17 12:00:00+00:00
[2026-09-17T11:44:13.797+0000] {processor.py:183} INFO - Processing /opt/airflow/dags/extraction_DAG.py took 0.328 seconds
[2026-09-17T11:44:43.924+0000] {processor.py:161} INFO - Started process (PID=3523) to work on /opt/airflow/dags/extraction_DAG.py
[2026-09-17T11:44:44.245+0000] {processor.py:830} INFO - Processing file /opt/airflow/dags/extraction_DAG.py for tasks to queue
[2026-09-17T11:44:44.246+0000] {logging_mixin.py:188} INFO - [2026-09-17T11:44:44.246+0000] {dagbag.py:545} INFO - Filling up the DagBag from /opt/airflow/dags/extraction_DAG.py
[2026-09-17T11:44:44.539+0000] {processor.py:840} INFO - DAG(s) 'extraction_DAG' retrieved from /opt/airflow/dags/extraction_DAG.py
[2026-09-17T11:44:44.551+0000] {logging_mixin.py:188} INFO - [2026-09-17T11:44:44.550+0000] {dag.py:3096} INFO - Sync 1 DAGs
[2026-09-17T11:44:44.562+0000] {logging_mixin.py:188} INFO - [2026-09-17T11:44:44.562+0000] {dag.py:3954} INFO - Setting next_dagrun for extraction_DAG to 2026-09-17 11:00:00+00:00, run_after=2026-09-17 12:00:00+00:00
[2026-09-17T11:44:44.571+0000] {processor.py:183} INFO - Processing /opt/airflow/dags/extraction_DAG.py took 0.651 seconds
[2026-09-17T11:45:15.055+0000] {processor.py:161} INFO - Started process (PID=3533) to work on /opt/airflow/dags/extraction_DAG.py
[2026-09-17T11:45:15.056+0000] {processor.py:830} INFO - Processing file /opt/airflow/dags/extraction_DAG.py for tasks to queue
[2026-09-17T11:45:15.056+0000] {logging_mixin.py:188} INFO - [2026-09-17T11:45:15.056+0000] {dagbag.py:545} INFO - Filling up the DagBag from /opt/airflow/dags/extraction_DAG.py
[2026-09-17T11:45:15.327+0000] {processor.py:840} INFO - DAG(s) 'extraction_DAG' retrieved from /opt/airflow/dags/extraction_DAG.py
[2026-09-17T11:45:15.337+0000] {logging_mixin.py:188} INFO - [2026-09-17T11:45:15.337+0000] {dag.py:3096} INFO - Sync 1 DAGs
[2026-09-17T11:45:15.348+0000] {logging_mixin.py:188} INFO - [2026-09-17T11:45:15.348+0000] {dag.py:3954} INFO - Setting next_dagrun for extraction_DAG to 2026-09-17 11:00:00+00:00, run_after=2026-09-17 12:00:00+00:00
[2026-09-17T11:45:15.356+0000] {processor.py:183} INFO - Processing /opt/airflow/dags/extraction_DAG.py took 0.305 seconds
[2026-09-17T11:45:45.523+0000] {processor.py:161} INFO - Started process (PID=3543) to work on /opt/airflow/dags/extraction_DAG.py
[2026-09-17T11:45:45.612+0000] {processor.py:830} INFO - Processing file /opt/airflow/dags/extraction_DAG.py for tasks to queue
[2026-09-17T11:45:45.614+0000] {logging_mixin.py:188} INFO - [2026-09-17T11:45:45.613+0000] {dagbag.py:545} INFO - Filling up the DagBag from /opt/airflow/dags/extraction_DAG.py
[2026-09-17T11:45:45.907+0000] {processor.py:840} INFO - DAG(s) 'extraction_DAG' retrieved from /opt/airflow/dags/extraction_DAG.py
[2026-09-17T11:45:45.918+0000] {logging_mixin.py:188} INFO - [2026-09-17T11:45:45.917+0000] {dag.py:3096} INFO - Sync 1 DAGs
[2026-09-17T11:45:45.929+0000] {logging_mixin.py:188} INFO - [2026-09-17T11:45:45.929+0000] {dag.py:3954} INFO - Setting next_dagrun for extraction_DAG to 2026-09-17 11:00:00+00:00, run_after=2026-09-17 12:00:00+00:00
[2026-09-17T11:45:45.937+0000] {processor.py:183} INFO - Processing /opt/airflow/dags/extraction_DAG.py took 0.423 seconds
[2026-09-17T11:46:16.084+0000] {processor.py:161} INFO - Started process (PID=3553) to work on /opt/airflow/dags/extraction_DAG.py
[2026-09-17T11:46:16.085+0000] {processor.py:830} INFO - Processing file /opt/airflow/dags/extraction_DAG.py for tasks to queue
[2026-09-17T11:46:16.086+0000] {logging_mixin.py:188} INFO - [2026-09-17T11:46:16.085+0000] {dagbag.py:545} INFO - Filling up the DagBag from /opt/airflow/dags/extraction_DAG.py
[2026-09-17T11:46:16.360+0000] {processor.py:840} INFO - DAG(s) 'extraction_DAG' retrieved from /opt/airflow/dags/extraction_DAG.py
[2026-09-17T11:46:16.370+0000] {logging_mixin.py:188} INFO - [2026-09-17T11:46:16.370+0000] {dag.py:3096} INFO - Sync 1 DAGs
[2026-09-17T11:46:16.382+0000] {logging_mixin.py:188} INFO - [2026-09-17T11:46:16.382+0000] {dag.py:3954} INFO - Setting next_dagrun for extraction_DAG to 2026-09-17 11:00:00+00:00, run_after=2026-09-17 12:00:00+00:00
[2026-09-17T11:46:16.391+0000] {processor.py:183} INFO - Processing /opt/airflow/dags/extraction_DAG.py took 0.313 seconds
[2026-09-17T11:46:46.552+0000] {processor.py:161} INFO - Started process (PID=3563) to work on /opt/airflow/dags/extraction_DAG.py
[2026-09-17T11:46:46.648+0000] {processor.py:830} INFO - Processing file /opt/airflow/dags/extraction_DAG.py for tasks to queue
[2026-09-17T11:46:46.650+0000] {logging_mixin.py:188} INFO - [2026-09-17T11:46:46.649+0000] {dagbag.py:545} INFO - Filling up the DagBag from /opt/airflow/dags/extraction_DAG.py
[2026-09-17T11:46:46.933+0000] {processor.py:840} INFO - DAG(s) 'extraction_DAG' retrieved from /opt/airflow/dags/extraction_DAG.py
[2026-09-17T11:46:46.944+0000] {logging_mixin.py:188} INFO - [2026-09-17T11:46:46.944+0000] {dag.py:3096} INFO - Sync 1 DAGs
[2026-09-17T11:46:46.956+0000] {logging_mixin.py:188} INFO - [2026-09-17T11:46:46.956+0000] {dag.py:3954} INFO - Setting next_dagrun for extraction_DAG to 2026-09-17 11:00:00+00:00, run_after=2026-09-17 12:00:00+00:00
[2026-09-17T11:46:46.965+0000] {processor.py:183} INFO - Processing /opt/airflow/dags/extraction_DAG.py took 0.422 seconds
[2026-09-17T11:47:17.124+0000] {processor.py:161} INFO - Started process (PID=3573) to work on /opt/airflow/dags/extraction_DAG.py
[2026-09-17T11:47:17.125+0000] {processor.py:830} INFO - Processing file /opt/airflow/dags/extraction_DAG.py for tasks to queue
[2026-09-17T11:47:17.125+0000] {logging_mixin.py:188} INFO - [2026-09-17T11:47:17.125+0000] {dagbag.py:545} INFO - Filling up the DagBag from /opt/airflow/dags/extraction_DAG.py
[2026-09-17T11:47:17.399+0000] {processor.py:840} INFO - DAG(s) 'extraction_DAG' retrieved from /opt/airflow/dags/extraction_DAG.py
[2026-09-17T11:47:17.410+0000] {logging_mixin.py:188} INFO - [2026-09-17T11:47:17.410+0000] {dag.py:3096} INFO - Sync 1 DAGs
[2026-09-17T11:47:17.422+0000] {logging_mixin.py:188} INFO - [2026-09-17T11:47:17.422+0000] {dag.py:3954} INFO - Setting next_dagrun for extraction_DAG to 2026-09-17 11:00:00+00:00, run_after=2026-09-17 12:00:00+00:00
[2026-09-17T11:47:17.431+0000] {processor.py:183} INFO - Processing /opt/airflow/dags/extraction_DAG.py took 0.316 seconds
[2026-09-17T11:47:47.587+0000] {processor.py:161} INFO - Started process (PID=3583) to work on /opt/airflow/dags/extraction_DAG.py
[2026-09-17T11:47:47.674+0000] {processor.py:830} INFO - Processing file /opt/airflow/dags/extraction_DAG.py for tasks to queue
[2026-09-17T11:47:47.696+0000] {logging_mixin.py:188} INFO - [2026-09-17T11:47:47.695+0000] {dagbag.py:545} INFO - Filling up the DagBag from /opt/airflow/dags/extraction_DAG.py
[2026-09-17T11:47:47.992+0000] {processor.py:840} INFO - DAG(s) 'extraction_DAG' retrieved from /opt/airflow/dags/extraction_DAG.py
[2026-09-17T11:47:48.005+0000] {logging_mixin.py:188} INFO - [2026-09-17T11:47:48.005+0000] {dag.py:3096} INFO - Sync 1 DAGs
[2026-09-17T11:47:48.019+0000] {logging_mixin.py:188} INFO - [2026-09-17T11:47:48.019+0000] {dag.py:3954} INFO - Setting next_dagrun for extraction_DAG to 2026-09-17 11:00:00+00:00, run_after=2026-09-17 12:00:00+00:00
[2026-09-17T11:47:48.029+0000] {processor.py:183} INFO - Processing /opt/airflow/dags/extraction_DAG.py took 0.446 seconds
[2026-09-17T11:48:18.169+0000] {processor.py:161} INFO - Started process (PID=3593) to work on /opt/airflow/dags/extraction_DAG.py
[2026-09-17T11:48:18.170+0000] {processor.py:830} INFO - Processing file /opt/airflow/dags/extraction_DAG.py for tasks to queue
[2026-09-17T11:48:18.171+0000] {logging_mixin.py:188} INFO - [2026-09-17T11:48:18.170+0000] {dagbag.py:545} INFO - Filling up the DagBag from /opt/airflow/dags/extraction_DAG.py
[2026-09-17T11:48:18.447+0000] {processor.py:840} INFO - DAG(s) 'extraction_DAG' retrieved from /opt/airflow/dags/extraction_DAG.py
[2026-09-17T11:48:18.457+0000] {logging_mixin.py:188} INFO - [2026-09-17T11:48:18.457+0000] {dag.py:3096} INFO - Sync 1 DAGs
[2026-09-17T11:48:18.468+0000] {logging_mixin.py:188} INFO - [2026-09-17T11:48:18.468+0000] {dag.py:3954} INFO - Setting next_dagrun for extraction_DAG to 2026-09-17 11:00:00+00:00, run_after=2026-09-17 12:00:00+00:00
[2026-09-17T11:48:18.477+0000] {processor.py:183} INFO - Processing /opt/airflow/dags/extraction_DAG.py took 0.311 seconds
[2026-09-17T11:48:48.639+0000] {processor.py:161} INFO - Started process (PID=3603) to work on /opt/airflow/dags/extraction_DAG.py
[2026-09-17T11:48:48.732+0000] {processor.py:830} INFO - Processing file /opt/airflow/dags/extraction_DAG.py for tasks to queue
[2026-09-17T11:48:48.733+0000] {logging_mixin.py:188} INFO - [2026-09-17T11:48:48.732+0000] {dagbag.py:545} INFO - Filling up the DagBag from /opt/airflow/dags/extraction_DAG.py
[2026-09-17T11:48:49.017+0000] {processor.py:840} INFO - DAG(s) 'extraction_DAG' retrieved from /opt/airflow/dags/extraction_DAG.py
[2026-09-17T11:48:49.027+0000] {logging_mixin.py:188} INFO - [2026-09-17T11:48:49.027+0000] {dag.py:3096} INFO - Sync 1 DAGs
[2026-09-17T11:48:49.039+0000] {logging_mixin.py:188} INFO - [2026-09-17T11:48:49.039+0000] {dag.py:3954} INFO - Setting next_dagrun for extraction_DAG to 2026-09-17 11:00:00+00:00, run_after=2026-09-17 12:00:00+00:00
[2026-09-17T11:48:49.047+0000] {processor.py:183} INFO - Processing /opt/airflow/dags/extraction_DAG.py took 0.416 seconds
[2026-09-17T11:49:19.170+0000] {processor.py:161} INFO - Started process (PID=3613) to work on /opt/airflow/dags/extraction_DAG.py
[2026-09-17T11:49:19.170+0000] {processor.py:830} INFO - Processing file /opt/airflow/dags/extraction_DAG.py for tasks to queue
[2026-09-17T11:49:19.171+0000] {logging_mixin.py:188} INFO - [2026-09-17T11:49:19.170+0000] {dagbag.py:545} INFO - Filling up the DagBag from /opt/airflow/dags/extraction_DAG.py
[2026-09-17T11:49:19.440+0000] {processor.py:840} INFO - DAG(s) 'extraction_DAG' retrieved from /opt/airflow/dags/extraction_DAG.py
[2026-09-17T11:49:19.451+0000] {logging_mixin.py:188} INFO - [2026-09-17T11:49:19.451+0000] {dag.py:3096} INFO - Sync 1 DAGs
[2026-09-17T11:49:19.462+0000] {logging_mixin.py:188} INFO - [2026-09-17T11:49:19.462+0000] {dag.py:3954} INFO - Setting next_dagrun for extraction_DAG to 2026-09-17 11:00:00+00:00, run_after=2026-09-17 12:00:00+00:00
[2026-09-17T11:49:19.473+0000] {processor.py:183} INFO - Processing /opt/airflow/dags/extraction_DAG.py took 0.307 seconds
[2026-09-17T11:49:49.637+0000] {processor.py:161} INFO - Started process (PID=3623) to work on /opt/airflow/dags/extraction_DAG.py
[2026-09-17T11:49:49.725+0000] {processor.py:830} INFO - Processing file /opt/airflow/dags/extraction_DAG.py for tasks to queue
[2026-09-17T11:49:49.726+0000] {logging_mixin.py:188} INFO - [2026-09-17T11:49:49.726+0000] {dagbag.py:545} INFO - Filling up the DagBag from /opt/airflow/dags/extraction_DAG.py
[2026-09-17T11:49:50.009+0000] {processor.py:840} INFO - DAG(s) 'extraction_DAG' retrieved from /opt/airflow/dags/extraction_DAG.py
[2026-09-17T11:49:50.020+0000] {logging_mixin.py:188} INFO - [2026-09-17T11:49:50.020+0000] {dag.py:3096} INFO - Sync 1 DAGs
[2026-09-17T11:49:50.033+0000] {logging_mixin.py:188} INFO - [2026-09-17T11:49:50.033+0000] {dag.py:3954} INFO - Setting next_dagrun for extraction_DAG to 2026-09-17 11:00:00+00:00, run_after=2026-09-17 12:00:00+00:00
[2026-09-17T11:49:50.043+0000] {processor.py:183} INFO - Processing /opt/airflow/dags/extraction_DAG.py took 0.410 seconds
[2026-09-17T11:50:20.189+0000] {processor.py:161} INFO - Started process (PID=3633) to work on /opt/airflow/dags/extraction_DAG.py
[2026-09-17T11:50:20.190+0000] {processor.py:830} INFO - Processing file /opt/airflow/dags/extraction_DAG.py for tasks to queue
[2026-09-17T11:50:20.191+0000] {logging_mixin.py:188} INFO - [2026-09-17T11:50:20.191+0000] {dagbag.py:545} INFO - Filling up the DagBag from /opt/airflow/dags/extraction_DAG.py
[2026-09-17T11:50:20.465+0000] {processor.py:840} INFO - DAG(s) 'extraction_DAG' retrieved from /opt/airflow/dags/extraction_DAG.py
[2026-09-17T11:50:20.476+0000] {logging_mixin.py:188} INFO - [2026-09-17T11:50:20.476+0000] {dag.py:3096} INFO - Sync 1 DAGs
[2026-09-17T11:50:20.491+0000] {logging_mixin.py:188} INFO - [2026-09-17T11:50:20.491+0000] {dag.py:3954} INFO - Setting next_dagrun for extraction_DAG to 2026-09-17 11:00:00+00:00, run_after=2026-09-17 12:00:00+00:00
[2026-09-17T11:50:20.504+0000] {processor.py:183} INFO - Processing /opt/airflow/dags/extraction_DAG.py took 0.320 seconds
[2026-09-17T11:50:50.655+0000] {processor.py:161} INFO - Started process (PID=3643) to work on /opt/airflow/dags/extraction_DAG.py
[2026-09-17T11:50:50.748+0000] {processor.py:830} INFO - Processing file /opt/airflow/dags/extraction_DAG.py for tasks to queue
[2026-09-17T11:50:50.749+0000] {logging_mixin.py:188} INFO - [2026-09-17T11:50:50.749+0000] {dagbag.py:545} INFO - Filling up the DagBag from /opt/airflow/dags/extraction_DAG.py
[2026-09-17T11:50:51.038+0000] {processor.py:840} INFO - DAG(s) 'extraction_DAG' retrieved from /opt/airflow/dags/extraction_DAG.py
[2026-09-17T11:50:51.050+0000] {logging_mixin.py:188} INFO - [2026-09-17T11:50:51.050+0000] {dag.py:3096} INFO - Sync 1 DAGs
[2026-09-17T11:50:51.061+0000] {logging_mixin.py:188} INFO - [2026-09-17T11:50:51.061+0000] {dag.py:3954} INFO - Setting next_dagrun for extraction_DAG to 2026-09-17 11:00:00+00:00, run_after=2026-09-17 12:00:00+00:00
[2026-09-17T11:50:51.070+0000] {processor.py:183} INFO - Processing /opt/airflow/dags/extraction_DAG.py took 0.419 seconds
[2026-09-17T11:51:21.217+0000] {processor.py:161} INFO - Started process (PID=3653) to work on /opt/airflow/dags/extraction_DAG.py
[2026-09-17T11:51:21.217+0000] {processor.py:830} INFO - Processing file /opt/airflow/dags/extraction_DAG.py for tasks to queue
[2026-09-17T11:51:21.218+0000] {logging_mixin.py:188} INFO - [2026-09-17T11:51:21.218+0000] {dagbag.py:545} INFO - Filling up the DagBag from /opt/airflow/dags/extraction_DAG.py
[2026-09-17T11:51:21.487+0000] {processor.py:840} INFO - DAG(s) 'extraction_DAG' retrieved from /opt/airflow/dags/extraction_DAG.py
[2026-09-17T11:51:21.499+0000] {logging_mixin.py:188} INFO - [2026-09-17T11:51:21.499+0000] {dag.py:3096} INFO - Sync 1 DAGs
[2026-09-17T11:51:21.510+0000] {logging_mixin.py:188} INFO - [2026-09-17T11:51:21.510+0000] {dag.py:3954} INFO - Setting next_dagrun for extraction_DAG to 2026-09-17 11:00:00+00:00, run_after=2026-09-17 12:00:00+00:00
[2026-09-17T11:51:21.519+0000] {processor.py:183} INFO - Processing /opt/airflow/dags/extraction_DAG.py took 0.306 seconds
[2026-09-17T11:51:51.687+0000] {processor.py:161} INFO - Started process (PID=3663) to work on /opt/airflow/dags/extraction_DAG.py
[2026-09-17T11:51:51.728+0000] {processor.py:830} INFO - Processing file /opt/airflow/dags/extraction_DAG.py for tasks to queue
[2026-09-17T11:51:51.729+0000] {logging_mixin.py:188} INFO - [2026-09-17T11:51:51.729+0000] {dagbag.py:545} INFO - Filling up the DagBag from /opt/airflow/dags/extraction_DAG.py
[2026-09-17T11:51:52.023+0000] {processor.py:840} INFO - DAG(s) 'extraction_DAG' retrieved from /opt/airflow/dags/extraction_DAG.py
[2026-09-17T11:51:52.034+0000] {logging_mixin.py:188} INFO - [2026-09-17T11:51:52.033+0000] {dag.py:3096} INFO - Sync 1 DAGs
[2026-09-17T11:51:52.045+0000] {logging_mixin.py:188} INFO - [2026-09-17T11:51:52.045+0000] {dag.py:3954} INFO - Setting next_dagrun for extraction_DAG to 2026-09-17 11:00:00+00:00, run_after=2026-09-17 12:00:00+00:00
[2026-09-17T11:51:52.054+0000] {processor.py:183} INFO - Processing /opt/airflow/dags/extraction_DAG.py took 0.376 seconds
[2026-09-17T11:52:22.209+0000] {processor.py:161} INFO - Started process (PID=3673) to work on /opt/airflow/dags/extraction_DAG.py
[2026-09-17T11:52:22.210+0000] {processor.py:830} INFO - Processing file /opt/airflow/dags/extraction_DAG.py for tasks to queue
[2026-09-17T11:52:22.211+0000] {logging_mixin.py:188} INFO - [2026-09-17T11:52:22.211+0000] {dagbag.py:545} INFO - Filling up the DagBag from /opt/airflow/dags/extraction_DAG.py
[2026-09-17T11:52:22.485+0000] {processor.py:840} INFO - DAG(s) 'extraction_DAG' retrieved from /opt/airflow/dags/extraction_DAG.py
[2026-09-17T11:52:22.495+0000] {logging_mixin.py:188} INFO - [2026-09-17T11:52:22.495+0000] {dag.py:3096} INFO - Sync 1 DAGs
[2026-09-17T11:52:22.506+0000] {logging_mixin.py:188} INFO - [2026-09-17T11:52:22.505+0000] {dag.py:3954} INFO - Setting next_dagrun for extraction_DAG to 2026-09-17 11:00:00+00:00, run_after=2026-09-17 12:00:00+00:00
[2026-09-17T11:52:22.515+0000] {processor.py:183} INFO - Processing /opt/airflow/dags/extraction_DAG.py took 0.316 seconds
[2026-09-17T11:52:52.668+0000] {processor.py:161} INFO - Started process (PID=3683) to work on /opt/airflow/dags/extraction_DAG.py
[2026-09-17T11:52:52.682+0000] {processor.py:830} INFO - Processing file /opt/airflow/dags/extraction_DAG.py for tasks to queue
[2026-09-17T11:52:52.683+0000] {logging_mixin.py:188} INFO - [2026-09-17T11:52:52.683+0000] {dagbag.py:545} INFO - Filling up the DagBag from /opt/airflow/dags/extraction_DAG.py
[2026-09-17T11:52:52.965+0000] {processor.py:840} INFO - DAG(s) 'extraction_DAG' retrieved from /opt/airflow/dags/extraction_DAG.py
[2026-09-17T11:52:52.976+0000] {logging_mixin.py:188} INFO - [2026-09-17T11:52:52.976+0000] {dag.py:3096} INFO - Sync 1 DAGs
[2026-09-17T11:52:52.990+0000] {logging_mixin.py:188} INFO - [2026-09-17T11:52:52.990+0000] {dag.py:3954} INFO - Setting next_dagrun for extraction_DAG to 2026-09-17 11:00:00+00:00, run_after=2026-09-17 12:00:00+00:00
[2026-09-17T11:52:52.999+0000] {processor.py:183} INFO - Processing /opt/airflow/dags/extraction_DAG.py took 0.340 seconds
[2026-09-17T11:53:23.139+0000] {processor.py:161} INFO - Started process (PID=3693) to work on /opt/airflow/dags/extraction_DAG.py
[2026-09-17T11:53:23.140+0000] {processor.py:830} INFO - Processing file /opt/airflow/dags/extraction_DAG.py for tasks to queue
[2026-09-17T11:53:23.140+0000] {logging_mixin.py:188} INFO - [2026-09-17T11:53:23.140+0000] {dagbag.py:545} INFO - Filling up the DagBag from /opt/airflow/dags/extraction_DAG.py
[2026-09-17T11:53:23.413+0000] {processor.py:840} INFO - DAG(s) 'extraction_DAG' retrieved from /opt/airflow/dags/extraction_DAG.py
[2026-09-17T11:53:23.425+0000] {logging_mixin.py:188} INFO - [2026-09-17T11:53:23.424+0000] {dag.py:3096} INFO - Sync 1 DAGs
[2026-09-17T11:53:23.437+0000] {logging_mixin.py:188} INFO - [2026-09-17T11:53:23.436+0000] {dag.py:3954} INFO - Setting next_dagrun for extraction_DAG to 2026-09-17 11:00:00+00:00, run_after=2026-09-17 12:00:00+00:00
[2026-09-17T11:53:23.447+0000] {processor.py:183} INFO - Processing /opt/airflow/dags/extraction_DAG.py took 0.311 seconds
[2026-09-17T11:53:53.607+0000] {processor.py:161} INFO - Started process (PID=3703) to work on /opt/airflow/dags/extraction_DAG.py
[2026-09-17T11:53:53.698+0000] {processor.py:830} INFO - Processing file /opt/airflow/dags/extraction_DAG.py for tasks to queue
[2026-09-17T11:53:53.700+0000] {logging_mixin.py:188} INFO - [2026-09-17T11:53:53.699+0000] {dagbag.py:545} INFO - Filling up the DagBag from /opt/airflow/dags/extraction_DAG.py
[2026-09-17T11:53:53.989+0000] {processor.py:840} INFO - DAG(s) 'extraction_DAG' retrieved from /opt/airflow/dags/extraction_DAG.py
[2026-09-17T11:53:54.000+0000] {logging_mixin.py:188} INFO - [2026-09-17T11:53:54.000+0000] {dag.py:3096} INFO - Sync 1 DAGs
[2026-09-17T11:53:54.013+0000] {logging_mixin.py:188} INFO - [2026-09-17T11:53:54.012+0000] {dag.py:3954} INFO - Setting next_dagrun for extraction_DAG to 2026-09-17 11:00:00+00:00, run_after=2026-09-17 12:00:00+00:00
[2026-09-17T11:53:54.022+0000] {processor.py:183} INFO - Processing /opt/airflow/dags/extraction_DAG.py took 0.424 seconds
[2026-09-17T11:54:24.135+0000] {processor.py:161} INFO - Started process (PID=3712) to work on /opt/airflow/dags/extraction_DAG.py
[2026-09-17T11:54:24.136+0000] {processor.py:830} INFO - Processing file /opt/airflow/dags/extraction_DAG.py for tasks to queue
[2026-09-17T11:54:24.136+0000] {logging_mixin.py:188} INFO - [2026-09-17T11:54:24.136+0000] {dagbag.py:545} INFO - Filling up the DagBag from /opt/airflow/dags/extraction_DAG.py
[2026-09-17T11:54:24.421+0000] {processor.py:840} INFO - DAG(s) 'extraction_DAG' retrieved from /opt/airflow/dags/extraction_DAG.py
[2026-09-17T11:54:24.433+0000] {logging_mixin.py:188} INFO - [2026-09-17T11:54:24.433+0000] {dag.py:3096} INFO - Sync 1 DAGs
[2026-09-17T11:54:24.445+0000] {logging_mixin.py:188} INFO - [2026-09-17T11:54:24.445+0000] {dag.py:3954} INFO - Setting next_dagrun for extraction_DAG to 2026-09-17 11:00:00+00:00, run_after=2026-09-17 12:00:00+00:00
[2026-09-17T11:54:24.453+0000] {processor.py:183} INFO - Processing /opt/airflow/dags/extraction_DAG.py took 0.321 seconds
[2026-09-17T11:54:54.592+0000] {processor.py:161} INFO - Started process (PID=3722) to work on /opt/airflow/dags/extraction_DAG.py
[2026-09-17T11:54:54.692+0000] {processor.py:830} INFO - Processing file /opt/airflow/dags/extraction_DAG.py for tasks to queue
[2026-09-17T11:54:54.693+0000] {logging_mixin.py:188} INFO - [2026-09-17T11:54:54.693+0000] {dagbag.py:545} INFO - Filling up the DagBag from /opt/airflow/dags/extraction_DAG.py
[2026-09-17T11:54:54.988+0000] {processor.py:840} INFO - DAG(s) 'extraction_DAG' retrieved from /opt/airflow/dags/extraction_DAG.py
[2026-09-17T11:54:54.999+0000] {logging_mixin.py:188} INFO - [2026-09-17T11:54:54.999+0000] {dag.py:3096} INFO - Sync 1 DAGs
[2026-09-17T11:54:55.011+0000] {logging_mixin.py:188} INFO - [2026-09-17T11:54:55.011+0000] {dag.py:3954} INFO - Setting next_dagrun for extraction_DAG to 2026-09-17 11:00:00+00:00, run_after=2026-09-17 12:00:00+00:00
[2026-09-17T11:54:55.021+0000] {processor.py:183} INFO - Processing /opt/airflow/dags/extraction_DAG.py took 0.434 seconds
[2026-09-17T11:55:25.060+0000] {processor.py:161} INFO - Started process (PID=3732) to work on /opt/airflow/dags/extraction_DAG.py
[2026-09-17T11:55:25.061+0000] {processor.py:830} INFO - Processing file /opt/airflow/dags/extraction_DAG.py for tasks to queue
[2026-09-17T11:55:25.062+0000] {logging_mixin.py:188} INFO - [2026-09-17T11:55:25.061+0000] {dagbag.py:545} INFO - Filling up the DagBag from /opt/airflow/dags/extraction_DAG.py
[2026-09-17T11:55:25.344+0000] {processor.py:840} INFO - DAG(s) 'extraction_DAG' retrieved from /opt/airflow/dags/extraction_DAG.py
[2026-09-17T11:55:25.355+0000] {logging_mixin.py:188} INFO - [2026-09-17T11:55:25.355+0000] {dag.py:3096} INFO - Sync 1 DAGs
[2026-09-17T11:55:25.367+0000] {logging_mixin.py:188} INFO - [2026-09-17T11:55:25.366+0000] {dag.py:3954} INFO - Setting next_dagrun for extraction_DAG to 2026-09-17 11:00:00+00:00, run_after=2026-09-17 12:00:00+00:00
[2026-09-17T11:55:25.376+0000] {processor.py:183} INFO - Processing /opt/airflow/dags/extraction_DAG.py took 0.326 seconds
[2026-09-17T11:55:55.505+0000] {processor.py:161} INFO - Started process (PID=3742) to work on /opt/airflow/dags/extraction_DAG.py
[2026-09-17T11:55:55.598+0000] {processor.py:830} INFO - Processing file /opt/airflow/dags/extraction_DAG.py for tasks to queue
[2026-09-17T11:55:55.600+0000] {logging_mixin.py:188} INFO - [2026-09-17T11:55:55.599+0000] {dagbag.py:545} INFO - Filling up the DagBag from /opt/airflow/dags/extraction_DAG.py
[2026-09-17T11:55:55.893+0000] {processor.py:840} INFO - DAG(s) 'extraction_DAG' retrieved from /opt/airflow/dags/extraction_DAG.py
[2026-09-17T11:55:55.903+0000] {logging_mixin.py:188} INFO - [2026-09-17T11:55:55.903+0000] {dag.py:3096} INFO - Sync 1 DAGs
[2026-09-17T11:55:55.915+0000] {logging_mixin.py:188} INFO - [2026-09-17T11:55:55.915+0000] {dag.py:3954} INFO - Setting next_dagrun for extraction_DAG to 2026-09-17 11:00:00+00:00, run_after=2026-09-17 12:00:00+00:00
[2026-09-17T11:55:55.923+0000] {processor.py:183} INFO - Processing /opt/airflow/dags/extraction_DAG.py took 0.427 seconds
[2026-09-17T11:56:25.957+0000] {processor.py:161} INFO - Started process (PID=3752) to work on /opt/airflow/dags/extraction_DAG.py
[2026-09-17T11:56:25.958+0000] {processor.py:830} INFO - Processing file /opt/airflow/dags/extraction_DAG.py for tasks to queue
[2026-09-17T11:56:25.959+0000] {logging_mixin.py:188} INFO - [2026-09-17T11:56:25.958+0000] {dagbag.py:545} INFO - Filling up the DagBag from /opt/airflow/dags/extraction_DAG.py
[2026-09-17T11:56:26.233+0000] {processor.py:840} INFO - DAG(s) 'extraction_DAG' retrieved from /opt/airflow/dags/extraction_DAG.py
[2026-09-17T11:56:26.244+0000] {logging_mixin.py:188} INFO - [2026-09-17T11:56:26.244+0000] {dag.py:3096} INFO - Sync 1 DAGs
[2026-09-17T11:56:26.256+0000] {logging_mixin.py:188} INFO - [2026-09-17T11:56:26.255+0000] {dag.py:3954} INFO - Setting next_dagrun for extraction_DAG to 2026-09-17 11:00:00+00:00, run_after=2026-09-17 12:00:00+00:00
[2026-09-17T11:56:26.264+0000] {processor.py:183} INFO - Processing /opt/airflow/dags/extraction_DAG.py took 0.317 seconds
[2026-09-17T11:56:56.415+0000] {processor.py:161} INFO - Started process (PID=3762) to work on /opt/airflow/dags/extraction_DAG.py
[2026-09-17T11:56:56.488+0000] {processor.py:830} INFO - Processing file /opt/airflow/dags/extraction_DAG.py for tasks to queue
[2026-09-17T11:56:56.490+0000] {logging_mixin.py:188} INFO - [2026-09-17T11:56:56.489+0000] {dagbag.py:545} INFO - Filling up the DagBag from /opt/airflow/dags/extraction_DAG.py
[2026-09-17T11:56:56.781+0000] {processor.py:840} INFO - DAG(s) 'extraction_DAG' retrieved from /opt/airflow/dags/extraction_DAG.py
[2026-09-17T11:56:56.793+0000] {logging_mixin.py:188} INFO - [2026-09-17T11:56:56.793+0000] {dag.py:3096} INFO - Sync 1 DAGs
[2026-09-17T11:56:56.804+0000] {logging_mixin.py:188} INFO - [2026-09-17T11:56:56.804+0000] {dag.py:3954} INFO - Setting next_dagrun for extraction_DAG to 2026-09-17 11:00:00+00:00, run_after=2026-09-17 12:00:00+00:00
[2026-09-17T11:56:56.813+0000] {processor.py:183} INFO - Processing /opt/airflow/dags/extraction_DAG.py took 0.404 seconds
[2026-09-17T11:57:26.888+0000] {processor.py:161} INFO - Started process (PID=3772) to work on /opt/airflow/dags/extraction_DAG.py
[2026-09-17T11:57:26.889+0000] {processor.py:830} INFO - Processing file /opt/airflow/dags/extraction_DAG.py for tasks to queue
[2026-09-17T11:57:26.890+0000] {logging_mixin.py:188} INFO - [2026-09-17T11:57:26.890+0000] {dagbag.py:545} INFO - Filling up the DagBag from /opt/airflow/dags/extraction_DAG.py
[2026-09-17T11:57:27.163+0000] {processor.py:840} INFO - DAG(s) 'extraction_DAG' retrieved from /opt/airflow/dags/extraction_DAG.py
[2026-09-17T11:57:27.174+0000] {logging_mixin.py:188} INFO - [2026-09-17T11:57:27.174+0000] {dag.py:3096} INFO - Sync 1 DAGs
[2026-09-17T11:57:27.186+0000] {logging_mixin.py:188} INFO - [2026-09-17T11:57:27.186+0000] {dag.py:3954} INFO - Setting next_dagrun for extraction_DAG to 2026-09-17 11:00:00+00:00, run_after=2026-09-17 12:00:00+00:00
[2026-09-17T11:57:27.194+0000] {processor.py:183} INFO - Processing /opt/airflow/dags/extraction_DAG.py took 0.315 seconds
[2026-09-17T11:57:57.354+0000] {processor.py:161} INFO - Started process (PID=3782) to work on /opt/airflow/dags/extraction_DAG.py
[2026-09-17T11:57:57.437+0000] {processor.py:830} INFO - Processing file /opt/airflow/dags/extraction_DAG.py for tasks to queue
[2026-09-17T11:57:57.439+0000] {logging_mixin.py:188} INFO - [2026-09-17T11:57:57.438+0000] {dagbag.py:545} INFO - Filling up the DagBag from /opt/airflow/dags/extraction_DAG.py
[2026-09-17T11:57:57.727+0000] {processor.py:840} INFO - DAG(s) 'extraction_DAG' retrieved from /opt/airflow/dags/extraction_DAG.py
[2026-09-17T11:57:57.739+0000] {logging_mixin.py:188} INFO - [2026-09-17T11:57:57.738+0000] {dag.py:3096} INFO - Sync 1 DAGs
[2026-09-17T11:57:57.750+0000] {logging_mixin.py:188} INFO - [2026-09-17T11:57:57.750+0000] {dag.py:3954} INFO - Setting next_dagrun for extraction_DAG to 2026-09-17 11:00:00+00:00, run_after=2026-09-17 12:00:00+00:00
[2026-09-17T11:57:57.759+0000] {processor.py:183} INFO - Processing /opt/airflow/dags/extraction_DAG.py took 0.409 seconds
[2026-09-17T11:58:27.904+0000] {processor.py:161} INFO - Started process (PID=3792) to work on /opt/airflow/dags/extraction_DAG.py
[2026-09-17T11:58:27.905+0000] {processor.py:830} INFO - Processing file /opt/airflow/dags/extraction_DAG.py for tasks to queue
[2026-09-17T11:58:27.906+0000] {logging_mixin.py:188} INFO - [2026-09-17T11:58:27.905+0000] {dagbag.py:545} INFO - Filling up the DagBag from /opt/airflow/dags/extraction_DAG.py
[2026-09-17T11:58:28.213+0000] {processor.py:840} INFO - DAG(s) 'extraction_DAG' retrieved from /opt/airflow/dags/extraction_DAG.py
[2026-09-17T11:58:28.223+0000] {logging_mixin.py:188} INFO - [2026-09-17T11:58:28.223+0000] {dag.py:3096} INFO - Sync 1 DAGs
[2026-09-17T11:58:28.235+0000] {logging_mixin.py:188} INFO - [2026-09-17T11:58:28.235+0000] {dag.py:3954} INFO - Setting next_dagrun for extraction_DAG to 2026-09-17 11:00:00+00:00, run_after=2026-09-17 12:00:00+00:00
[2026-09-17T11:58:28.243+0000] {processor.py:183} INFO - Processing /opt/airflow/dags/extraction_DAG.py took 0.349 seconds
[2026-09-17T11:58:58.392+0000] {processor.py:161} INFO - Started process (PID=3802) to work on /opt/airflow/dags/extraction_DAG.py
[2026-09-17T11:58:58.508+0000] {processor.py:830} INFO - Processing file /opt/airflow/dags/extraction_DAG.py for tasks to queue
[2026-09-17T11:58:58.509+0000] {logging_mixin.py:188} INFO - [2026-09-17T11:58:58.509+0000] {dagbag.py:545} INFO - Filling up the DagBag from /opt/airflow/dags/extraction_DAG.py
[2026-09-17T11:58:58.797+0000] {processor.py:840} INFO - DAG(s) 'extraction_DAG' retrieved from /opt/airflow/dags/extraction_DAG.py
[2026-09-17T11:58:58.808+0000] {logging_mixin.py:188} INFO - [2026-09-17T11:58:58.808+0000] {dag.py:3096} INFO - Sync 1 DAGs
[2026-09-17T11:58:58.821+0000] {logging_mixin.py:188} INFO - [2026-09-17T11:58:58.820+0000] {dag.py:3954} INFO - Setting next_dagrun for extraction_DAG to 2026-09-17 11:00:00+00:00, run_after=2026-09-17 12:00:00+00:00
[2026-09-17T11:58:58.830+0000] {processor.py:183} INFO - Processing /opt/airflow/dags/extraction_DAG.py took 0.447 seconds
[2026-09-17T11:59:29.544+0000] {processor.py:161} INFO - Started process (PID=3812) to work on /opt/airflow/dags/extraction_DAG.py
[2026-09-17T11:59:29.544+0000] {processor.py:830} INFO - Processing file /opt/airflow/dags/extraction_DAG.py for tasks to queue
[2026-09-17T11:59:29.545+0000] {logging_mixin.py:188} INFO - [2026-09-17T11:59:29.544+0000] {dagbag.py:545} INFO - Filling up the DagBag from /opt/airflow/dags/extraction_DAG.py
[2026-09-17T11:59:29.815+0000] {processor.py:840} INFO - DAG(s) 'extraction_DAG' retrieved from /opt/airflow/dags/extraction_DAG.py
[2026-09-17T11:59:29.827+0000] {logging_mixin.py:188} INFO - [2026-09-17T11:59:29.826+0000] {dag.py:3096} INFO - Sync 1 DAGs
[2026-09-17T11:59:29.838+0000] {logging_mixin.py:188} INFO - [2026-09-17T11:59:29.838+0000] {dag.py:3954} INFO - Setting next_dagrun for extraction_DAG to 2026-09-17 11:00:00+00:00, run_after=2026-09-17 12:00:00+00:00
[2026-09-17T11:59:29.847+0000] {processor.py:183} INFO - Processing /opt/airflow/dags/extraction_DAG.py took 0.310 seconds
[2026-09-17T12:00:00.007+0000] {processor.py:161} INFO - Started process (PID=3822) to work on /opt/airflow/dags/extraction_DAG.py
[2026-09-17T12:00:00.137+0000] {processor.py:830} INFO - Processing file /opt/airflow/dags/extraction_DAG.py for tasks to queue
[2026-09-17T12:00:00.137+0000] {logging_mixin.py:188} INFO - [2026-09-17T12:00:00.137+0000] {dagbag.py:545} INFO - Filling up the DagBag from /opt/airflow/dags/extraction_DAG.py
[2026-09-17T12:00:00.408+0000] {processor.py:840} INFO - DAG(s) 'extraction_DAG' retrieved from /opt/airflow/dags/extraction_DAG.py
[2026-09-17T12:00:00.419+0000] {logging_mixin.py:188} INFO - [2026-09-17T12:00:00.419+0000] {dag.py:3096} INFO - Sync 1 DAGs
[2026-09-17T12:00:00.430+0000] {logging_mixin.py:188} INFO - [2026-09-17T12:00:00.430+0000] {dag.py:3954} INFO - Setting next_dagrun for extraction_DAG to 2026-09-17 11:00:00+00:00, run_after=2026-09-17 12:00:00+00:00
[2026-09-17T12:00:00.438+0000] {processor.py:183} INFO - Processing /opt/airflow/dags/extraction_DAG.py took 0.440 seconds
[2026-09-17T12:00:30.588+0000] {processor.py:161} INFO - Started process (PID=3832) to work on /opt/airflow/dags/extraction_DAG.py
[2026-09-17T12:00:30.589+0000] {processor.py:830} INFO - Processing file /opt/airflow/dags/extraction_DAG.py for tasks to queue
[2026-09-17T12:00:30.589+0000] {logging_mixin.py:188} INFO - [2026-09-17T12:00:30.589+0000] {dagbag.py:545} INFO - Filling up the DagBag from /opt/airflow/dags/extraction_DAG.py
[2026-09-17T12:00:30.870+0000] {processor.py:840} INFO - DAG(s) 'extraction_DAG' retrieved from /opt/airflow/dags/extraction_DAG.py
[2026-09-17T12:00:30.880+0000] {logging_mixin.py:188} INFO - [2026-09-17T12:00:30.880+0000] {dag.py:3096} INFO - Sync 1 DAGs
[2026-09-17T12:00:30.891+0000] {logging_mixin.py:188} INFO - [2026-09-17T12:00:30.891+0000] {dag.py:3954} INFO - Setting next_dagrun for extraction_DAG to 2026-09-17 11:00:00+00:00, run_after=2026-09-17 12:00:00+00:00
[2026-09-17T12:00:30.899+0000] {processor.py:183} INFO - Processing /opt/airflow/dags/extraction_DAG.py took 0.318 seconds
[2026-09-17T12:01:01.045+0000] {processor.py:161} INFO - Started process (PID=3841) to work on /opt/airflow/dags/extraction_DAG.py
[2026-09-17T12:01:01.157+0000] {processor.py:830} INFO - Processing file /opt/airflow/dags/extraction_DAG.py for tasks to queue
[2026-09-17T12:01:01.159+0000] {logging_mixin.py:188} INFO - [2026-09-17T12:01:01.158+0000] {dagbag.py:545} INFO - Filling up the DagBag from /opt/airflow/dags/extraction_DAG.py
[2026-09-17T12:01:01.441+0000] {processor.py:840} INFO - DAG(s) 'extraction_DAG' retrieved from /opt/airflow/dags/extraction_DAG.py
[2026-09-17T12:01:01.452+0000] {logging_mixin.py:188} INFO - [2026-09-17T12:01:01.452+0000] {dag.py:3096} INFO - Sync 1 DAGs
[2026-09-17T12:01:01.468+0000] {logging_mixin.py:188} INFO - [2026-09-17T12:01:01.468+0000] {dag.py:3954} INFO - Setting next_dagrun for extraction_DAG to 2026-09-17 11:00:00+00:00, run_after=2026-09-17 12:00:00+00:00
[2026-09-17T12:01:01.478+0000] {processor.py:183} INFO - Processing /opt/airflow/dags/extraction_DAG.py took 0.437 seconds
[2026-09-17T12:01:31.636+0000] {processor.py:161} INFO - Started process (PID=3850) to work on /opt/airflow/dags/extraction_DAG.py
[2026-09-17T12:01:31.636+0000] {processor.py:830} INFO - Processing file /opt/airflow/dags/extraction_DAG.py for tasks to queue
[2026-09-17T12:01:31.637+0000] {logging_mixin.py:188} INFO - [2026-09-17T12:01:31.637+0000] {dagbag.py:545} INFO - Filling up the DagBag from /opt/airflow/dags/extraction_DAG.py
[2026-09-17T12:01:31.911+0000] {processor.py:840} INFO - DAG(s) 'extraction_DAG' retrieved from /opt/airflow/dags/extraction_DAG.py
[2026-09-17T12:01:31.922+0000] {logging_mixin.py:188} INFO - [2026-09-17T12:01:31.922+0000] {dag.py:3096} INFO - Sync 1 DAGs
[2026-09-17T12:01:31.934+0000] {logging_mixin.py:188} INFO - [2026-09-17T12:01:31.934+0000] {dag.py:3954} INFO - Setting next_dagrun for extraction_DAG to 2026-09-17 11:00:00+00:00, run_after=2026-09-17 12:00:00+00:00
[2026-09-17T12:01:31.943+0000] {processor.py:183} INFO - Processing /opt/airflow/dags/extraction_DAG.py took 0.312 seconds
[2026-09-17T12:02:02.102+0000] {processor.py:161} INFO - Started process (PID=3860) to work on /opt/airflow/dags/extraction_DAG.py
[2026-09-17T12:02:02.114+0000] {processor.py:830} INFO - Processing file /opt/airflow/dags/extraction_DAG.py for tasks to queue
[2026-09-17T12:02:02.116+0000] {logging_mixin.py:188} INFO - [2026-09-17T12:02:02.115+0000] {dagbag.py:545} INFO - Filling up the DagBag from /opt/airflow/dags/extraction_DAG.py
[2026-09-17T12:02:02.402+0000] {processor.py:840} INFO - DAG(s) 'extraction_DAG' retrieved from /opt/airflow/dags/extraction_DAG.py
[2026-09-17T12:02:02.413+0000] {logging_mixin.py:188} INFO - [2026-09-17T12:02:02.413+0000] {dag.py:3096} INFO - Sync 1 DAGs
[2026-09-17T12:02:02.426+0000] {logging_mixin.py:188} INFO - [2026-09-17T12:02:02.426+0000] {dag.py:3954} INFO - Setting next_dagrun for extraction_DAG to 2026-09-17 11:00:00+00:00, run_after=2026-09-17 12:00:00+00:00
[2026-09-17T12:02:02.436+0000] {processor.py:183} INFO - Processing /opt/airflow/dags/extraction_DAG.py took 0.344 seconds
[2026-09-17T12:02:32.587+0000] {processor.py:161} INFO - Started process (PID=3870) to work on /opt/airflow/dags/extraction_DAG.py
[2026-09-17T12:02:32.587+0000] {processor.py:830} INFO - Processing file /opt/airflow/dags/extraction_DAG.py for tasks to queue
[2026-09-17T12:02:32.588+0000] {logging_mixin.py:188} INFO - [2026-09-17T12:02:32.588+0000] {dagbag.py:545} INFO - Filling up the DagBag from /opt/airflow/dags/extraction_DAG.py
[2026-09-17T12:02:32.867+0000] {processor.py:840} INFO - DAG(s) 'extraction_DAG' retrieved from /opt/airflow/dags/extraction_DAG.py
[2026-09-17T12:02:32.879+0000] {logging_mixin.py:188} INFO - [2026-09-17T12:02:32.879+0000] {dag.py:3096} INFO - Sync 1 DAGs
[2026-09-17T12:02:32.890+0000] {logging_mixin.py:188} INFO - [2026-09-17T12:02:32.890+0000] {dag.py:3954} INFO - Setting next_dagrun for extraction_DAG to 2026-09-17 11:00:00+00:00, run_after=2026-09-17 12:00:00+00:00
[2026-09-17T12:02:32.900+0000] {processor.py:183} INFO - Processing /opt/airflow/dags/extraction_DAG.py took 0.318 seconds
[2026-09-17T12:03:03.056+0000] {processor.py:161} INFO - Started process (PID=3880) to work on /opt/airflow/dags/extraction_DAG.py
[2026-09-17T12:03:03.141+0000] {processor.py:830} INFO - Processing file /opt/airflow/dags/extraction_DAG.py for tasks to queue
[2026-09-17T12:03:03.141+0000] {logging_mixin.py:188} INFO - [2026-09-17T12:03:03.141+0000] {dagbag.py:545} INFO - Filling up the DagBag from /opt/airflow/dags/extraction_DAG.py
[2026-09-17T12:03:03.414+0000] {processor.py:840} INFO - DAG(s) 'extraction_DAG' retrieved from /opt/airflow/dags/extraction_DAG.py
[2026-09-17T12:03:03.424+0000] {logging_mixin.py:188} INFO - [2026-09-17T12:03:03.424+0000] {dag.py:3096} INFO - Sync 1 DAGs
[2026-09-17T12:03:03.435+0000] {logging_mixin.py:188} INFO - [2026-09-17T12:03:03.435+0000] {dag.py:3954} INFO - Setting next_dagrun for extraction_DAG to 2026-09-17 11:00:00+00:00, run_after=2026-09-17 12:00:00+00:00
[2026-09-17T12:03:03.444+0000] {processor.py:183} INFO - Processing /opt/airflow/dags/extraction_DAG.py took 0.392 seconds
[2026-09-17T12:03:33.607+0000] {processor.py:161} INFO - Started process (PID=3889) to work on /opt/airflow/dags/extraction_DAG.py
[2026-09-17T12:03:33.608+0000] {processor.py:830} INFO - Processing file /opt/airflow/dags/extraction_DAG.py for tasks to queue
[2026-09-17T12:03:33.608+0000] {logging_mixin.py:188} INFO - [2026-09-17T12:03:33.608+0000] {dagbag.py:545} INFO - Filling up the DagBag from /opt/airflow/dags/extraction_DAG.py
[2026-09-17T12:03:33.886+0000] {processor.py:840} INFO - DAG(s) 'extraction_DAG' retrieved from /opt/airflow/dags/extraction_DAG.py
[2026-09-17T12:03:33.897+0000] {logging_mixin.py:188} INFO - [2026-09-17T12:03:33.896+0000] {dag.py:3096} INFO - Sync 1 DAGs
[2026-09-17T12:03:33.908+0000] {logging_mixin.py:188} INFO - [2026-09-17T12:03:33.907+0000] {dag.py:3954} INFO - Setting next_dagrun for extraction_DAG to 2026-09-17 11:00:00+00:00, run_after=2026-09-17 12:00:00+00:00
[2026-09-17T12:03:33.917+0000] {processor.py:183} INFO - Processing /opt/airflow/dags/extraction_DAG.py took 0.313 seconds
[2026-09-17T12:04:04.066+0000] {processor.py:161} INFO - Started process (PID=3899) to work on /opt/airflow/dags/extraction_DAG.py
[2026-09-17T12:04:04.150+0000] {processor.py:830} INFO - Processing file /opt/airflow/dags/extraction_DAG.py for tasks to queue
[2026-09-17T12:04:04.152+0000] {logging_mixin.py:188} INFO - [2026-09-17T12:04:04.151+0000] {dagbag.py:545} INFO - Filling up the DagBag from /opt/airflow/dags/extraction_DAG.py
[2026-09-17T12:04:04.434+0000] {processor.py:840} INFO - DAG(s) 'extraction_DAG' retrieved from /opt/airflow/dags/extraction_DAG.py
[2026-09-17T12:04:04.445+0000] {logging_mixin.py:188} INFO - [2026-09-17T12:04:04.445+0000] {dag.py:3096} INFO - Sync 1 DAGs
[2026-09-17T12:04:04.457+0000] {logging_mixin.py:188} INFO - [2026-09-17T12:04:04.457+0000] {dag.py:3954} INFO - Setting next_dagrun for extraction_DAG to 2026-09-17 11:00:00+00:00, run_after=2026-09-17 12:00:00+00:00
[2026-09-17T12:04:04.466+0000] {processor.py:183} INFO - Processing /opt/airflow/dags/extraction_DAG.py took 0.404 seconds
[2026-09-17T12:04:34.628+0000] {processor.py:161} INFO - Started process (PID=3909) to work on /opt/airflow/dags/extraction_DAG.py
[2026-09-17T12:04:34.628+0000] {processor.py:830} INFO - Processing file /opt/airflow/dags/extraction_DAG.py for tasks to queue
[2026-09-17T12:04:34.629+0000] {logging_mixin.py:188} INFO - [2026-09-17T12:04:34.629+0000] {dagbag.py:545} INFO - Filling up the DagBag from /opt/airflow/dags/extraction_DAG.py
[2026-09-17T12:04:34.903+0000] {processor.py:840} INFO - DAG(s) 'extraction_DAG' retrieved from /opt/airflow/dags/extraction_DAG.py
[2026-09-17T12:04:34.914+0000] {logging_mixin.py:188} INFO - [2026-09-17T12:04:34.913+0000] {dag.py:3096} INFO - Sync 1 DAGs
[2026-09-17T12:04:34.926+0000] {logging_mixin.py:188} INFO - [2026-09-17T12:04:34.926+0000] {dag.py:3954} INFO - Setting next_dagrun for extraction_DAG to 2026-09-17 11:00:00+00:00, run_after=2026-09-17 12:00:00+00:00
[2026-09-17T12:04:34.935+0000] {processor.py:183} INFO - Processing /opt/airflow/dags/extraction_DAG.py took 0.312 seconds
[2026-09-17T12:05:05.084+0000] {processor.py:161} INFO - Started process (PID=3919) to work on /opt/airflow/dags/extraction_DAG.py
[2026-09-17T12:05:05.108+0000] {processor.py:830} INFO - Processing file /opt/airflow/dags/extraction_DAG.py for tasks to queue
[2026-09-17T12:05:05.110+0000] {logging_mixin.py:188} INFO - [2026-09-17T12:05:05.109+0000] {dagbag.py:545} INFO - Filling up the DagBag from /opt/airflow/dags/extraction_DAG.py
[2026-09-17T12:05:05.397+0000] {processor.py:840} INFO - DAG(s) 'extraction_DAG' retrieved from /opt/airflow/dags/extraction_DAG.py
[2026-09-17T12:05:05.409+0000] {logging_mixin.py:188} INFO - [2026-09-17T12:05:05.409+0000] {dag.py:3096} INFO - Sync 1 DAGs
[2026-09-17T12:05:05.421+0000] {logging_mixin.py:188} INFO - [2026-09-17T12:05:05.421+0000] {dag.py:3954} INFO - Setting next_dagrun for extraction_DAG to 2026-09-17 11:00:00+00:00, run_after=2026-09-17 12:00:00+00:00
[2026-09-17T12:05:05.431+0000] {processor.py:183} INFO - Processing /opt/airflow/dags/extraction_DAG.py took 0.353 seconds
[2026-09-17T12:05:35.588+0000] {processor.py:161} INFO - Started process (PID=3929) to work on /opt/airflow/dags/extraction_DAG.py
[2026-09-17T12:05:35.589+0000] {processor.py:830} INFO - Processing file /opt/airflow/dags/extraction_DAG.py for tasks to queue
[2026-09-17T12:05:35.590+0000] {logging_mixin.py:188} INFO - [2026-09-17T12:05:35.590+0000] {dagbag.py:545} INFO - Filling up the DagBag from /opt/airflow/dags/extraction_DAG.py
[2026-09-17T12:05:35.870+0000] {processor.py:840} INFO - DAG(s) 'extraction_DAG' retrieved from /opt/airflow/dags/extraction_DAG.py
[2026-09-17T12:05:35.882+0000] {logging_mixin.py:188} INFO - [2026-09-17T12:05:35.882+0000] {dag.py:3096} INFO - Sync 1 DAGs
[2026-09-17T12:05:35.894+0000] {logging_mixin.py:188} INFO - [2026-09-17T12:05:35.894+0000] {dag.py:3954} INFO - Setting next_dagrun for extraction_DAG to 2026-09-17 11:00:00+00:00, run_after=2026-09-17 12:00:00+00:00
[2026-09-17T12:05:35.903+0000] {processor.py:183} INFO - Processing /opt/airflow/dags/extraction_DAG.py took 0.323 seconds
[2026-09-17T12:06:06.055+0000] {processor.py:161} INFO - Started process (PID=3939) to work on /opt/airflow/dags/extraction_DAG.py
[2026-09-17T12:06:06.143+0000] {processor.py:830} INFO - Processing file /opt/airflow/dags/extraction_DAG.py for tasks to queue
[2026-09-17T12:06:06.145+0000] {logging_mixin.py:188} INFO - [2026-09-17T12:06:06.144+0000] {dagbag.py:545} INFO - Filling up the DagBag from /opt/airflow/dags/extraction_DAG.py
[2026-09-17T12:06:06.428+0000] {processor.py:840} INFO - DAG(s) 'extraction_DAG' retrieved from /opt/airflow/dags/extraction_DAG.py
[2026-09-17T12:06:06.439+0000] {logging_mixin.py:188} INFO - [2026-09-17T12:06:06.439+0000] {dag.py:3096} INFO - Sync 1 DAGs
[2026-09-17T12:06:06.451+0000] {logging_mixin.py:188} INFO - [2026-09-17T12:06:06.451+0000] {dag.py:3954} INFO - Setting next_dagrun for extraction_DAG to 2026-09-17 11:00:00+00:00, run_after=2026-09-17 12:00:00+00:00
[2026-09-17T12:06:06.460+0000] {processor.py:183} INFO - Processing /opt/airflow/dags/extraction_DAG.py took 0.411 seconds
[2026-09-17T12:06:36.629+0000] {processor.py:161} INFO - Started process (PID=3955) to work on /opt/airflow/dags/extraction_DAG.py
[2026-09-17T12:06:36.630+0000] {processor.py:830} INFO - Processing file /opt/airflow/dags/extraction_DAG.py for tasks to queue
[2026-09-17T12:06:36.631+0000] {logging_mixin.py:188} INFO - [2026-09-17T12:06:36.630+0000] {dagbag.py:545} INFO - Filling up the DagBag from /opt/airflow/dags/extraction_DAG.py
[2026-09-17T12:06:36.904+0000] {processor.py:840} INFO - DAG(s) 'extraction_DAG' retrieved from /opt/airflow/dags/extraction_DAG.py
[2026-09-17T12:06:36.914+0000] {logging_mixin.py:188} INFO - [2026-09-17T12:06:36.914+0000] {dag.py:3096} INFO - Sync 1 DAGs
[2026-09-17T12:06:36.926+0000] {logging_mixin.py:188} INFO - [2026-09-17T12:06:36.926+0000] {dag.py:3954} INFO - Setting next_dagrun for extraction_DAG to 2026-09-17 11:00:00+00:00, run_after=2026-09-17 12:00:00+00:00
[2026-09-17T12:06:36.935+0000] {processor.py:183} INFO - Processing /opt/airflow/dags/extraction_DAG.py took 0.313 seconds
[2026-09-17T12:07:07.097+0000] {processor.py:161} INFO - Started process (PID=3965) to work on /opt/airflow/dags/extraction_DAG.py
[2026-09-17T12:07:07.210+0000] {processor.py:830} INFO - Processing file /opt/airflow/dags/extraction_DAG.py for tasks to queue
[2026-09-17T12:07:07.211+0000] {logging_mixin.py:188} INFO - [2026-09-17T12:07:07.211+0000] {dagbag.py:545} INFO - Filling up the DagBag from /opt/airflow/dags/extraction_DAG.py
[2026-09-17T12:07:07.496+0000] {processor.py:840} INFO - DAG(s) 'extraction_DAG' retrieved from /opt/airflow/dags/extraction_DAG.py
[2026-09-17T12:07:07.507+0000] {logging_mixin.py:188} INFO - [2026-09-17T12:07:07.507+0000] {dag.py:3096} INFO - Sync 1 DAGs
[2026-09-17T12:07:07.519+0000] {logging_mixin.py:188} INFO - [2026-09-17T12:07:07.518+0000] {dag.py:3954} INFO - Setting next_dagrun for extraction_DAG to 2026-09-17 11:00:00+00:00, run_after=2026-09-17 12:00:00+00:00
[2026-09-17T12:07:07.528+0000] {processor.py:183} INFO - Processing /opt/airflow/dags/extraction_DAG.py took 0.441 seconds
[2026-09-17T12:07:37.656+0000] {processor.py:161} INFO - Started process (PID=3975) to work on /opt/airflow/dags/extraction_DAG.py
[2026-09-17T12:07:37.657+0000] {processor.py:830} INFO - Processing file /opt/airflow/dags/extraction_DAG.py for tasks to queue
[2026-09-17T12:07:37.657+0000] {logging_mixin.py:188} INFO - [2026-09-17T12:07:37.657+0000] {dagbag.py:545} INFO - Filling up the DagBag from /opt/airflow/dags/extraction_DAG.py
[2026-09-17T12:07:37.933+0000] {processor.py:840} INFO - DAG(s) 'extraction_DAG' retrieved from /opt/airflow/dags/extraction_DAG.py
[2026-09-17T12:07:37.944+0000] {logging_mixin.py:188} INFO - [2026-09-17T12:07:37.943+0000] {dag.py:3096} INFO - Sync 1 DAGs
[2026-09-17T12:07:37.956+0000] {logging_mixin.py:188} INFO - [2026-09-17T12:07:37.956+0000] {dag.py:3954} INFO - Setting next_dagrun for extraction_DAG to 2026-09-17 11:00:00+00:00, run_after=2026-09-17 12:00:00+00:00
[2026-09-17T12:07:37.965+0000] {processor.py:183} INFO - Processing /opt/airflow/dags/extraction_DAG.py took 0.313 seconds
[2026-09-17T12:08:08.113+0000] {processor.py:161} INFO - Started process (PID=3985) to work on /opt/airflow/dags/extraction_DAG.py
[2026-09-17T12:08:08.226+0000] {processor.py:830} INFO - Processing file /opt/airflow/dags/extraction_DAG.py for tasks to queue
[2026-09-17T12:08:08.227+0000] {logging_mixin.py:188} INFO - [2026-09-17T12:08:08.227+0000] {dagbag.py:545} INFO - Filling up the DagBag from /opt/airflow/dags/extraction_DAG.py
[2026-09-17T12:08:08.509+0000] {processor.py:840} INFO - DAG(s) 'extraction_DAG' retrieved from /opt/airflow/dags/extraction_DAG.py
[2026-09-17T12:08:08.519+0000] {logging_mixin.py:188} INFO - [2026-09-17T12:08:08.519+0000] {dag.py:3096} INFO - Sync 1 DAGs
[2026-09-17T12:08:08.531+0000] {logging_mixin.py:188} INFO - [2026-09-17T12:08:08.531+0000] {dag.py:3954} INFO - Setting next_dagrun for extraction_DAG to 2026-09-17 11:00:00+00:00, run_after=2026-09-17 12:00:00+00:00
[2026-09-17T12:08:08.541+0000] {processor.py:183} INFO - Processing /opt/airflow/dags/extraction_DAG.py took 0.433 seconds
[2026-09-17T12:08:38.646+0000] {processor.py:161} INFO - Started process (PID=3995) to work on /opt/airflow/dags/extraction_DAG.py
[2026-09-17T12:08:38.646+0000] {processor.py:830} INFO - Processing file /opt/airflow/dags/extraction_DAG.py for tasks to queue
[2026-09-17T12:08:38.647+0000] {logging_mixin.py:188} INFO - [2026-09-17T12:08:38.647+0000] {dagbag.py:545} INFO - Filling up the DagBag from /opt/airflow/dags/extraction_DAG.py
[2026-09-17T12:08:38.939+0000] {processor.py:840} INFO - DAG(s) 'extraction_DAG' retrieved from /opt/airflow/dags/extraction_DAG.py
[2026-09-17T12:08:38.951+0000] {logging_mixin.py:188} INFO - [2026-09-17T12:08:38.951+0000] {dag.py:3096} INFO - Sync 1 DAGs
[2026-09-17T12:08:38.964+0000] {logging_mixin.py:188} INFO - [2026-09-17T12:08:38.963+0000] {dag.py:3954} INFO - Setting next_dagrun for extraction_DAG to 2026-09-17 11:00:00+00:00, run_after=2026-09-17 12:00:00+00:00
[2026-09-17T12:08:38.972+0000] {processor.py:183} INFO - Processing /opt/airflow/dags/extraction_DAG.py took 0.329 seconds
[2026-09-17T12:09:09.109+0000] {processor.py:161} INFO - Started process (PID=4005) to work on /opt/airflow/dags/extraction_DAG.py
[2026-09-17T12:09:09.199+0000] {processor.py:830} INFO - Processing file /opt/airflow/dags/extraction_DAG.py for tasks to queue
[2026-09-17T12:09:09.201+0000] {logging_mixin.py:188} INFO - [2026-09-17T12:09:09.200+0000] {dagbag.py:545} INFO - Filling up the DagBag from /opt/airflow/dags/extraction_DAG.py
[2026-09-17T12:09:09.493+0000] {processor.py:840} INFO - DAG(s) 'extraction_DAG' retrieved from /opt/airflow/dags/extraction_DAG.py
[2026-09-17T12:09:09.505+0000] {logging_mixin.py:188} INFO - [2026-09-17T12:09:09.504+0000] {dag.py:3096} INFO - Sync 1 DAGs
[2026-09-17T12:09:09.515+0000] {logging_mixin.py:188} INFO - [2026-09-17T12:09:09.515+0000] {dag.py:3954} INFO - Setting next_dagrun for extraction_DAG to 2026-09-17 11:00:00+00:00, run_after=2026-09-17 12:00:00+00:00
[2026-09-17T12:09:09.525+0000] {processor.py:183} INFO - Processing /opt/airflow/dags/extraction_DAG.py took 0.419 seconds
[2026-09-17T12:09:39.668+0000] {processor.py:161} INFO - Started process (PID=4015) to work on /opt/airflow/dags/extraction_DAG.py
[2026-09-17T12:09:39.669+0000] {processor.py:830} INFO - Processing file /opt/airflow/dags/extraction_DAG.py for tasks to queue
[2026-09-17T12:09:39.670+0000] {logging_mixin.py:188} INFO - [2026-09-17T12:09:39.670+0000] {dagbag.py:545} INFO - Filling up the DagBag from /opt/airflow/dags/extraction_DAG.py
[2026-09-17T12:09:39.944+0000] {processor.py:840} INFO - DAG(s) 'extraction_DAG' retrieved from /opt/airflow/dags/extraction_DAG.py
[2026-09-17T12:09:39.955+0000] {logging_mixin.py:188} INFO - [2026-09-17T12:09:39.955+0000] {dag.py:3096} INFO - Sync 1 DAGs
[2026-09-17T12:09:39.969+0000] {logging_mixin.py:188} INFO - [2026-09-17T12:09:39.969+0000] {dag.py:3954} INFO - Setting next_dagrun for extraction_DAG to 2026-09-17 11:00:00+00:00, run_after=2026-09-17 12:00:00+00:00
[2026-09-17T12:09:39.981+0000] {processor.py:183} INFO - Processing /opt/airflow/dags/extraction_DAG.py took 0.320 seconds
[2026-09-17T12:10:10.132+0000] {processor.py:161} INFO - Started process (PID=4025) to work on /opt/airflow/dags/extraction_DAG.py
[2026-09-17T12:10:10.224+0000] {processor.py:830} INFO - Processing file /opt/airflow/dags/extraction_DAG.py for tasks to queue
[2026-09-17T12:10:10.225+0000] {logging_mixin.py:188} INFO - [2026-09-17T12:10:10.225+0000] {dagbag.py:545} INFO - Filling up the DagBag from /opt/airflow/dags/extraction_DAG.py
[2026-09-17T12:10:10.519+0000] {processor.py:840} INFO - DAG(s) 'extraction_DAG' retrieved from /opt/airflow/dags/extraction_DAG.py
[2026-09-17T12:10:10.531+0000] {logging_mixin.py:188} INFO - [2026-09-17T12:10:10.530+0000] {dag.py:3096} INFO - Sync 1 DAGs
[2026-09-17T12:10:10.543+0000] {logging_mixin.py:188} INFO - [2026-09-17T12:10:10.542+0000] {dag.py:3954} INFO - Setting next_dagrun for extraction_DAG to 2026-09-17 11:00:00+00:00, run_after=2026-09-17 12:00:00+00:00
[2026-09-17T12:10:10.553+0000] {processor.py:183} INFO - Processing /opt/airflow/dags/extraction_DAG.py took 0.427 seconds
[2026-09-17T12:10:40.689+0000] {processor.py:161} INFO - Started process (PID=4035) to work on /opt/airflow/dags/extraction_DAG.py
[2026-09-17T12:10:40.690+0000] {processor.py:830} INFO - Processing file /opt/airflow/dags/extraction_DAG.py for tasks to queue
[2026-09-17T12:10:40.690+0000] {logging_mixin.py:188} INFO - [2026-09-17T12:10:40.690+0000] {dagbag.py:545} INFO - Filling up the DagBag from /opt/airflow/dags/extraction_DAG.py
[2026-09-17T12:10:40.964+0000] {processor.py:840} INFO - DAG(s) 'extraction_DAG' retrieved from /opt/airflow/dags/extraction_DAG.py
[2026-09-17T12:10:40.974+0000] {logging_mixin.py:188} INFO - [2026-09-17T12:10:40.974+0000] {dag.py:3096} INFO - Sync 1 DAGs
[2026-09-17T12:10:40.987+0000] {logging_mixin.py:188} INFO - [2026-09-17T12:10:40.987+0000] {dag.py:3954} INFO - Setting next_dagrun for extraction_DAG to 2026-09-17 11:00:00+00:00, run_after=2026-09-17 12:00:00+00:00
[2026-09-17T12:10:40.996+0000] {processor.py:183} INFO - Processing /opt/airflow/dags/extraction_DAG.py took 0.312 seconds
[2026-09-17T12:11:11.156+0000] {processor.py:161} INFO - Started process (PID=4045) to work on /opt/airflow/dags/extraction_DAG.py
[2026-09-17T12:11:11.270+0000] {processor.py:830} INFO - Processing file /opt/airflow/dags/extraction_DAG.py for tasks to queue
[2026-09-17T12:11:11.271+0000] {logging_mixin.py:188} INFO - [2026-09-17T12:11:11.271+0000] {dagbag.py:545} INFO - Filling up the DagBag from /opt/airflow/dags/extraction_DAG.py
[2026-09-17T12:11:11.554+0000] {processor.py:840} INFO - DAG(s) 'extraction_DAG' retrieved from /opt/airflow/dags/extraction_DAG.py
[2026-09-17T12:11:11.565+0000] {logging_mixin.py:188} INFO - [2026-09-17T12:11:11.565+0000] {dag.py:3096} INFO - Sync 1 DAGs
[2026-09-17T12:11:11.579+0000] {logging_mixin.py:188} INFO - [2026-09-17T12:11:11.579+0000] {dag.py:3954} INFO - Setting next_dagrun for extraction_DAG to 2026-09-17 11:00:00+00:00, run_after=2026-09-17 12:00:00+00:00
[2026-09-17T12:11:11.589+0000] {processor.py:183} INFO - Processing /opt/airflow/dags/extraction_DAG.py took 0.441 seconds
[2026-09-17T12:11:42.309+0000] {processor.py:161} INFO - Started process (PID=4055) to work on /opt/airflow/dags/extraction_DAG.py
[2026-09-17T12:11:42.311+0000] {processor.py:830} INFO - Processing file /opt/airflow/dags/extraction_DAG.py for tasks to queue
[2026-09-17T12:11:42.312+0000] {logging_mixin.py:188} INFO - [2026-09-17T12:11:42.311+0000] {dagbag.py:545} INFO - Filling up the DagBag from /opt/airflow/dags/extraction_DAG.py
[2026-09-17T12:11:42.588+0000] {processor.py:840} INFO - DAG(s) 'extraction_DAG' retrieved from /opt/airflow/dags/extraction_DAG.py
[2026-09-17T12:11:42.600+0000] {logging_mixin.py:188} INFO - [2026-09-17T12:11:42.599+0000] {dag.py:3096} INFO - Sync 1 DAGs
[2026-09-17T12:11:42.611+0000] {logging_mixin.py:188} INFO - [2026-09-17T12:11:42.611+0000] {dag.py:3954} INFO - Setting next_dagrun for extraction_DAG to 2026-09-17 11:00:00+00:00, run_after=2026-09-17 12:00:00+00:00
[2026-09-17T12:11:42.621+0000] {processor.py:183} INFO - Processing /opt/airflow/dags/extraction_DAG.py took 0.317 seconds
[2026-09-17T12:12:12.789+0000] {processor.py:161} INFO - Started process (PID=4065) to work on /opt/airflow/dags/extraction_DAG.py
[2026-09-17T12:12:12.879+0000] {processor.py:830} INFO - Processing file /opt/airflow/dags/extraction_DAG.py for tasks to queue
[2026-09-17T12:12:12.881+0000] {logging_mixin.py:188} INFO - [2026-09-17T12:12:12.880+0000] {dagbag.py:545} INFO - Filling up the DagBag from /opt/airflow/dags/extraction_DAG.py
[2026-09-17T12:12:13.196+0000] {processor.py:840} INFO - DAG(s) 'extraction_DAG' retrieved from /opt/airflow/dags/extraction_DAG.py
[2026-09-17T12:12:13.206+0000] {logging_mixin.py:188} INFO - [2026-09-17T12:12:13.206+0000] {dag.py:3096} INFO - Sync 1 DAGs
[2026-09-17T12:12:13.218+0000] {logging_mixin.py:188} INFO - [2026-09-17T12:12:13.218+0000] {dag.py:3954} INFO - Setting next_dagrun for extraction_DAG to 2026-09-17 11:00:00+00:00, run_after=2026-09-17 12:00:00+00:00
[2026-09-17T12:12:13.227+0000] {processor.py:183} INFO - Processing /opt/airflow/dags/extraction_DAG.py took 0.444 seconds
[2026-09-17T12:12:43.388+0000] {processor.py:161} INFO - Started process (PID=4075) to work on /opt/airflow/dags/extraction_DAG.py
[2026-09-17T12:12:43.389+0000] {processor.py:830} INFO - Processing file /opt/airflow/dags/extraction_DAG.py for tasks to queue
[2026-09-17T12:12:43.390+0000] {logging_mixin.py:188} INFO - [2026-09-17T12:12:43.390+0000] {dagbag.py:545} INFO - Filling up the DagBag from /opt/airflow/dags/extraction_DAG.py
[2026-09-17T12:12:43.658+0000] {processor.py:840} INFO - DAG(s) 'extraction_DAG' retrieved from /opt/airflow/dags/extraction_DAG.py
[2026-09-17T12:12:43.670+0000] {logging_mixin.py:188} INFO - [2026-09-17T12:12:43.669+0000] {dag.py:3096} INFO - Sync 1 DAGs
[2026-09-17T12:12:43.680+0000] {logging_mixin.py:188} INFO - [2026-09-17T12:12:43.680+0000] {dag.py:3954} INFO - Setting next_dagrun for extraction_DAG to 2026-09-17 11:00:00+00:00, run_after=2026-09-17 12:00:00+00:00
[2026-09-17T12:12:43.689+0000] {processor.py:183} INFO - Processing /opt/airflow/dags/extraction_DAG.py took 0.309 seconds
[2026-09-17T12:13:13.852+0000] {processor.py:161} INFO - Started process (PID=4085) to work on /opt/airflow/dags/extraction_DAG.py
[2026-09-17T12:13:14.371+0000] {processor.py:830} INFO - Processing file /opt/airflow/dags/extraction_DAG.py for tasks to queue
[2026-09-17T12:13:14.373+0000] {logging_mixin.py:188} INFO - [2026-09-17T12:13:14.372+0000] {dagbag.py:545} INFO - Filling up the DagBag from /opt/airflow/dags/extraction_DAG.py
[2026-09-17T12:13:14.658+0000] {processor.py:840} INFO - DAG(s) 'extraction_DAG' retrieved from /opt/airflow/dags/extraction_DAG.py
[2026-09-17T12:13:14.669+0000] {logging_mixin.py:188} INFO - [2026-09-17T12:13:14.669+0000] {dag.py:3096} INFO - Sync 1 DAGs
[2026-09-17T12:13:14.682+0000] {logging_mixin.py:188} INFO - [2026-09-17T12:13:14.682+0000] {dag.py:3954} INFO - Setting next_dagrun for extraction_DAG to 2026-09-17 11:00:00+00:00, run_after=2026-09-17 12:00:00+00:00
[2026-09-17T12:13:14.694+0000] {processor.py:183} INFO - Processing /opt/airflow/dags/extraction_DAG.py took 0.852 seconds
[2026-09-17T12:13:45.172+0000] {processor.py:161} INFO - Started process (PID=4095) to work on /opt/airflow/dags/extraction_DAG.py
[2026-09-17T12:13:45.173+0000] {processor.py:830} INFO - Processing file /opt/airflow/dags/extraction_DAG.py for tasks to queue
[2026-09-17T12:13:45.173+0000] {logging_mixin.py:188} INFO - [2026-09-17T12:13:45.173+0000] {dagbag.py:545} INFO - Filling up the DagBag from /opt/airflow/dags/extraction_DAG.py
[2026-09-17T12:13:45.444+0000] {processor.py:840} INFO - DAG(s) 'extraction_DAG' retrieved from /opt/airflow/dags/extraction_DAG.py
[2026-09-17T12:13:45.455+0000] {logging_mixin.py:188} INFO - [2026-09-17T12:13:45.454+0000] {dag.py:3096} INFO - Sync 1 DAGs
[2026-09-17T12:13:45.467+0000] {logging_mixin.py:188} INFO - [2026-09-17T12:13:45.467+0000] {dag.py:3954} INFO - Setting next_dagrun for extraction_DAG to 2026-09-17 11:00:00+00:00, run_after=2026-09-17 12:00:00+00:00
[2026-09-17T12:13:45.479+0000] {processor.py:183} INFO - Processing /opt/airflow/dags/extraction_DAG.py took 0.312 seconds
[2026-09-17T12:14:15.662+0000] {processor.py:161} INFO - Started process (PID=4105) to work on /opt/airflow/dags/extraction_DAG.py
[2026-09-17T12:14:16.017+0000] {processor.py:830} INFO - Processing file /opt/airflow/dags/extraction_DAG.py for tasks to queue
[2026-09-17T12:14:16.018+0000] {logging_mixin.py:188} INFO - [2026-09-17T12:14:16.018+0000] {dagbag.py:545} INFO - Filling up the DagBag from /opt/airflow/dags/extraction_DAG.py
[2026-09-17T12:14:16.296+0000] {processor.py:840} INFO - DAG(s) 'extraction_DAG' retrieved from /opt/airflow/dags/extraction_DAG.py
[2026-09-17T12:14:16.308+0000] {logging_mixin.py:188} INFO - [2026-09-17T12:14:16.308+0000] {dag.py:3096} INFO - Sync 1 DAGs
[2026-09-17T12:14:16.320+0000] {logging_mixin.py:188} INFO - [2026-09-17T12:14:16.320+0000] {dag.py:3954} INFO - Setting next_dagrun for extraction_DAG to 2026-09-17 11:00:00+00:00, run_after=2026-09-17 12:00:00+00:00
[2026-09-17T12:14:16.329+0000] {processor.py:183} INFO - Processing /opt/airflow/dags/extraction_DAG.py took 0.677 seconds
[2026-09-17T12:14:46.429+0000] {processor.py:161} INFO - Started process (PID=4115) to work on /opt/airflow/dags/extraction_DAG.py
[2026-09-17T12:14:46.430+0000] {processor.py:830} INFO - Processing file /opt/airflow/dags/extraction_DAG.py for tasks to queue
[2026-09-17T12:14:46.431+0000] {logging_mixin.py:188} INFO - [2026-09-17T12:14:46.430+0000] {dagbag.py:545} INFO - Filling up the DagBag from /opt/airflow/dags/extraction_DAG.py
[2026-09-17T12:14:46.703+0000] {processor.py:840} INFO - DAG(s) 'extraction_DAG' retrieved from /opt/airflow/dags/extraction_DAG.py
[2026-09-17T12:14:46.714+0000] {logging_mixin.py:188} INFO - [2026-09-17T12:14:46.713+0000] {dag.py:3096} INFO - Sync 1 DAGs
[2026-09-17T12:14:46.725+0000] {logging_mixin.py:188} INFO - [2026-09-17T12:14:46.725+0000] {dag.py:3954} INFO - Setting next_dagrun for extraction_DAG to 2026-09-17 11:00:00+00:00, run_after=2026-09-17 12:00:00+00:00
[2026-09-17T12:14:46.734+0000] {processor.py:183} INFO - Processing /opt/airflow/dags/extraction_DAG.py took 0.314 seconds
[2026-09-17T12:15:16.901+0000] {processor.py:161} INFO - Started process (PID=4125) to work on /opt/airflow/dags/extraction_DAG.py
[2026-09-17T12:15:16.998+0000] {processor.py:830} INFO - Processing file /opt/airflow/dags/extraction_DAG.py for tasks to queue
[2026-09-17T12:15:16.999+0000] {logging_mixin.py:188} INFO - [2026-09-17T12:15:16.999+0000] {dagbag.py:545} INFO - Filling up the DagBag from /opt/airflow/dags/extraction_DAG.py
[2026-09-17T12:15:17.285+0000] {processor.py:840} INFO - DAG(s) 'extraction_DAG' retrieved from /opt/airflow/dags/extraction_DAG.py
[2026-09-17T12:15:17.296+0000] {logging_mixin.py:188} INFO - [2026-09-17T12:15:17.296+0000] {dag.py:3096} INFO - Sync 1 DAGs
[2026-09-17T12:15:17.308+0000] {logging_mixin.py:188} INFO - [2026-09-17T12:15:17.308+0000] {dag.py:3954} INFO - Setting next_dagrun for extraction_DAG to 2026-09-17 11:00:00+00:00, run_after=2026-09-17 12:00:00+00:00
[2026-09-17T12:15:17.320+0000] {processor.py:183} INFO - Processing /opt/airflow/dags/extraction_DAG.py took 0.429 seconds
[2026-09-17T12:15:47.364+0000] {processor.py:161} INFO - Started process (PID=4135) to work on /opt/airflow/dags/extraction_DAG.py
[2026-09-17T12:15:47.365+0000] {processor.py:830} INFO - Processing file /opt/airflow/dags/extraction_DAG.py for tasks to queue
[2026-09-17T12:15:47.366+0000] {logging_mixin.py:188} INFO - [2026-09-17T12:15:47.365+0000] {dagbag.py:545} INFO - Filling up the DagBag from /opt/airflow/dags/extraction_DAG.py
[2026-09-17T12:15:47.638+0000] {processor.py:840} INFO - DAG(s) 'extraction_DAG' retrieved from /opt/airflow/dags/extraction_DAG.py
[2026-09-17T12:15:47.649+0000] {logging_mixin.py:188} INFO - [2026-09-17T12:15:47.649+0000] {dag.py:3096} INFO - Sync 1 DAGs
[2026-09-17T12:15:47.660+0000] {logging_mixin.py:188} INFO - [2026-09-17T12:15:47.660+0000] {dag.py:3954} INFO - Setting next_dagrun for extraction_DAG to 2026-09-17 11:00:00+00:00, run_after=2026-09-17 12:00:00+00:00
[2026-09-17T12:15:47.669+0000] {processor.py:183} INFO - Processing /opt/airflow/dags/extraction_DAG.py took 0.313 seconds
[2026-09-17T12:16:17.837+0000] {processor.py:161} INFO - Started process (PID=4145) to work on /opt/airflow/dags/extraction_DAG.py
[2026-09-17T12:16:17.918+0000] {processor.py:830} INFO - Processing file /opt/airflow/dags/extraction_DAG.py for tasks to queue
[2026-09-17T12:16:17.919+0000] {logging_mixin.py:188} INFO - [2026-09-17T12:16:17.919+0000] {dagbag.py:545} INFO - Filling up the DagBag from /opt/airflow/dags/extraction_DAG.py
[2026-09-17T12:16:18.229+0000] {processor.py:840} INFO - DAG(s) 'extraction_DAG' retrieved from /opt/airflow/dags/extraction_DAG.py
[2026-09-17T12:16:18.239+0000] {logging_mixin.py:188} INFO - [2026-09-17T12:16:18.239+0000] {dag.py:3096} INFO - Sync 1 DAGs
[2026-09-17T12:16:18.251+0000] {logging_mixin.py:188} INFO - [2026-09-17T12:16:18.251+0000] {dag.py:3954} INFO - Setting next_dagrun for extraction_DAG to 2026-09-17 11:00:00+00:00, run_after=2026-09-17 12:00:00+00:00
[2026-09-17T12:16:18.260+0000] {processor.py:183} INFO - Processing /opt/airflow/dags/extraction_DAG.py took 0.427 seconds
[2026-09-17T12:16:48.305+0000] {processor.py:161} INFO - Started process (PID=4155) to work on /opt/airflow/dags/extraction_DAG.py
[2026-09-17T12:16:48.306+0000] {processor.py:830} INFO - Processing file /opt/airflow/dags/extraction_DAG.py for tasks to queue
[2026-09-17T12:16:48.307+0000] {logging_mixin.py:188} INFO - [2026-09-17T12:16:48.307+0000] {dagbag.py:545} INFO - Filling up the DagBag from /opt/airflow/dags/extraction_DAG.py
[2026-09-17T12:16:48.593+0000] {processor.py:840} INFO - DAG(s) 'extraction_DAG' retrieved from /opt/airflow/dags/extraction_DAG.py
[2026-09-17T12:16:48.604+0000] {logging_mixin.py:188} INFO - [2026-09-17T12:16:48.604+0000] {dag.py:3096} INFO - Sync 1 DAGs
[2026-09-17T12:16:48.616+0000] {logging_mixin.py:188} INFO - [2026-09-17T12:16:48.616+0000] {dag.py:3954} INFO - Setting next_dagrun for extraction_DAG to 2026-09-17 11:00:00+00:00, run_after=2026-09-17 12:00:00+00:00
[2026-09-17T12:16:48.624+0000] {processor.py:183} INFO - Processing /opt/airflow/dags/extraction_DAG.py took 0.328 seconds
[2026-09-17T12:17:18.761+0000] {processor.py:161} INFO - Started process (PID=4165) to work on /opt/airflow/dags/extraction_DAG.py
[2026-09-17T12:17:18.858+0000] {processor.py:830} INFO - Processing file /opt/airflow/dags/extraction_DAG.py for tasks to queue
[2026-09-17T12:17:18.859+0000] {logging_mixin.py:188} INFO - [2026-09-17T12:17:18.859+0000] {dagbag.py:545} INFO - Filling up the DagBag from /opt/airflow/dags/extraction_DAG.py
[2026-09-17T12:17:19.136+0000] {processor.py:840} INFO - DAG(s) 'extraction_DAG' retrieved from /opt/airflow/dags/extraction_DAG.py
[2026-09-17T12:17:19.147+0000] {logging_mixin.py:188} INFO - [2026-09-17T12:17:19.147+0000] {dag.py:3096} INFO - Sync 1 DAGs
[2026-09-17T12:17:19.159+0000] {logging_mixin.py:188} INFO - [2026-09-17T12:17:19.159+0000] {dag.py:3954} INFO - Setting next_dagrun for extraction_DAG to 2026-09-17 11:00:00+00:00, run_after=2026-09-17 12:00:00+00:00
[2026-09-17T12:17:19.171+0000] {processor.py:183} INFO - Processing /opt/airflow/dags/extraction_DAG.py took 0.419 seconds
[2026-09-17T12:17:49.235+0000] {processor.py:161} INFO - Started process (PID=4175) to work on /opt/airflow/dags/extraction_DAG.py
[2026-09-17T12:17:49.236+0000] {processor.py:830} INFO - Processing file /opt/airflow/dags/extraction_DAG.py for tasks to queue
[2026-09-17T12:17:49.237+0000] {logging_mixin.py:188} INFO - [2026-09-17T12:17:49.237+0000] {dagbag.py:545} INFO - Filling up the DagBag from /opt/airflow/dags/extraction_DAG.py
[2026-09-17T12:17:49.510+0000] {processor.py:840} INFO - DAG(s) 'extraction_DAG' retrieved from /opt/airflow/dags/extraction_DAG.py
[2026-09-17T12:17:49.521+0000] {logging_mixin.py:188} INFO - [2026-09-17T12:17:49.521+0000] {dag.py:3096} INFO - Sync 1 DAGs
[2026-09-17T12:17:49.532+0000] {logging_mixin.py:188} INFO - [2026-09-17T12:17:49.532+0000] {dag.py:3954} INFO - Setting next_dagrun for extraction_DAG to 2026-09-17 11:00:00+00:00, run_after=2026-09-17 12:00:00+00:00
[2026-09-17T12:17:49.542+0000] {processor.py:183} INFO - Processing /opt/airflow/dags/extraction_DAG.py took 0.316 seconds
[2026-09-17T12:18:19.701+0000] {processor.py:161} INFO - Started process (PID=4185) to work on /opt/airflow/dags/extraction_DAG.py
[2026-09-17T12:18:19.701+0000] {processor.py:830} INFO - Processing file /opt/airflow/dags/extraction_DAG.py for tasks to queue
[2026-09-17T12:18:19.702+0000] {logging_mixin.py:188} INFO - [2026-09-17T12:18:19.702+0000] {dagbag.py:545} INFO - Filling up the DagBag from /opt/airflow/dags/extraction_DAG.py
[2026-09-17T12:18:19.976+0000] {processor.py:840} INFO - DAG(s) 'extraction_DAG' retrieved from /opt/airflow/dags/extraction_DAG.py
[2026-09-17T12:18:19.987+0000] {logging_mixin.py:188} INFO - [2026-09-17T12:18:19.987+0000] {dag.py:3096} INFO - Sync 1 DAGs
[2026-09-17T12:18:19.998+0000] {logging_mixin.py:188} INFO - [2026-09-17T12:18:19.998+0000] {dag.py:3954} INFO - Setting next_dagrun for extraction_DAG to 2026-09-17 11:00:00+00:00, run_after=2026-09-17 12:00:00+00:00
[2026-09-17T12:18:20.006+0000] {processor.py:183} INFO - Processing /opt/airflow/dags/extraction_DAG.py took 0.309 seconds
[2026-09-17T12:18:50.141+0000] {processor.py:161} INFO - Started process (PID=4195) to work on /opt/airflow/dags/extraction_DAG.py
[2026-09-17T12:18:50.141+0000] {processor.py:830} INFO - Processing file /opt/airflow/dags/extraction_DAG.py for tasks to queue
[2026-09-17T12:18:50.142+0000] {logging_mixin.py:188} INFO - [2026-09-17T12:18:50.142+0000] {dagbag.py:545} INFO - Filling up the DagBag from /opt/airflow/dags/extraction_DAG.py
[2026-09-17T12:18:50.421+0000] {processor.py:840} INFO - DAG(s) 'extraction_DAG' retrieved from /opt/airflow/dags/extraction_DAG.py
[2026-09-17T12:18:50.432+0000] {logging_mixin.py:188} INFO - [2026-09-17T12:18:50.432+0000] {dag.py:3096} INFO - Sync 1 DAGs
[2026-09-17T12:18:50.443+0000] {logging_mixin.py:188} INFO - [2026-09-17T12:18:50.443+0000] {dag.py:3954} INFO - Setting next_dagrun for extraction_DAG to 2026-09-17 11:00:00+00:00, run_after=2026-09-17 12:00:00+00:00
[2026-09-17T12:18:50.452+0000] {processor.py:183} INFO - Processing /opt/airflow/dags/extraction_DAG.py took 0.315 seconds
[2026-09-17T12:19:20.619+0000] {processor.py:161} INFO - Started process (PID=4205) to work on /opt/airflow/dags/extraction_DAG.py
[2026-09-17T12:19:20.620+0000] {processor.py:830} INFO - Processing file /opt/airflow/dags/extraction_DAG.py for tasks to queue
[2026-09-17T12:19:20.621+0000] {logging_mixin.py:188} INFO - [2026-09-17T12:19:20.621+0000] {dagbag.py:545} INFO - Filling up the DagBag from /opt/airflow/dags/extraction_DAG.py
[2026-09-17T12:19:20.903+0000] {processor.py:840} INFO - DAG(s) 'extraction_DAG' retrieved from /opt/airflow/dags/extraction_DAG.py
[2026-09-17T12:19:20.913+0000] {logging_mixin.py:188} INFO - [2026-09-17T12:19:20.913+0000] {dag.py:3096} INFO - Sync 1 DAGs
[2026-09-17T12:19:20.925+0000] {logging_mixin.py:188} INFO - [2026-09-17T12:19:20.925+0000] {dag.py:3954} INFO - Setting next_dagrun for extraction_DAG to 2026-09-17 11:00:00+00:00, run_after=2026-09-17 12:00:00+00:00
[2026-09-17T12:19:20.934+0000] {processor.py:183} INFO - Processing /opt/airflow/dags/extraction_DAG.py took 0.322 seconds
[2026-09-17T12:19:51.083+0000] {processor.py:161} INFO - Started process (PID=4215) to work on /opt/airflow/dags/extraction_DAG.py
[2026-09-17T12:19:51.094+0000] {processor.py:830} INFO - Processing file /opt/airflow/dags/extraction_DAG.py for tasks to queue
[2026-09-17T12:19:51.095+0000] {logging_mixin.py:188} INFO - [2026-09-17T12:19:51.094+0000] {dagbag.py:545} INFO - Filling up the DagBag from /opt/airflow/dags/extraction_DAG.py
[2026-09-17T12:19:51.366+0000] {processor.py:840} INFO - DAG(s) 'extraction_DAG' retrieved from /opt/airflow/dags/extraction_DAG.py
[2026-09-17T12:19:51.377+0000] {logging_mixin.py:188} INFO - [2026-09-17T12:19:51.376+0000] {dag.py:3096} INFO - Sync 1 DAGs
[2026-09-17T12:19:51.389+0000] {logging_mixin.py:188} INFO - [2026-09-17T12:19:51.389+0000] {dag.py:3954} INFO - Setting next_dagrun for extraction_DAG to 2026-09-17 11:00:00+00:00, run_after=2026-09-17 12:00:00+00:00
[2026-09-17T12:19:51.398+0000] {processor.py:183} INFO - Processing /opt/airflow/dags/extraction_DAG.py took 0.322 seconds
[2026-09-17T12:20:21.535+0000] {processor.py:161} INFO - Started process (PID=4225) to work on /opt/airflow/dags/extraction_DAG.py
[2026-09-17T12:20:21.536+0000] {processor.py:830} INFO - Processing file /opt/airflow/dags/extraction_DAG.py for tasks to queue
[2026-09-17T12:20:21.536+0000] {logging_mixin.py:188} INFO - [2026-09-17T12:20:21.536+0000] {dagbag.py:545} INFO - Filling up the DagBag from /opt/airflow/dags/extraction_DAG.py
[2026-09-17T12:20:21.801+0000] {processor.py:840} INFO - DAG(s) 'extraction_DAG' retrieved from /opt/airflow/dags/extraction_DAG.py
[2026-09-17T12:20:21.813+0000] {logging_mixin.py:188} INFO - [2026-09-17T12:20:21.813+0000] {dag.py:3096} INFO - Sync 1 DAGs
[2026-09-17T12:20:21.824+0000] {logging_mixin.py:188} INFO - [2026-09-17T12:20:21.824+0000] {dag.py:3954} INFO - Setting next_dagrun for extraction_DAG to 2026-09-17 11:00:00+00:00, run_after=2026-09-17 12:00:00+00:00
[2026-09-17T12:20:21.834+0000] {processor.py:183} INFO - Processing /opt/airflow/dags/extraction_DAG.py took 0.303 seconds
[2026-09-17T12:20:51.985+0000] {processor.py:161} INFO - Started process (PID=4235) to work on /opt/airflow/dags/extraction_DAG.py
[2026-09-17T12:20:51.986+0000] {processor.py:830} INFO - Processing file /opt/airflow/dags/extraction_DAG.py for tasks to queue
[2026-09-17T12:20:51.987+0000] {logging_mixin.py:188} INFO - [2026-09-17T12:20:51.987+0000] {dagbag.py:545} INFO - Filling up the DagBag from /opt/airflow/dags/extraction_DAG.py
[2026-09-17T12:20:52.267+0000] {processor.py:840} INFO - DAG(s) 'extraction_DAG' retrieved from /opt/airflow/dags/extraction_DAG.py
[2026-09-17T12:20:52.278+0000] {logging_mixin.py:188} INFO - [2026-09-17T12:20:52.277+0000] {dag.py:3096} INFO - Sync 1 DAGs
[2026-09-17T12:20:52.289+0000] {logging_mixin.py:188} INFO - [2026-09-17T12:20:52.289+0000] {dag.py:3954} INFO - Setting next_dagrun for extraction_DAG to 2026-09-17 11:00:00+00:00, run_after=2026-09-17 12:00:00+00:00
[2026-09-17T12:20:52.298+0000] {processor.py:183} INFO - Processing /opt/airflow/dags/extraction_DAG.py took 0.318 seconds
[2026-09-17T12:21:22.458+0000] {processor.py:161} INFO - Started process (PID=4245) to work on /opt/airflow/dags/extraction_DAG.py
[2026-09-17T12:21:22.459+0000] {processor.py:830} INFO - Processing file /opt/airflow/dags/extraction_DAG.py for tasks to queue
[2026-09-17T12:21:22.459+0000] {logging_mixin.py:188} INFO - [2026-09-17T12:21:22.459+0000] {dagbag.py:545} INFO - Filling up the DagBag from /opt/airflow/dags/extraction_DAG.py
[2026-09-17T12:21:22.733+0000] {processor.py:840} INFO - DAG(s) 'extraction_DAG' retrieved from /opt/airflow/dags/extraction_DAG.py
[2026-09-17T12:21:22.744+0000] {logging_mixin.py:188} INFO - [2026-09-17T12:21:22.744+0000] {dag.py:3096} INFO - Sync 1 DAGs
[2026-09-17T12:21:22.755+0000] {logging_mixin.py:188} INFO - [2026-09-17T12:21:22.755+0000] {dag.py:3954} INFO - Setting next_dagrun for extraction_DAG to 2026-09-17 11:00:00+00:00, run_after=2026-09-17 12:00:00+00:00
[2026-09-17T12:21:22.764+0000] {processor.py:183} INFO - Processing /opt/airflow/dags/extraction_DAG.py took 0.309 seconds
[2026-09-17T12:21:52.933+0000] {processor.py:161} INFO - Started process (PID=4255) to work on /opt/airflow/dags/extraction_DAG.py
[2026-09-17T12:21:53.018+0000] {processor.py:830} INFO - Processing file /opt/airflow/dags/extraction_DAG.py for tasks to queue
[2026-09-17T12:21:53.020+0000] {logging_mixin.py:188} INFO - [2026-09-17T12:21:53.019+0000] {dagbag.py:545} INFO - Filling up the DagBag from /opt/airflow/dags/extraction_DAG.py
[2026-09-17T12:21:53.336+0000] {processor.py:840} INFO - DAG(s) 'extraction_DAG' retrieved from /opt/airflow/dags/extraction_DAG.py
[2026-09-17T12:21:53.346+0000] {logging_mixin.py:188} INFO - [2026-09-17T12:21:53.346+0000] {dag.py:3096} INFO - Sync 1 DAGs
[2026-09-17T12:21:53.358+0000] {logging_mixin.py:188} INFO - [2026-09-17T12:21:53.357+0000] {dag.py:3954} INFO - Setting next_dagrun for extraction_DAG to 2026-09-17 11:00:00+00:00, run_after=2026-09-17 12:00:00+00:00
[2026-09-17T12:21:53.367+0000] {processor.py:183} INFO - Processing /opt/airflow/dags/extraction_DAG.py took 0.445 seconds
[2026-09-17T12:22:23.438+0000] {processor.py:161} INFO - Started process (PID=4265) to work on /opt/airflow/dags/extraction_DAG.py
[2026-09-17T12:22:23.439+0000] {processor.py:830} INFO - Processing file /opt/airflow/dags/extraction_DAG.py for tasks to queue
[2026-09-17T12:22:23.439+0000] {logging_mixin.py:188} INFO - [2026-09-17T12:22:23.439+0000] {dagbag.py:545} INFO - Filling up the DagBag from /opt/airflow/dags/extraction_DAG.py
[2026-09-17T12:22:23.750+0000] {processor.py:840} INFO - DAG(s) 'extraction_DAG' retrieved from /opt/airflow/dags/extraction_DAG.py
[2026-09-17T12:22:23.763+0000] {logging_mixin.py:188} INFO - [2026-09-17T12:22:23.762+0000] {dag.py:3096} INFO - Sync 1 DAGs
[2026-09-17T12:22:23.776+0000] {logging_mixin.py:188} INFO - [2026-09-17T12:22:23.776+0000] {dag.py:3954} INFO - Setting next_dagrun for extraction_DAG to 2026-09-17 11:00:00+00:00, run_after=2026-09-17 12:00:00+00:00
[2026-09-17T12:22:23.784+0000] {processor.py:183} INFO - Processing /opt/airflow/dags/extraction_DAG.py took 0.350 seconds
[2026-09-17T12:22:53.893+0000] {processor.py:161} INFO - Started process (PID=4275) to work on /opt/airflow/dags/extraction_DAG.py
[2026-09-17T12:22:53.894+0000] {processor.py:830} INFO - Processing file /opt/airflow/dags/extraction_DAG.py for tasks to queue
[2026-09-17T12:22:53.894+0000] {logging_mixin.py:188} INFO - [2026-09-17T12:22:53.894+0000] {dagbag.py:545} INFO - Filling up the DagBag from /opt/airflow/dags/extraction_DAG.py
[2026-09-17T12:22:54.180+0000] {processor.py:840} INFO - DAG(s) 'extraction_DAG' retrieved from /opt/airflow/dags/extraction_DAG.py
[2026-09-17T12:22:54.192+0000] {logging_mixin.py:188} INFO - [2026-09-17T12:22:54.191+0000] {dag.py:3096} INFO - Sync 1 DAGs
[2026-09-17T12:22:54.205+0000] {logging_mixin.py:188} INFO - [2026-09-17T12:22:54.205+0000] {dag.py:3954} INFO - Setting next_dagrun for extraction_DAG to 2026-09-17 11:00:00+00:00, run_after=2026-09-17 12:00:00+00:00
[2026-09-17T12:22:54.214+0000] {processor.py:183} INFO - Processing /opt/airflow/dags/extraction_DAG.py took 0.324 seconds
[2026-09-17T12:23:24.373+0000] {processor.py:161} INFO - Started process (PID=4285) to work on /opt/airflow/dags/extraction_DAG.py
[2026-09-17T12:23:24.373+0000] {processor.py:830} INFO - Processing file /opt/airflow/dags/extraction_DAG.py for tasks to queue
[2026-09-17T12:23:24.374+0000] {logging_mixin.py:188} INFO - [2026-09-17T12:23:24.374+0000] {dagbag.py:545} INFO - Filling up the DagBag from /opt/airflow/dags/extraction_DAG.py
[2026-09-17T12:23:24.641+0000] {processor.py:840} INFO - DAG(s) 'extraction_DAG' retrieved from /opt/airflow/dags/extraction_DAG.py
[2026-09-17T12:23:24.652+0000] {logging_mixin.py:188} INFO - [2026-09-17T12:23:24.652+0000] {dag.py:3096} INFO - Sync 1 DAGs
[2026-09-17T12:23:24.663+0000] {logging_mixin.py:188} INFO - [2026-09-17T12:23:24.663+0000] {dag.py:3954} INFO - Setting next_dagrun for extraction_DAG to 2026-09-17 11:00:00+00:00, run_after=2026-09-17 12:00:00+00:00
[2026-09-17T12:23:24.672+0000] {processor.py:183} INFO - Processing /opt/airflow/dags/extraction_DAG.py took 0.303 seconds
[2026-09-17T12:23:54.834+0000] {processor.py:161} INFO - Started process (PID=4295) to work on /opt/airflow/dags/extraction_DAG.py
[2026-09-17T12:23:54.924+0000] {processor.py:830} INFO - Processing file /opt/airflow/dags/extraction_DAG.py for tasks to queue
[2026-09-17T12:23:54.925+0000] {logging_mixin.py:188} INFO - [2026-09-17T12:23:54.925+0000] {dagbag.py:545} INFO - Filling up the DagBag from /opt/airflow/dags/extraction_DAG.py
[2026-09-17T12:23:55.220+0000] {processor.py:840} INFO - DAG(s) 'extraction_DAG' retrieved from /opt/airflow/dags/extraction_DAG.py
[2026-09-17T12:23:55.232+0000] {logging_mixin.py:188} INFO - [2026-09-17T12:23:55.232+0000] {dag.py:3096} INFO - Sync 1 DAGs
[2026-09-17T12:23:55.243+0000] {logging_mixin.py:188} INFO - [2026-09-17T12:23:55.243+0000] {dag.py:3954} INFO - Setting next_dagrun for extraction_DAG to 2026-09-17 11:00:00+00:00, run_after=2026-09-17 12:00:00+00:00
[2026-09-17T12:23:55.251+0000] {processor.py:183} INFO - Processing /opt/airflow/dags/extraction_DAG.py took 0.424 seconds
[2026-09-17T12:24:25.296+0000] {processor.py:161} INFO - Started process (PID=4305) to work on /opt/airflow/dags/extraction_DAG.py
[2026-09-17T12:24:25.303+0000] {processor.py:830} INFO - Processing file /opt/airflow/dags/extraction_DAG.py for tasks to queue
[2026-09-17T12:24:25.304+0000] {logging_mixin.py:188} INFO - [2026-09-17T12:24:25.304+0000] {dagbag.py:545} INFO - Filling up the DagBag from /opt/airflow/dags/extraction_DAG.py
[2026-09-17T12:24:25.580+0000] {processor.py:840} INFO - DAG(s) 'extraction_DAG' retrieved from /opt/airflow/dags/extraction_DAG.py
[2026-09-17T12:24:25.591+0000] {logging_mixin.py:188} INFO - [2026-09-17T12:24:25.591+0000] {dag.py:3096} INFO - Sync 1 DAGs
[2026-09-17T12:24:25.602+0000] {logging_mixin.py:188} INFO - [2026-09-17T12:24:25.602+0000] {dag.py:3954} INFO - Setting next_dagrun for extraction_DAG to 2026-09-17 11:00:00+00:00, run_after=2026-09-17 12:00:00+00:00
[2026-09-17T12:24:25.610+0000] {processor.py:183} INFO - Processing /opt/airflow/dags/extraction_DAG.py took 0.319 seconds
[2026-09-17T12:24:55.747+0000] {processor.py:161} INFO - Started process (PID=4315) to work on /opt/airflow/dags/extraction_DAG.py
[2026-09-17T12:24:55.748+0000] {processor.py:830} INFO - Processing file /opt/airflow/dags/extraction_DAG.py for tasks to queue
[2026-09-17T12:24:55.749+0000] {logging_mixin.py:188} INFO - [2026-09-17T12:24:55.749+0000] {dagbag.py:545} INFO - Filling up the DagBag from /opt/airflow/dags/extraction_DAG.py
[2026-09-17T12:24:56.027+0000] {processor.py:840} INFO - DAG(s) 'extraction_DAG' retrieved from /opt/airflow/dags/extraction_DAG.py
[2026-09-17T12:24:56.038+0000] {logging_mixin.py:188} INFO - [2026-09-17T12:24:56.038+0000] {dag.py:3096} INFO - Sync 1 DAGs
[2026-09-17T12:24:56.049+0000] {logging_mixin.py:188} INFO - [2026-09-17T12:24:56.049+0000] {dag.py:3954} INFO - Setting next_dagrun for extraction_DAG to 2026-09-17 11:00:00+00:00, run_after=2026-09-17 12:00:00+00:00
[2026-09-17T12:24:56.058+0000] {processor.py:183} INFO - Processing /opt/airflow/dags/extraction_DAG.py took 0.319 seconds
[2026-09-17T12:25:26.194+0000] {processor.py:161} INFO - Started process (PID=4325) to work on /opt/airflow/dags/extraction_DAG.py
[2026-09-17T12:25:26.195+0000] {processor.py:830} INFO - Processing file /opt/airflow/dags/extraction_DAG.py for tasks to queue
[2026-09-17T12:25:26.196+0000] {logging_mixin.py:188} INFO - [2026-09-17T12:25:26.195+0000] {dagbag.py:545} INFO - Filling up the DagBag from /opt/airflow/dags/extraction_DAG.py
[2026-09-17T12:25:26.468+0000] {processor.py:840} INFO - DAG(s) 'extraction_DAG' retrieved from /opt/airflow/dags/extraction_DAG.py
[2026-09-17T12:25:26.479+0000] {logging_mixin.py:188} INFO - [2026-09-17T12:25:26.479+0000] {dag.py:3096} INFO - Sync 1 DAGs
[2026-09-17T12:25:26.491+0000] {logging_mixin.py:188} INFO - [2026-09-17T12:25:26.491+0000] {dag.py:3954} INFO - Setting next_dagrun for extraction_DAG to 2026-09-17 11:00:00+00:00, run_after=2026-09-17 12:00:00+00:00
[2026-09-17T12:25:26.499+0000] {processor.py:183} INFO - Processing /opt/airflow/dags/extraction_DAG.py took 0.314 seconds
[2026-09-17T12:25:56.651+0000] {processor.py:161} INFO - Started process (PID=4335) to work on /opt/airflow/dags/extraction_DAG.py
[2026-09-17T12:25:57.003+0000] {processor.py:830} INFO - Processing file /opt/airflow/dags/extraction_DAG.py for tasks to queue
[2026-09-17T12:25:57.005+0000] {logging_mixin.py:188} INFO - [2026-09-17T12:25:57.004+0000] {dagbag.py:545} INFO - Filling up the DagBag from /opt/airflow/dags/extraction_DAG.py
[2026-09-17T12:25:57.284+0000] {processor.py:840} INFO - DAG(s) 'extraction_DAG' retrieved from /opt/airflow/dags/extraction_DAG.py
[2026-09-17T12:25:57.295+0000] {logging_mixin.py:188} INFO - [2026-09-17T12:25:57.295+0000] {dag.py:3096} INFO - Sync 1 DAGs
[2026-09-17T12:25:57.307+0000] {logging_mixin.py:188} INFO - [2026-09-17T12:25:57.307+0000] {dag.py:3954} INFO - Setting next_dagrun for extraction_DAG to 2026-09-17 11:00:00+00:00, run_after=2026-09-17 12:00:00+00:00
[2026-09-17T12:25:57.315+0000] {processor.py:183} INFO - Processing /opt/airflow/dags/extraction_DAG.py took 0.674 seconds
[2026-09-17T12:26:27.484+0000] {processor.py:161} INFO - Started process (PID=4345) to work on /opt/airflow/dags/extraction_DAG.py
[2026-09-17T12:26:27.485+0000] {processor.py:830} INFO - Processing file /opt/airflow/dags/extraction_DAG.py for tasks to queue
[2026-09-17T12:26:27.485+0000] {logging_mixin.py:188} INFO - [2026-09-17T12:26:27.485+0000] {dagbag.py:545} INFO - Filling up the DagBag from /opt/airflow/dags/extraction_DAG.py
[2026-09-17T12:26:27.755+0000] {processor.py:840} INFO - DAG(s) 'extraction_DAG' retrieved from /opt/airflow/dags/extraction_DAG.py
[2026-09-17T12:26:27.766+0000] {logging_mixin.py:188} INFO - [2026-09-17T12:26:27.766+0000] {dag.py:3096} INFO - Sync 1 DAGs
[2026-09-17T12:26:27.778+0000] {logging_mixin.py:188} INFO - [2026-09-17T12:26:27.778+0000] {dag.py:3954} INFO - Setting next_dagrun for extraction_DAG to 2026-09-17 11:00:00+00:00, run_after=2026-09-17 12:00:00+00:00
[2026-09-17T12:26:27.787+0000] {processor.py:183} INFO - Processing /opt/airflow/dags/extraction_DAG.py took 0.306 seconds
[2026-09-17T12:26:57.947+0000] {processor.py:161} INFO - Started process (PID=4355) to work on /opt/airflow/dags/extraction_DAG.py
[2026-09-17T12:26:58.032+0000] {processor.py:830} INFO - Processing file /opt/airflow/dags/extraction_DAG.py for tasks to queue
[2026-09-17T12:26:58.034+0000] {logging_mixin.py:188} INFO - [2026-09-17T12:26:58.033+0000] {dagbag.py:545} INFO - Filling up the DagBag from /opt/airflow/dags/extraction_DAG.py
[2026-09-17T12:26:58.346+0000] {processor.py:840} INFO - DAG(s) 'extraction_DAG' retrieved from /opt/airflow/dags/extraction_DAG.py
[2026-09-17T12:26:58.357+0000] {logging_mixin.py:188} INFO - [2026-09-17T12:26:58.357+0000] {dag.py:3096} INFO - Sync 1 DAGs
[2026-09-17T12:26:58.368+0000] {logging_mixin.py:188} INFO - [2026-09-17T12:26:58.368+0000] {dag.py:3954} INFO - Setting next_dagrun for extraction_DAG to 2026-09-17 11:00:00+00:00, run_after=2026-09-17 12:00:00+00:00
[2026-09-17T12:26:58.376+0000] {processor.py:183} INFO - Processing /opt/airflow/dags/extraction_DAG.py took 0.438 seconds
[2026-09-17T12:27:28.545+0000] {processor.py:161} INFO - Started process (PID=4365) to work on /opt/airflow/dags/extraction_DAG.py
[2026-09-17T12:27:28.546+0000] {processor.py:830} INFO - Processing file /opt/airflow/dags/extraction_DAG.py for tasks to queue
[2026-09-17T12:27:28.547+0000] {logging_mixin.py:188} INFO - [2026-09-17T12:27:28.546+0000] {dagbag.py:545} INFO - Filling up the DagBag from /opt/airflow/dags/extraction_DAG.py
[2026-09-17T12:27:28.828+0000] {processor.py:840} INFO - DAG(s) 'extraction_DAG' retrieved from /opt/airflow/dags/extraction_DAG.py
[2026-09-17T12:27:28.838+0000] {logging_mixin.py:188} INFO - [2026-09-17T12:27:28.838+0000] {dag.py:3096} INFO - Sync 1 DAGs
[2026-09-17T12:27:28.849+0000] {logging_mixin.py:188} INFO - [2026-09-17T12:27:28.849+0000] {dag.py:3954} INFO - Setting next_dagrun for extraction_DAG to 2026-09-17 11:00:00+00:00, run_after=2026-09-17 12:00:00+00:00
[2026-09-17T12:27:28.858+0000] {processor.py:183} INFO - Processing /opt/airflow/dags/extraction_DAG.py took 0.323 seconds
[2026-09-17T12:27:59.017+0000] {processor.py:161} INFO - Started process (PID=4375) to work on /opt/airflow/dags/extraction_DAG.py
[2026-09-17T12:27:59.107+0000] {processor.py:830} INFO - Processing file /opt/airflow/dags/extraction_DAG.py for tasks to queue
[2026-09-17T12:27:59.108+0000] {logging_mixin.py:188} INFO - [2026-09-17T12:27:59.108+0000] {dagbag.py:545} INFO - Filling up the DagBag from /opt/airflow/dags/extraction_DAG.py
[2026-09-17T12:27:59.400+0000] {processor.py:840} INFO - DAG(s) 'extraction_DAG' retrieved from /opt/airflow/dags/extraction_DAG.py
[2026-09-17T12:27:59.412+0000] {logging_mixin.py:188} INFO - [2026-09-17T12:27:59.412+0000] {dag.py:3096} INFO - Sync 1 DAGs
[2026-09-17T12:27:59.423+0000] {logging_mixin.py:188} INFO - [2026-09-17T12:27:59.423+0000] {dag.py:3954} INFO - Setting next_dagrun for extraction_DAG to 2026-09-17 11:00:00+00:00, run_after=2026-09-17 12:00:00+00:00
[2026-09-17T12:27:59.433+0000] {processor.py:183} INFO - Processing /opt/airflow/dags/extraction_DAG.py took 0.424 seconds
[2026-09-17T12:28:29.591+0000] {processor.py:161} INFO - Started process (PID=4385) to work on /opt/airflow/dags/extraction_DAG.py
[2026-09-17T12:28:29.592+0000] {processor.py:830} INFO - Processing file /opt/airflow/dags/extraction_DAG.py for tasks to queue
[2026-09-17T12:28:29.592+0000] {logging_mixin.py:188} INFO - [2026-09-17T12:28:29.592+0000] {dagbag.py:545} INFO - Filling up the DagBag from /opt/airflow/dags/extraction_DAG.py
[2026-09-17T12:28:29.868+0000] {processor.py:840} INFO - DAG(s) 'extraction_DAG' retrieved from /opt/airflow/dags/extraction_DAG.py
[2026-09-17T12:28:29.879+0000] {logging_mixin.py:188} INFO - [2026-09-17T12:28:29.878+0000] {dag.py:3096} INFO - Sync 1 DAGs
[2026-09-17T12:28:29.891+0000] {logging_mixin.py:188} INFO - [2026-09-17T12:28:29.891+0000] {dag.py:3954} INFO - Setting next_dagrun for extraction_DAG to 2026-09-17 11:00:00+00:00, run_after=2026-09-17 12:00:00+00:00
[2026-09-17T12:28:29.900+0000] {processor.py:183} INFO - Processing /opt/airflow/dags/extraction_DAG.py took 0.312 seconds
[2026-09-17T12:29:00.063+0000] {processor.py:161} INFO - Started process (PID=4395) to work on /opt/airflow/dags/extraction_DAG.py
[2026-09-17T12:29:00.413+0000] {processor.py:830} INFO - Processing file /opt/airflow/dags/extraction_DAG.py for tasks to queue
[2026-09-17T12:29:00.416+0000] {logging_mixin.py:188} INFO - [2026-09-17T12:29:00.415+0000] {dagbag.py:545} INFO - Filling up the DagBag from /opt/airflow/dags/extraction_DAG.py
[2026-09-17T12:29:00.702+0000] {processor.py:840} INFO - DAG(s) 'extraction_DAG' retrieved from /opt/airflow/dags/extraction_DAG.py
[2026-09-17T12:29:00.712+0000] {logging_mixin.py:188} INFO - [2026-09-17T12:29:00.712+0000] {dag.py:3096} INFO - Sync 1 DAGs
[2026-09-17T12:29:00.724+0000] {logging_mixin.py:188} INFO - [2026-09-17T12:29:00.724+0000] {dag.py:3954} INFO - Setting next_dagrun for extraction_DAG to 2026-09-17 11:00:00+00:00, run_after=2026-09-17 12:00:00+00:00
[2026-09-17T12:29:00.733+0000] {processor.py:183} INFO - Processing /opt/airflow/dags/extraction_DAG.py took 0.680 seconds
[2026-09-17T12:29:31.385+0000] {processor.py:161} INFO - Started process (PID=4405) to work on /opt/airflow/dags/extraction_DAG.py
[2026-09-17T12:29:31.386+0000] {processor.py:830} INFO - Processing file /opt/airflow/dags/extraction_DAG.py for tasks to queue
[2026-09-17T12:29:31.386+0000] {logging_mixin.py:188} INFO - [2026-09-17T12:29:31.386+0000] {dagbag.py:545} INFO - Filling up the DagBag from /opt/airflow/dags/extraction_DAG.py
[2026-09-17T12:29:31.655+0000] {processor.py:840} INFO - DAG(s) 'extraction_DAG' retrieved from /opt/airflow/dags/extraction_DAG.py
[2026-09-17T12:29:31.667+0000] {logging_mixin.py:188} INFO - [2026-09-17T12:29:31.667+0000] {dag.py:3096} INFO - Sync 1 DAGs
[2026-09-17T12:29:31.678+0000] {logging_mixin.py:188} INFO - [2026-09-17T12:29:31.678+0000] {dag.py:3954} INFO - Setting next_dagrun for extraction_DAG to 2026-09-17 11:00:00+00:00, run_after=2026-09-17 12:00:00+00:00
[2026-09-17T12:29:31.686+0000] {processor.py:183} INFO - Processing /opt/airflow/dags/extraction_DAG.py took 0.306 seconds
[2026-09-17T12:30:01.854+0000] {processor.py:161} INFO - Started process (PID=4415) to work on /opt/airflow/dags/extraction_DAG.py
[2026-09-17T12:30:01.944+0000] {processor.py:830} INFO - Processing file /opt/airflow/dags/extraction_DAG.py for tasks to queue
[2026-09-17T12:30:01.945+0000] {logging_mixin.py:188} INFO - [2026-09-17T12:30:01.944+0000] {dagbag.py:545} INFO - Filling up the DagBag from /opt/airflow/dags/extraction_DAG.py
[2026-09-17T12:30:02.234+0000] {processor.py:840} INFO - DAG(s) 'extraction_DAG' retrieved from /opt/airflow/dags/extraction_DAG.py
[2026-09-17T12:30:02.245+0000] {logging_mixin.py:188} INFO - [2026-09-17T12:30:02.245+0000] {dag.py:3096} INFO - Sync 1 DAGs
[2026-09-17T12:30:02.256+0000] {logging_mixin.py:188} INFO - [2026-09-17T12:30:02.256+0000] {dag.py:3954} INFO - Setting next_dagrun for extraction_DAG to 2026-09-17 11:00:00+00:00, run_after=2026-09-17 12:00:00+00:00
[2026-09-17T12:30:02.266+0000] {processor.py:183} INFO - Processing /opt/airflow/dags/extraction_DAG.py took 0.420 seconds
[2026-09-17T12:30:32.417+0000] {processor.py:161} INFO - Started process (PID=4425) to work on /opt/airflow/dags/extraction_DAG.py
[2026-09-17T12:30:32.418+0000] {processor.py:830} INFO - Processing file /opt/airflow/dags/extraction_DAG.py for tasks to queue
[2026-09-17T12:30:32.418+0000] {logging_mixin.py:188} INFO - [2026-09-17T12:30:32.418+0000] {dagbag.py:545} INFO - Filling up the DagBag from /opt/airflow/dags/extraction_DAG.py
[2026-09-17T12:30:32.734+0000] {processor.py:840} INFO - DAG(s) 'extraction_DAG' retrieved from /opt/airflow/dags/extraction_DAG.py
[2026-09-17T12:30:32.744+0000] {logging_mixin.py:188} INFO - [2026-09-17T12:30:32.744+0000] {dag.py:3096} INFO - Sync 1 DAGs
[2026-09-17T12:30:32.755+0000] {logging_mixin.py:188} INFO - [2026-09-17T12:30:32.755+0000] {dag.py:3954} INFO - Setting next_dagrun for extraction_DAG to 2026-09-17 11:00:00+00:00, run_after=2026-09-17 12:00:00+00:00
[2026-09-17T12:30:32.765+0000] {processor.py:183} INFO - Processing /opt/airflow/dags/extraction_DAG.py took 0.352 seconds
[2026-09-17T12:31:02.918+0000] {processor.py:161} INFO - Started process (PID=4435) to work on /opt/airflow/dags/extraction_DAG.py
[2026-09-17T12:31:03.011+0000] {processor.py:830} INFO - Processing file /opt/airflow/dags/extraction_DAG.py for tasks to queue
[2026-09-17T12:31:03.012+0000] {logging_mixin.py:188} INFO - [2026-09-17T12:31:03.011+0000] {dagbag.py:545} INFO - Filling up the DagBag from /opt/airflow/dags/extraction_DAG.py
[2026-09-17T12:31:03.321+0000] {processor.py:840} INFO - DAG(s) 'extraction_DAG' retrieved from /opt/airflow/dags/extraction_DAG.py
[2026-09-17T12:31:03.332+0000] {logging_mixin.py:188} INFO - [2026-09-17T12:31:03.332+0000] {dag.py:3096} INFO - Sync 1 DAGs
[2026-09-17T12:31:03.344+0000] {logging_mixin.py:188} INFO - [2026-09-17T12:31:03.344+0000] {dag.py:3954} INFO - Setting next_dagrun for extraction_DAG to 2026-09-17 11:00:00+00:00, run_after=2026-09-17 12:00:00+00:00
[2026-09-17T12:31:03.352+0000] {processor.py:183} INFO - Processing /opt/airflow/dags/extraction_DAG.py took 0.440 seconds
[2026-09-17T12:31:33.519+0000] {processor.py:161} INFO - Started process (PID=4445) to work on /opt/airflow/dags/extraction_DAG.py
[2026-09-17T12:31:33.520+0000] {processor.py:830} INFO - Processing file /opt/airflow/dags/extraction_DAG.py for tasks to queue
[2026-09-17T12:31:33.520+0000] {logging_mixin.py:188} INFO - [2026-09-17T12:31:33.520+0000] {dagbag.py:545} INFO - Filling up the DagBag from /opt/airflow/dags/extraction_DAG.py
[2026-09-17T12:31:33.792+0000] {processor.py:840} INFO - DAG(s) 'extraction_DAG' retrieved from /opt/airflow/dags/extraction_DAG.py
[2026-09-17T12:31:33.802+0000] {logging_mixin.py:188} INFO - [2026-09-17T12:31:33.802+0000] {dag.py:3096} INFO - Sync 1 DAGs
[2026-09-17T12:31:33.814+0000] {logging_mixin.py:188} INFO - [2026-09-17T12:31:33.814+0000] {dag.py:3954} INFO - Setting next_dagrun for extraction_DAG to 2026-09-17 11:00:00+00:00, run_after=2026-09-17 12:00:00+00:00
[2026-09-17T12:31:33.823+0000] {processor.py:183} INFO - Processing /opt/airflow/dags/extraction_DAG.py took 0.314 seconds
[2026-09-17T12:32:03.983+0000] {processor.py:161} INFO - Started process (PID=4455) to work on /opt/airflow/dags/extraction_DAG.py
[2026-09-17T12:32:04.068+0000] {processor.py:830} INFO - Processing file /opt/airflow/dags/extraction_DAG.py for tasks to queue
[2026-09-17T12:32:04.069+0000] {logging_mixin.py:188} INFO - [2026-09-17T12:32:04.069+0000] {dagbag.py:545} INFO - Filling up the DagBag from /opt/airflow/dags/extraction_DAG.py
[2026-09-17T12:32:04.349+0000] {processor.py:840} INFO - DAG(s) 'extraction_DAG' retrieved from /opt/airflow/dags/extraction_DAG.py
[2026-09-17T12:32:04.360+0000] {logging_mixin.py:188} INFO - [2026-09-17T12:32:04.360+0000] {dag.py:3096} INFO - Sync 1 DAGs
[2026-09-17T12:32:04.371+0000] {logging_mixin.py:188} INFO - [2026-09-17T12:32:04.371+0000] {dag.py:3954} INFO - Setting next_dagrun for extraction_DAG to 2026-09-17 11:00:00+00:00, run_after=2026-09-17 12:00:00+00:00
[2026-09-17T12:32:04.380+0000] {processor.py:183} INFO - Processing /opt/airflow/dags/extraction_DAG.py took 0.403 seconds
[2026-09-17T12:32:34.556+0000] {processor.py:161} INFO - Started process (PID=4465) to work on /opt/airflow/dags/extraction_DAG.py
[2026-09-17T12:32:34.557+0000] {processor.py:830} INFO - Processing file /opt/airflow/dags/extraction_DAG.py for tasks to queue
[2026-09-17T12:32:34.558+0000] {logging_mixin.py:188} INFO - [2026-09-17T12:32:34.558+0000] {dagbag.py:545} INFO - Filling up the DagBag from /opt/airflow/dags/extraction_DAG.py
[2026-09-17T12:32:34.834+0000] {processor.py:840} INFO - DAG(s) 'extraction_DAG' retrieved from /opt/airflow/dags/extraction_DAG.py
[2026-09-17T12:32:34.844+0000] {logging_mixin.py:188} INFO - [2026-09-17T12:32:34.844+0000] {dag.py:3096} INFO - Sync 1 DAGs
[2026-09-17T12:32:34.855+0000] {logging_mixin.py:188} INFO - [2026-09-17T12:32:34.855+0000] {dag.py:3954} INFO - Setting next_dagrun for extraction_DAG to 2026-09-17 11:00:00+00:00, run_after=2026-09-17 12:00:00+00:00
[2026-09-17T12:32:34.865+0000] {processor.py:183} INFO - Processing /opt/airflow/dags/extraction_DAG.py took 0.316 seconds
[2026-09-17T12:33:05.025+0000] {processor.py:161} INFO - Started process (PID=4475) to work on /opt/airflow/dags/extraction_DAG.py
[2026-09-17T12:33:05.066+0000] {processor.py:830} INFO - Processing file /opt/airflow/dags/extraction_DAG.py for tasks to queue
[2026-09-17T12:33:05.067+0000] {logging_mixin.py:188} INFO - [2026-09-17T12:33:05.067+0000] {dagbag.py:545} INFO - Filling up the DagBag from /opt/airflow/dags/extraction_DAG.py
[2026-09-17T12:33:05.355+0000] {processor.py:840} INFO - DAG(s) 'extraction_DAG' retrieved from /opt/airflow/dags/extraction_DAG.py
[2026-09-17T12:33:05.366+0000] {logging_mixin.py:188} INFO - [2026-09-17T12:33:05.366+0000] {dag.py:3096} INFO - Sync 1 DAGs
[2026-09-17T12:33:05.384+0000] {logging_mixin.py:188} INFO - [2026-09-17T12:33:05.384+0000] {dag.py:3954} INFO - Setting next_dagrun for extraction_DAG to 2026-09-17 11:00:00+00:00, run_after=2026-09-17 12:00:00+00:00
[2026-09-17T12:33:05.393+0000] {processor.py:183} INFO - Processing /opt/airflow/dags/extraction_DAG.py took 0.376 seconds
[2026-09-17T12:33:35.553+0000] {processor.py:161} INFO - Started process (PID=4485) to work on /opt/airflow/dags/extraction_DAG.py
[2026-09-17T12:33:35.553+0000] {processor.py:830} INFO - Processing file /opt/airflow/dags/extraction_DAG.py for tasks to queue
[2026-09-17T12:33:35.554+0000] {logging_mixin.py:188} INFO - [2026-09-17T12:33:35.553+0000] {dagbag.py:545} INFO - Filling up the DagBag from /opt/airflow/dags/extraction_DAG.py
[2026-09-17T12:33:35.834+0000] {processor.py:840} INFO - DAG(s) 'extraction_DAG' retrieved from /opt/airflow/dags/extraction_DAG.py
[2026-09-17T12:33:35.844+0000] {logging_mixin.py:188} INFO - [2026-09-17T12:33:35.844+0000] {dag.py:3096} INFO - Sync 1 DAGs
[2026-09-17T12:33:35.855+0000] {logging_mixin.py:188} INFO - [2026-09-17T12:33:35.855+0000] {dag.py:3954} INFO - Setting next_dagrun for extraction_DAG to 2026-09-17 11:00:00+00:00, run_after=2026-09-17 12:00:00+00:00
[2026-09-17T12:33:35.865+0000] {processor.py:183} INFO - Processing /opt/airflow/dags/extraction_DAG.py took 0.317 seconds
[2026-09-17T12:34:06.014+0000] {processor.py:161} INFO - Started process (PID=4495) to work on /opt/airflow/dags/extraction_DAG.py
[2026-09-17T12:34:06.126+0000] {processor.py:830} INFO - Processing file /opt/airflow/dags/extraction_DAG.py for tasks to queue
[2026-09-17T12:34:06.127+0000] {logging_mixin.py:188} INFO - [2026-09-17T12:34:06.127+0000] {dagbag.py:545} INFO - Filling up the DagBag from /opt/airflow/dags/extraction_DAG.py
[2026-09-17T12:34:06.419+0000] {processor.py:840} INFO - DAG(s) 'extraction_DAG' retrieved from /opt/airflow/dags/extraction_DAG.py
[2026-09-17T12:34:06.430+0000] {logging_mixin.py:188} INFO - [2026-09-17T12:34:06.429+0000] {dag.py:3096} INFO - Sync 1 DAGs
[2026-09-17T12:34:06.442+0000] {logging_mixin.py:188} INFO - [2026-09-17T12:34:06.442+0000] {dag.py:3954} INFO - Setting next_dagrun for extraction_DAG to 2026-09-17 11:00:00+00:00, run_after=2026-09-17 12:00:00+00:00
[2026-09-17T12:34:06.450+0000] {processor.py:183} INFO - Processing /opt/airflow/dags/extraction_DAG.py took 0.439 seconds
[2026-09-17T12:34:36.613+0000] {processor.py:161} INFO - Started process (PID=4505) to work on /opt/airflow/dags/extraction_DAG.py
[2026-09-17T12:34:36.613+0000] {processor.py:830} INFO - Processing file /opt/airflow/dags/extraction_DAG.py for tasks to queue
[2026-09-17T12:34:36.614+0000] {logging_mixin.py:188} INFO - [2026-09-17T12:34:36.614+0000] {dagbag.py:545} INFO - Filling up the DagBag from /opt/airflow/dags/extraction_DAG.py
[2026-09-17T12:34:36.884+0000] {processor.py:840} INFO - DAG(s) 'extraction_DAG' retrieved from /opt/airflow/dags/extraction_DAG.py
[2026-09-17T12:34:36.895+0000] {logging_mixin.py:188} INFO - [2026-09-17T12:34:36.894+0000] {dag.py:3096} INFO - Sync 1 DAGs
[2026-09-17T12:34:36.907+0000] {logging_mixin.py:188} INFO - [2026-09-17T12:34:36.906+0000] {dag.py:3954} INFO - Setting next_dagrun for extraction_DAG to 2026-09-17 11:00:00+00:00, run_after=2026-09-17 12:00:00+00:00
[2026-09-17T12:34:36.916+0000] {processor.py:183} INFO - Processing /opt/airflow/dags/extraction_DAG.py took 0.306 seconds
[2026-09-17T12:35:07.064+0000] {processor.py:161} INFO - Started process (PID=4515) to work on /opt/airflow/dags/extraction_DAG.py
[2026-09-17T12:35:07.412+0000] {processor.py:830} INFO - Processing file /opt/airflow/dags/extraction_DAG.py for tasks to queue
[2026-09-17T12:35:07.413+0000] {logging_mixin.py:188} INFO - [2026-09-17T12:35:07.413+0000] {dagbag.py:545} INFO - Filling up the DagBag from /opt/airflow/dags/extraction_DAG.py
[2026-09-17T12:35:07.684+0000] {processor.py:840} INFO - DAG(s) 'extraction_DAG' retrieved from /opt/airflow/dags/extraction_DAG.py
[2026-09-17T12:35:07.696+0000] {logging_mixin.py:188} INFO - [2026-09-17T12:35:07.695+0000] {dag.py:3096} INFO - Sync 1 DAGs
[2026-09-17T12:35:07.706+0000] {logging_mixin.py:188} INFO - [2026-09-17T12:35:07.706+0000] {dag.py:3954} INFO - Setting next_dagrun for extraction_DAG to 2026-09-17 11:00:00+00:00, run_after=2026-09-17 12:00:00+00:00
[2026-09-17T12:35:07.716+0000] {processor.py:183} INFO - Processing /opt/airflow/dags/extraction_DAG.py took 0.657 seconds
[2026-09-17T12:35:38.292+0000] {processor.py:161} INFO - Started process (PID=4531) to work on /opt/airflow/dags/extraction_DAG.py
[2026-09-17T12:35:38.292+0000] {processor.py:830} INFO - Processing file /opt/airflow/dags/extraction_DAG.py for tasks to queue
[2026-09-17T12:35:38.293+0000] {logging_mixin.py:188} INFO - [2026-09-17T12:35:38.293+0000] {dagbag.py:545} INFO - Filling up the DagBag from /opt/airflow/dags/extraction_DAG.py
[2026-09-17T12:35:38.564+0000] {processor.py:840} INFO - DAG(s) 'extraction_DAG' retrieved from /opt/airflow/dags/extraction_DAG.py
[2026-09-17T12:35:38.575+0000] {logging_mixin.py:188} INFO - [2026-09-17T12:35:38.575+0000] {dag.py:3096} INFO - Sync 1 DAGs
[2026-09-17T12:35:38.586+0000] {logging_mixin.py:188} INFO - [2026-09-17T12:35:38.586+0000] {dag.py:3954} INFO - Setting next_dagrun for extraction_DAG to 2026-09-17 11:00:00+00:00, run_after=2026-09-17 12:00:00+00:00
[2026-09-17T12:35:38.595+0000] {processor.py:183} INFO - Processing /opt/airflow/dags/extraction_DAG.py took 0.308 seconds
[2026-09-17T12:36:08.761+0000] {processor.py:161} INFO - Started process (PID=4541) to work on /opt/airflow/dags/extraction_DAG.py
[2026-09-17T12:36:09.111+0000] {processor.py:830} INFO - Processing file /opt/airflow/dags/extraction_DAG.py for tasks to queue
[2026-09-17T12:36:09.112+0000] {logging_mixin.py:188} INFO - [2026-09-17T12:36:09.111+0000] {dagbag.py:545} INFO - Filling up the DagBag from /opt/airflow/dags/extraction_DAG.py
[2026-09-17T12:36:09.395+0000] {processor.py:840} INFO - DAG(s) 'extraction_DAG' retrieved from /opt/airflow/dags/extraction_DAG.py
[2026-09-17T12:36:09.405+0000] {logging_mixin.py:188} INFO - [2026-09-17T12:36:09.405+0000] {dag.py:3096} INFO - Sync 1 DAGs
[2026-09-17T12:36:09.416+0000] {logging_mixin.py:188} INFO - [2026-09-17T12:36:09.416+0000] {dag.py:3954} INFO - Setting next_dagrun for extraction_DAG to 2026-09-17 11:00:00+00:00, run_after=2026-09-17 12:00:00+00:00
[2026-09-17T12:36:09.425+0000] {processor.py:183} INFO - Processing /opt/airflow/dags/extraction_DAG.py took 0.673 seconds
[2026-09-17T12:36:39.589+0000] {processor.py:161} INFO - Started process (PID=4551) to work on /opt/airflow/dags/extraction_DAG.py
[2026-09-17T12:36:39.590+0000] {processor.py:830} INFO - Processing file /opt/airflow/dags/extraction_DAG.py for tasks to queue
[2026-09-17T12:36:39.590+0000] {logging_mixin.py:188} INFO - [2026-09-17T12:36:39.590+0000] {dagbag.py:545} INFO - Filling up the DagBag from /opt/airflow/dags/extraction_DAG.py
[2026-09-17T12:36:39.858+0000] {processor.py:840} INFO - DAG(s) 'extraction_DAG' retrieved from /opt/airflow/dags/extraction_DAG.py
[2026-09-17T12:36:39.869+0000] {logging_mixin.py:188} INFO - [2026-09-17T12:36:39.868+0000] {dag.py:3096} INFO - Sync 1 DAGs
[2026-09-17T12:36:39.880+0000] {logging_mixin.py:188} INFO - [2026-09-17T12:36:39.880+0000] {dag.py:3954} INFO - Setting next_dagrun for extraction_DAG to 2026-09-17 11:00:00+00:00, run_after=2026-09-17 12:00:00+00:00
[2026-09-17T12:36:39.889+0000] {processor.py:183} INFO - Processing /opt/airflow/dags/extraction_DAG.py took 0.304 seconds
[2026-09-17T12:37:10.039+0000] {processor.py:161} INFO - Started process (PID=4561) to work on /opt/airflow/dags/extraction_DAG.py
[2026-09-17T12:37:10.099+0000] {processor.py:830} INFO - Processing file /opt/airflow/dags/extraction_DAG.py for tasks to queue
[2026-09-17T12:37:10.100+0000] {logging_mixin.py:188} INFO - [2026-09-17T12:37:10.100+0000] {dagbag.py:545} INFO - Filling up the DagBag from /opt/airflow/dags/extraction_DAG.py
[2026-09-17T12:37:10.385+0000] {processor.py:840} INFO - DAG(s) 'extraction_DAG' retrieved from /opt/airflow/dags/extraction_DAG.py
[2026-09-17T12:37:10.396+0000] {logging_mixin.py:188} INFO - [2026-09-17T12:37:10.396+0000] {dag.py:3096} INFO - Sync 1 DAGs
[2026-09-17T12:37:10.409+0000] {logging_mixin.py:188} INFO - [2026-09-17T12:37:10.409+0000] {dag.py:3954} INFO - Setting next_dagrun for extraction_DAG to 2026-09-17 11:00:00+00:00, run_after=2026-09-17 12:00:00+00:00
[2026-09-17T12:37:10.418+0000] {processor.py:183} INFO - Processing /opt/airflow/dags/extraction_DAG.py took 0.383 seconds
[2026-09-17T12:37:40.606+0000] {processor.py:161} INFO - Started process (PID=4571) to work on /opt/airflow/dags/extraction_DAG.py
[2026-09-17T12:37:40.607+0000] {processor.py:830} INFO - Processing file /opt/airflow/dags/extraction_DAG.py for tasks to queue
[2026-09-17T12:37:40.607+0000] {logging_mixin.py:188} INFO - [2026-09-17T12:37:40.607+0000] {dagbag.py:545} INFO - Filling up the DagBag from /opt/airflow/dags/extraction_DAG.py
[2026-09-17T12:37:40.891+0000] {processor.py:840} INFO - DAG(s) 'extraction_DAG' retrieved from /opt/airflow/dags/extraction_DAG.py
[2026-09-17T12:37:40.903+0000] {logging_mixin.py:188} INFO - [2026-09-17T12:37:40.903+0000] {dag.py:3096} INFO - Sync 1 DAGs
[2026-09-17T12:37:40.916+0000] {logging_mixin.py:188} INFO - [2026-09-17T12:37:40.915+0000] {dag.py:3954} INFO - Setting next_dagrun for extraction_DAG to 2026-09-17 11:00:00+00:00, run_after=2026-09-17 12:00:00+00:00
[2026-09-17T12:37:40.925+0000] {processor.py:183} INFO - Processing /opt/airflow/dags/extraction_DAG.py took 0.326 seconds
[2026-09-17T12:38:11.075+0000] {processor.py:161} INFO - Started process (PID=4581) to work on /opt/airflow/dags/extraction_DAG.py
[2026-09-17T12:38:11.167+0000] {processor.py:830} INFO - Processing file /opt/airflow/dags/extraction_DAG.py for tasks to queue
[2026-09-17T12:38:11.168+0000] {logging_mixin.py:188} INFO - [2026-09-17T12:38:11.168+0000] {dagbag.py:545} INFO - Filling up the DagBag from /opt/airflow/dags/extraction_DAG.py
[2026-09-17T12:38:11.469+0000] {processor.py:840} INFO - DAG(s) 'extraction_DAG' retrieved from /opt/airflow/dags/extraction_DAG.py
[2026-09-17T12:38:11.481+0000] {logging_mixin.py:188} INFO - [2026-09-17T12:38:11.481+0000] {dag.py:3096} INFO - Sync 1 DAGs
[2026-09-17T12:38:11.494+0000] {logging_mixin.py:188} INFO - [2026-09-17T12:38:11.493+0000] {dag.py:3954} INFO - Setting next_dagrun for extraction_DAG to 2026-09-17 11:00:00+00:00, run_after=2026-09-17 12:00:00+00:00
[2026-09-17T12:38:11.503+0000] {processor.py:183} INFO - Processing /opt/airflow/dags/extraction_DAG.py took 0.438 seconds
[2026-09-17T12:38:42.224+0000] {processor.py:161} INFO - Started process (PID=4591) to work on /opt/airflow/dags/extraction_DAG.py
[2026-09-17T12:38:42.225+0000] {processor.py:830} INFO - Processing file /opt/airflow/dags/extraction_DAG.py for tasks to queue
[2026-09-17T12:38:42.226+0000] {logging_mixin.py:188} INFO - [2026-09-17T12:38:42.225+0000] {dagbag.py:545} INFO - Filling up the DagBag from /opt/airflow/dags/extraction_DAG.py
[2026-09-17T12:38:42.496+0000] {processor.py:840} INFO - DAG(s) 'extraction_DAG' retrieved from /opt/airflow/dags/extraction_DAG.py
[2026-09-17T12:38:42.507+0000] {logging_mixin.py:188} INFO - [2026-09-17T12:38:42.507+0000] {dag.py:3096} INFO - Sync 1 DAGs
[2026-09-17T12:38:42.518+0000] {logging_mixin.py:188} INFO - [2026-09-17T12:38:42.518+0000] {dag.py:3954} INFO - Setting next_dagrun for extraction_DAG to 2026-09-17 11:00:00+00:00, run_after=2026-09-17 12:00:00+00:00
[2026-09-17T12:38:42.526+0000] {processor.py:183} INFO - Processing /opt/airflow/dags/extraction_DAG.py took 0.312 seconds
[2026-09-17T12:39:12.687+0000] {processor.py:161} INFO - Started process (PID=4601) to work on /opt/airflow/dags/extraction_DAG.py
[2026-09-17T12:39:13.030+0000] {processor.py:830} INFO - Processing file /opt/airflow/dags/extraction_DAG.py for tasks to queue
[2026-09-17T12:39:13.032+0000] {logging_mixin.py:188} INFO - [2026-09-17T12:39:13.031+0000] {dagbag.py:545} INFO - Filling up the DagBag from /opt/airflow/dags/extraction_DAG.py
[2026-09-17T12:39:13.340+0000] {processor.py:840} INFO - DAG(s) 'extraction_DAG' retrieved from /opt/airflow/dags/extraction_DAG.py
[2026-09-17T12:39:13.351+0000] {logging_mixin.py:188} INFO - [2026-09-17T12:39:13.350+0000] {dag.py:3096} INFO - Sync 1 DAGs
[2026-09-17T12:39:13.362+0000] {logging_mixin.py:188} INFO - [2026-09-17T12:39:13.362+0000] {dag.py:3954} INFO - Setting next_dagrun for extraction_DAG to 2026-09-17 11:00:00+00:00, run_after=2026-09-17 12:00:00+00:00
[2026-09-17T12:39:13.371+0000] {processor.py:183} INFO - Processing /opt/airflow/dags/extraction_DAG.py took 0.693 seconds
[2026-09-17T12:39:43.503+0000] {processor.py:161} INFO - Started process (PID=4611) to work on /opt/airflow/dags/extraction_DAG.py
[2026-09-17T12:39:43.504+0000] {processor.py:830} INFO - Processing file /opt/airflow/dags/extraction_DAG.py for tasks to queue
[2026-09-17T12:39:43.504+0000] {logging_mixin.py:188} INFO - [2026-09-17T12:39:43.504+0000] {dagbag.py:545} INFO - Filling up the DagBag from /opt/airflow/dags/extraction_DAG.py
[2026-09-17T12:39:43.783+0000] {processor.py:840} INFO - DAG(s) 'extraction_DAG' retrieved from /opt/airflow/dags/extraction_DAG.py
[2026-09-17T12:39:43.793+0000] {logging_mixin.py:188} INFO - [2026-09-17T12:39:43.793+0000] {dag.py:3096} INFO - Sync 1 DAGs
[2026-09-17T12:39:43.804+0000] {logging_mixin.py:188} INFO - [2026-09-17T12:39:43.804+0000] {dag.py:3954} INFO - Setting next_dagrun for extraction_DAG to 2026-09-17 11:00:00+00:00, run_after=2026-09-17 12:00:00+00:00
[2026-09-17T12:39:43.814+0000] {processor.py:183} INFO - Processing /opt/airflow/dags/extraction_DAG.py took 0.318 seconds
[2026-09-17T12:40:13.974+0000] {processor.py:161} INFO - Started process (PID=4621) to work on /opt/airflow/dags/extraction_DAG.py
[2026-09-17T12:40:14.349+0000] {processor.py:830} INFO - Processing file /opt/airflow/dags/extraction_DAG.py for tasks to queue
[2026-09-17T12:40:14.351+0000] {logging_mixin.py:188} INFO - [2026-09-17T12:40:14.350+0000] {dagbag.py:545} INFO - Filling up the DagBag from /opt/airflow/dags/extraction_DAG.py
[2026-09-17T12:40:14.628+0000] {processor.py:840} INFO - DAG(s) 'extraction_DAG' retrieved from /opt/airflow/dags/extraction_DAG.py
[2026-09-17T12:40:14.639+0000] {logging_mixin.py:188} INFO - [2026-09-17T12:40:14.638+0000] {dag.py:3096} INFO - Sync 1 DAGs
[2026-09-17T12:40:14.651+0000] {logging_mixin.py:188} INFO - [2026-09-17T12:40:14.651+0000] {dag.py:3954} INFO - Setting next_dagrun for extraction_DAG to 2026-09-17 11:00:00+00:00, run_after=2026-09-17 12:00:00+00:00
[2026-09-17T12:40:14.662+0000] {processor.py:183} INFO - Processing /opt/airflow/dags/extraction_DAG.py took 0.698 seconds
[2026-09-17T12:40:45.193+0000] {processor.py:161} INFO - Started process (PID=4631) to work on /opt/airflow/dags/extraction_DAG.py
[2026-09-17T12:40:45.194+0000] {processor.py:830} INFO - Processing file /opt/airflow/dags/extraction_DAG.py for tasks to queue
[2026-09-17T12:40:45.195+0000] {logging_mixin.py:188} INFO - [2026-09-17T12:40:45.195+0000] {dagbag.py:545} INFO - Filling up the DagBag from /opt/airflow/dags/extraction_DAG.py
[2026-09-17T12:40:45.490+0000] {processor.py:840} INFO - DAG(s) 'extraction_DAG' retrieved from /opt/airflow/dags/extraction_DAG.py
[2026-09-17T12:40:45.501+0000] {logging_mixin.py:188} INFO - [2026-09-17T12:40:45.501+0000] {dag.py:3096} INFO - Sync 1 DAGs
[2026-09-17T12:40:45.513+0000] {logging_mixin.py:188} INFO - [2026-09-17T12:40:45.513+0000] {dag.py:3954} INFO - Setting next_dagrun for extraction_DAG to 2026-09-17 11:00:00+00:00, run_after=2026-09-17 12:00:00+00:00
[2026-09-17T12:40:45.522+0000] {processor.py:183} INFO - Processing /opt/airflow/dags/extraction_DAG.py took 0.339 seconds
[2026-09-17T12:41:15.685+0000] {processor.py:161} INFO - Started process (PID=4641) to work on /opt/airflow/dags/extraction_DAG.py
[2026-09-17T12:41:15.689+0000] {processor.py:830} INFO - Processing file /opt/airflow/dags/extraction_DAG.py for tasks to queue
[2026-09-17T12:41:15.690+0000] {logging_mixin.py:188} INFO - [2026-09-17T12:41:15.689+0000] {dagbag.py:545} INFO - Filling up the DagBag from /opt/airflow/dags/extraction_DAG.py
[2026-09-17T12:41:16.004+0000] {processor.py:840} INFO - DAG(s) 'extraction_DAG' retrieved from /opt/airflow/dags/extraction_DAG.py
[2026-09-17T12:41:16.016+0000] {logging_mixin.py:188} INFO - [2026-09-17T12:41:16.016+0000] {dag.py:3096} INFO - Sync 1 DAGs
[2026-09-17T12:41:16.027+0000] {logging_mixin.py:188} INFO - [2026-09-17T12:41:16.027+0000] {dag.py:3954} INFO - Setting next_dagrun for extraction_DAG to 2026-09-17 11:00:00+00:00, run_after=2026-09-17 12:00:00+00:00
[2026-09-17T12:41:16.037+0000] {processor.py:183} INFO - Processing /opt/airflow/dags/extraction_DAG.py took 0.359 seconds
[2026-09-17T12:41:46.178+0000] {processor.py:161} INFO - Started process (PID=4651) to work on /opt/airflow/dags/extraction_DAG.py
[2026-09-17T12:41:46.179+0000] {processor.py:830} INFO - Processing file /opt/airflow/dags/extraction_DAG.py for tasks to queue
[2026-09-17T12:41:46.179+0000] {logging_mixin.py:188} INFO - [2026-09-17T12:41:46.179+0000] {dagbag.py:545} INFO - Filling up the DagBag from /opt/airflow/dags/extraction_DAG.py
[2026-09-17T12:41:46.447+0000] {processor.py:840} INFO - DAG(s) 'extraction_DAG' retrieved from /opt/airflow/dags/extraction_DAG.py
[2026-09-17T12:41:46.458+0000] {logging_mixin.py:188} INFO - [2026-09-17T12:41:46.458+0000] {dag.py:3096} INFO - Sync 1 DAGs
[2026-09-17T12:41:46.470+0000] {logging_mixin.py:188} INFO - [2026-09-17T12:41:46.470+0000] {dag.py:3954} INFO - Setting next_dagrun for extraction_DAG to 2026-09-17 11:00:00+00:00, run_after=2026-09-17 12:00:00+00:00
[2026-09-17T12:41:46.478+0000] {processor.py:183} INFO - Processing /opt/airflow/dags/extraction_DAG.py took 0.304 seconds
[2026-09-17T12:42:16.648+0000] {processor.py:161} INFO - Started process (PID=4661) to work on /opt/airflow/dags/extraction_DAG.py
[2026-09-17T12:42:16.737+0000] {processor.py:830} INFO - Processing file /opt/airflow/dags/extraction_DAG.py for tasks to queue
[2026-09-17T12:42:16.738+0000] {logging_mixin.py:188} INFO - [2026-09-17T12:42:16.738+0000] {dagbag.py:545} INFO - Filling up the DagBag from /opt/airflow/dags/extraction_DAG.py
[2026-09-17T12:42:17.026+0000] {processor.py:840} INFO - DAG(s) 'extraction_DAG' retrieved from /opt/airflow/dags/extraction_DAG.py
[2026-09-17T12:42:17.037+0000] {logging_mixin.py:188} INFO - [2026-09-17T12:42:17.036+0000] {dag.py:3096} INFO - Sync 1 DAGs
[2026-09-17T12:42:17.048+0000] {logging_mixin.py:188} INFO - [2026-09-17T12:42:17.048+0000] {dag.py:3954} INFO - Setting next_dagrun for extraction_DAG to 2026-09-17 11:00:00+00:00, run_after=2026-09-17 12:00:00+00:00
[2026-09-17T12:42:17.057+0000] {processor.py:183} INFO - Processing /opt/airflow/dags/extraction_DAG.py took 0.413 seconds
[2026-09-17T12:42:47.220+0000] {processor.py:161} INFO - Started process (PID=4671) to work on /opt/airflow/dags/extraction_DAG.py
[2026-09-17T12:42:47.221+0000] {processor.py:830} INFO - Processing file /opt/airflow/dags/extraction_DAG.py for tasks to queue
[2026-09-17T12:42:47.222+0000] {logging_mixin.py:188} INFO - [2026-09-17T12:42:47.222+0000] {dagbag.py:545} INFO - Filling up the DagBag from /opt/airflow/dags/extraction_DAG.py
[2026-09-17T12:42:47.501+0000] {processor.py:840} INFO - DAG(s) 'extraction_DAG' retrieved from /opt/airflow/dags/extraction_DAG.py
[2026-09-17T12:42:47.512+0000] {logging_mixin.py:188} INFO - [2026-09-17T12:42:47.511+0000] {dag.py:3096} INFO - Sync 1 DAGs
[2026-09-17T12:42:47.525+0000] {logging_mixin.py:188} INFO - [2026-09-17T12:42:47.525+0000] {dag.py:3954} INFO - Setting next_dagrun for extraction_DAG to 2026-09-17 11:00:00+00:00, run_after=2026-09-17 12:00:00+00:00
[2026-09-17T12:42:47.538+0000] {processor.py:183} INFO - Processing /opt/airflow/dags/extraction_DAG.py took 0.327 seconds
[2026-09-17T12:43:17.698+0000] {processor.py:161} INFO - Started process (PID=4681) to work on /opt/airflow/dags/extraction_DAG.py
[2026-09-17T12:43:17.796+0000] {processor.py:830} INFO - Processing file /opt/airflow/dags/extraction_DAG.py for tasks to queue
[2026-09-17T12:43:17.798+0000] {logging_mixin.py:188} INFO - [2026-09-17T12:43:17.797+0000] {dagbag.py:545} INFO - Filling up the DagBag from /opt/airflow/dags/extraction_DAG.py
[2026-09-17T12:43:18.093+0000] {processor.py:840} INFO - DAG(s) 'extraction_DAG' retrieved from /opt/airflow/dags/extraction_DAG.py
[2026-09-17T12:43:18.105+0000] {logging_mixin.py:188} INFO - [2026-09-17T12:43:18.105+0000] {dag.py:3096} INFO - Sync 1 DAGs
[2026-09-17T12:43:18.120+0000] {logging_mixin.py:188} INFO - [2026-09-17T12:43:18.120+0000] {dag.py:3954} INFO - Setting next_dagrun for extraction_DAG to 2026-09-17 11:00:00+00:00, run_after=2026-09-17 12:00:00+00:00
[2026-09-17T12:43:18.128+0000] {processor.py:183} INFO - Processing /opt/airflow/dags/extraction_DAG.py took 0.437 seconds
[2026-09-17T12:43:48.279+0000] {processor.py:161} INFO - Started process (PID=4691) to work on /opt/airflow/dags/extraction_DAG.py
[2026-09-17T12:43:48.280+0000] {processor.py:830} INFO - Processing file /opt/airflow/dags/extraction_DAG.py for tasks to queue
[2026-09-17T12:43:48.281+0000] {logging_mixin.py:188} INFO - [2026-09-17T12:43:48.281+0000] {dagbag.py:545} INFO - Filling up the DagBag from /opt/airflow/dags/extraction_DAG.py
[2026-09-17T12:43:48.557+0000] {processor.py:840} INFO - DAG(s) 'extraction_DAG' retrieved from /opt/airflow/dags/extraction_DAG.py
[2026-09-17T12:43:48.568+0000] {logging_mixin.py:188} INFO - [2026-09-17T12:43:48.568+0000] {dag.py:3096} INFO - Sync 1 DAGs
[2026-09-17T12:43:48.580+0000] {logging_mixin.py:188} INFO - [2026-09-17T12:43:48.580+0000] {dag.py:3954} INFO - Setting next_dagrun for extraction_DAG to 2026-09-17 11:00:00+00:00, run_after=2026-09-17 12:00:00+00:00
[2026-09-17T12:43:48.589+0000] {processor.py:183} INFO - Processing /opt/airflow/dags/extraction_DAG.py took 0.314 seconds
[2026-09-17T12:44:18.749+0000] {processor.py:161} INFO - Started process (PID=4701) to work on /opt/airflow/dags/extraction_DAG.py
[2026-09-17T12:44:18.750+0000] {processor.py:830} INFO - Processing file /opt/airflow/dags/extraction_DAG.py for tasks to queue
[2026-09-17T12:44:18.751+0000] {logging_mixin.py:188} INFO - [2026-09-17T12:44:18.751+0000] {dagbag.py:545} INFO - Filling up the DagBag from /opt/airflow/dags/extraction_DAG.py
[2026-09-17T12:44:19.035+0000] {processor.py:840} INFO - DAG(s) 'extraction_DAG' retrieved from /opt/airflow/dags/extraction_DAG.py
[2026-09-17T12:44:19.047+0000] {logging_mixin.py:188} INFO - [2026-09-17T12:44:19.047+0000] {dag.py:3096} INFO - Sync 1 DAGs
[2026-09-17T12:44:19.059+0000] {logging_mixin.py:188} INFO - [2026-09-17T12:44:19.059+0000] {dag.py:3954} INFO - Setting next_dagrun for extraction_DAG to 2026-09-17 11:00:00+00:00, run_after=2026-09-17 12:00:00+00:00
[2026-09-17T12:44:19.068+0000] {processor.py:183} INFO - Processing /opt/airflow/dags/extraction_DAG.py took 0.323 seconds
[2026-09-17T12:44:49.233+0000] {processor.py:161} INFO - Started process (PID=4711) to work on /opt/airflow/dags/extraction_DAG.py
[2026-09-17T12:44:49.323+0000] {processor.py:830} INFO - Processing file /opt/airflow/dags/extraction_DAG.py for tasks to queue
[2026-09-17T12:44:49.324+0000] {logging_mixin.py:188} INFO - [2026-09-17T12:44:49.324+0000] {dagbag.py:545} INFO - Filling up the DagBag from /opt/airflow/dags/extraction_DAG.py
[2026-09-17T12:44:49.601+0000] {processor.py:840} INFO - DAG(s) 'extraction_DAG' retrieved from /opt/airflow/dags/extraction_DAG.py
[2026-09-17T12:44:49.612+0000] {logging_mixin.py:188} INFO - [2026-09-17T12:44:49.611+0000] {dag.py:3096} INFO - Sync 1 DAGs
[2026-09-17T12:44:49.622+0000] {logging_mixin.py:188} INFO - [2026-09-17T12:44:49.622+0000] {dag.py:3954} INFO - Setting next_dagrun for extraction_DAG to 2026-09-17 11:00:00+00:00, run_after=2026-09-17 12:00:00+00:00
[2026-09-17T12:44:49.631+0000] {processor.py:183} INFO - Processing /opt/airflow/dags/extraction_DAG.py took 0.409 seconds
[2026-09-17T12:45:19.785+0000] {processor.py:161} INFO - Started process (PID=4721) to work on /opt/airflow/dags/extraction_DAG.py
[2026-09-17T12:45:19.786+0000] {processor.py:830} INFO - Processing file /opt/airflow/dags/extraction_DAG.py for tasks to queue
[2026-09-17T12:45:19.786+0000] {logging_mixin.py:188} INFO - [2026-09-17T12:45:19.786+0000] {dagbag.py:545} INFO - Filling up the DagBag from /opt/airflow/dags/extraction_DAG.py
[2026-09-17T12:45:20.059+0000] {processor.py:840} INFO - DAG(s) 'extraction_DAG' retrieved from /opt/airflow/dags/extraction_DAG.py
[2026-09-17T12:45:20.070+0000] {logging_mixin.py:188} INFO - [2026-09-17T12:45:20.069+0000] {dag.py:3096} INFO - Sync 1 DAGs
[2026-09-17T12:45:20.081+0000] {logging_mixin.py:188} INFO - [2026-09-17T12:45:20.081+0000] {dag.py:3954} INFO - Setting next_dagrun for extraction_DAG to 2026-09-17 11:00:00+00:00, run_after=2026-09-17 12:00:00+00:00
[2026-09-17T12:45:20.090+0000] {processor.py:183} INFO - Processing /opt/airflow/dags/extraction_DAG.py took 0.309 seconds
[2026-09-17T12:45:50.241+0000] {processor.py:161} INFO - Started process (PID=4731) to work on /opt/airflow/dags/extraction_DAG.py
[2026-09-17T12:45:50.589+0000] {processor.py:830} INFO - Processing file /opt/airflow/dags/extraction_DAG.py for tasks to queue
[2026-09-17T12:45:50.590+0000] {logging_mixin.py:188} INFO - [2026-09-17T12:45:50.590+0000] {dagbag.py:545} INFO - Filling up the DagBag from /opt/airflow/dags/extraction_DAG.py
[2026-09-17T12:45:50.863+0000] {processor.py:840} INFO - DAG(s) 'extraction_DAG' retrieved from /opt/airflow/dags/extraction_DAG.py
[2026-09-17T12:45:50.874+0000] {logging_mixin.py:188} INFO - [2026-09-17T12:45:50.874+0000] {dag.py:3096} INFO - Sync 1 DAGs
[2026-09-17T12:45:50.885+0000] {logging_mixin.py:188} INFO - [2026-09-17T12:45:50.885+0000] {dag.py:3954} INFO - Setting next_dagrun for extraction_DAG to 2026-09-17 11:00:00+00:00, run_after=2026-09-17 12:00:00+00:00
[2026-09-17T12:45:50.894+0000] {processor.py:183} INFO - Processing /opt/airflow/dags/extraction_DAG.py took 0.658 seconds
[2026-09-17T12:46:21.544+0000] {processor.py:161} INFO - Started process (PID=4741) to work on /opt/airflow/dags/extraction_DAG.py
[2026-09-17T12:46:21.545+0000] {processor.py:830} INFO - Processing file /opt/airflow/dags/extraction_DAG.py for tasks to queue
[2026-09-17T12:46:21.546+0000] {logging_mixin.py:188} INFO - [2026-09-17T12:46:21.545+0000] {dagbag.py:545} INFO - Filling up the DagBag from /opt/airflow/dags/extraction_DAG.py
[2026-09-17T12:46:21.816+0000] {processor.py:840} INFO - DAG(s) 'extraction_DAG' retrieved from /opt/airflow/dags/extraction_DAG.py
[2026-09-17T12:46:21.827+0000] {logging_mixin.py:188} INFO - [2026-09-17T12:46:21.827+0000] {dag.py:3096} INFO - Sync 1 DAGs
[2026-09-17T12:46:21.839+0000] {logging_mixin.py:188} INFO - [2026-09-17T12:46:21.839+0000] {dag.py:3954} INFO - Setting next_dagrun for extraction_DAG to 2026-09-17 11:00:00+00:00, run_after=2026-09-17 12:00:00+00:00
[2026-09-17T12:46:21.849+0000] {processor.py:183} INFO - Processing /opt/airflow/dags/extraction_DAG.py took 0.314 seconds
[2026-09-17T12:46:52.009+0000] {processor.py:161} INFO - Started process (PID=4751) to work on /opt/airflow/dags/extraction_DAG.py
[2026-09-17T12:46:52.108+0000] {processor.py:830} INFO - Processing file /opt/airflow/dags/extraction_DAG.py for tasks to queue
[2026-09-17T12:46:52.110+0000] {logging_mixin.py:188} INFO - [2026-09-17T12:46:52.109+0000] {dagbag.py:545} INFO - Filling up the DagBag from /opt/airflow/dags/extraction_DAG.py
[2026-09-17T12:46:52.397+0000] {processor.py:840} INFO - DAG(s) 'extraction_DAG' retrieved from /opt/airflow/dags/extraction_DAG.py
[2026-09-17T12:46:52.410+0000] {logging_mixin.py:188} INFO - [2026-09-17T12:46:52.410+0000] {dag.py:3096} INFO - Sync 1 DAGs
[2026-09-17T12:46:52.421+0000] {logging_mixin.py:188} INFO - [2026-09-17T12:46:52.421+0000] {dag.py:3954} INFO - Setting next_dagrun for extraction_DAG to 2026-09-17 11:00:00+00:00, run_after=2026-09-17 12:00:00+00:00
[2026-09-17T12:46:52.429+0000] {processor.py:183} INFO - Processing /opt/airflow/dags/extraction_DAG.py took 0.426 seconds
[2026-09-17T12:47:22.583+0000] {processor.py:161} INFO - Started process (PID=4761) to work on /opt/airflow/dags/extraction_DAG.py
[2026-09-17T12:47:22.583+0000] {processor.py:830} INFO - Processing file /opt/airflow/dags/extraction_DAG.py for tasks to queue
[2026-09-17T12:47:22.584+0000] {logging_mixin.py:188} INFO - [2026-09-17T12:47:22.583+0000] {dagbag.py:545} INFO - Filling up the DagBag from /opt/airflow/dags/extraction_DAG.py
[2026-09-17T12:47:22.854+0000] {processor.py:840} INFO - DAG(s) 'extraction_DAG' retrieved from /opt/airflow/dags/extraction_DAG.py
[2026-09-17T12:47:22.864+0000] {logging_mixin.py:188} INFO - [2026-09-17T12:47:22.864+0000] {dag.py:3096} INFO - Sync 1 DAGs
[2026-09-17T12:47:22.875+0000] {logging_mixin.py:188} INFO - [2026-09-17T12:47:22.875+0000] {dag.py:3954} INFO - Setting next_dagrun for extraction_DAG to 2026-09-17 11:00:00+00:00, run_after=2026-09-17 12:00:00+00:00
[2026-09-17T12:47:22.883+0000] {processor.py:183} INFO - Processing /opt/airflow/dags/extraction_DAG.py took 0.304 seconds
[2026-09-17T12:47:53.048+0000] {processor.py:161} INFO - Started process (PID=4771) to work on /opt/airflow/dags/extraction_DAG.py
[2026-09-17T12:47:53.140+0000] {processor.py:830} INFO - Processing file /opt/airflow/dags/extraction_DAG.py for tasks to queue
[2026-09-17T12:47:53.141+0000] {logging_mixin.py:188} INFO - [2026-09-17T12:47:53.141+0000] {dagbag.py:545} INFO - Filling up the DagBag from /opt/airflow/dags/extraction_DAG.py
[2026-09-17T12:47:53.465+0000] {processor.py:840} INFO - DAG(s) 'extraction_DAG' retrieved from /opt/airflow/dags/extraction_DAG.py
[2026-09-17T12:47:53.475+0000] {logging_mixin.py:188} INFO - [2026-09-17T12:47:53.475+0000] {dag.py:3096} INFO - Sync 1 DAGs
[2026-09-17T12:47:53.486+0000] {logging_mixin.py:188} INFO - [2026-09-17T12:47:53.486+0000] {dag.py:3954} INFO - Setting next_dagrun for extraction_DAG to 2026-09-17 11:00:00+00:00, run_after=2026-09-17 12:00:00+00:00
[2026-09-17T12:47:53.495+0000] {processor.py:183} INFO - Processing /opt/airflow/dags/extraction_DAG.py took 0.450 seconds
[2026-09-17T12:48:23.667+0000] {processor.py:161} INFO - Started process (PID=4781) to work on /opt/airflow/dags/extraction_DAG.py
[2026-09-17T12:48:23.668+0000] {processor.py:830} INFO - Processing file /opt/airflow/dags/extraction_DAG.py for tasks to queue
[2026-09-17T12:48:23.669+0000] {logging_mixin.py:188} INFO - [2026-09-17T12:48:23.669+0000] {dagbag.py:545} INFO - Filling up the DagBag from /opt/airflow/dags/extraction_DAG.py
[2026-09-17T12:48:23.943+0000] {processor.py:840} INFO - DAG(s) 'extraction_DAG' retrieved from /opt/airflow/dags/extraction_DAG.py
[2026-09-17T12:48:23.954+0000] {logging_mixin.py:188} INFO - [2026-09-17T12:48:23.954+0000] {dag.py:3096} INFO - Sync 1 DAGs
[2026-09-17T12:48:23.966+0000] {logging_mixin.py:188} INFO - [2026-09-17T12:48:23.966+0000] {dag.py:3954} INFO - Setting next_dagrun for extraction_DAG to 2026-09-17 11:00:00+00:00, run_after=2026-09-17 12:00:00+00:00
[2026-09-17T12:48:23.976+0000] {processor.py:183} INFO - Processing /opt/airflow/dags/extraction_DAG.py took 0.318 seconds
[2026-09-17T12:48:54.141+0000] {processor.py:161} INFO - Started process (PID=4791) to work on /opt/airflow/dags/extraction_DAG.py
[2026-09-17T12:48:54.230+0000] {processor.py:830} INFO - Processing file /opt/airflow/dags/extraction_DAG.py for tasks to queue
[2026-09-17T12:48:54.232+0000] {logging_mixin.py:188} INFO - [2026-09-17T12:48:54.231+0000] {dagbag.py:545} INFO - Filling up the DagBag from /opt/airflow/dags/extraction_DAG.py
[2026-09-17T12:48:54.525+0000] {processor.py:840} INFO - DAG(s) 'extraction_DAG' retrieved from /opt/airflow/dags/extraction_DAG.py
[2026-09-17T12:48:54.536+0000] {logging_mixin.py:188} INFO - [2026-09-17T12:48:54.535+0000] {dag.py:3096} INFO - Sync 1 DAGs
[2026-09-17T12:48:54.548+0000] {logging_mixin.py:188} INFO - [2026-09-17T12:48:54.548+0000] {dag.py:3954} INFO - Setting next_dagrun for extraction_DAG to 2026-09-17 11:00:00+00:00, run_after=2026-09-17 12:00:00+00:00
[2026-09-17T12:48:54.556+0000] {processor.py:183} INFO - Processing /opt/airflow/dags/extraction_DAG.py took 0.424 seconds
[2026-09-17T12:49:24.693+0000] {processor.py:161} INFO - Started process (PID=4800) to work on /opt/airflow/dags/extraction_DAG.py
[2026-09-17T12:49:24.694+0000] {processor.py:830} INFO - Processing file /opt/airflow/dags/extraction_DAG.py for tasks to queue
[2026-09-17T12:49:24.694+0000] {logging_mixin.py:188} INFO - [2026-09-17T12:49:24.694+0000] {dagbag.py:545} INFO - Filling up the DagBag from /opt/airflow/dags/extraction_DAG.py
[2026-09-17T12:49:24.974+0000] {processor.py:840} INFO - DAG(s) 'extraction_DAG' retrieved from /opt/airflow/dags/extraction_DAG.py
[2026-09-17T12:49:24.985+0000] {logging_mixin.py:188} INFO - [2026-09-17T12:49:24.985+0000] {dag.py:3096} INFO - Sync 1 DAGs
[2026-09-17T12:49:24.997+0000] {logging_mixin.py:188} INFO - [2026-09-17T12:49:24.997+0000] {dag.py:3954} INFO - Setting next_dagrun for extraction_DAG to 2026-09-17 11:00:00+00:00, run_after=2026-09-17 12:00:00+00:00
[2026-09-17T12:49:25.005+0000] {processor.py:183} INFO - Processing /opt/airflow/dags/extraction_DAG.py took 0.318 seconds
[2026-09-17T12:49:55.178+0000] {processor.py:161} INFO - Started process (PID=4810) to work on /opt/airflow/dags/extraction_DAG.py
[2026-09-17T12:49:55.275+0000] {processor.py:830} INFO - Processing file /opt/airflow/dags/extraction_DAG.py for tasks to queue
[2026-09-17T12:49:55.276+0000] {logging_mixin.py:188} INFO - [2026-09-17T12:49:55.276+0000] {dagbag.py:545} INFO - Filling up the DagBag from /opt/airflow/dags/extraction_DAG.py
[2026-09-17T12:49:55.561+0000] {processor.py:840} INFO - DAG(s) 'extraction_DAG' retrieved from /opt/airflow/dags/extraction_DAG.py
[2026-09-17T12:49:55.573+0000] {logging_mixin.py:188} INFO - [2026-09-17T12:49:55.572+0000] {dag.py:3096} INFO - Sync 1 DAGs
[2026-09-17T12:49:55.584+0000] {logging_mixin.py:188} INFO - [2026-09-17T12:49:55.584+0000] {dag.py:3954} INFO - Setting next_dagrun for extraction_DAG to 2026-09-17 11:00:00+00:00, run_after=2026-09-17 12:00:00+00:00
[2026-09-17T12:49:55.593+0000] {processor.py:183} INFO - Processing /opt/airflow/dags/extraction_DAG.py took 0.424 seconds
[2026-09-17T12:50:25.705+0000] {processor.py:161} INFO - Started process (PID=4820) to work on /opt/airflow/dags/extraction_DAG.py
[2026-09-17T12:50:25.705+0000] {processor.py:830} INFO - Processing file /opt/airflow/dags/extraction_DAG.py for tasks to queue
[2026-09-17T12:50:25.706+0000] {logging_mixin.py:188} INFO - [2026-09-17T12:50:25.706+0000] {dagbag.py:545} INFO - Filling up the DagBag from /opt/airflow/dags/extraction_DAG.py
[2026-09-17T12:50:25.977+0000] {processor.py:840} INFO - DAG(s) 'extraction_DAG' retrieved from /opt/airflow/dags/extraction_DAG.py
[2026-09-17T12:50:25.988+0000] {logging_mixin.py:188} INFO - [2026-09-17T12:50:25.988+0000] {dag.py:3096} INFO - Sync 1 DAGs
[2026-09-17T12:50:26.000+0000] {logging_mixin.py:188} INFO - [2026-09-17T12:50:25.999+0000] {dag.py:3954} INFO - Setting next_dagrun for extraction_DAG to 2026-09-17 11:00:00+00:00, run_after=2026-09-17 12:00:00+00:00
[2026-09-17T12:50:26.009+0000] {processor.py:183} INFO - Processing /opt/airflow/dags/extraction_DAG.py took 0.314 seconds
[2026-09-17T12:50:56.174+0000] {processor.py:161} INFO - Started process (PID=4830) to work on /opt/airflow/dags/extraction_DAG.py
[2026-09-17T12:50:56.263+0000] {processor.py:830} INFO - Processing file /opt/airflow/dags/extraction_DAG.py for tasks to queue
[2026-09-17T12:50:56.264+0000] {logging_mixin.py:188} INFO - [2026-09-17T12:50:56.264+0000] {dagbag.py:545} INFO - Filling up the DagBag from /opt/airflow/dags/extraction_DAG.py
[2026-09-17T12:50:56.569+0000] {processor.py:840} INFO - DAG(s) 'extraction_DAG' retrieved from /opt/airflow/dags/extraction_DAG.py
[2026-09-17T12:50:56.580+0000] {logging_mixin.py:188} INFO - [2026-09-17T12:50:56.580+0000] {dag.py:3096} INFO - Sync 1 DAGs
[2026-09-17T12:50:56.591+0000] {logging_mixin.py:188} INFO - [2026-09-17T12:50:56.591+0000] {dag.py:3954} INFO - Setting next_dagrun for extraction_DAG to 2026-09-17 11:00:00+00:00, run_after=2026-09-17 12:00:00+00:00
[2026-09-17T12:50:56.600+0000] {processor.py:183} INFO - Processing /opt/airflow/dags/extraction_DAG.py took 0.432 seconds
[2026-09-17T12:51:26.702+0000] {processor.py:161} INFO - Started process (PID=4840) to work on /opt/airflow/dags/extraction_DAG.py
[2026-09-17T12:51:26.702+0000] {processor.py:830} INFO - Processing file /opt/airflow/dags/extraction_DAG.py for tasks to queue
[2026-09-17T12:51:26.703+0000] {logging_mixin.py:188} INFO - [2026-09-17T12:51:26.703+0000] {dagbag.py:545} INFO - Filling up the DagBag from /opt/airflow/dags/extraction_DAG.py
[2026-09-17T12:51:26.977+0000] {processor.py:840} INFO - DAG(s) 'extraction_DAG' retrieved from /opt/airflow/dags/extraction_DAG.py
[2026-09-17T12:51:26.988+0000] {logging_mixin.py:188} INFO - [2026-09-17T12:51:26.987+0000] {dag.py:3096} INFO - Sync 1 DAGs
[2026-09-17T12:51:26.998+0000] {logging_mixin.py:188} INFO - [2026-09-17T12:51:26.998+0000] {dag.py:3954} INFO - Setting next_dagrun for extraction_DAG to 2026-09-17 11:00:00+00:00, run_after=2026-09-17 12:00:00+00:00
[2026-09-17T12:51:27.007+0000] {processor.py:183} INFO - Processing /opt/airflow/dags/extraction_DAG.py took 0.315 seconds
[2026-09-17T12:51:57.160+0000] {processor.py:161} INFO - Started process (PID=4850) to work on /opt/airflow/dags/extraction_DAG.py
[2026-09-17T12:51:57.248+0000] {processor.py:830} INFO - Processing file /opt/airflow/dags/extraction_DAG.py for tasks to queue
[2026-09-17T12:51:57.248+0000] {logging_mixin.py:188} INFO - [2026-09-17T12:51:57.248+0000] {dagbag.py:545} INFO - Filling up the DagBag from /opt/airflow/dags/extraction_DAG.py
[2026-09-17T12:51:57.536+0000] {processor.py:840} INFO - DAG(s) 'extraction_DAG' retrieved from /opt/airflow/dags/extraction_DAG.py
[2026-09-17T12:51:57.548+0000] {logging_mixin.py:188} INFO - [2026-09-17T12:51:57.548+0000] {dag.py:3096} INFO - Sync 1 DAGs
[2026-09-17T12:51:57.564+0000] {logging_mixin.py:188} INFO - [2026-09-17T12:51:57.563+0000] {dag.py:3954} INFO - Setting next_dagrun for extraction_DAG to 2026-09-17 11:00:00+00:00, run_after=2026-09-17 12:00:00+00:00
[2026-09-17T12:51:57.574+0000] {processor.py:183} INFO - Processing /opt/airflow/dags/extraction_DAG.py took 0.417 seconds
[2026-09-17T12:52:27.693+0000] {processor.py:161} INFO - Started process (PID=4860) to work on /opt/airflow/dags/extraction_DAG.py
[2026-09-17T12:52:27.693+0000] {processor.py:830} INFO - Processing file /opt/airflow/dags/extraction_DAG.py for tasks to queue
[2026-09-17T12:52:27.694+0000] {logging_mixin.py:188} INFO - [2026-09-17T12:52:27.694+0000] {dagbag.py:545} INFO - Filling up the DagBag from /opt/airflow/dags/extraction_DAG.py
[2026-09-17T12:52:27.978+0000] {processor.py:840} INFO - DAG(s) 'extraction_DAG' retrieved from /opt/airflow/dags/extraction_DAG.py
[2026-09-17T12:52:27.989+0000] {logging_mixin.py:188} INFO - [2026-09-17T12:52:27.989+0000] {dag.py:3096} INFO - Sync 1 DAGs
[2026-09-17T12:52:28.002+0000] {logging_mixin.py:188} INFO - [2026-09-17T12:52:28.002+0000] {dag.py:3954} INFO - Setting next_dagrun for extraction_DAG to 2026-09-17 11:00:00+00:00, run_after=2026-09-17 12:00:00+00:00
[2026-09-17T12:52:28.011+0000] {processor.py:183} INFO - Processing /opt/airflow/dags/extraction_DAG.py took 0.323 seconds
[2026-09-17T12:52:58.180+0000] {processor.py:161} INFO - Started process (PID=4870) to work on /opt/airflow/dags/extraction_DAG.py
[2026-09-17T12:52:58.269+0000] {processor.py:830} INFO - Processing file /opt/airflow/dags/extraction_DAG.py for tasks to queue
[2026-09-17T12:52:58.270+0000] {logging_mixin.py:188} INFO - [2026-09-17T12:52:58.270+0000] {dagbag.py:545} INFO - Filling up the DagBag from /opt/airflow/dags/extraction_DAG.py
[2026-09-17T12:52:58.562+0000] {processor.py:840} INFO - DAG(s) 'extraction_DAG' retrieved from /opt/airflow/dags/extraction_DAG.py
[2026-09-17T12:52:58.574+0000] {logging_mixin.py:188} INFO - [2026-09-17T12:52:58.574+0000] {dag.py:3096} INFO - Sync 1 DAGs
[2026-09-17T12:52:58.587+0000] {logging_mixin.py:188} INFO - [2026-09-17T12:52:58.587+0000] {dag.py:3954} INFO - Setting next_dagrun for extraction_DAG to 2026-09-17 11:00:00+00:00, run_after=2026-09-17 12:00:00+00:00
[2026-09-17T12:52:58.595+0000] {processor.py:183} INFO - Processing /opt/airflow/dags/extraction_DAG.py took 0.422 seconds
[2026-09-17T12:53:28.720+0000] {processor.py:161} INFO - Started process (PID=4880) to work on /opt/airflow/dags/extraction_DAG.py
[2026-09-17T12:53:28.721+0000] {processor.py:830} INFO - Processing file /opt/airflow/dags/extraction_DAG.py for tasks to queue
[2026-09-17T12:53:28.722+0000] {logging_mixin.py:188} INFO - [2026-09-17T12:53:28.721+0000] {dagbag.py:545} INFO - Filling up the DagBag from /opt/airflow/dags/extraction_DAG.py
[2026-09-17T12:53:28.990+0000] {processor.py:840} INFO - DAG(s) 'extraction_DAG' retrieved from /opt/airflow/dags/extraction_DAG.py
[2026-09-17T12:53:29.001+0000] {logging_mixin.py:188} INFO - [2026-09-17T12:53:29.001+0000] {dag.py:3096} INFO - Sync 1 DAGs
[2026-09-17T12:53:29.013+0000] {logging_mixin.py:188} INFO - [2026-09-17T12:53:29.013+0000] {dag.py:3954} INFO - Setting next_dagrun for extraction_DAG to 2026-09-17 11:00:00+00:00, run_after=2026-09-17 12:00:00+00:00
[2026-09-17T12:53:29.022+0000] {processor.py:183} INFO - Processing /opt/airflow/dags/extraction_DAG.py took 0.312 seconds
[2026-09-17T12:53:59.182+0000] {processor.py:161} INFO - Started process (PID=4890) to work on /opt/airflow/dags/extraction_DAG.py
[2026-09-17T12:53:59.275+0000] {processor.py:830} INFO - Processing file /opt/airflow/dags/extraction_DAG.py for tasks to queue
[2026-09-17T12:53:59.277+0000] {logging_mixin.py:188} INFO - [2026-09-17T12:53:59.276+0000] {dagbag.py:545} INFO - Filling up the DagBag from /opt/airflow/dags/extraction_DAG.py
[2026-09-17T12:53:59.566+0000] {processor.py:840} INFO - DAG(s) 'extraction_DAG' retrieved from /opt/airflow/dags/extraction_DAG.py
[2026-09-17T12:53:59.577+0000] {logging_mixin.py:188} INFO - [2026-09-17T12:53:59.576+0000] {dag.py:3096} INFO - Sync 1 DAGs
[2026-09-17T12:53:59.587+0000] {logging_mixin.py:188} INFO - [2026-09-17T12:53:59.587+0000] {dag.py:3954} INFO - Setting next_dagrun for extraction_DAG to 2026-09-17 11:00:00+00:00, run_after=2026-09-17 12:00:00+00:00
[2026-09-17T12:53:59.597+0000] {processor.py:183} INFO - Processing /opt/airflow/dags/extraction_DAG.py took 0.418 seconds
[2026-09-17T12:54:29.710+0000] {processor.py:161} INFO - Started process (PID=4900) to work on /opt/airflow/dags/extraction_DAG.py
[2026-09-17T12:54:29.710+0000] {processor.py:830} INFO - Processing file /opt/airflow/dags/extraction_DAG.py for tasks to queue
[2026-09-17T12:54:29.711+0000] {logging_mixin.py:188} INFO - [2026-09-17T12:54:29.711+0000] {dagbag.py:545} INFO - Filling up the DagBag from /opt/airflow/dags/extraction_DAG.py
[2026-09-17T12:54:29.982+0000] {processor.py:840} INFO - DAG(s) 'extraction_DAG' retrieved from /opt/airflow/dags/extraction_DAG.py
[2026-09-17T12:54:29.993+0000] {logging_mixin.py:188} INFO - [2026-09-17T12:54:29.993+0000] {dag.py:3096} INFO - Sync 1 DAGs
[2026-09-17T12:54:30.005+0000] {logging_mixin.py:188} INFO - [2026-09-17T12:54:30.005+0000] {dag.py:3954} INFO - Setting next_dagrun for extraction_DAG to 2026-09-17 11:00:00+00:00, run_after=2026-09-17 12:00:00+00:00
[2026-09-17T12:54:30.014+0000] {processor.py:183} INFO - Processing /opt/airflow/dags/extraction_DAG.py took 0.308 seconds
[2026-09-17T12:55:00.164+0000] {processor.py:161} INFO - Started process (PID=4910) to work on /opt/airflow/dags/extraction_DAG.py
[2026-09-17T12:55:00.253+0000] {processor.py:830} INFO - Processing file /opt/airflow/dags/extraction_DAG.py for tasks to queue
[2026-09-17T12:55:00.255+0000] {logging_mixin.py:188} INFO - [2026-09-17T12:55:00.254+0000] {dagbag.py:545} INFO - Filling up the DagBag from /opt/airflow/dags/extraction_DAG.py
[2026-09-17T12:55:00.536+0000] {processor.py:840} INFO - DAG(s) 'extraction_DAG' retrieved from /opt/airflow/dags/extraction_DAG.py
[2026-09-17T12:55:00.547+0000] {logging_mixin.py:188} INFO - [2026-09-17T12:55:00.547+0000] {dag.py:3096} INFO - Sync 1 DAGs
[2026-09-17T12:55:00.559+0000] {logging_mixin.py:188} INFO - [2026-09-17T12:55:00.559+0000] {dag.py:3954} INFO - Setting next_dagrun for extraction_DAG to 2026-09-17 11:00:00+00:00, run_after=2026-09-17 12:00:00+00:00
[2026-09-17T12:55:00.573+0000] {processor.py:183} INFO - Processing /opt/airflow/dags/extraction_DAG.py took 0.419 seconds
[2026-09-17T12:55:30.731+0000] {processor.py:161} INFO - Started process (PID=4920) to work on /opt/airflow/dags/extraction_DAG.py
[2026-09-17T12:55:30.732+0000] {processor.py:830} INFO - Processing file /opt/airflow/dags/extraction_DAG.py for tasks to queue
[2026-09-17T12:55:30.733+0000] {logging_mixin.py:188} INFO - [2026-09-17T12:55:30.733+0000] {dagbag.py:545} INFO - Filling up the DagBag from /opt/airflow/dags/extraction_DAG.py
[2026-09-17T12:55:31.005+0000] {processor.py:840} INFO - DAG(s) 'extraction_DAG' retrieved from /opt/airflow/dags/extraction_DAG.py
[2026-09-17T12:55:31.016+0000] {logging_mixin.py:188} INFO - [2026-09-17T12:55:31.016+0000] {dag.py:3096} INFO - Sync 1 DAGs
[2026-09-17T12:55:31.029+0000] {logging_mixin.py:188} INFO - [2026-09-17T12:55:31.029+0000] {dag.py:3954} INFO - Setting next_dagrun for extraction_DAG to 2026-09-17 11:00:00+00:00, run_after=2026-09-17 12:00:00+00:00
[2026-09-17T12:55:31.038+0000] {processor.py:183} INFO - Processing /opt/airflow/dags/extraction_DAG.py took 0.315 seconds
[2026-09-17T12:56:01.170+0000] {processor.py:161} INFO - Started process (PID=4930) to work on /opt/airflow/dags/extraction_DAG.py
[2026-09-17T12:56:01.171+0000] {processor.py:830} INFO - Processing file /opt/airflow/dags/extraction_DAG.py for tasks to queue
[2026-09-17T12:56:01.171+0000] {logging_mixin.py:188} INFO - [2026-09-17T12:56:01.171+0000] {dagbag.py:545} INFO - Filling up the DagBag from /opt/airflow/dags/extraction_DAG.py
[2026-09-17T12:56:01.448+0000] {processor.py:840} INFO - DAG(s) 'extraction_DAG' retrieved from /opt/airflow/dags/extraction_DAG.py
[2026-09-17T12:56:01.459+0000] {logging_mixin.py:188} INFO - [2026-09-17T12:56:01.459+0000] {dag.py:3096} INFO - Sync 1 DAGs
[2026-09-17T12:56:01.470+0000] {logging_mixin.py:188} INFO - [2026-09-17T12:56:01.470+0000] {dag.py:3954} INFO - Setting next_dagrun for extraction_DAG to 2026-09-17 11:00:00+00:00, run_after=2026-09-17 12:00:00+00:00
[2026-09-17T12:56:01.479+0000] {processor.py:183} INFO - Processing /opt/airflow/dags/extraction_DAG.py took 0.312 seconds
[2026-09-17T12:56:31.647+0000] {processor.py:161} INFO - Started process (PID=4940) to work on /opt/airflow/dags/extraction_DAG.py
[2026-09-17T12:56:31.738+0000] {processor.py:830} INFO - Processing file /opt/airflow/dags/extraction_DAG.py for tasks to queue
[2026-09-17T12:56:31.739+0000] {logging_mixin.py:188} INFO - [2026-09-17T12:56:31.739+0000] {dagbag.py:545} INFO - Filling up the DagBag from /opt/airflow/dags/extraction_DAG.py
[2026-09-17T12:56:32.029+0000] {processor.py:840} INFO - DAG(s) 'extraction_DAG' retrieved from /opt/airflow/dags/extraction_DAG.py
[2026-09-17T12:56:32.040+0000] {logging_mixin.py:188} INFO - [2026-09-17T12:56:32.040+0000] {dag.py:3096} INFO - Sync 1 DAGs
[2026-09-17T12:56:32.051+0000] {logging_mixin.py:188} INFO - [2026-09-17T12:56:32.051+0000] {dag.py:3954} INFO - Setting next_dagrun for extraction_DAG to 2026-09-17 11:00:00+00:00, run_after=2026-09-17 12:00:00+00:00
[2026-09-17T12:56:32.060+0000] {processor.py:183} INFO - Processing /opt/airflow/dags/extraction_DAG.py took 0.422 seconds
[2026-09-17T12:57:02.172+0000] {processor.py:161} INFO - Started process (PID=4950) to work on /opt/airflow/dags/extraction_DAG.py
[2026-09-17T12:57:02.172+0000] {processor.py:830} INFO - Processing file /opt/airflow/dags/extraction_DAG.py for tasks to queue
[2026-09-17T12:57:02.173+0000] {logging_mixin.py:188} INFO - [2026-09-17T12:57:02.173+0000] {dagbag.py:545} INFO - Filling up the DagBag from /opt/airflow/dags/extraction_DAG.py
[2026-09-17T12:57:02.456+0000] {processor.py:840} INFO - DAG(s) 'extraction_DAG' retrieved from /opt/airflow/dags/extraction_DAG.py
[2026-09-17T12:57:02.466+0000] {logging_mixin.py:188} INFO - [2026-09-17T12:57:02.466+0000] {dag.py:3096} INFO - Sync 1 DAGs
[2026-09-17T12:57:02.477+0000] {logging_mixin.py:188} INFO - [2026-09-17T12:57:02.477+0000] {dag.py:3954} INFO - Setting next_dagrun for extraction_DAG to 2026-09-17 11:00:00+00:00, run_after=2026-09-17 12:00:00+00:00
[2026-09-17T12:57:02.489+0000] {processor.py:183} INFO - Processing /opt/airflow/dags/extraction_DAG.py took 0.322 seconds
[2026-09-17T12:57:32.661+0000] {processor.py:161} INFO - Started process (PID=4960) to work on /opt/airflow/dags/extraction_DAG.py
[2026-09-17T12:57:32.800+0000] {processor.py:830} INFO - Processing file /opt/airflow/dags/extraction_DAG.py for tasks to queue
[2026-09-17T12:57:32.801+0000] {logging_mixin.py:188} INFO - [2026-09-17T12:57:32.801+0000] {dagbag.py:545} INFO - Filling up the DagBag from /opt/airflow/dags/extraction_DAG.py
[2026-09-17T12:57:33.087+0000] {processor.py:840} INFO - DAG(s) 'extraction_DAG' retrieved from /opt/airflow/dags/extraction_DAG.py
[2026-09-17T12:57:33.098+0000] {logging_mixin.py:188} INFO - [2026-09-17T12:57:33.098+0000] {dag.py:3096} INFO - Sync 1 DAGs
[2026-09-17T12:57:33.110+0000] {logging_mixin.py:188} INFO - [2026-09-17T12:57:33.110+0000] {dag.py:3954} INFO - Setting next_dagrun for extraction_DAG to 2026-09-17 11:00:00+00:00, run_after=2026-09-17 12:00:00+00:00
[2026-09-17T12:57:33.121+0000] {processor.py:183} INFO - Processing /opt/airflow/dags/extraction_DAG.py took 0.464 seconds
[2026-09-17T12:58:03.164+0000] {processor.py:161} INFO - Started process (PID=4970) to work on /opt/airflow/dags/extraction_DAG.py
[2026-09-17T12:58:03.165+0000] {processor.py:830} INFO - Processing file /opt/airflow/dags/extraction_DAG.py for tasks to queue
[2026-09-17T12:58:03.166+0000] {logging_mixin.py:188} INFO - [2026-09-17T12:58:03.166+0000] {dagbag.py:545} INFO - Filling up the DagBag from /opt/airflow/dags/extraction_DAG.py
[2026-09-17T12:58:03.480+0000] {processor.py:840} INFO - DAG(s) 'extraction_DAG' retrieved from /opt/airflow/dags/extraction_DAG.py
[2026-09-17T12:58:03.490+0000] {logging_mixin.py:188} INFO - [2026-09-17T12:58:03.490+0000] {dag.py:3096} INFO - Sync 1 DAGs
[2026-09-17T12:58:03.502+0000] {logging_mixin.py:188} INFO - [2026-09-17T12:58:03.502+0000] {dag.py:3954} INFO - Setting next_dagrun for extraction_DAG to 2026-09-17 11:00:00+00:00, run_after=2026-09-17 12:00:00+00:00
[2026-09-17T12:58:03.510+0000] {processor.py:183} INFO - Processing /opt/airflow/dags/extraction_DAG.py took 0.355 seconds
[2026-09-17T12:58:33.683+0000] {processor.py:161} INFO - Started process (PID=4980) to work on /opt/airflow/dags/extraction_DAG.py
[2026-09-17T12:58:33.774+0000] {processor.py:830} INFO - Processing file /opt/airflow/dags/extraction_DAG.py for tasks to queue
[2026-09-17T12:58:33.775+0000] {logging_mixin.py:188} INFO - [2026-09-17T12:58:33.775+0000] {dagbag.py:545} INFO - Filling up the DagBag from /opt/airflow/dags/extraction_DAG.py
[2026-09-17T12:58:34.066+0000] {processor.py:840} INFO - DAG(s) 'extraction_DAG' retrieved from /opt/airflow/dags/extraction_DAG.py
[2026-09-17T12:58:34.077+0000] {logging_mixin.py:188} INFO - [2026-09-17T12:58:34.077+0000] {dag.py:3096} INFO - Sync 1 DAGs
[2026-09-17T12:58:34.089+0000] {logging_mixin.py:188} INFO - [2026-09-17T12:58:34.089+0000] {dag.py:3954} INFO - Setting next_dagrun for extraction_DAG to 2026-09-17 11:00:00+00:00, run_after=2026-09-17 12:00:00+00:00
[2026-09-17T12:58:34.098+0000] {processor.py:183} INFO - Processing /opt/airflow/dags/extraction_DAG.py took 0.424 seconds
[2026-09-17T12:59:04.156+0000] {processor.py:161} INFO - Started process (PID=4990) to work on /opt/airflow/dags/extraction_DAG.py
[2026-09-17T12:59:04.157+0000] {processor.py:830} INFO - Processing file /opt/airflow/dags/extraction_DAG.py for tasks to queue
[2026-09-17T12:59:04.157+0000] {logging_mixin.py:188} INFO - [2026-09-17T12:59:04.157+0000] {dagbag.py:545} INFO - Filling up the DagBag from /opt/airflow/dags/extraction_DAG.py
[2026-09-17T12:59:04.431+0000] {processor.py:840} INFO - DAG(s) 'extraction_DAG' retrieved from /opt/airflow/dags/extraction_DAG.py
[2026-09-17T12:59:04.443+0000] {logging_mixin.py:188} INFO - [2026-09-17T12:59:04.442+0000] {dag.py:3096} INFO - Sync 1 DAGs
[2026-09-17T12:59:04.454+0000] {logging_mixin.py:188} INFO - [2026-09-17T12:59:04.454+0000] {dag.py:3954} INFO - Setting next_dagrun for extraction_DAG to 2026-09-17 11:00:00+00:00, run_after=2026-09-17 12:00:00+00:00
[2026-09-17T12:59:04.463+0000] {processor.py:183} INFO - Processing /opt/airflow/dags/extraction_DAG.py took 0.316 seconds
[2026-09-17T12:59:34.618+0000] {processor.py:161} INFO - Started process (PID=5000) to work on /opt/airflow/dags/extraction_DAG.py
[2026-09-17T12:59:34.711+0000] {processor.py:830} INFO - Processing file /opt/airflow/dags/extraction_DAG.py for tasks to queue
[2026-09-17T12:59:34.712+0000] {logging_mixin.py:188} INFO - [2026-09-17T12:59:34.712+0000] {dagbag.py:545} INFO - Filling up the DagBag from /opt/airflow/dags/extraction_DAG.py
[2026-09-17T12:59:35.002+0000] {processor.py:840} INFO - DAG(s) 'extraction_DAG' retrieved from /opt/airflow/dags/extraction_DAG.py
[2026-09-17T12:59:35.013+0000] {logging_mixin.py:188} INFO - [2026-09-17T12:59:35.013+0000] {dag.py:3096} INFO - Sync 1 DAGs
[2026-09-17T12:59:35.024+0000] {logging_mixin.py:188} INFO - [2026-09-17T12:59:35.024+0000] {dag.py:3954} INFO - Setting next_dagrun for extraction_DAG to 2026-09-17 11:00:00+00:00, run_after=2026-09-17 12:00:00+00:00
[2026-09-17T12:59:35.033+0000] {processor.py:183} INFO - Processing /opt/airflow/dags/extraction_DAG.py took 0.419 seconds
[2026-09-17T13:00:05.160+0000] {processor.py:161} INFO - Started process (PID=5010) to work on /opt/airflow/dags/extraction_DAG.py
[2026-09-17T13:00:05.161+0000] {processor.py:830} INFO - Processing file /opt/airflow/dags/extraction_DAG.py for tasks to queue
[2026-09-17T13:00:05.162+0000] {logging_mixin.py:188} INFO - [2026-09-17T13:00:05.162+0000] {dagbag.py:545} INFO - Filling up the DagBag from /opt/airflow/dags/extraction_DAG.py
[2026-09-17T13:00:05.435+0000] {processor.py:840} INFO - DAG(s) 'extraction_DAG' retrieved from /opt/airflow/dags/extraction_DAG.py
[2026-09-17T13:00:05.447+0000] {logging_mixin.py:188} INFO - [2026-09-17T13:00:05.447+0000] {dag.py:3096} INFO - Sync 1 DAGs
[2026-09-17T13:00:05.458+0000] {logging_mixin.py:188} INFO - [2026-09-17T13:00:05.458+0000] {dag.py:3954} INFO - Setting next_dagrun for extraction_DAG to 2026-09-17 12:00:00+00:00, run_after=2026-09-17 13:00:00+00:00
[2026-09-17T13:00:05.468+0000] {processor.py:183} INFO - Processing /opt/airflow/dags/extraction_DAG.py took 0.317 seconds
[2026-09-17T13:00:35.635+0000] {processor.py:161} INFO - Started process (PID=5019) to work on /opt/airflow/dags/extraction_DAG.py
[2026-09-17T13:00:35.722+0000] {processor.py:830} INFO - Processing file /opt/airflow/dags/extraction_DAG.py for tasks to queue
[2026-09-17T13:00:35.724+0000] {logging_mixin.py:188} INFO - [2026-09-17T13:00:35.723+0000] {dagbag.py:545} INFO - Filling up the DagBag from /opt/airflow/dags/extraction_DAG.py
[2026-09-17T13:00:36.008+0000] {processor.py:840} INFO - DAG(s) 'extraction_DAG' retrieved from /opt/airflow/dags/extraction_DAG.py
[2026-09-17T13:00:36.019+0000] {logging_mixin.py:188} INFO - [2026-09-17T13:00:36.019+0000] {dag.py:3096} INFO - Sync 1 DAGs
[2026-09-17T13:00:36.031+0000] {logging_mixin.py:188} INFO - [2026-09-17T13:00:36.031+0000] {dag.py:3954} INFO - Setting next_dagrun for extraction_DAG to 2026-09-17 12:00:00+00:00, run_after=2026-09-17 13:00:00+00:00
[2026-09-17T13:00:36.040+0000] {processor.py:183} INFO - Processing /opt/airflow/dags/extraction_DAG.py took 0.414 seconds
[2026-09-17T13:01:06.176+0000] {processor.py:161} INFO - Started process (PID=5029) to work on /opt/airflow/dags/extraction_DAG.py
[2026-09-17T13:01:06.177+0000] {processor.py:830} INFO - Processing file /opt/airflow/dags/extraction_DAG.py for tasks to queue
[2026-09-17T13:01:06.177+0000] {logging_mixin.py:188} INFO - [2026-09-17T13:01:06.177+0000] {dagbag.py:545} INFO - Filling up the DagBag from /opt/airflow/dags/extraction_DAG.py
[2026-09-17T13:01:06.449+0000] {processor.py:840} INFO - DAG(s) 'extraction_DAG' retrieved from /opt/airflow/dags/extraction_DAG.py
[2026-09-17T13:01:06.460+0000] {logging_mixin.py:188} INFO - [2026-09-17T13:01:06.460+0000] {dag.py:3096} INFO - Sync 1 DAGs
[2026-09-17T13:01:06.472+0000] {logging_mixin.py:188} INFO - [2026-09-17T13:01:06.472+0000] {dag.py:3954} INFO - Setting next_dagrun for extraction_DAG to 2026-09-17 12:00:00+00:00, run_after=2026-09-17 13:00:00+00:00
[2026-09-17T13:01:06.482+0000] {processor.py:183} INFO - Processing /opt/airflow/dags/extraction_DAG.py took 0.313 seconds
[2026-09-17T13:01:36.644+0000] {processor.py:161} INFO - Started process (PID=5039) to work on /opt/airflow/dags/extraction_DAG.py
[2026-09-17T13:01:36.727+0000] {processor.py:830} INFO - Processing file /opt/airflow/dags/extraction_DAG.py for tasks to queue
[2026-09-17T13:01:36.728+0000] {logging_mixin.py:188} INFO - [2026-09-17T13:01:36.728+0000] {dagbag.py:545} INFO - Filling up the DagBag from /opt/airflow/dags/extraction_DAG.py
[2026-09-17T13:01:37.013+0000] {processor.py:840} INFO - DAG(s) 'extraction_DAG' retrieved from /opt/airflow/dags/extraction_DAG.py
[2026-09-17T13:01:37.025+0000] {logging_mixin.py:188} INFO - [2026-09-17T13:01:37.025+0000] {dag.py:3096} INFO - Sync 1 DAGs
[2026-09-17T13:01:37.037+0000] {logging_mixin.py:188} INFO - [2026-09-17T13:01:37.037+0000] {dag.py:3954} INFO - Setting next_dagrun for extraction_DAG to 2026-09-17 12:00:00+00:00, run_after=2026-09-17 13:00:00+00:00
[2026-09-17T13:01:37.047+0000] {processor.py:183} INFO - Processing /opt/airflow/dags/extraction_DAG.py took 0.411 seconds
[2026-09-17T13:02:07.086+0000] {processor.py:161} INFO - Started process (PID=5049) to work on /opt/airflow/dags/extraction_DAG.py
[2026-09-17T13:02:07.087+0000] {processor.py:830} INFO - Processing file /opt/airflow/dags/extraction_DAG.py for tasks to queue
[2026-09-17T13:02:07.087+0000] {logging_mixin.py:188} INFO - [2026-09-17T13:02:07.087+0000] {dagbag.py:545} INFO - Filling up the DagBag from /opt/airflow/dags/extraction_DAG.py
[2026-09-17T13:02:07.357+0000] {processor.py:840} INFO - DAG(s) 'extraction_DAG' retrieved from /opt/airflow/dags/extraction_DAG.py
[2026-09-17T13:02:07.369+0000] {logging_mixin.py:188} INFO - [2026-09-17T13:02:07.369+0000] {dag.py:3096} INFO - Sync 1 DAGs
[2026-09-17T13:02:07.381+0000] {logging_mixin.py:188} INFO - [2026-09-17T13:02:07.381+0000] {dag.py:3954} INFO - Setting next_dagrun for extraction_DAG to 2026-09-17 12:00:00+00:00, run_after=2026-09-17 13:00:00+00:00
[2026-09-17T13:02:07.392+0000] {processor.py:183} INFO - Processing /opt/airflow/dags/extraction_DAG.py took 0.309 seconds
[2026-09-17T13:02:37.562+0000] {processor.py:161} INFO - Started process (PID=5059) to work on /opt/airflow/dags/extraction_DAG.py
[2026-09-17T13:02:37.644+0000] {processor.py:830} INFO - Processing file /opt/airflow/dags/extraction_DAG.py for tasks to queue
[2026-09-17T13:02:37.646+0000] {logging_mixin.py:188} INFO - [2026-09-17T13:02:37.645+0000] {dagbag.py:545} INFO - Filling up the DagBag from /opt/airflow/dags/extraction_DAG.py
[2026-09-17T13:02:37.934+0000] {processor.py:840} INFO - DAG(s) 'extraction_DAG' retrieved from /opt/airflow/dags/extraction_DAG.py
[2026-09-17T13:02:37.945+0000] {logging_mixin.py:188} INFO - [2026-09-17T13:02:37.944+0000] {dag.py:3096} INFO - Sync 1 DAGs
[2026-09-17T13:02:37.956+0000] {logging_mixin.py:188} INFO - [2026-09-17T13:02:37.956+0000] {dag.py:3954} INFO - Setting next_dagrun for extraction_DAG to 2026-09-17 12:00:00+00:00, run_after=2026-09-17 13:00:00+00:00
[2026-09-17T13:02:37.964+0000] {processor.py:183} INFO - Processing /opt/airflow/dags/extraction_DAG.py took 0.406 seconds
[2026-09-17T13:03:08.017+0000] {processor.py:161} INFO - Started process (PID=5069) to work on /opt/airflow/dags/extraction_DAG.py
[2026-09-17T13:03:08.018+0000] {processor.py:830} INFO - Processing file /opt/airflow/dags/extraction_DAG.py for tasks to queue
[2026-09-17T13:03:08.019+0000] {logging_mixin.py:188} INFO - [2026-09-17T13:03:08.019+0000] {dagbag.py:545} INFO - Filling up the DagBag from /opt/airflow/dags/extraction_DAG.py
[2026-09-17T13:03:08.309+0000] {processor.py:840} INFO - DAG(s) 'extraction_DAG' retrieved from /opt/airflow/dags/extraction_DAG.py
[2026-09-17T13:03:08.320+0000] {logging_mixin.py:188} INFO - [2026-09-17T13:03:08.320+0000] {dag.py:3096} INFO - Sync 1 DAGs
[2026-09-17T13:03:08.336+0000] {logging_mixin.py:188} INFO - [2026-09-17T13:03:08.336+0000] {dag.py:3954} INFO - Setting next_dagrun for extraction_DAG to 2026-09-17 12:00:00+00:00, run_after=2026-09-17 13:00:00+00:00
[2026-09-17T13:03:08.349+0000] {processor.py:183} INFO - Processing /opt/airflow/dags/extraction_DAG.py took 0.341 seconds
[2026-09-17T13:03:38.513+0000] {processor.py:161} INFO - Started process (PID=5079) to work on /opt/airflow/dags/extraction_DAG.py
[2026-09-17T13:03:38.597+0000] {processor.py:830} INFO - Processing file /opt/airflow/dags/extraction_DAG.py for tasks to queue
[2026-09-17T13:03:38.598+0000] {logging_mixin.py:188} INFO - [2026-09-17T13:03:38.598+0000] {dagbag.py:545} INFO - Filling up the DagBag from /opt/airflow/dags/extraction_DAG.py
[2026-09-17T13:03:38.892+0000] {processor.py:840} INFO - DAG(s) 'extraction_DAG' retrieved from /opt/airflow/dags/extraction_DAG.py
[2026-09-17T13:03:38.903+0000] {logging_mixin.py:188} INFO - [2026-09-17T13:03:38.903+0000] {dag.py:3096} INFO - Sync 1 DAGs
[2026-09-17T13:03:38.915+0000] {logging_mixin.py:188} INFO - [2026-09-17T13:03:38.915+0000] {dag.py:3954} INFO - Setting next_dagrun for extraction_DAG to 2026-09-17 12:00:00+00:00, run_after=2026-09-17 13:00:00+00:00
[2026-09-17T13:03:38.924+0000] {processor.py:183} INFO - Processing /opt/airflow/dags/extraction_DAG.py took 0.420 seconds
[2026-09-17T13:04:08.969+0000] {processor.py:161} INFO - Started process (PID=5089) to work on /opt/airflow/dags/extraction_DAG.py
[2026-09-17T13:04:08.970+0000] {processor.py:830} INFO - Processing file /opt/airflow/dags/extraction_DAG.py for tasks to queue
[2026-09-17T13:04:08.972+0000] {logging_mixin.py:188} INFO - [2026-09-17T13:04:08.971+0000] {dagbag.py:545} INFO - Filling up the DagBag from /opt/airflow/dags/extraction_DAG.py
[2026-09-17T13:04:09.251+0000] {processor.py:840} INFO - DAG(s) 'extraction_DAG' retrieved from /opt/airflow/dags/extraction_DAG.py
[2026-09-17T13:04:09.262+0000] {logging_mixin.py:188} INFO - [2026-09-17T13:04:09.262+0000] {dag.py:3096} INFO - Sync 1 DAGs
[2026-09-17T13:04:09.274+0000] {logging_mixin.py:188} INFO - [2026-09-17T13:04:09.274+0000] {dag.py:3954} INFO - Setting next_dagrun for extraction_DAG to 2026-09-17 12:00:00+00:00, run_after=2026-09-17 13:00:00+00:00
[2026-09-17T13:04:09.283+0000] {processor.py:183} INFO - Processing /opt/airflow/dags/extraction_DAG.py took 0.321 seconds
[2026-09-17T13:04:39.414+0000] {processor.py:161} INFO - Started process (PID=5100) to work on /opt/airflow/dags/extraction_DAG.py
[2026-09-17T13:04:39.486+0000] {processor.py:830} INFO - Processing file /opt/airflow/dags/extraction_DAG.py for tasks to queue
[2026-09-17T13:04:39.488+0000] {logging_mixin.py:188} INFO - [2026-09-17T13:04:39.487+0000] {dagbag.py:545} INFO - Filling up the DagBag from /opt/airflow/dags/extraction_DAG.py
[2026-09-17T13:04:39.767+0000] {processor.py:840} INFO - DAG(s) 'extraction_DAG' retrieved from /opt/airflow/dags/extraction_DAG.py
[2026-09-17T13:04:39.777+0000] {logging_mixin.py:188} INFO - [2026-09-17T13:04:39.777+0000] {dag.py:3096} INFO - Sync 1 DAGs
[2026-09-17T13:04:39.789+0000] {logging_mixin.py:188} INFO - [2026-09-17T13:04:39.789+0000] {dag.py:3954} INFO - Setting next_dagrun for extraction_DAG to 2026-09-17 12:00:00+00:00, run_after=2026-09-17 13:00:00+00:00
[2026-09-17T13:04:39.799+0000] {processor.py:183} INFO - Processing /opt/airflow/dags/extraction_DAG.py took 0.389 seconds
[2026-09-17T13:05:09.856+0000] {processor.py:161} INFO - Started process (PID=5110) to work on /opt/airflow/dags/extraction_DAG.py
[2026-09-17T13:05:09.856+0000] {processor.py:830} INFO - Processing file /opt/airflow/dags/extraction_DAG.py for tasks to queue
[2026-09-17T13:05:09.857+0000] {logging_mixin.py:188} INFO - [2026-09-17T13:05:09.856+0000] {dagbag.py:545} INFO - Filling up the DagBag from /opt/airflow/dags/extraction_DAG.py
[2026-09-17T13:05:10.127+0000] {processor.py:840} INFO - DAG(s) 'extraction_DAG' retrieved from /opt/airflow/dags/extraction_DAG.py
[2026-09-17T13:05:10.138+0000] {logging_mixin.py:188} INFO - [2026-09-17T13:05:10.137+0000] {dag.py:3096} INFO - Sync 1 DAGs
[2026-09-17T13:05:10.150+0000] {logging_mixin.py:188} INFO - [2026-09-17T13:05:10.150+0000] {dag.py:3954} INFO - Setting next_dagrun for extraction_DAG to 2026-09-17 12:00:00+00:00, run_after=2026-09-17 13:00:00+00:00
[2026-09-17T13:05:10.160+0000] {processor.py:183} INFO - Processing /opt/airflow/dags/extraction_DAG.py took 0.307 seconds
[2026-09-17T13:05:40.314+0000] {processor.py:161} INFO - Started process (PID=5126) to work on /opt/airflow/dags/extraction_DAG.py
[2026-09-17T13:05:40.380+0000] {processor.py:830} INFO - Processing file /opt/airflow/dags/extraction_DAG.py for tasks to queue
[2026-09-17T13:05:40.380+0000] {logging_mixin.py:188} INFO - [2026-09-17T13:05:40.380+0000] {dagbag.py:545} INFO - Filling up the DagBag from /opt/airflow/dags/extraction_DAG.py
[2026-09-17T13:05:40.664+0000] {processor.py:840} INFO - DAG(s) 'extraction_DAG' retrieved from /opt/airflow/dags/extraction_DAG.py
[2026-09-17T13:05:40.675+0000] {logging_mixin.py:188} INFO - [2026-09-17T13:05:40.674+0000] {dag.py:3096} INFO - Sync 1 DAGs
[2026-09-17T13:05:40.687+0000] {logging_mixin.py:188} INFO - [2026-09-17T13:05:40.686+0000] {dag.py:3954} INFO - Setting next_dagrun for extraction_DAG to 2026-09-17 12:00:00+00:00, run_after=2026-09-17 13:00:00+00:00
[2026-09-17T13:05:40.696+0000] {processor.py:183} INFO - Processing /opt/airflow/dags/extraction_DAG.py took 0.386 seconds
[2026-09-17T13:06:10.833+0000] {processor.py:161} INFO - Started process (PID=5136) to work on /opt/airflow/dags/extraction_DAG.py
[2026-09-17T13:06:10.834+0000] {processor.py:830} INFO - Processing file /opt/airflow/dags/extraction_DAG.py for tasks to queue
[2026-09-17T13:06:10.834+0000] {logging_mixin.py:188} INFO - [2026-09-17T13:06:10.834+0000] {dagbag.py:545} INFO - Filling up the DagBag from /opt/airflow/dags/extraction_DAG.py
[2026-09-17T13:06:11.107+0000] {processor.py:840} INFO - DAG(s) 'extraction_DAG' retrieved from /opt/airflow/dags/extraction_DAG.py
[2026-09-17T13:06:11.118+0000] {logging_mixin.py:188} INFO - [2026-09-17T13:06:11.118+0000] {dag.py:3096} INFO - Sync 1 DAGs
[2026-09-17T13:06:11.129+0000] {logging_mixin.py:188} INFO - [2026-09-17T13:06:11.129+0000] {dag.py:3954} INFO - Setting next_dagrun for extraction_DAG to 2026-09-17 12:00:00+00:00, run_after=2026-09-17 13:00:00+00:00
[2026-09-17T13:06:11.138+0000] {processor.py:183} INFO - Processing /opt/airflow/dags/extraction_DAG.py took 0.313 seconds
[2026-09-17T13:06:41.296+0000] {processor.py:161} INFO - Started process (PID=5146) to work on /opt/airflow/dags/extraction_DAG.py
[2026-09-17T13:06:41.381+0000] {processor.py:830} INFO - Processing file /opt/airflow/dags/extraction_DAG.py for tasks to queue
[2026-09-17T13:06:41.383+0000] {logging_mixin.py:188} INFO - [2026-09-17T13:06:41.382+0000] {dagbag.py:545} INFO - Filling up the DagBag from /opt/airflow/dags/extraction_DAG.py
[2026-09-17T13:06:41.662+0000] {processor.py:840} INFO - DAG(s) 'extraction_DAG' retrieved from /opt/airflow/dags/extraction_DAG.py
[2026-09-17T13:06:41.673+0000] {logging_mixin.py:188} INFO - [2026-09-17T13:06:41.673+0000] {dag.py:3096} INFO - Sync 1 DAGs
[2026-09-17T13:06:41.685+0000] {logging_mixin.py:188} INFO - [2026-09-17T13:06:41.684+0000] {dag.py:3954} INFO - Setting next_dagrun for extraction_DAG to 2026-09-17 12:00:00+00:00, run_after=2026-09-17 13:00:00+00:00
[2026-09-17T13:06:41.694+0000] {processor.py:183} INFO - Processing /opt/airflow/dags/extraction_DAG.py took 0.402 seconds
[2026-09-17T13:07:11.798+0000] {processor.py:161} INFO - Started process (PID=5156) to work on /opt/airflow/dags/extraction_DAG.py
[2026-09-17T13:07:11.799+0000] {processor.py:830} INFO - Processing file /opt/airflow/dags/extraction_DAG.py for tasks to queue
[2026-09-17T13:07:11.800+0000] {logging_mixin.py:188} INFO - [2026-09-17T13:07:11.800+0000] {dagbag.py:545} INFO - Filling up the DagBag from /opt/airflow/dags/extraction_DAG.py
[2026-09-17T13:07:12.086+0000] {processor.py:840} INFO - DAG(s) 'extraction_DAG' retrieved from /opt/airflow/dags/extraction_DAG.py
[2026-09-17T13:07:12.097+0000] {logging_mixin.py:188} INFO - [2026-09-17T13:07:12.097+0000] {dag.py:3096} INFO - Sync 1 DAGs
[2026-09-17T13:07:12.109+0000] {logging_mixin.py:188} INFO - [2026-09-17T13:07:12.109+0000] {dag.py:3954} INFO - Setting next_dagrun for extraction_DAG to 2026-09-17 12:00:00+00:00, run_after=2026-09-17 13:00:00+00:00
[2026-09-17T13:07:12.119+0000] {processor.py:183} INFO - Processing /opt/airflow/dags/extraction_DAG.py took 0.330 seconds
[2026-09-17T13:07:42.267+0000] {processor.py:161} INFO - Started process (PID=5166) to work on /opt/airflow/dags/extraction_DAG.py
[2026-09-17T13:07:42.286+0000] {processor.py:830} INFO - Processing file /opt/airflow/dags/extraction_DAG.py for tasks to queue
[2026-09-17T13:07:42.288+0000] {logging_mixin.py:188} INFO - [2026-09-17T13:07:42.287+0000] {dagbag.py:545} INFO - Filling up the DagBag from /opt/airflow/dags/extraction_DAG.py
[2026-09-17T13:07:42.578+0000] {processor.py:840} INFO - DAG(s) 'extraction_DAG' retrieved from /opt/airflow/dags/extraction_DAG.py
[2026-09-17T13:07:42.589+0000] {logging_mixin.py:188} INFO - [2026-09-17T13:07:42.589+0000] {dag.py:3096} INFO - Sync 1 DAGs
[2026-09-17T13:07:42.600+0000] {logging_mixin.py:188} INFO - [2026-09-17T13:07:42.600+0000] {dag.py:3954} INFO - Setting next_dagrun for extraction_DAG to 2026-09-17 12:00:00+00:00, run_after=2026-09-17 13:00:00+00:00
[2026-09-17T13:07:42.609+0000] {processor.py:183} INFO - Processing /opt/airflow/dags/extraction_DAG.py took 0.346 seconds
[2026-09-17T13:08:12.729+0000] {processor.py:161} INFO - Started process (PID=5176) to work on /opt/airflow/dags/extraction_DAG.py
[2026-09-17T13:08:12.729+0000] {processor.py:830} INFO - Processing file /opt/airflow/dags/extraction_DAG.py for tasks to queue
[2026-09-17T13:08:12.730+0000] {logging_mixin.py:188} INFO - [2026-09-17T13:08:12.729+0000] {dagbag.py:545} INFO - Filling up the DagBag from /opt/airflow/dags/extraction_DAG.py
[2026-09-17T13:08:13.048+0000] {processor.py:840} INFO - DAG(s) 'extraction_DAG' retrieved from /opt/airflow/dags/extraction_DAG.py
[2026-09-17T13:08:13.061+0000] {logging_mixin.py:188} INFO - [2026-09-17T13:08:13.061+0000] {dag.py:3096} INFO - Sync 1 DAGs
[2026-09-17T13:08:13.075+0000] {logging_mixin.py:188} INFO - [2026-09-17T13:08:13.075+0000] {dag.py:3954} INFO - Setting next_dagrun for extraction_DAG to 2026-09-17 12:00:00+00:00, run_after=2026-09-17 13:00:00+00:00
[2026-09-17T13:08:13.084+0000] {processor.py:183} INFO - Processing /opt/airflow/dags/extraction_DAG.py took 0.359 seconds
[2026-09-17T13:08:43.195+0000] {processor.py:161} INFO - Started process (PID=5186) to work on /opt/airflow/dags/extraction_DAG.py
[2026-09-17T13:08:43.273+0000] {processor.py:830} INFO - Processing file /opt/airflow/dags/extraction_DAG.py for tasks to queue
[2026-09-17T13:08:43.274+0000] {logging_mixin.py:188} INFO - [2026-09-17T13:08:43.274+0000] {dagbag.py:545} INFO - Filling up the DagBag from /opt/airflow/dags/extraction_DAG.py
[2026-09-17T13:08:43.612+0000] {processor.py:840} INFO - DAG(s) 'extraction_DAG' retrieved from /opt/airflow/dags/extraction_DAG.py
[2026-09-17T13:08:43.623+0000] {logging_mixin.py:188} INFO - [2026-09-17T13:08:43.623+0000] {dag.py:3096} INFO - Sync 1 DAGs
[2026-09-17T13:08:43.636+0000] {logging_mixin.py:188} INFO - [2026-09-17T13:08:43.635+0000] {dag.py:3954} INFO - Setting next_dagrun for extraction_DAG to 2026-09-17 12:00:00+00:00, run_after=2026-09-17 13:00:00+00:00
[2026-09-17T13:08:43.645+0000] {processor.py:183} INFO - Processing /opt/airflow/dags/extraction_DAG.py took 0.454 seconds
[2026-09-17T13:09:13.771+0000] {processor.py:161} INFO - Started process (PID=5196) to work on /opt/airflow/dags/extraction_DAG.py
[2026-09-17T13:09:13.772+0000] {processor.py:830} INFO - Processing file /opt/airflow/dags/extraction_DAG.py for tasks to queue
[2026-09-17T13:09:13.773+0000] {logging_mixin.py:188} INFO - [2026-09-17T13:09:13.772+0000] {dagbag.py:545} INFO - Filling up the DagBag from /opt/airflow/dags/extraction_DAG.py
[2026-09-17T13:09:14.061+0000] {processor.py:840} INFO - DAG(s) 'extraction_DAG' retrieved from /opt/airflow/dags/extraction_DAG.py
[2026-09-17T13:09:14.072+0000] {logging_mixin.py:188} INFO - [2026-09-17T13:09:14.072+0000] {dag.py:3096} INFO - Sync 1 DAGs
[2026-09-17T13:09:14.084+0000] {logging_mixin.py:188} INFO - [2026-09-17T13:09:14.084+0000] {dag.py:3954} INFO - Setting next_dagrun for extraction_DAG to 2026-09-17 12:00:00+00:00, run_after=2026-09-17 13:00:00+00:00
[2026-09-17T13:09:14.093+0000] {processor.py:183} INFO - Processing /opt/airflow/dags/extraction_DAG.py took 0.331 seconds
[2026-09-17T13:09:44.243+0000] {processor.py:161} INFO - Started process (PID=5205) to work on /opt/airflow/dags/extraction_DAG.py
[2026-09-17T13:09:44.332+0000] {processor.py:830} INFO - Processing file /opt/airflow/dags/extraction_DAG.py for tasks to queue
[2026-09-17T13:09:44.333+0000] {logging_mixin.py:188} INFO - [2026-09-17T13:09:44.332+0000] {dagbag.py:545} INFO - Filling up the DagBag from /opt/airflow/dags/extraction_DAG.py
[2026-09-17T13:09:44.632+0000] {processor.py:840} INFO - DAG(s) 'extraction_DAG' retrieved from /opt/airflow/dags/extraction_DAG.py
[2026-09-17T13:09:44.643+0000] {logging_mixin.py:188} INFO - [2026-09-17T13:09:44.643+0000] {dag.py:3096} INFO - Sync 1 DAGs
[2026-09-17T13:09:44.655+0000] {logging_mixin.py:188} INFO - [2026-09-17T13:09:44.655+0000] {dag.py:3954} INFO - Setting next_dagrun for extraction_DAG to 2026-09-17 12:00:00+00:00, run_after=2026-09-17 13:00:00+00:00
[2026-09-17T13:09:44.665+0000] {processor.py:183} INFO - Processing /opt/airflow/dags/extraction_DAG.py took 0.431 seconds
[2026-09-17T13:10:14.760+0000] {processor.py:161} INFO - Started process (PID=5215) to work on /opt/airflow/dags/extraction_DAG.py
[2026-09-17T13:10:14.761+0000] {processor.py:830} INFO - Processing file /opt/airflow/dags/extraction_DAG.py for tasks to queue
[2026-09-17T13:10:14.762+0000] {logging_mixin.py:188} INFO - [2026-09-17T13:10:14.761+0000] {dagbag.py:545} INFO - Filling up the DagBag from /opt/airflow/dags/extraction_DAG.py
[2026-09-17T13:10:15.059+0000] {processor.py:840} INFO - DAG(s) 'extraction_DAG' retrieved from /opt/airflow/dags/extraction_DAG.py
[2026-09-17T13:10:15.070+0000] {logging_mixin.py:188} INFO - [2026-09-17T13:10:15.069+0000] {dag.py:3096} INFO - Sync 1 DAGs
[2026-09-17T13:10:15.085+0000] {logging_mixin.py:188} INFO - [2026-09-17T13:10:15.085+0000] {dag.py:3954} INFO - Setting next_dagrun for extraction_DAG to 2026-09-17 12:00:00+00:00, run_after=2026-09-17 13:00:00+00:00
[2026-09-17T13:10:15.095+0000] {processor.py:183} INFO - Processing /opt/airflow/dags/extraction_DAG.py took 0.341 seconds
[2026-09-17T13:10:45.231+0000] {processor.py:161} INFO - Started process (PID=5225) to work on /opt/airflow/dags/extraction_DAG.py
[2026-09-17T13:10:45.243+0000] {processor.py:830} INFO - Processing file /opt/airflow/dags/extraction_DAG.py for tasks to queue
[2026-09-17T13:10:45.244+0000] {logging_mixin.py:188} INFO - [2026-09-17T13:10:45.244+0000] {dagbag.py:545} INFO - Filling up the DagBag from /opt/airflow/dags/extraction_DAG.py
[2026-09-17T13:10:45.532+0000] {processor.py:840} INFO - DAG(s) 'extraction_DAG' retrieved from /opt/airflow/dags/extraction_DAG.py
[2026-09-17T13:10:45.544+0000] {logging_mixin.py:188} INFO - [2026-09-17T13:10:45.544+0000] {dag.py:3096} INFO - Sync 1 DAGs
[2026-09-17T13:10:45.556+0000] {logging_mixin.py:188} INFO - [2026-09-17T13:10:45.556+0000] {dag.py:3954} INFO - Setting next_dagrun for extraction_DAG to 2026-09-17 12:00:00+00:00, run_after=2026-09-17 13:00:00+00:00
[2026-09-17T13:10:45.566+0000] {processor.py:183} INFO - Processing /opt/airflow/dags/extraction_DAG.py took 0.343 seconds
[2026-09-17T13:11:15.697+0000] {processor.py:161} INFO - Started process (PID=5235) to work on /opt/airflow/dags/extraction_DAG.py
[2026-09-17T13:11:15.698+0000] {processor.py:830} INFO - Processing file /opt/airflow/dags/extraction_DAG.py for tasks to queue
[2026-09-17T13:11:15.700+0000] {logging_mixin.py:188} INFO - [2026-09-17T13:11:15.699+0000] {dagbag.py:545} INFO - Filling up the DagBag from /opt/airflow/dags/extraction_DAG.py
[2026-09-17T13:11:15.979+0000] {processor.py:840} INFO - DAG(s) 'extraction_DAG' retrieved from /opt/airflow/dags/extraction_DAG.py
[2026-09-17T13:11:15.990+0000] {logging_mixin.py:188} INFO - [2026-09-17T13:11:15.990+0000] {dag.py:3096} INFO - Sync 1 DAGs
[2026-09-17T13:11:16.002+0000] {logging_mixin.py:188} INFO - [2026-09-17T13:11:16.002+0000] {dag.py:3954} INFO - Setting next_dagrun for extraction_DAG to 2026-09-17 12:00:00+00:00, run_after=2026-09-17 13:00:00+00:00
[2026-09-17T13:11:16.012+0000] {processor.py:183} INFO - Processing /opt/airflow/dags/extraction_DAG.py took 0.323 seconds
[2026-09-17T13:11:46.156+0000] {processor.py:161} INFO - Started process (PID=5245) to work on /opt/airflow/dags/extraction_DAG.py
[2026-09-17T13:11:46.245+0000] {processor.py:830} INFO - Processing file /opt/airflow/dags/extraction_DAG.py for tasks to queue
[2026-09-17T13:11:46.245+0000] {logging_mixin.py:188} INFO - [2026-09-17T13:11:46.245+0000] {dagbag.py:545} INFO - Filling up the DagBag from /opt/airflow/dags/extraction_DAG.py
[2026-09-17T13:11:46.541+0000] {processor.py:840} INFO - DAG(s) 'extraction_DAG' retrieved from /opt/airflow/dags/extraction_DAG.py
[2026-09-17T13:11:46.552+0000] {logging_mixin.py:188} INFO - [2026-09-17T13:11:46.552+0000] {dag.py:3096} INFO - Sync 1 DAGs
[2026-09-17T13:11:46.565+0000] {logging_mixin.py:188} INFO - [2026-09-17T13:11:46.565+0000] {dag.py:3954} INFO - Setting next_dagrun for extraction_DAG to 2026-09-17 12:00:00+00:00, run_after=2026-09-17 13:00:00+00:00
[2026-09-17T13:11:46.574+0000] {processor.py:183} INFO - Processing /opt/airflow/dags/extraction_DAG.py took 0.426 seconds
[2026-09-17T13:12:16.627+0000] {processor.py:161} INFO - Started process (PID=5255) to work on /opt/airflow/dags/extraction_DAG.py
[2026-09-17T13:12:16.628+0000] {processor.py:830} INFO - Processing file /opt/airflow/dags/extraction_DAG.py for tasks to queue
[2026-09-17T13:12:16.629+0000] {logging_mixin.py:188} INFO - [2026-09-17T13:12:16.628+0000] {dagbag.py:545} INFO - Filling up the DagBag from /opt/airflow/dags/extraction_DAG.py
[2026-09-17T13:12:16.915+0000] {processor.py:840} INFO - DAG(s) 'extraction_DAG' retrieved from /opt/airflow/dags/extraction_DAG.py
[2026-09-17T13:12:16.928+0000] {logging_mixin.py:188} INFO - [2026-09-17T13:12:16.928+0000] {dag.py:3096} INFO - Sync 1 DAGs
[2026-09-17T13:12:16.941+0000] {logging_mixin.py:188} INFO - [2026-09-17T13:12:16.941+0000] {dag.py:3954} INFO - Setting next_dagrun for extraction_DAG to 2026-09-17 12:00:00+00:00, run_after=2026-09-17 13:00:00+00:00
[2026-09-17T13:12:16.952+0000] {processor.py:183} INFO - Processing /opt/airflow/dags/extraction_DAG.py took 0.334 seconds
[2026-09-17T13:12:47.081+0000] {processor.py:161} INFO - Started process (PID=5265) to work on /opt/airflow/dags/extraction_DAG.py
[2026-09-17T13:12:47.086+0000] {processor.py:830} INFO - Processing file /opt/airflow/dags/extraction_DAG.py for tasks to queue
[2026-09-17T13:12:47.086+0000] {logging_mixin.py:188} INFO - [2026-09-17T13:12:47.086+0000] {dagbag.py:545} INFO - Filling up the DagBag from /opt/airflow/dags/extraction_DAG.py
[2026-09-17T13:12:47.389+0000] {processor.py:840} INFO - DAG(s) 'extraction_DAG' retrieved from /opt/airflow/dags/extraction_DAG.py
[2026-09-17T13:12:47.400+0000] {logging_mixin.py:188} INFO - [2026-09-17T13:12:47.400+0000] {dag.py:3096} INFO - Sync 1 DAGs
[2026-09-17T13:12:47.413+0000] {logging_mixin.py:188} INFO - [2026-09-17T13:12:47.413+0000] {dag.py:3954} INFO - Setting next_dagrun for extraction_DAG to 2026-09-17 12:00:00+00:00, run_after=2026-09-17 13:00:00+00:00
[2026-09-17T13:12:47.422+0000] {processor.py:183} INFO - Processing /opt/airflow/dags/extraction_DAG.py took 0.346 seconds
[2026-09-17T13:13:17.546+0000] {processor.py:161} INFO - Started process (PID=5275) to work on /opt/airflow/dags/extraction_DAG.py
[2026-09-17T13:13:17.547+0000] {processor.py:830} INFO - Processing file /opt/airflow/dags/extraction_DAG.py for tasks to queue
[2026-09-17T13:13:17.547+0000] {logging_mixin.py:188} INFO - [2026-09-17T13:13:17.547+0000] {dagbag.py:545} INFO - Filling up the DagBag from /opt/airflow/dags/extraction_DAG.py
[2026-09-17T13:13:17.876+0000] {processor.py:840} INFO - DAG(s) 'extraction_DAG' retrieved from /opt/airflow/dags/extraction_DAG.py
[2026-09-17T13:13:17.888+0000] {logging_mixin.py:188} INFO - [2026-09-17T13:13:17.888+0000] {dag.py:3096} INFO - Sync 1 DAGs
[2026-09-17T13:13:17.902+0000] {logging_mixin.py:188} INFO - [2026-09-17T13:13:17.902+0000] {dag.py:3954} INFO - Setting next_dagrun for extraction_DAG to 2026-09-17 12:00:00+00:00, run_after=2026-09-17 13:00:00+00:00
[2026-09-17T13:13:17.913+0000] {processor.py:183} INFO - Processing /opt/airflow/dags/extraction_DAG.py took 0.371 seconds
[2026-09-17T13:13:48.029+0000] {processor.py:161} INFO - Started process (PID=5285) to work on /opt/airflow/dags/extraction_DAG.py
[2026-09-17T13:13:48.042+0000] {processor.py:830} INFO - Processing file /opt/airflow/dags/extraction_DAG.py for tasks to queue
[2026-09-17T13:13:48.044+0000] {logging_mixin.py:188} INFO - [2026-09-17T13:13:48.044+0000] {dagbag.py:545} INFO - Filling up the DagBag from /opt/airflow/dags/extraction_DAG.py
[2026-09-17T13:13:48.367+0000] {processor.py:840} INFO - DAG(s) 'extraction_DAG' retrieved from /opt/airflow/dags/extraction_DAG.py
[2026-09-17T13:13:48.384+0000] {logging_mixin.py:188} INFO - [2026-09-17T13:13:48.384+0000] {dag.py:3096} INFO - Sync 1 DAGs
[2026-09-17T13:13:48.397+0000] {logging_mixin.py:188} INFO - [2026-09-17T13:13:48.397+0000] {dag.py:3954} INFO - Setting next_dagrun for extraction_DAG to 2026-09-17 12:00:00+00:00, run_after=2026-09-17 13:00:00+00:00
[2026-09-17T13:13:48.406+0000] {processor.py:183} INFO - Processing /opt/airflow/dags/extraction_DAG.py took 0.383 seconds
[2026-09-17T13:14:18.534+0000] {processor.py:161} INFO - Started process (PID=5295) to work on /opt/airflow/dags/extraction_DAG.py
[2026-09-17T13:14:18.535+0000] {processor.py:830} INFO - Processing file /opt/airflow/dags/extraction_DAG.py for tasks to queue
[2026-09-17T13:14:18.535+0000] {logging_mixin.py:188} INFO - [2026-09-17T13:14:18.535+0000] {dagbag.py:545} INFO - Filling up the DagBag from /opt/airflow/dags/extraction_DAG.py
[2026-09-17T13:14:18.837+0000] {processor.py:840} INFO - DAG(s) 'extraction_DAG' retrieved from /opt/airflow/dags/extraction_DAG.py
[2026-09-17T13:14:18.848+0000] {logging_mixin.py:188} INFO - [2026-09-17T13:14:18.848+0000] {dag.py:3096} INFO - Sync 1 DAGs
[2026-09-17T13:14:18.861+0000] {logging_mixin.py:188} INFO - [2026-09-17T13:14:18.861+0000] {dag.py:3954} INFO - Setting next_dagrun for extraction_DAG to 2026-09-17 12:00:00+00:00, run_after=2026-09-17 13:00:00+00:00
[2026-09-17T13:14:18.872+0000] {processor.py:183} INFO - Processing /opt/airflow/dags/extraction_DAG.py took 0.342 seconds
[2026-09-17T13:14:49.017+0000] {processor.py:161} INFO - Started process (PID=5305) to work on /opt/airflow/dags/extraction_DAG.py
[2026-09-17T13:14:49.107+0000] {processor.py:830} INFO - Processing file /opt/airflow/dags/extraction_DAG.py for tasks to queue
[2026-09-17T13:14:49.109+0000] {logging_mixin.py:188} INFO - [2026-09-17T13:14:49.108+0000] {dagbag.py:545} INFO - Filling up the DagBag from /opt/airflow/dags/extraction_DAG.py
[2026-09-17T13:14:49.414+0000] {processor.py:840} INFO - DAG(s) 'extraction_DAG' retrieved from /opt/airflow/dags/extraction_DAG.py
[2026-09-17T13:14:49.426+0000] {logging_mixin.py:188} INFO - [2026-09-17T13:14:49.426+0000] {dag.py:3096} INFO - Sync 1 DAGs
[2026-09-17T13:14:49.438+0000] {logging_mixin.py:188} INFO - [2026-09-17T13:14:49.438+0000] {dag.py:3954} INFO - Setting next_dagrun for extraction_DAG to 2026-09-17 12:00:00+00:00, run_after=2026-09-17 13:00:00+00:00
[2026-09-17T13:14:49.446+0000] {processor.py:183} INFO - Processing /opt/airflow/dags/extraction_DAG.py took 0.437 seconds
[2026-09-17T13:15:19.550+0000] {processor.py:161} INFO - Started process (PID=5315) to work on /opt/airflow/dags/extraction_DAG.py
[2026-09-17T13:15:19.550+0000] {processor.py:830} INFO - Processing file /opt/airflow/dags/extraction_DAG.py for tasks to queue
[2026-09-17T13:15:19.551+0000] {logging_mixin.py:188} INFO - [2026-09-17T13:15:19.550+0000] {dagbag.py:545} INFO - Filling up the DagBag from /opt/airflow/dags/extraction_DAG.py
[2026-09-17T13:15:19.860+0000] {processor.py:840} INFO - DAG(s) 'extraction_DAG' retrieved from /opt/airflow/dags/extraction_DAG.py
[2026-09-17T13:15:19.871+0000] {logging_mixin.py:188} INFO - [2026-09-17T13:15:19.871+0000] {dag.py:3096} INFO - Sync 1 DAGs
[2026-09-17T13:15:19.886+0000] {logging_mixin.py:188} INFO - [2026-09-17T13:15:19.885+0000] {dag.py:3954} INFO - Setting next_dagrun for extraction_DAG to 2026-09-17 12:00:00+00:00, run_after=2026-09-17 13:00:00+00:00
[2026-09-17T13:15:19.896+0000] {processor.py:183} INFO - Processing /opt/airflow/dags/extraction_DAG.py took 0.350 seconds
[2026-09-17T13:15:50.013+0000] {processor.py:161} INFO - Started process (PID=5325) to work on /opt/airflow/dags/extraction_DAG.py
[2026-09-17T13:15:50.016+0000] {processor.py:830} INFO - Processing file /opt/airflow/dags/extraction_DAG.py for tasks to queue
[2026-09-17T13:15:50.017+0000] {logging_mixin.py:188} INFO - [2026-09-17T13:15:50.017+0000] {dagbag.py:545} INFO - Filling up the DagBag from /opt/airflow/dags/extraction_DAG.py
[2026-09-17T13:15:50.381+0000] {processor.py:840} INFO - DAG(s) 'extraction_DAG' retrieved from /opt/airflow/dags/extraction_DAG.py
[2026-09-17T13:15:50.392+0000] {logging_mixin.py:188} INFO - [2026-09-17T13:15:50.392+0000] {dag.py:3096} INFO - Sync 1 DAGs
[2026-09-17T13:15:50.406+0000] {logging_mixin.py:188} INFO - [2026-09-17T13:15:50.406+0000] {dag.py:3954} INFO - Setting next_dagrun for extraction_DAG to 2026-09-17 12:00:00+00:00, run_after=2026-09-17 13:00:00+00:00
[2026-09-17T13:15:50.415+0000] {processor.py:183} INFO - Processing /opt/airflow/dags/extraction_DAG.py took 0.408 seconds
[2026-09-17T13:16:20.547+0000] {processor.py:161} INFO - Started process (PID=5335) to work on /opt/airflow/dags/extraction_DAG.py
[2026-09-17T13:16:20.547+0000] {processor.py:830} INFO - Processing file /opt/airflow/dags/extraction_DAG.py for tasks to queue
[2026-09-17T13:16:20.548+0000] {logging_mixin.py:188} INFO - [2026-09-17T13:16:20.548+0000] {dagbag.py:545} INFO - Filling up the DagBag from /opt/airflow/dags/extraction_DAG.py
[2026-09-17T13:16:20.942+0000] {processor.py:840} INFO - DAG(s) 'extraction_DAG' retrieved from /opt/airflow/dags/extraction_DAG.py
[2026-09-17T13:16:20.954+0000] {logging_mixin.py:188} INFO - [2026-09-17T13:16:20.954+0000] {dag.py:3096} INFO - Sync 1 DAGs
[2026-09-17T13:16:20.968+0000] {logging_mixin.py:188} INFO - [2026-09-17T13:16:20.968+0000] {dag.py:3954} INFO - Setting next_dagrun for extraction_DAG to 2026-09-17 12:00:00+00:00, run_after=2026-09-17 13:00:00+00:00
[2026-09-17T13:16:20.981+0000] {processor.py:183} INFO - Processing /opt/airflow/dags/extraction_DAG.py took 0.443 seconds
[2026-09-17T13:16:51.109+0000] {processor.py:161} INFO - Started process (PID=5345) to work on /opt/airflow/dags/extraction_DAG.py
[2026-09-17T13:16:51.191+0000] {processor.py:830} INFO - Processing file /opt/airflow/dags/extraction_DAG.py for tasks to queue
[2026-09-17T13:16:51.192+0000] {logging_mixin.py:188} INFO - [2026-09-17T13:16:51.192+0000] {dagbag.py:545} INFO - Filling up the DagBag from /opt/airflow/dags/extraction_DAG.py
[2026-09-17T13:16:51.502+0000] {processor.py:840} INFO - DAG(s) 'extraction_DAG' retrieved from /opt/airflow/dags/extraction_DAG.py
[2026-09-17T13:16:51.515+0000] {logging_mixin.py:188} INFO - [2026-09-17T13:16:51.515+0000] {dag.py:3096} INFO - Sync 1 DAGs
[2026-09-17T13:16:51.528+0000] {logging_mixin.py:188} INFO - [2026-09-17T13:16:51.528+0000] {dag.py:3954} INFO - Setting next_dagrun for extraction_DAG to 2026-09-17 12:00:00+00:00, run_after=2026-09-17 13:00:00+00:00
[2026-09-17T13:16:51.537+0000] {processor.py:183} INFO - Processing /opt/airflow/dags/extraction_DAG.py took 0.432 seconds
[2026-09-17T13:17:22.208+0000] {processor.py:161} INFO - Started process (PID=5355) to work on /opt/airflow/dags/extraction_DAG.py
[2026-09-17T13:17:22.208+0000] {processor.py:830} INFO - Processing file /opt/airflow/dags/extraction_DAG.py for tasks to queue
[2026-09-17T13:17:22.209+0000] {logging_mixin.py:188} INFO - [2026-09-17T13:17:22.208+0000] {dagbag.py:545} INFO - Filling up the DagBag from /opt/airflow/dags/extraction_DAG.py
[2026-09-17T13:17:22.528+0000] {processor.py:840} INFO - DAG(s) 'extraction_DAG' retrieved from /opt/airflow/dags/extraction_DAG.py
[2026-09-17T13:17:22.541+0000] {logging_mixin.py:188} INFO - [2026-09-17T13:17:22.540+0000] {dag.py:3096} INFO - Sync 1 DAGs
[2026-09-17T13:17:22.554+0000] {logging_mixin.py:188} INFO - [2026-09-17T13:17:22.554+0000] {dag.py:3954} INFO - Setting next_dagrun for extraction_DAG to 2026-09-17 12:00:00+00:00, run_after=2026-09-17 13:00:00+00:00
[2026-09-17T13:17:22.566+0000] {processor.py:183} INFO - Processing /opt/airflow/dags/extraction_DAG.py took 0.362 seconds
[2026-09-17T13:17:52.712+0000] {processor.py:161} INFO - Started process (PID=5365) to work on /opt/airflow/dags/extraction_DAG.py
[2026-09-17T13:17:52.802+0000] {processor.py:830} INFO - Processing file /opt/airflow/dags/extraction_DAG.py for tasks to queue
[2026-09-17T13:17:52.802+0000] {logging_mixin.py:188} INFO - [2026-09-17T13:17:52.802+0000] {dagbag.py:545} INFO - Filling up the DagBag from /opt/airflow/dags/extraction_DAG.py
[2026-09-17T13:17:53.115+0000] {processor.py:840} INFO - DAG(s) 'extraction_DAG' retrieved from /opt/airflow/dags/extraction_DAG.py
[2026-09-17T13:17:53.128+0000] {logging_mixin.py:188} INFO - [2026-09-17T13:17:53.127+0000] {dag.py:3096} INFO - Sync 1 DAGs
[2026-09-17T13:17:53.142+0000] {logging_mixin.py:188} INFO - [2026-09-17T13:17:53.142+0000] {dag.py:3954} INFO - Setting next_dagrun for extraction_DAG to 2026-09-17 12:00:00+00:00, run_after=2026-09-17 13:00:00+00:00
[2026-09-17T13:17:53.151+0000] {processor.py:183} INFO - Processing /opt/airflow/dags/extraction_DAG.py took 0.442 seconds
[2026-09-17T13:18:23.304+0000] {processor.py:161} INFO - Started process (PID=5375) to work on /opt/airflow/dags/extraction_DAG.py
[2026-09-17T13:18:23.305+0000] {processor.py:830} INFO - Processing file /opt/airflow/dags/extraction_DAG.py for tasks to queue
[2026-09-17T13:18:23.306+0000] {logging_mixin.py:188} INFO - [2026-09-17T13:18:23.306+0000] {dagbag.py:545} INFO - Filling up the DagBag from /opt/airflow/dags/extraction_DAG.py
[2026-09-17T13:18:23.628+0000] {processor.py:840} INFO - DAG(s) 'extraction_DAG' retrieved from /opt/airflow/dags/extraction_DAG.py
[2026-09-17T13:18:23.638+0000] {logging_mixin.py:188} INFO - [2026-09-17T13:18:23.638+0000] {dag.py:3096} INFO - Sync 1 DAGs
[2026-09-17T13:18:23.650+0000] {logging_mixin.py:188} INFO - [2026-09-17T13:18:23.650+0000] {dag.py:3954} INFO - Setting next_dagrun for extraction_DAG to 2026-09-17 12:00:00+00:00, run_after=2026-09-17 13:00:00+00:00
[2026-09-17T13:18:23.661+0000] {processor.py:183} INFO - Processing /opt/airflow/dags/extraction_DAG.py took 0.362 seconds
[2026-09-17T13:18:53.799+0000] {processor.py:161} INFO - Started process (PID=5385) to work on /opt/airflow/dags/extraction_DAG.py
[2026-09-17T13:18:53.800+0000] {processor.py:830} INFO - Processing file /opt/airflow/dags/extraction_DAG.py for tasks to queue
[2026-09-17T13:18:53.801+0000] {logging_mixin.py:188} INFO - [2026-09-17T13:18:53.801+0000] {dagbag.py:545} INFO - Filling up the DagBag from /opt/airflow/dags/extraction_DAG.py
[2026-09-17T13:18:54.098+0000] {processor.py:840} INFO - DAG(s) 'extraction_DAG' retrieved from /opt/airflow/dags/extraction_DAG.py
[2026-09-17T13:18:54.109+0000] {logging_mixin.py:188} INFO - [2026-09-17T13:18:54.108+0000] {dag.py:3096} INFO - Sync 1 DAGs
[2026-09-17T13:18:54.123+0000] {logging_mixin.py:188} INFO - [2026-09-17T13:18:54.123+0000] {dag.py:3954} INFO - Setting next_dagrun for extraction_DAG to 2026-09-17 12:00:00+00:00, run_after=2026-09-17 13:00:00+00:00
[2026-09-17T13:18:54.133+0000] {processor.py:183} INFO - Processing /opt/airflow/dags/extraction_DAG.py took 0.337 seconds
[2026-09-17T13:19:24.242+0000] {processor.py:161} INFO - Started process (PID=5395) to work on /opt/airflow/dags/extraction_DAG.py
[2026-09-17T13:19:24.242+0000] {processor.py:830} INFO - Processing file /opt/airflow/dags/extraction_DAG.py for tasks to queue
[2026-09-17T13:19:24.243+0000] {logging_mixin.py:188} INFO - [2026-09-17T13:19:24.243+0000] {dagbag.py:545} INFO - Filling up the DagBag from /opt/airflow/dags/extraction_DAG.py
[2026-09-17T13:19:24.547+0000] {processor.py:840} INFO - DAG(s) 'extraction_DAG' retrieved from /opt/airflow/dags/extraction_DAG.py
[2026-09-17T13:19:24.559+0000] {logging_mixin.py:188} INFO - [2026-09-17T13:19:24.558+0000] {dag.py:3096} INFO - Sync 1 DAGs
[2026-09-17T13:19:24.571+0000] {logging_mixin.py:188} INFO - [2026-09-17T13:19:24.571+0000] {dag.py:3954} INFO - Setting next_dagrun for extraction_DAG to 2026-09-17 12:00:00+00:00, run_after=2026-09-17 13:00:00+00:00
[2026-09-17T13:19:24.580+0000] {processor.py:183} INFO - Processing /opt/airflow/dags/extraction_DAG.py took 0.342 seconds
[2026-09-17T13:19:54.686+0000] {processor.py:161} INFO - Started process (PID=5404) to work on /opt/airflow/dags/extraction_DAG.py
[2026-09-17T13:19:54.791+0000] {processor.py:830} INFO - Processing file /opt/airflow/dags/extraction_DAG.py for tasks to queue
[2026-09-17T13:19:54.792+0000] {logging_mixin.py:188} INFO - [2026-09-17T13:19:54.792+0000] {dagbag.py:545} INFO - Filling up the DagBag from /opt/airflow/dags/extraction_DAG.py
[2026-09-17T13:19:55.093+0000] {processor.py:840} INFO - DAG(s) 'extraction_DAG' retrieved from /opt/airflow/dags/extraction_DAG.py
[2026-09-17T13:19:55.105+0000] {logging_mixin.py:188} INFO - [2026-09-17T13:19:55.104+0000] {dag.py:3096} INFO - Sync 1 DAGs
[2026-09-17T13:19:55.117+0000] {logging_mixin.py:188} INFO - [2026-09-17T13:19:55.117+0000] {dag.py:3954} INFO - Setting next_dagrun for extraction_DAG to 2026-09-17 12:00:00+00:00, run_after=2026-09-17 13:00:00+00:00
[2026-09-17T13:19:55.126+0000] {processor.py:183} INFO - Processing /opt/airflow/dags/extraction_DAG.py took 0.444 seconds
[2026-09-17T13:20:25.232+0000] {processor.py:161} INFO - Started process (PID=5414) to work on /opt/airflow/dags/extraction_DAG.py
[2026-09-17T13:20:25.232+0000] {processor.py:830} INFO - Processing file /opt/airflow/dags/extraction_DAG.py for tasks to queue
[2026-09-17T13:20:25.232+0000] {logging_mixin.py:188} INFO - [2026-09-17T13:20:25.232+0000] {dagbag.py:545} INFO - Filling up the DagBag from /opt/airflow/dags/extraction_DAG.py
[2026-09-17T13:20:25.531+0000] {processor.py:840} INFO - DAG(s) 'extraction_DAG' retrieved from /opt/airflow/dags/extraction_DAG.py
[2026-09-17T13:20:25.542+0000] {logging_mixin.py:188} INFO - [2026-09-17T13:20:25.542+0000] {dag.py:3096} INFO - Sync 1 DAGs
[2026-09-17T13:20:25.555+0000] {logging_mixin.py:188} INFO - [2026-09-17T13:20:25.555+0000] {dag.py:3954} INFO - Setting next_dagrun for extraction_DAG to 2026-09-17 12:00:00+00:00, run_after=2026-09-17 13:00:00+00:00
[2026-09-17T13:20:25.564+0000] {processor.py:183} INFO - Processing /opt/airflow/dags/extraction_DAG.py took 0.337 seconds
[2026-09-17T13:20:55.679+0000] {processor.py:161} INFO - Started process (PID=5424) to work on /opt/airflow/dags/extraction_DAG.py
[2026-09-17T13:20:55.680+0000] {processor.py:830} INFO - Processing file /opt/airflow/dags/extraction_DAG.py for tasks to queue
[2026-09-17T13:20:55.681+0000] {logging_mixin.py:188} INFO - [2026-09-17T13:20:55.680+0000] {dagbag.py:545} INFO - Filling up the DagBag from /opt/airflow/dags/extraction_DAG.py
[2026-09-17T13:20:55.985+0000] {processor.py:840} INFO - DAG(s) 'extraction_DAG' retrieved from /opt/airflow/dags/extraction_DAG.py
[2026-09-17T13:20:55.996+0000] {logging_mixin.py:188} INFO - [2026-09-17T13:20:55.996+0000] {dag.py:3096} INFO - Sync 1 DAGs
[2026-09-17T13:20:56.008+0000] {logging_mixin.py:188} INFO - [2026-09-17T13:20:56.008+0000] {dag.py:3954} INFO - Setting next_dagrun for extraction_DAG to 2026-09-17 12:00:00+00:00, run_after=2026-09-17 13:00:00+00:00
[2026-09-17T13:20:56.018+0000] {processor.py:183} INFO - Processing /opt/airflow/dags/extraction_DAG.py took 0.347 seconds
[2026-09-17T13:21:26.162+0000] {processor.py:161} INFO - Started process (PID=5434) to work on /opt/airflow/dags/extraction_DAG.py
[2026-09-17T13:21:26.168+0000] {processor.py:830} INFO - Processing file /opt/airflow/dags/extraction_DAG.py for tasks to queue
[2026-09-17T13:21:26.169+0000] {logging_mixin.py:188} INFO - [2026-09-17T13:21:26.169+0000] {dagbag.py:545} INFO - Filling up the DagBag from /opt/airflow/dags/extraction_DAG.py
[2026-09-17T13:21:26.465+0000] {processor.py:840} INFO - DAG(s) 'extraction_DAG' retrieved from /opt/airflow/dags/extraction_DAG.py
[2026-09-17T13:21:26.477+0000] {logging_mixin.py:188} INFO - [2026-09-17T13:21:26.477+0000] {dag.py:3096} INFO - Sync 1 DAGs
[2026-09-17T13:21:26.489+0000] {logging_mixin.py:188} INFO - [2026-09-17T13:21:26.489+0000] {dag.py:3954} INFO - Setting next_dagrun for extraction_DAG to 2026-09-17 12:00:00+00:00, run_after=2026-09-17 13:00:00+00:00
[2026-09-17T13:21:26.500+0000] {processor.py:183} INFO - Processing /opt/airflow/dags/extraction_DAG.py took 0.346 seconds
[2026-09-17T13:21:56.609+0000] {processor.py:161} INFO - Started process (PID=5444) to work on /opt/airflow/dags/extraction_DAG.py
[2026-09-17T13:21:56.610+0000] {processor.py:830} INFO - Processing file /opt/airflow/dags/extraction_DAG.py for tasks to queue
[2026-09-17T13:21:56.611+0000] {logging_mixin.py:188} INFO - [2026-09-17T13:21:56.611+0000] {dagbag.py:545} INFO - Filling up the DagBag from /opt/airflow/dags/extraction_DAG.py
[2026-09-17T13:21:56.915+0000] {processor.py:840} INFO - DAG(s) 'extraction_DAG' retrieved from /opt/airflow/dags/extraction_DAG.py
[2026-09-17T13:21:56.926+0000] {logging_mixin.py:188} INFO - [2026-09-17T13:21:56.925+0000] {dag.py:3096} INFO - Sync 1 DAGs
[2026-09-17T13:21:56.940+0000] {logging_mixin.py:188} INFO - [2026-09-17T13:21:56.940+0000] {dag.py:3954} INFO - Setting next_dagrun for extraction_DAG to 2026-09-17 12:00:00+00:00, run_after=2026-09-17 13:00:00+00:00
[2026-09-17T13:21:56.949+0000] {processor.py:183} INFO - Processing /opt/airflow/dags/extraction_DAG.py took 0.344 seconds
[2026-09-17T13:22:27.090+0000] {processor.py:161} INFO - Started process (PID=5454) to work on /opt/airflow/dags/extraction_DAG.py
[2026-09-17T13:22:27.181+0000] {processor.py:830} INFO - Processing file /opt/airflow/dags/extraction_DAG.py for tasks to queue
[2026-09-17T13:22:27.182+0000] {logging_mixin.py:188} INFO - [2026-09-17T13:22:27.182+0000] {dagbag.py:545} INFO - Filling up the DagBag from /opt/airflow/dags/extraction_DAG.py
[2026-09-17T13:22:27.489+0000] {processor.py:840} INFO - DAG(s) 'extraction_DAG' retrieved from /opt/airflow/dags/extraction_DAG.py
[2026-09-17T13:22:27.502+0000] {logging_mixin.py:188} INFO - [2026-09-17T13:22:27.501+0000] {dag.py:3096} INFO - Sync 1 DAGs
[2026-09-17T13:22:27.513+0000] {logging_mixin.py:188} INFO - [2026-09-17T13:22:27.513+0000] {dag.py:3954} INFO - Setting next_dagrun for extraction_DAG to 2026-09-17 12:00:00+00:00, run_after=2026-09-17 13:00:00+00:00
[2026-09-17T13:22:27.522+0000] {processor.py:183} INFO - Processing /opt/airflow/dags/extraction_DAG.py took 0.441 seconds
[2026-09-17T13:22:57.573+0000] {processor.py:161} INFO - Started process (PID=5464) to work on /opt/airflow/dags/extraction_DAG.py
[2026-09-17T13:22:57.574+0000] {processor.py:830} INFO - Processing file /opt/airflow/dags/extraction_DAG.py for tasks to queue
[2026-09-17T13:22:57.574+0000] {logging_mixin.py:188} INFO - [2026-09-17T13:22:57.574+0000] {dagbag.py:545} INFO - Filling up the DagBag from /opt/airflow/dags/extraction_DAG.py
[2026-09-17T13:22:57.875+0000] {processor.py:840} INFO - DAG(s) 'extraction_DAG' retrieved from /opt/airflow/dags/extraction_DAG.py
[2026-09-17T13:22:57.887+0000] {logging_mixin.py:188} INFO - [2026-09-17T13:22:57.886+0000] {dag.py:3096} INFO - Sync 1 DAGs
[2026-09-17T13:22:57.900+0000] {logging_mixin.py:188} INFO - [2026-09-17T13:22:57.900+0000] {dag.py:3954} INFO - Setting next_dagrun for extraction_DAG to 2026-09-17 12:00:00+00:00, run_after=2026-09-17 13:00:00+00:00
[2026-09-17T13:22:57.911+0000] {processor.py:183} INFO - Processing /opt/airflow/dags/extraction_DAG.py took 0.342 seconds
[2026-09-17T13:23:28.033+0000] {processor.py:161} INFO - Started process (PID=5474) to work on /opt/airflow/dags/extraction_DAG.py
[2026-09-17T13:23:28.119+0000] {processor.py:830} INFO - Processing file /opt/airflow/dags/extraction_DAG.py for tasks to queue
[2026-09-17T13:23:28.121+0000] {logging_mixin.py:188} INFO - [2026-09-17T13:23:28.120+0000] {dagbag.py:545} INFO - Filling up the DagBag from /opt/airflow/dags/extraction_DAG.py
[2026-09-17T13:23:28.480+0000] {processor.py:840} INFO - DAG(s) 'extraction_DAG' retrieved from /opt/airflow/dags/extraction_DAG.py
[2026-09-17T13:23:28.491+0000] {logging_mixin.py:188} INFO - [2026-09-17T13:23:28.491+0000] {dag.py:3096} INFO - Sync 1 DAGs
[2026-09-17T13:23:28.504+0000] {logging_mixin.py:188} INFO - [2026-09-17T13:23:28.504+0000] {dag.py:3954} INFO - Setting next_dagrun for extraction_DAG to 2026-09-17 12:00:00+00:00, run_after=2026-09-17 13:00:00+00:00
[2026-09-17T13:23:28.514+0000] {processor.py:183} INFO - Processing /opt/airflow/dags/extraction_DAG.py took 0.488 seconds
[2026-09-17T13:23:59.204+0000] {processor.py:161} INFO - Started process (PID=5484) to work on /opt/airflow/dags/extraction_DAG.py
[2026-09-17T13:23:59.204+0000] {processor.py:830} INFO - Processing file /opt/airflow/dags/extraction_DAG.py for tasks to queue
[2026-09-17T13:23:59.205+0000] {logging_mixin.py:188} INFO - [2026-09-17T13:23:59.205+0000] {dagbag.py:545} INFO - Filling up the DagBag from /opt/airflow/dags/extraction_DAG.py
[2026-09-17T13:23:59.507+0000] {processor.py:840} INFO - DAG(s) 'extraction_DAG' retrieved from /opt/airflow/dags/extraction_DAG.py
[2026-09-17T13:23:59.519+0000] {logging_mixin.py:188} INFO - [2026-09-17T13:23:59.518+0000] {dag.py:3096} INFO - Sync 1 DAGs
[2026-09-17T13:23:59.531+0000] {logging_mixin.py:188} INFO - [2026-09-17T13:23:59.531+0000] {dag.py:3954} INFO - Setting next_dagrun for extraction_DAG to 2026-09-17 12:00:00+00:00, run_after=2026-09-17 13:00:00+00:00
[2026-09-17T13:23:59.542+0000] {processor.py:183} INFO - Processing /opt/airflow/dags/extraction_DAG.py took 0.347 seconds
[2026-09-17T13:24:29.646+0000] {processor.py:161} INFO - Started process (PID=5494) to work on /opt/airflow/dags/extraction_DAG.py
[2026-09-17T13:24:29.766+0000] {processor.py:830} INFO - Processing file /opt/airflow/dags/extraction_DAG.py for tasks to queue
[2026-09-17T13:24:29.766+0000] {logging_mixin.py:188} INFO - [2026-09-17T13:24:29.766+0000] {dagbag.py:545} INFO - Filling up the DagBag from /opt/airflow/dags/extraction_DAG.py
[2026-09-17T13:24:30.066+0000] {processor.py:840} INFO - DAG(s) 'extraction_DAG' retrieved from /opt/airflow/dags/extraction_DAG.py
[2026-09-17T13:24:30.079+0000] {logging_mixin.py:188} INFO - [2026-09-17T13:24:30.079+0000] {dag.py:3096} INFO - Sync 1 DAGs
[2026-09-17T13:24:30.093+0000] {logging_mixin.py:188} INFO - [2026-09-17T13:24:30.093+0000] {dag.py:3954} INFO - Setting next_dagrun for extraction_DAG to 2026-09-17 12:00:00+00:00, run_after=2026-09-17 13:00:00+00:00
[2026-09-17T13:24:30.102+0000] {processor.py:183} INFO - Processing /opt/airflow/dags/extraction_DAG.py took 0.460 seconds
[2026-09-17T13:25:00.219+0000] {processor.py:161} INFO - Started process (PID=5504) to work on /opt/airflow/dags/extraction_DAG.py
[2026-09-17T13:25:00.219+0000] {processor.py:830} INFO - Processing file /opt/airflow/dags/extraction_DAG.py for tasks to queue
[2026-09-17T13:25:00.220+0000] {logging_mixin.py:188} INFO - [2026-09-17T13:25:00.219+0000] {dagbag.py:545} INFO - Filling up the DagBag from /opt/airflow/dags/extraction_DAG.py
[2026-09-17T13:25:00.520+0000] {processor.py:840} INFO - DAG(s) 'extraction_DAG' retrieved from /opt/airflow/dags/extraction_DAG.py
[2026-09-17T13:25:00.531+0000] {logging_mixin.py:188} INFO - [2026-09-17T13:25:00.531+0000] {dag.py:3096} INFO - Sync 1 DAGs
[2026-09-17T13:25:00.545+0000] {logging_mixin.py:188} INFO - [2026-09-17T13:25:00.545+0000] {dag.py:3954} INFO - Setting next_dagrun for extraction_DAG to 2026-09-17 12:00:00+00:00, run_after=2026-09-17 13:00:00+00:00
[2026-09-17T13:25:00.555+0000] {processor.py:183} INFO - Processing /opt/airflow/dags/extraction_DAG.py took 0.340 seconds
[2026-09-17T13:25:30.672+0000] {processor.py:161} INFO - Started process (PID=5514) to work on /opt/airflow/dags/extraction_DAG.py
[2026-09-17T13:25:30.753+0000] {processor.py:830} INFO - Processing file /opt/airflow/dags/extraction_DAG.py for tasks to queue
[2026-09-17T13:25:30.753+0000] {logging_mixin.py:188} INFO - [2026-09-17T13:25:30.753+0000] {dagbag.py:545} INFO - Filling up the DagBag from /opt/airflow/dags/extraction_DAG.py
[2026-09-17T13:25:31.052+0000] {processor.py:840} INFO - DAG(s) 'extraction_DAG' retrieved from /opt/airflow/dags/extraction_DAG.py
[2026-09-17T13:25:31.064+0000] {logging_mixin.py:188} INFO - [2026-09-17T13:25:31.063+0000] {dag.py:3096} INFO - Sync 1 DAGs
[2026-09-17T13:25:31.076+0000] {logging_mixin.py:188} INFO - [2026-09-17T13:25:31.075+0000] {dag.py:3954} INFO - Setting next_dagrun for extraction_DAG to 2026-09-17 12:00:00+00:00, run_after=2026-09-17 13:00:00+00:00
[2026-09-17T13:25:31.085+0000] {processor.py:183} INFO - Processing /opt/airflow/dags/extraction_DAG.py took 0.417 seconds
[2026-09-17T13:26:01.200+0000] {processor.py:161} INFO - Started process (PID=5524) to work on /opt/airflow/dags/extraction_DAG.py
[2026-09-17T13:26:01.201+0000] {processor.py:830} INFO - Processing file /opt/airflow/dags/extraction_DAG.py for tasks to queue
[2026-09-17T13:26:01.202+0000] {logging_mixin.py:188} INFO - [2026-09-17T13:26:01.202+0000] {dagbag.py:545} INFO - Filling up the DagBag from /opt/airflow/dags/extraction_DAG.py
[2026-09-17T13:26:01.484+0000] {processor.py:840} INFO - DAG(s) 'extraction_DAG' retrieved from /opt/airflow/dags/extraction_DAG.py
[2026-09-17T13:26:01.495+0000] {logging_mixin.py:188} INFO - [2026-09-17T13:26:01.495+0000] {dag.py:3096} INFO - Sync 1 DAGs
[2026-09-17T13:26:01.507+0000] {logging_mixin.py:188} INFO - [2026-09-17T13:26:01.507+0000] {dag.py:3954} INFO - Setting next_dagrun for extraction_DAG to 2026-09-17 12:00:00+00:00, run_after=2026-09-17 13:00:00+00:00
[2026-09-17T13:26:01.516+0000] {processor.py:183} INFO - Processing /opt/airflow/dags/extraction_DAG.py took 0.325 seconds
[2026-09-17T13:26:31.657+0000] {processor.py:161} INFO - Started process (PID=5534) to work on /opt/airflow/dags/extraction_DAG.py
[2026-09-17T13:26:31.665+0000] {processor.py:830} INFO - Processing file /opt/airflow/dags/extraction_DAG.py for tasks to queue
[2026-09-17T13:26:31.666+0000] {logging_mixin.py:188} INFO - [2026-09-17T13:26:31.666+0000] {dagbag.py:545} INFO - Filling up the DagBag from /opt/airflow/dags/extraction_DAG.py
[2026-09-17T13:26:31.955+0000] {processor.py:840} INFO - DAG(s) 'extraction_DAG' retrieved from /opt/airflow/dags/extraction_DAG.py
[2026-09-17T13:26:31.966+0000] {logging_mixin.py:188} INFO - [2026-09-17T13:26:31.966+0000] {dag.py:3096} INFO - Sync 1 DAGs
[2026-09-17T13:26:31.978+0000] {logging_mixin.py:188} INFO - [2026-09-17T13:26:31.978+0000] {dag.py:3954} INFO - Setting next_dagrun for extraction_DAG to 2026-09-17 12:00:00+00:00, run_after=2026-09-17 13:00:00+00:00
[2026-09-17T13:26:31.986+0000] {processor.py:183} INFO - Processing /opt/airflow/dags/extraction_DAG.py took 0.338 seconds
[2026-09-17T13:27:02.132+0000] {processor.py:161} INFO - Started process (PID=5544) to work on /opt/airflow/dags/extraction_DAG.py
[2026-09-17T13:27:02.133+0000] {processor.py:830} INFO - Processing file /opt/airflow/dags/extraction_DAG.py for tasks to queue
[2026-09-17T13:27:02.134+0000] {logging_mixin.py:188} INFO - [2026-09-17T13:27:02.134+0000] {dagbag.py:545} INFO - Filling up the DagBag from /opt/airflow/dags/extraction_DAG.py
[2026-09-17T13:27:02.433+0000] {processor.py:840} INFO - DAG(s) 'extraction_DAG' retrieved from /opt/airflow/dags/extraction_DAG.py
[2026-09-17T13:27:02.443+0000] {logging_mixin.py:188} INFO - [2026-09-17T13:27:02.443+0000] {dag.py:3096} INFO - Sync 1 DAGs
[2026-09-17T13:27:02.456+0000] {logging_mixin.py:188} INFO - [2026-09-17T13:27:02.456+0000] {dag.py:3954} INFO - Setting next_dagrun for extraction_DAG to 2026-09-17 12:00:00+00:00, run_after=2026-09-17 13:00:00+00:00
[2026-09-17T13:27:02.467+0000] {processor.py:183} INFO - Processing /opt/airflow/dags/extraction_DAG.py took 0.343 seconds
[2026-09-17T13:27:32.636+0000] {processor.py:161} INFO - Started process (PID=5554) to work on /opt/airflow/dags/extraction_DAG.py
[2026-09-17T13:27:32.727+0000] {processor.py:830} INFO - Processing file /opt/airflow/dags/extraction_DAG.py for tasks to queue
[2026-09-17T13:27:32.728+0000] {logging_mixin.py:188} INFO - [2026-09-17T13:27:32.727+0000] {dagbag.py:545} INFO - Filling up the DagBag from /opt/airflow/dags/extraction_DAG.py
[2026-09-17T13:27:33.027+0000] {processor.py:840} INFO - DAG(s) 'extraction_DAG' retrieved from /opt/airflow/dags/extraction_DAG.py
[2026-09-17T13:27:33.039+0000] {logging_mixin.py:188} INFO - [2026-09-17T13:27:33.039+0000] {dag.py:3096} INFO - Sync 1 DAGs
[2026-09-17T13:27:33.052+0000] {logging_mixin.py:188} INFO - [2026-09-17T13:27:33.052+0000] {dag.py:3954} INFO - Setting next_dagrun for extraction_DAG to 2026-09-17 12:00:00+00:00, run_after=2026-09-17 13:00:00+00:00
[2026-09-17T13:27:33.061+0000] {processor.py:183} INFO - Processing /opt/airflow/dags/extraction_DAG.py took 0.435 seconds
[2026-09-17T13:28:03.202+0000] {processor.py:161} INFO - Started process (PID=5564) to work on /opt/airflow/dags/extraction_DAG.py
[2026-09-17T13:28:03.202+0000] {processor.py:830} INFO - Processing file /opt/airflow/dags/extraction_DAG.py for tasks to queue
[2026-09-17T13:28:03.203+0000] {logging_mixin.py:188} INFO - [2026-09-17T13:28:03.203+0000] {dagbag.py:545} INFO - Filling up the DagBag from /opt/airflow/dags/extraction_DAG.py
[2026-09-17T13:28:03.518+0000] {processor.py:840} INFO - DAG(s) 'extraction_DAG' retrieved from /opt/airflow/dags/extraction_DAG.py
[2026-09-17T13:28:03.529+0000] {logging_mixin.py:188} INFO - [2026-09-17T13:28:03.529+0000] {dag.py:3096} INFO - Sync 1 DAGs
[2026-09-17T13:28:03.543+0000] {logging_mixin.py:188} INFO - [2026-09-17T13:28:03.543+0000] {dag.py:3954} INFO - Setting next_dagrun for extraction_DAG to 2026-09-17 12:00:00+00:00, run_after=2026-09-17 13:00:00+00:00
[2026-09-17T13:28:03.551+0000] {processor.py:183} INFO - Processing /opt/airflow/dags/extraction_DAG.py took 0.357 seconds
[2026-09-17T13:28:33.704+0000] {processor.py:161} INFO - Started process (PID=5574) to work on /opt/airflow/dags/extraction_DAG.py
[2026-09-17T13:28:33.715+0000] {processor.py:830} INFO - Processing file /opt/airflow/dags/extraction_DAG.py for tasks to queue
[2026-09-17T13:28:33.716+0000] {logging_mixin.py:188} INFO - [2026-09-17T13:28:33.716+0000] {dagbag.py:545} INFO - Filling up the DagBag from /opt/airflow/dags/extraction_DAG.py
[2026-09-17T13:28:34.019+0000] {processor.py:840} INFO - DAG(s) 'extraction_DAG' retrieved from /opt/airflow/dags/extraction_DAG.py
[2026-09-17T13:28:34.032+0000] {logging_mixin.py:188} INFO - [2026-09-17T13:28:34.032+0000] {dag.py:3096} INFO - Sync 1 DAGs
[2026-09-17T13:28:34.044+0000] {logging_mixin.py:188} INFO - [2026-09-17T13:28:34.044+0000] {dag.py:3954} INFO - Setting next_dagrun for extraction_DAG to 2026-09-17 12:00:00+00:00, run_after=2026-09-17 13:00:00+00:00
[2026-09-17T13:28:34.055+0000] {processor.py:183} INFO - Processing /opt/airflow/dags/extraction_DAG.py took 0.356 seconds
[2026-09-17T13:29:04.175+0000] {processor.py:161} INFO - Started process (PID=5584) to work on /opt/airflow/dags/extraction_DAG.py
[2026-09-17T13:29:04.176+0000] {processor.py:830} INFO - Processing file /opt/airflow/dags/extraction_DAG.py for tasks to queue
[2026-09-17T13:29:04.176+0000] {logging_mixin.py:188} INFO - [2026-09-17T13:29:04.176+0000] {dagbag.py:545} INFO - Filling up the DagBag from /opt/airflow/dags/extraction_DAG.py
[2026-09-17T13:29:04.463+0000] {processor.py:840} INFO - DAG(s) 'extraction_DAG' retrieved from /opt/airflow/dags/extraction_DAG.py
[2026-09-17T13:29:04.475+0000] {logging_mixin.py:188} INFO - [2026-09-17T13:29:04.475+0000] {dag.py:3096} INFO - Sync 1 DAGs
[2026-09-17T13:29:04.487+0000] {logging_mixin.py:188} INFO - [2026-09-17T13:29:04.487+0000] {dag.py:3954} INFO - Setting next_dagrun for extraction_DAG to 2026-09-17 12:00:00+00:00, run_after=2026-09-17 13:00:00+00:00
[2026-09-17T13:29:04.496+0000] {processor.py:183} INFO - Processing /opt/airflow/dags/extraction_DAG.py took 0.324 seconds
[2026-09-17T13:29:34.647+0000] {processor.py:161} INFO - Started process (PID=5594) to work on /opt/airflow/dags/extraction_DAG.py
[2026-09-17T13:29:34.737+0000] {processor.py:830} INFO - Processing file /opt/airflow/dags/extraction_DAG.py for tasks to queue
[2026-09-17T13:29:34.737+0000] {logging_mixin.py:188} INFO - [2026-09-17T13:29:34.737+0000] {dagbag.py:545} INFO - Filling up the DagBag from /opt/airflow/dags/extraction_DAG.py
[2026-09-17T13:29:35.057+0000] {processor.py:840} INFO - DAG(s) 'extraction_DAG' retrieved from /opt/airflow/dags/extraction_DAG.py
[2026-09-17T13:29:35.070+0000] {logging_mixin.py:188} INFO - [2026-09-17T13:29:35.069+0000] {dag.py:3096} INFO - Sync 1 DAGs
[2026-09-17T13:29:35.084+0000] {logging_mixin.py:188} INFO - [2026-09-17T13:29:35.084+0000] {dag.py:3954} INFO - Setting next_dagrun for extraction_DAG to 2026-09-17 12:00:00+00:00, run_after=2026-09-17 13:00:00+00:00
[2026-09-17T13:29:35.093+0000] {processor.py:183} INFO - Processing /opt/airflow/dags/extraction_DAG.py took 0.450 seconds
[2026-09-17T13:30:05.125+0000] {processor.py:161} INFO - Started process (PID=5604) to work on /opt/airflow/dags/extraction_DAG.py
[2026-09-17T13:30:05.126+0000] {processor.py:830} INFO - Processing file /opt/airflow/dags/extraction_DAG.py for tasks to queue
[2026-09-17T13:30:05.127+0000] {logging_mixin.py:188} INFO - [2026-09-17T13:30:05.126+0000] {dagbag.py:545} INFO - Filling up the DagBag from /opt/airflow/dags/extraction_DAG.py
[2026-09-17T13:30:05.435+0000] {processor.py:840} INFO - DAG(s) 'extraction_DAG' retrieved from /opt/airflow/dags/extraction_DAG.py
[2026-09-17T13:30:05.448+0000] {logging_mixin.py:188} INFO - [2026-09-17T13:30:05.448+0000] {dag.py:3096} INFO - Sync 1 DAGs
[2026-09-17T13:30:05.461+0000] {logging_mixin.py:188} INFO - [2026-09-17T13:30:05.461+0000] {dag.py:3954} INFO - Setting next_dagrun for extraction_DAG to 2026-09-17 12:00:00+00:00, run_after=2026-09-17 13:00:00+00:00
[2026-09-17T13:30:05.472+0000] {processor.py:183} INFO - Processing /opt/airflow/dags/extraction_DAG.py took 0.354 seconds
[2026-09-17T13:30:35.629+0000] {processor.py:161} INFO - Started process (PID=5614) to work on /opt/airflow/dags/extraction_DAG.py
[2026-09-17T13:30:35.719+0000] {processor.py:830} INFO - Processing file /opt/airflow/dags/extraction_DAG.py for tasks to queue
[2026-09-17T13:30:35.721+0000] {logging_mixin.py:188} INFO - [2026-09-17T13:30:35.720+0000] {dagbag.py:545} INFO - Filling up the DagBag from /opt/airflow/dags/extraction_DAG.py
[2026-09-17T13:30:36.015+0000] {processor.py:840} INFO - DAG(s) 'extraction_DAG' retrieved from /opt/airflow/dags/extraction_DAG.py
[2026-09-17T13:30:36.026+0000] {logging_mixin.py:188} INFO - [2026-09-17T13:30:36.026+0000] {dag.py:3096} INFO - Sync 1 DAGs
[2026-09-17T13:30:36.040+0000] {logging_mixin.py:188} INFO - [2026-09-17T13:30:36.040+0000] {dag.py:3954} INFO - Setting next_dagrun for extraction_DAG to 2026-09-17 12:00:00+00:00, run_after=2026-09-17 13:00:00+00:00
[2026-09-17T13:30:36.048+0000] {processor.py:183} INFO - Processing /opt/airflow/dags/extraction_DAG.py took 0.426 seconds
[2026-09-17T13:31:06.178+0000] {processor.py:161} INFO - Started process (PID=5624) to work on /opt/airflow/dags/extraction_DAG.py
[2026-09-17T13:31:06.179+0000] {processor.py:830} INFO - Processing file /opt/airflow/dags/extraction_DAG.py for tasks to queue
[2026-09-17T13:31:06.180+0000] {logging_mixin.py:188} INFO - [2026-09-17T13:31:06.179+0000] {dagbag.py:545} INFO - Filling up the DagBag from /opt/airflow/dags/extraction_DAG.py
[2026-09-17T13:31:06.479+0000] {processor.py:840} INFO - DAG(s) 'extraction_DAG' retrieved from /opt/airflow/dags/extraction_DAG.py
[2026-09-17T13:31:06.491+0000] {logging_mixin.py:188} INFO - [2026-09-17T13:31:06.490+0000] {dag.py:3096} INFO - Sync 1 DAGs
[2026-09-17T13:31:06.504+0000] {logging_mixin.py:188} INFO - [2026-09-17T13:31:06.503+0000] {dag.py:3954} INFO - Setting next_dagrun for extraction_DAG to 2026-09-17 12:00:00+00:00, run_after=2026-09-17 13:00:00+00:00
[2026-09-17T13:31:06.513+0000] {processor.py:183} INFO - Processing /opt/airflow/dags/extraction_DAG.py took 0.344 seconds
[2026-09-17T13:31:36.653+0000] {processor.py:161} INFO - Started process (PID=5634) to work on /opt/airflow/dags/extraction_DAG.py
[2026-09-17T13:31:36.664+0000] {processor.py:830} INFO - Processing file /opt/airflow/dags/extraction_DAG.py for tasks to queue
[2026-09-17T13:31:36.665+0000] {logging_mixin.py:188} INFO - [2026-09-17T13:31:36.664+0000] {dagbag.py:545} INFO - Filling up the DagBag from /opt/airflow/dags/extraction_DAG.py
[2026-09-17T13:31:36.968+0000] {processor.py:840} INFO - DAG(s) 'extraction_DAG' retrieved from /opt/airflow/dags/extraction_DAG.py
[2026-09-17T13:31:36.981+0000] {logging_mixin.py:188} INFO - [2026-09-17T13:31:36.980+0000] {dag.py:3096} INFO - Sync 1 DAGs
[2026-09-17T13:31:36.993+0000] {logging_mixin.py:188} INFO - [2026-09-17T13:31:36.992+0000] {dag.py:3954} INFO - Setting next_dagrun for extraction_DAG to 2026-09-17 12:00:00+00:00, run_after=2026-09-17 13:00:00+00:00
[2026-09-17T13:31:37.007+0000] {processor.py:183} INFO - Processing /opt/airflow/dags/extraction_DAG.py took 0.361 seconds
[2026-09-17T13:32:07.144+0000] {processor.py:161} INFO - Started process (PID=5644) to work on /opt/airflow/dags/extraction_DAG.py
[2026-09-17T13:32:07.144+0000] {processor.py:830} INFO - Processing file /opt/airflow/dags/extraction_DAG.py for tasks to queue
[2026-09-17T13:32:07.145+0000] {logging_mixin.py:188} INFO - [2026-09-17T13:32:07.145+0000] {dagbag.py:545} INFO - Filling up the DagBag from /opt/airflow/dags/extraction_DAG.py
[2026-09-17T13:32:07.467+0000] {processor.py:840} INFO - DAG(s) 'extraction_DAG' retrieved from /opt/airflow/dags/extraction_DAG.py
[2026-09-17T13:32:07.477+0000] {logging_mixin.py:188} INFO - [2026-09-17T13:32:07.477+0000] {dag.py:3096} INFO - Sync 1 DAGs
[2026-09-17T13:32:07.489+0000] {logging_mixin.py:188} INFO - [2026-09-17T13:32:07.489+0000] {dag.py:3954} INFO - Setting next_dagrun for extraction_DAG to 2026-09-17 12:00:00+00:00, run_after=2026-09-17 13:00:00+00:00
[2026-09-17T13:32:07.499+0000] {processor.py:183} INFO - Processing /opt/airflow/dags/extraction_DAG.py took 0.360 seconds
[2026-09-17T13:32:37.664+0000] {processor.py:161} INFO - Started process (PID=5654) to work on /opt/airflow/dags/extraction_DAG.py
[2026-09-17T13:32:37.672+0000] {processor.py:830} INFO - Processing file /opt/airflow/dags/extraction_DAG.py for tasks to queue
[2026-09-17T13:32:37.673+0000] {logging_mixin.py:188} INFO - [2026-09-17T13:32:37.673+0000] {dagbag.py:545} INFO - Filling up the DagBag from /opt/airflow/dags/extraction_DAG.py
[2026-09-17T13:32:37.971+0000] {processor.py:840} INFO - DAG(s) 'extraction_DAG' retrieved from /opt/airflow/dags/extraction_DAG.py
[2026-09-17T13:32:37.983+0000] {logging_mixin.py:188} INFO - [2026-09-17T13:32:37.983+0000] {dag.py:3096} INFO - Sync 1 DAGs
[2026-09-17T13:32:37.996+0000] {logging_mixin.py:188} INFO - [2026-09-17T13:32:37.996+0000] {dag.py:3954} INFO - Setting next_dagrun for extraction_DAG to 2026-09-17 12:00:00+00:00, run_after=2026-09-17 13:00:00+00:00
[2026-09-17T13:32:38.007+0000] {processor.py:183} INFO - Processing /opt/airflow/dags/extraction_DAG.py took 0.351 seconds
[2026-09-17T13:33:08.136+0000] {processor.py:161} INFO - Started process (PID=5664) to work on /opt/airflow/dags/extraction_DAG.py
[2026-09-17T13:33:08.137+0000] {processor.py:830} INFO - Processing file /opt/airflow/dags/extraction_DAG.py for tasks to queue
[2026-09-17T13:33:08.137+0000] {logging_mixin.py:188} INFO - [2026-09-17T13:33:08.137+0000] {dagbag.py:545} INFO - Filling up the DagBag from /opt/airflow/dags/extraction_DAG.py
[2026-09-17T13:33:08.468+0000] {processor.py:840} INFO - DAG(s) 'extraction_DAG' retrieved from /opt/airflow/dags/extraction_DAG.py
[2026-09-17T13:33:08.481+0000] {logging_mixin.py:188} INFO - [2026-09-17T13:33:08.480+0000] {dag.py:3096} INFO - Sync 1 DAGs
[2026-09-17T13:33:08.494+0000] {logging_mixin.py:188} INFO - [2026-09-17T13:33:08.493+0000] {dag.py:3954} INFO - Setting next_dagrun for extraction_DAG to 2026-09-17 12:00:00+00:00, run_after=2026-09-17 13:00:00+00:00
[2026-09-17T13:33:08.504+0000] {processor.py:183} INFO - Processing /opt/airflow/dags/extraction_DAG.py took 0.372 seconds
[2026-09-17T13:33:38.609+0000] {processor.py:161} INFO - Started process (PID=5674) to work on /opt/airflow/dags/extraction_DAG.py
[2026-09-17T13:33:38.786+0000] {processor.py:830} INFO - Processing file /opt/airflow/dags/extraction_DAG.py for tasks to queue
[2026-09-17T13:33:38.786+0000] {logging_mixin.py:188} INFO - [2026-09-17T13:33:38.786+0000] {dagbag.py:545} INFO - Filling up the DagBag from /opt/airflow/dags/extraction_DAG.py
[2026-09-17T13:33:39.089+0000] {processor.py:840} INFO - DAG(s) 'extraction_DAG' retrieved from /opt/airflow/dags/extraction_DAG.py
[2026-09-17T13:33:39.101+0000] {logging_mixin.py:188} INFO - [2026-09-17T13:33:39.101+0000] {dag.py:3096} INFO - Sync 1 DAGs
[2026-09-17T13:33:39.115+0000] {logging_mixin.py:188} INFO - [2026-09-17T13:33:39.115+0000] {dag.py:3954} INFO - Setting next_dagrun for extraction_DAG to 2026-09-17 12:00:00+00:00, run_after=2026-09-17 13:00:00+00:00
[2026-09-17T13:33:39.124+0000] {processor.py:183} INFO - Processing /opt/airflow/dags/extraction_DAG.py took 0.519 seconds
[2026-09-17T13:34:09.255+0000] {processor.py:161} INFO - Started process (PID=5684) to work on /opt/airflow/dags/extraction_DAG.py
[2026-09-17T13:34:09.255+0000] {processor.py:830} INFO - Processing file /opt/airflow/dags/extraction_DAG.py for tasks to queue
[2026-09-17T13:34:09.256+0000] {logging_mixin.py:188} INFO - [2026-09-17T13:34:09.256+0000] {dagbag.py:545} INFO - Filling up the DagBag from /opt/airflow/dags/extraction_DAG.py
[2026-09-17T13:34:09.575+0000] {processor.py:840} INFO - DAG(s) 'extraction_DAG' retrieved from /opt/airflow/dags/extraction_DAG.py
[2026-09-17T13:34:09.587+0000] {logging_mixin.py:188} INFO - [2026-09-17T13:34:09.587+0000] {dag.py:3096} INFO - Sync 1 DAGs
[2026-09-17T13:34:09.604+0000] {logging_mixin.py:188} INFO - [2026-09-17T13:34:09.604+0000] {dag.py:3954} INFO - Setting next_dagrun for extraction_DAG to 2026-09-17 12:00:00+00:00, run_after=2026-09-17 13:00:00+00:00
[2026-09-17T13:34:09.616+0000] {processor.py:183} INFO - Processing /opt/airflow/dags/extraction_DAG.py took 0.370 seconds
[2026-09-17T13:34:39.709+0000] {processor.py:161} INFO - Started process (PID=5694) to work on /opt/airflow/dags/extraction_DAG.py
[2026-09-17T13:34:39.795+0000] {processor.py:830} INFO - Processing file /opt/airflow/dags/extraction_DAG.py for tasks to queue
[2026-09-17T13:34:39.796+0000] {logging_mixin.py:188} INFO - [2026-09-17T13:34:39.796+0000] {dagbag.py:545} INFO - Filling up the DagBag from /opt/airflow/dags/extraction_DAG.py
[2026-09-17T13:34:40.143+0000] {processor.py:840} INFO - DAG(s) 'extraction_DAG' retrieved from /opt/airflow/dags/extraction_DAG.py
[2026-09-17T13:34:40.165+0000] {logging_mixin.py:188} INFO - [2026-09-17T13:34:40.165+0000] {dag.py:3096} INFO - Sync 1 DAGs
[2026-09-17T13:34:40.189+0000] {logging_mixin.py:188} INFO - [2026-09-17T13:34:40.189+0000] {dag.py:3954} INFO - Setting next_dagrun for extraction_DAG to 2026-09-17 12:00:00+00:00, run_after=2026-09-17 13:00:00+00:00
[2026-09-17T13:34:40.208+0000] {processor.py:183} INFO - Processing /opt/airflow/dags/extraction_DAG.py took 0.504 seconds
[2026-09-17T13:35:10.840+0000] {processor.py:161} INFO - Started process (PID=5704) to work on /opt/airflow/dags/extraction_DAG.py
[2026-09-17T13:35:10.841+0000] {processor.py:830} INFO - Processing file /opt/airflow/dags/extraction_DAG.py for tasks to queue
[2026-09-17T13:35:10.842+0000] {logging_mixin.py:188} INFO - [2026-09-17T13:35:10.842+0000] {dagbag.py:545} INFO - Filling up the DagBag from /opt/airflow/dags/extraction_DAG.py
[2026-09-17T13:35:11.129+0000] {processor.py:840} INFO - DAG(s) 'extraction_DAG' retrieved from /opt/airflow/dags/extraction_DAG.py
[2026-09-17T13:35:11.141+0000] {logging_mixin.py:188} INFO - [2026-09-17T13:35:11.140+0000] {dag.py:3096} INFO - Sync 1 DAGs
[2026-09-17T13:35:11.152+0000] {logging_mixin.py:188} INFO - [2026-09-17T13:35:11.152+0000] {dag.py:3954} INFO - Setting next_dagrun for extraction_DAG to 2026-09-17 12:00:00+00:00, run_after=2026-09-17 13:00:00+00:00
[2026-09-17T13:35:11.161+0000] {processor.py:183} INFO - Processing /opt/airflow/dags/extraction_DAG.py took 0.330 seconds
[2026-09-17T13:35:41.300+0000] {processor.py:161} INFO - Started process (PID=5714) to work on /opt/airflow/dags/extraction_DAG.py
[2026-09-17T13:35:41.308+0000] {processor.py:830} INFO - Processing file /opt/airflow/dags/extraction_DAG.py for tasks to queue
[2026-09-17T13:35:41.308+0000] {logging_mixin.py:188} INFO - [2026-09-17T13:35:41.308+0000] {dagbag.py:545} INFO - Filling up the DagBag from /opt/airflow/dags/extraction_DAG.py
[2026-09-17T13:35:41.621+0000] {processor.py:840} INFO - DAG(s) 'extraction_DAG' retrieved from /opt/airflow/dags/extraction_DAG.py
[2026-09-17T13:35:41.632+0000] {logging_mixin.py:188} INFO - [2026-09-17T13:35:41.631+0000] {dag.py:3096} INFO - Sync 1 DAGs
[2026-09-17T13:35:41.643+0000] {logging_mixin.py:188} INFO - [2026-09-17T13:35:41.643+0000] {dag.py:3954} INFO - Setting next_dagrun for extraction_DAG to 2026-09-17 12:00:00+00:00, run_after=2026-09-17 13:00:00+00:00
[2026-09-17T13:35:41.652+0000] {processor.py:183} INFO - Processing /opt/airflow/dags/extraction_DAG.py took 0.357 seconds
[2026-09-17T13:36:11.809+0000] {processor.py:161} INFO - Started process (PID=5724) to work on /opt/airflow/dags/extraction_DAG.py
[2026-09-17T13:36:11.810+0000] {processor.py:830} INFO - Processing file /opt/airflow/dags/extraction_DAG.py for tasks to queue
[2026-09-17T13:36:11.811+0000] {logging_mixin.py:188} INFO - [2026-09-17T13:36:11.811+0000] {dagbag.py:545} INFO - Filling up the DagBag from /opt/airflow/dags/extraction_DAG.py
[2026-09-17T13:36:12.105+0000] {processor.py:840} INFO - DAG(s) 'extraction_DAG' retrieved from /opt/airflow/dags/extraction_DAG.py
[2026-09-17T13:36:12.117+0000] {logging_mixin.py:188} INFO - [2026-09-17T13:36:12.117+0000] {dag.py:3096} INFO - Sync 1 DAGs
[2026-09-17T13:36:12.128+0000] {logging_mixin.py:188} INFO - [2026-09-17T13:36:12.128+0000] {dag.py:3954} INFO - Setting next_dagrun for extraction_DAG to 2026-09-17 12:00:00+00:00, run_after=2026-09-17 13:00:00+00:00
[2026-09-17T13:36:12.140+0000] {processor.py:183} INFO - Processing /opt/airflow/dags/extraction_DAG.py took 0.339 seconds
[2026-09-17T13:36:42.281+0000] {processor.py:161} INFO - Started process (PID=5734) to work on /opt/airflow/dags/extraction_DAG.py
[2026-09-17T13:36:42.292+0000] {processor.py:830} INFO - Processing file /opt/airflow/dags/extraction_DAG.py for tasks to queue
[2026-09-17T13:36:42.293+0000] {logging_mixin.py:188} INFO - [2026-09-17T13:36:42.293+0000] {dagbag.py:545} INFO - Filling up the DagBag from /opt/airflow/dags/extraction_DAG.py
[2026-09-17T13:36:42.592+0000] {processor.py:840} INFO - DAG(s) 'extraction_DAG' retrieved from /opt/airflow/dags/extraction_DAG.py
[2026-09-17T13:36:42.603+0000] {logging_mixin.py:188} INFO - [2026-09-17T13:36:42.603+0000] {dag.py:3096} INFO - Sync 1 DAGs
[2026-09-17T13:36:42.616+0000] {logging_mixin.py:188} INFO - [2026-09-17T13:36:42.616+0000] {dag.py:3954} INFO - Setting next_dagrun for extraction_DAG to 2026-09-17 12:00:00+00:00, run_after=2026-09-17 13:00:00+00:00
[2026-09-17T13:36:42.625+0000] {processor.py:183} INFO - Processing /opt/airflow/dags/extraction_DAG.py took 0.353 seconds
[2026-09-17T13:37:12.736+0000] {processor.py:161} INFO - Started process (PID=5750) to work on /opt/airflow/dags/extraction_DAG.py
[2026-09-17T13:37:12.736+0000] {processor.py:830} INFO - Processing file /opt/airflow/dags/extraction_DAG.py for tasks to queue
[2026-09-17T13:37:12.737+0000] {logging_mixin.py:188} INFO - [2026-09-17T13:37:12.737+0000] {dagbag.py:545} INFO - Filling up the DagBag from /opt/airflow/dags/extraction_DAG.py
[2026-09-17T13:37:13.047+0000] {processor.py:840} INFO - DAG(s) 'extraction_DAG' retrieved from /opt/airflow/dags/extraction_DAG.py
[2026-09-17T13:37:13.059+0000] {logging_mixin.py:188} INFO - [2026-09-17T13:37:13.058+0000] {dag.py:3096} INFO - Sync 1 DAGs
[2026-09-17T13:37:13.072+0000] {logging_mixin.py:188} INFO - [2026-09-17T13:37:13.072+0000] {dag.py:3954} INFO - Setting next_dagrun for extraction_DAG to 2026-09-17 12:00:00+00:00, run_after=2026-09-17 13:00:00+00:00
[2026-09-17T13:37:13.082+0000] {processor.py:183} INFO - Processing /opt/airflow/dags/extraction_DAG.py took 0.351 seconds
[2026-09-17T13:37:43.228+0000] {processor.py:161} INFO - Started process (PID=5760) to work on /opt/airflow/dags/extraction_DAG.py
[2026-09-17T13:37:43.305+0000] {processor.py:830} INFO - Processing file /opt/airflow/dags/extraction_DAG.py for tasks to queue
[2026-09-17T13:37:43.306+0000] {logging_mixin.py:188} INFO - [2026-09-17T13:37:43.306+0000] {dagbag.py:545} INFO - Filling up the DagBag from /opt/airflow/dags/extraction_DAG.py
[2026-09-17T13:37:43.628+0000] {processor.py:840} INFO - DAG(s) 'extraction_DAG' retrieved from /opt/airflow/dags/extraction_DAG.py
[2026-09-17T13:37:43.638+0000] {logging_mixin.py:188} INFO - [2026-09-17T13:37:43.638+0000] {dag.py:3096} INFO - Sync 1 DAGs
[2026-09-17T13:37:43.652+0000] {logging_mixin.py:188} INFO - [2026-09-17T13:37:43.651+0000] {dag.py:3954} INFO - Setting next_dagrun for extraction_DAG to 2026-09-17 12:00:00+00:00, run_after=2026-09-17 13:00:00+00:00
[2026-09-17T13:37:43.661+0000] {processor.py:183} INFO - Processing /opt/airflow/dags/extraction_DAG.py took 0.443 seconds
[2026-09-17T13:38:13.786+0000] {processor.py:161} INFO - Started process (PID=5770) to work on /opt/airflow/dags/extraction_DAG.py
[2026-09-17T13:38:13.786+0000] {processor.py:830} INFO - Processing file /opt/airflow/dags/extraction_DAG.py for tasks to queue
[2026-09-17T13:38:13.787+0000] {logging_mixin.py:188} INFO - [2026-09-17T13:38:13.787+0000] {dagbag.py:545} INFO - Filling up the DagBag from /opt/airflow/dags/extraction_DAG.py
[2026-09-17T13:38:14.101+0000] {processor.py:840} INFO - DAG(s) 'extraction_DAG' retrieved from /opt/airflow/dags/extraction_DAG.py
[2026-09-17T13:38:14.112+0000] {logging_mixin.py:188} INFO - [2026-09-17T13:38:14.111+0000] {dag.py:3096} INFO - Sync 1 DAGs
[2026-09-17T13:38:14.125+0000] {logging_mixin.py:188} INFO - [2026-09-17T13:38:14.125+0000] {dag.py:3954} INFO - Setting next_dagrun for extraction_DAG to 2026-09-17 12:00:00+00:00, run_after=2026-09-17 13:00:00+00:00
[2026-09-17T13:38:14.135+0000] {processor.py:183} INFO - Processing /opt/airflow/dags/extraction_DAG.py took 0.353 seconds
[2026-09-17T13:38:44.245+0000] {processor.py:161} INFO - Started process (PID=5780) to work on /opt/airflow/dags/extraction_DAG.py
[2026-09-17T13:38:44.257+0000] {processor.py:830} INFO - Processing file /opt/airflow/dags/extraction_DAG.py for tasks to queue
[2026-09-17T13:38:44.258+0000] {logging_mixin.py:188} INFO - [2026-09-17T13:38:44.258+0000] {dagbag.py:545} INFO - Filling up the DagBag from /opt/airflow/dags/extraction_DAG.py
[2026-09-17T13:38:44.573+0000] {processor.py:840} INFO - DAG(s) 'extraction_DAG' retrieved from /opt/airflow/dags/extraction_DAG.py
[2026-09-17T13:38:44.585+0000] {logging_mixin.py:188} INFO - [2026-09-17T13:38:44.584+0000] {dag.py:3096} INFO - Sync 1 DAGs
[2026-09-17T13:38:44.597+0000] {logging_mixin.py:188} INFO - [2026-09-17T13:38:44.596+0000] {dag.py:3954} INFO - Setting next_dagrun for extraction_DAG to 2026-09-17 12:00:00+00:00, run_after=2026-09-17 13:00:00+00:00
[2026-09-17T13:38:44.608+0000] {processor.py:183} INFO - Processing /opt/airflow/dags/extraction_DAG.py took 0.366 seconds
[2026-09-17T13:39:14.731+0000] {processor.py:161} INFO - Started process (PID=5790) to work on /opt/airflow/dags/extraction_DAG.py
[2026-09-17T13:39:14.732+0000] {processor.py:830} INFO - Processing file /opt/airflow/dags/extraction_DAG.py for tasks to queue
[2026-09-17T13:39:14.732+0000] {logging_mixin.py:188} INFO - [2026-09-17T13:39:14.732+0000] {dagbag.py:545} INFO - Filling up the DagBag from /opt/airflow/dags/extraction_DAG.py
[2026-09-17T13:39:15.043+0000] {processor.py:840} INFO - DAG(s) 'extraction_DAG' retrieved from /opt/airflow/dags/extraction_DAG.py
[2026-09-17T13:39:15.054+0000] {logging_mixin.py:188} INFO - [2026-09-17T13:39:15.054+0000] {dag.py:3096} INFO - Sync 1 DAGs
[2026-09-17T13:39:15.069+0000] {logging_mixin.py:188} INFO - [2026-09-17T13:39:15.068+0000] {dag.py:3954} INFO - Setting next_dagrun for extraction_DAG to 2026-09-17 12:00:00+00:00, run_after=2026-09-17 13:00:00+00:00
[2026-09-17T13:39:15.079+0000] {processor.py:183} INFO - Processing /opt/airflow/dags/extraction_DAG.py took 0.355 seconds
[2026-09-17T13:39:45.185+0000] {processor.py:161} INFO - Started process (PID=5800) to work on /opt/airflow/dags/extraction_DAG.py
[2026-09-17T13:39:45.281+0000] {processor.py:830} INFO - Processing file /opt/airflow/dags/extraction_DAG.py for tasks to queue
[2026-09-17T13:39:45.282+0000] {logging_mixin.py:188} INFO - [2026-09-17T13:39:45.282+0000] {dagbag.py:545} INFO - Filling up the DagBag from /opt/airflow/dags/extraction_DAG.py
[2026-09-17T13:39:45.592+0000] {processor.py:840} INFO - DAG(s) 'extraction_DAG' retrieved from /opt/airflow/dags/extraction_DAG.py
[2026-09-17T13:39:45.604+0000] {logging_mixin.py:188} INFO - [2026-09-17T13:39:45.604+0000] {dag.py:3096} INFO - Sync 1 DAGs
[2026-09-17T13:39:45.618+0000] {logging_mixin.py:188} INFO - [2026-09-17T13:39:45.618+0000] {dag.py:3954} INFO - Setting next_dagrun for extraction_DAG to 2026-09-17 12:00:00+00:00, run_after=2026-09-17 13:00:00+00:00
[2026-09-17T13:39:45.625+0000] {processor.py:183} INFO - Processing /opt/airflow/dags/extraction_DAG.py took 0.444 seconds
[2026-09-17T13:40:15.745+0000] {processor.py:161} INFO - Started process (PID=5810) to work on /opt/airflow/dags/extraction_DAG.py
[2026-09-17T13:40:15.745+0000] {processor.py:830} INFO - Processing file /opt/airflow/dags/extraction_DAG.py for tasks to queue
[2026-09-17T13:40:15.746+0000] {logging_mixin.py:188} INFO - [2026-09-17T13:40:15.745+0000] {dagbag.py:545} INFO - Filling up the DagBag from /opt/airflow/dags/extraction_DAG.py
[2026-09-17T13:40:16.053+0000] {processor.py:840} INFO - DAG(s) 'extraction_DAG' retrieved from /opt/airflow/dags/extraction_DAG.py
[2026-09-17T13:40:16.066+0000] {logging_mixin.py:188} INFO - [2026-09-17T13:40:16.066+0000] {dag.py:3096} INFO - Sync 1 DAGs
[2026-09-17T13:40:16.081+0000] {logging_mixin.py:188} INFO - [2026-09-17T13:40:16.081+0000] {dag.py:3954} INFO - Setting next_dagrun for extraction_DAG to 2026-09-17 12:00:00+00:00, run_after=2026-09-17 13:00:00+00:00
[2026-09-17T13:40:16.094+0000] {processor.py:183} INFO - Processing /opt/airflow/dags/extraction_DAG.py took 0.353 seconds
[2026-09-17T13:40:46.230+0000] {processor.py:161} INFO - Started process (PID=5820) to work on /opt/airflow/dags/extraction_DAG.py
[2026-09-17T13:40:46.321+0000] {processor.py:830} INFO - Processing file /opt/airflow/dags/extraction_DAG.py for tasks to queue
[2026-09-17T13:40:46.323+0000] {logging_mixin.py:188} INFO - [2026-09-17T13:40:46.322+0000] {dagbag.py:545} INFO - Filling up the DagBag from /opt/airflow/dags/extraction_DAG.py
[2026-09-17T13:40:46.635+0000] {processor.py:840} INFO - DAG(s) 'extraction_DAG' retrieved from /opt/airflow/dags/extraction_DAG.py
[2026-09-17T13:40:46.647+0000] {logging_mixin.py:188} INFO - [2026-09-17T13:40:46.646+0000] {dag.py:3096} INFO - Sync 1 DAGs
[2026-09-17T13:40:46.660+0000] {logging_mixin.py:188} INFO - [2026-09-17T13:40:46.659+0000] {dag.py:3954} INFO - Setting next_dagrun for extraction_DAG to 2026-09-17 12:00:00+00:00, run_after=2026-09-17 13:00:00+00:00
[2026-09-17T13:40:46.669+0000] {processor.py:183} INFO - Processing /opt/airflow/dags/extraction_DAG.py took 0.446 seconds
[2026-09-17T13:41:16.756+0000] {processor.py:161} INFO - Started process (PID=5830) to work on /opt/airflow/dags/extraction_DAG.py
[2026-09-17T13:41:16.756+0000] {processor.py:830} INFO - Processing file /opt/airflow/dags/extraction_DAG.py for tasks to queue
[2026-09-17T13:41:16.757+0000] {logging_mixin.py:188} INFO - [2026-09-17T13:41:16.757+0000] {dagbag.py:545} INFO - Filling up the DagBag from /opt/airflow/dags/extraction_DAG.py
[2026-09-17T13:41:17.081+0000] {processor.py:840} INFO - DAG(s) 'extraction_DAG' retrieved from /opt/airflow/dags/extraction_DAG.py
[2026-09-17T13:41:17.093+0000] {logging_mixin.py:188} INFO - [2026-09-17T13:41:17.092+0000] {dag.py:3096} INFO - Sync 1 DAGs
[2026-09-17T13:41:17.106+0000] {logging_mixin.py:188} INFO - [2026-09-17T13:41:17.106+0000] {dag.py:3954} INFO - Setting next_dagrun for extraction_DAG to 2026-09-17 12:00:00+00:00, run_after=2026-09-17 13:00:00+00:00
[2026-09-17T13:41:17.116+0000] {processor.py:183} INFO - Processing /opt/airflow/dags/extraction_DAG.py took 0.364 seconds
[2026-09-17T13:41:47.253+0000] {processor.py:161} INFO - Started process (PID=5840) to work on /opt/airflow/dags/extraction_DAG.py
[2026-09-17T13:41:47.259+0000] {processor.py:830} INFO - Processing file /opt/airflow/dags/extraction_DAG.py for tasks to queue
[2026-09-17T13:41:47.259+0000] {logging_mixin.py:188} INFO - [2026-09-17T13:41:47.259+0000] {dagbag.py:545} INFO - Filling up the DagBag from /opt/airflow/dags/extraction_DAG.py
[2026-09-17T13:41:47.576+0000] {processor.py:840} INFO - DAG(s) 'extraction_DAG' retrieved from /opt/airflow/dags/extraction_DAG.py
[2026-09-17T13:41:47.589+0000] {logging_mixin.py:188} INFO - [2026-09-17T13:41:47.589+0000] {dag.py:3096} INFO - Sync 1 DAGs
[2026-09-17T13:41:47.603+0000] {logging_mixin.py:188} INFO - [2026-09-17T13:41:47.603+0000] {dag.py:3954} INFO - Setting next_dagrun for extraction_DAG to 2026-09-17 12:00:00+00:00, run_after=2026-09-17 13:00:00+00:00
[2026-09-17T13:41:47.613+0000] {processor.py:183} INFO - Processing /opt/airflow/dags/extraction_DAG.py took 0.365 seconds
[2026-09-17T13:42:17.700+0000] {processor.py:161} INFO - Started process (PID=5850) to work on /opt/airflow/dags/extraction_DAG.py
[2026-09-17T13:42:17.701+0000] {processor.py:830} INFO - Processing file /opt/airflow/dags/extraction_DAG.py for tasks to queue
[2026-09-17T13:42:17.702+0000] {logging_mixin.py:188} INFO - [2026-09-17T13:42:17.702+0000] {dagbag.py:545} INFO - Filling up the DagBag from /opt/airflow/dags/extraction_DAG.py
[2026-09-17T13:42:18.022+0000] {processor.py:840} INFO - DAG(s) 'extraction_DAG' retrieved from /opt/airflow/dags/extraction_DAG.py
[2026-09-17T13:42:18.033+0000] {logging_mixin.py:188} INFO - [2026-09-17T13:42:18.033+0000] {dag.py:3096} INFO - Sync 1 DAGs
[2026-09-17T13:42:18.048+0000] {logging_mixin.py:188} INFO - [2026-09-17T13:42:18.048+0000] {dag.py:3954} INFO - Setting next_dagrun for extraction_DAG to 2026-09-17 12:00:00+00:00, run_after=2026-09-17 13:00:00+00:00
[2026-09-17T13:42:18.058+0000] {processor.py:183} INFO - Processing /opt/airflow/dags/extraction_DAG.py took 0.361 seconds
[2026-09-17T13:42:48.145+0000] {processor.py:161} INFO - Started process (PID=5860) to work on /opt/airflow/dags/extraction_DAG.py
[2026-09-17T13:42:48.158+0000] {processor.py:830} INFO - Processing file /opt/airflow/dags/extraction_DAG.py for tasks to queue
[2026-09-17T13:42:48.159+0000] {logging_mixin.py:188} INFO - [2026-09-17T13:42:48.159+0000] {dagbag.py:545} INFO - Filling up the DagBag from /opt/airflow/dags/extraction_DAG.py
[2026-09-17T13:42:48.520+0000] {processor.py:840} INFO - DAG(s) 'extraction_DAG' retrieved from /opt/airflow/dags/extraction_DAG.py
[2026-09-17T13:42:48.535+0000] {logging_mixin.py:188} INFO - [2026-09-17T13:42:48.535+0000] {dag.py:3096} INFO - Sync 1 DAGs
[2026-09-17T13:42:48.552+0000] {logging_mixin.py:188} INFO - [2026-09-17T13:42:48.552+0000] {dag.py:3954} INFO - Setting next_dagrun for extraction_DAG to 2026-09-17 12:00:00+00:00, run_after=2026-09-17 13:00:00+00:00
[2026-09-17T13:42:48.566+0000] {processor.py:183} INFO - Processing /opt/airflow/dags/extraction_DAG.py took 0.428 seconds
[2026-09-17T13:43:18.702+0000] {processor.py:161} INFO - Started process (PID=5870) to work on /opt/airflow/dags/extraction_DAG.py
[2026-09-17T13:43:18.702+0000] {processor.py:830} INFO - Processing file /opt/airflow/dags/extraction_DAG.py for tasks to queue
[2026-09-17T13:43:18.703+0000] {logging_mixin.py:188} INFO - [2026-09-17T13:43:18.703+0000] {dagbag.py:545} INFO - Filling up the DagBag from /opt/airflow/dags/extraction_DAG.py
[2026-09-17T13:43:19.015+0000] {processor.py:840} INFO - DAG(s) 'extraction_DAG' retrieved from /opt/airflow/dags/extraction_DAG.py
[2026-09-17T13:43:19.026+0000] {logging_mixin.py:188} INFO - [2026-09-17T13:43:19.026+0000] {dag.py:3096} INFO - Sync 1 DAGs
[2026-09-17T13:43:19.039+0000] {logging_mixin.py:188} INFO - [2026-09-17T13:43:19.039+0000] {dag.py:3954} INFO - Setting next_dagrun for extraction_DAG to 2026-09-17 12:00:00+00:00, run_after=2026-09-17 13:00:00+00:00
[2026-09-17T13:43:19.049+0000] {processor.py:183} INFO - Processing /opt/airflow/dags/extraction_DAG.py took 0.355 seconds
[2026-09-17T13:43:49.128+0000] {processor.py:161} INFO - Started process (PID=5880) to work on /opt/airflow/dags/extraction_DAG.py
[2026-09-17T13:43:49.157+0000] {processor.py:830} INFO - Processing file /opt/airflow/dags/extraction_DAG.py for tasks to queue
[2026-09-17T13:43:49.158+0000] {logging_mixin.py:188} INFO - [2026-09-17T13:43:49.158+0000] {dagbag.py:545} INFO - Filling up the DagBag from /opt/airflow/dags/extraction_DAG.py
[2026-09-17T13:43:49.467+0000] {processor.py:840} INFO - DAG(s) 'extraction_DAG' retrieved from /opt/airflow/dags/extraction_DAG.py
[2026-09-17T13:43:49.479+0000] {logging_mixin.py:188} INFO - [2026-09-17T13:43:49.478+0000] {dag.py:3096} INFO - Sync 1 DAGs
[2026-09-17T13:43:49.492+0000] {logging_mixin.py:188} INFO - [2026-09-17T13:43:49.492+0000] {dag.py:3954} INFO - Setting next_dagrun for extraction_DAG to 2026-09-17 12:00:00+00:00, run_after=2026-09-17 13:00:00+00:00
[2026-09-17T13:43:49.502+0000] {processor.py:183} INFO - Processing /opt/airflow/dags/extraction_DAG.py took 0.378 seconds
[2026-09-17T13:44:19.582+0000] {processor.py:161} INFO - Started process (PID=5890) to work on /opt/airflow/dags/extraction_DAG.py
[2026-09-17T13:44:19.583+0000] {processor.py:830} INFO - Processing file /opt/airflow/dags/extraction_DAG.py for tasks to queue
[2026-09-17T13:44:19.584+0000] {logging_mixin.py:188} INFO - [2026-09-17T13:44:19.584+0000] {dagbag.py:545} INFO - Filling up the DagBag from /opt/airflow/dags/extraction_DAG.py
[2026-09-17T13:44:19.904+0000] {processor.py:840} INFO - DAG(s) 'extraction_DAG' retrieved from /opt/airflow/dags/extraction_DAG.py
[2026-09-17T13:44:19.917+0000] {logging_mixin.py:188} INFO - [2026-09-17T13:44:19.916+0000] {dag.py:3096} INFO - Sync 1 DAGs
[2026-09-17T13:44:19.931+0000] {logging_mixin.py:188} INFO - [2026-09-17T13:44:19.930+0000] {dag.py:3954} INFO - Setting next_dagrun for extraction_DAG to 2026-09-17 12:00:00+00:00, run_after=2026-09-17 13:00:00+00:00
[2026-09-17T13:44:19.940+0000] {processor.py:183} INFO - Processing /opt/airflow/dags/extraction_DAG.py took 0.361 seconds
[2026-09-17T13:44:50.048+0000] {processor.py:161} INFO - Started process (PID=5900) to work on /opt/airflow/dags/extraction_DAG.py
[2026-09-17T13:44:50.049+0000] {processor.py:830} INFO - Processing file /opt/airflow/dags/extraction_DAG.py for tasks to queue
[2026-09-17T13:44:50.050+0000] {logging_mixin.py:188} INFO - [2026-09-17T13:44:50.050+0000] {dagbag.py:545} INFO - Filling up the DagBag from /opt/airflow/dags/extraction_DAG.py
[2026-09-17T13:44:50.358+0000] {processor.py:840} INFO - DAG(s) 'extraction_DAG' retrieved from /opt/airflow/dags/extraction_DAG.py
[2026-09-17T13:44:50.370+0000] {logging_mixin.py:188} INFO - [2026-09-17T13:44:50.370+0000] {dag.py:3096} INFO - Sync 1 DAGs
[2026-09-17T13:44:50.382+0000] {logging_mixin.py:188} INFO - [2026-09-17T13:44:50.382+0000] {dag.py:3954} INFO - Setting next_dagrun for extraction_DAG to 2026-09-17 12:00:00+00:00, run_after=2026-09-17 13:00:00+00:00
[2026-09-17T13:44:50.392+0000] {processor.py:183} INFO - Processing /opt/airflow/dags/extraction_DAG.py took 0.349 seconds
[2026-09-17T13:45:20.506+0000] {processor.py:161} INFO - Started process (PID=5910) to work on /opt/airflow/dags/extraction_DAG.py
[2026-09-17T13:45:20.507+0000] {processor.py:830} INFO - Processing file /opt/airflow/dags/extraction_DAG.py for tasks to queue
[2026-09-17T13:45:20.507+0000] {logging_mixin.py:188} INFO - [2026-09-17T13:45:20.507+0000] {dagbag.py:545} INFO - Filling up the DagBag from /opt/airflow/dags/extraction_DAG.py
[2026-09-17T13:45:20.819+0000] {processor.py:840} INFO - DAG(s) 'extraction_DAG' retrieved from /opt/airflow/dags/extraction_DAG.py
[2026-09-17T13:45:20.832+0000] {logging_mixin.py:188} INFO - [2026-09-17T13:45:20.832+0000] {dag.py:3096} INFO - Sync 1 DAGs
[2026-09-17T13:45:20.846+0000] {logging_mixin.py:188} INFO - [2026-09-17T13:45:20.846+0000] {dag.py:3954} INFO - Setting next_dagrun for extraction_DAG to 2026-09-17 12:00:00+00:00, run_after=2026-09-17 13:00:00+00:00
[2026-09-17T13:45:20.857+0000] {processor.py:183} INFO - Processing /opt/airflow/dags/extraction_DAG.py took 0.360 seconds
[2026-09-17T13:45:50.948+0000] {processor.py:161} INFO - Started process (PID=5920) to work on /opt/airflow/dags/extraction_DAG.py
[2026-09-17T13:45:50.951+0000] {processor.py:830} INFO - Processing file /opt/airflow/dags/extraction_DAG.py for tasks to queue
[2026-09-17T13:45:50.952+0000] {logging_mixin.py:188} INFO - [2026-09-17T13:45:50.952+0000] {dagbag.py:545} INFO - Filling up the DagBag from /opt/airflow/dags/extraction_DAG.py
[2026-09-17T13:45:51.283+0000] {processor.py:840} INFO - DAG(s) 'extraction_DAG' retrieved from /opt/airflow/dags/extraction_DAG.py
[2026-09-17T13:45:51.294+0000] {logging_mixin.py:188} INFO - [2026-09-17T13:45:51.294+0000] {dag.py:3096} INFO - Sync 1 DAGs
[2026-09-17T13:45:51.306+0000] {logging_mixin.py:188} INFO - [2026-09-17T13:45:51.306+0000] {dag.py:3954} INFO - Setting next_dagrun for extraction_DAG to 2026-09-17 12:00:00+00:00, run_after=2026-09-17 13:00:00+00:00
[2026-09-17T13:45:51.316+0000] {processor.py:183} INFO - Processing /opt/airflow/dags/extraction_DAG.py took 0.372 seconds
[2026-09-17T13:46:21.441+0000] {processor.py:161} INFO - Started process (PID=5930) to work on /opt/airflow/dags/extraction_DAG.py
[2026-09-17T13:46:21.442+0000] {processor.py:830} INFO - Processing file /opt/airflow/dags/extraction_DAG.py for tasks to queue
[2026-09-17T13:46:21.443+0000] {logging_mixin.py:188} INFO - [2026-09-17T13:46:21.443+0000] {dagbag.py:545} INFO - Filling up the DagBag from /opt/airflow/dags/extraction_DAG.py
[2026-09-17T13:46:21.740+0000] {processor.py:840} INFO - DAG(s) 'extraction_DAG' retrieved from /opt/airflow/dags/extraction_DAG.py
[2026-09-17T13:46:21.754+0000] {logging_mixin.py:188} INFO - [2026-09-17T13:46:21.753+0000] {dag.py:3096} INFO - Sync 1 DAGs
[2026-09-17T13:46:21.766+0000] {logging_mixin.py:188} INFO - [2026-09-17T13:46:21.766+0000] {dag.py:3954} INFO - Setting next_dagrun for extraction_DAG to 2026-09-17 12:00:00+00:00, run_after=2026-09-17 13:00:00+00:00
[2026-09-17T13:46:21.775+0000] {processor.py:183} INFO - Processing /opt/airflow/dags/extraction_DAG.py took 0.344 seconds
[2026-09-17T13:46:51.892+0000] {processor.py:161} INFO - Started process (PID=5940) to work on /opt/airflow/dags/extraction_DAG.py
[2026-09-17T13:46:51.910+0000] {processor.py:830} INFO - Processing file /opt/airflow/dags/extraction_DAG.py for tasks to queue
[2026-09-17T13:46:51.910+0000] {logging_mixin.py:188} INFO - [2026-09-17T13:46:51.910+0000] {dagbag.py:545} INFO - Filling up the DagBag from /opt/airflow/dags/extraction_DAG.py
[2026-09-17T13:46:52.226+0000] {processor.py:840} INFO - DAG(s) 'extraction_DAG' retrieved from /opt/airflow/dags/extraction_DAG.py
[2026-09-17T13:46:52.239+0000] {logging_mixin.py:188} INFO - [2026-09-17T13:46:52.239+0000] {dag.py:3096} INFO - Sync 1 DAGs
[2026-09-17T13:46:52.252+0000] {logging_mixin.py:188} INFO - [2026-09-17T13:46:52.251+0000] {dag.py:3954} INFO - Setting next_dagrun for extraction_DAG to 2026-09-17 12:00:00+00:00, run_after=2026-09-17 13:00:00+00:00
[2026-09-17T13:46:52.262+0000] {processor.py:183} INFO - Processing /opt/airflow/dags/extraction_DAG.py took 0.376 seconds
[2026-09-17T13:47:22.376+0000] {processor.py:161} INFO - Started process (PID=5949) to work on /opt/airflow/dags/extraction_DAG.py
[2026-09-17T13:47:22.380+0000] {processor.py:830} INFO - Processing file /opt/airflow/dags/extraction_DAG.py for tasks to queue
[2026-09-17T13:47:22.380+0000] {logging_mixin.py:188} INFO - [2026-09-17T13:47:22.380+0000] {dagbag.py:545} INFO - Filling up the DagBag from /opt/airflow/dags/extraction_DAG.py
[2026-09-17T13:47:22.720+0000] {processor.py:840} INFO - DAG(s) 'extraction_DAG' retrieved from /opt/airflow/dags/extraction_DAG.py
[2026-09-17T13:47:22.734+0000] {logging_mixin.py:188} INFO - [2026-09-17T13:47:22.734+0000] {dag.py:3096} INFO - Sync 1 DAGs
[2026-09-17T13:47:22.748+0000] {logging_mixin.py:188} INFO - [2026-09-17T13:47:22.748+0000] {dag.py:3954} INFO - Setting next_dagrun for extraction_DAG to 2026-09-17 12:00:00+00:00, run_after=2026-09-17 13:00:00+00:00
[2026-09-17T13:47:22.759+0000] {processor.py:183} INFO - Processing /opt/airflow/dags/extraction_DAG.py took 0.388 seconds
[2026-09-17T13:47:52.883+0000] {processor.py:161} INFO - Started process (PID=5959) to work on /opt/airflow/dags/extraction_DAG.py
[2026-09-17T13:47:52.884+0000] {processor.py:830} INFO - Processing file /opt/airflow/dags/extraction_DAG.py for tasks to queue
[2026-09-17T13:47:52.885+0000] {logging_mixin.py:188} INFO - [2026-09-17T13:47:52.884+0000] {dagbag.py:545} INFO - Filling up the DagBag from /opt/airflow/dags/extraction_DAG.py
[2026-09-17T13:47:53.192+0000] {processor.py:840} INFO - DAG(s) 'extraction_DAG' retrieved from /opt/airflow/dags/extraction_DAG.py
[2026-09-17T13:47:53.204+0000] {logging_mixin.py:188} INFO - [2026-09-17T13:47:53.204+0000] {dag.py:3096} INFO - Sync 1 DAGs
[2026-09-17T13:47:53.218+0000] {logging_mixin.py:188} INFO - [2026-09-17T13:47:53.218+0000] {dag.py:3954} INFO - Setting next_dagrun for extraction_DAG to 2026-09-17 12:00:00+00:00, run_after=2026-09-17 13:00:00+00:00
[2026-09-17T13:47:53.229+0000] {processor.py:183} INFO - Processing /opt/airflow/dags/extraction_DAG.py took 0.352 seconds
[2026-09-17T13:48:23.358+0000] {processor.py:161} INFO - Started process (PID=5969) to work on /opt/airflow/dags/extraction_DAG.py
[2026-09-17T13:48:23.371+0000] {processor.py:830} INFO - Processing file /opt/airflow/dags/extraction_DAG.py for tasks to queue
[2026-09-17T13:48:23.372+0000] {logging_mixin.py:188} INFO - [2026-09-17T13:48:23.372+0000] {dagbag.py:545} INFO - Filling up the DagBag from /opt/airflow/dags/extraction_DAG.py
[2026-09-17T13:48:23.690+0000] {processor.py:840} INFO - DAG(s) 'extraction_DAG' retrieved from /opt/airflow/dags/extraction_DAG.py
[2026-09-17T13:48:23.702+0000] {logging_mixin.py:188} INFO - [2026-09-17T13:48:23.701+0000] {dag.py:3096} INFO - Sync 1 DAGs
[2026-09-17T13:48:23.715+0000] {logging_mixin.py:188} INFO - [2026-09-17T13:48:23.715+0000] {dag.py:3954} INFO - Setting next_dagrun for extraction_DAG to 2026-09-17 12:00:00+00:00, run_after=2026-09-17 13:00:00+00:00
[2026-09-17T13:48:23.724+0000] {processor.py:183} INFO - Processing /opt/airflow/dags/extraction_DAG.py took 0.370 seconds
[2026-09-17T13:48:53.883+0000] {processor.py:161} INFO - Started process (PID=5979) to work on /opt/airflow/dags/extraction_DAG.py
[2026-09-17T13:48:53.884+0000] {processor.py:830} INFO - Processing file /opt/airflow/dags/extraction_DAG.py for tasks to queue
[2026-09-17T13:48:53.885+0000] {logging_mixin.py:188} INFO - [2026-09-17T13:48:53.884+0000] {dagbag.py:545} INFO - Filling up the DagBag from /opt/airflow/dags/extraction_DAG.py
[2026-09-17T13:48:54.195+0000] {processor.py:840} INFO - DAG(s) 'extraction_DAG' retrieved from /opt/airflow/dags/extraction_DAG.py
[2026-09-17T13:48:54.205+0000] {logging_mixin.py:188} INFO - [2026-09-17T13:48:54.205+0000] {dag.py:3096} INFO - Sync 1 DAGs
[2026-09-17T13:48:54.219+0000] {logging_mixin.py:188} INFO - [2026-09-17T13:48:54.219+0000] {dag.py:3954} INFO - Setting next_dagrun for extraction_DAG to 2026-09-17 12:00:00+00:00, run_after=2026-09-17 13:00:00+00:00
[2026-09-17T13:48:54.229+0000] {processor.py:183} INFO - Processing /opt/airflow/dags/extraction_DAG.py took 0.356 seconds
[2026-09-17T13:49:24.380+0000] {processor.py:161} INFO - Started process (PID=5989) to work on /opt/airflow/dags/extraction_DAG.py
[2026-09-17T13:49:24.386+0000] {processor.py:830} INFO - Processing file /opt/airflow/dags/extraction_DAG.py for tasks to queue
[2026-09-17T13:49:24.387+0000] {logging_mixin.py:188} INFO - [2026-09-17T13:49:24.386+0000] {dagbag.py:545} INFO - Filling up the DagBag from /opt/airflow/dags/extraction_DAG.py
[2026-09-17T13:49:24.692+0000] {processor.py:840} INFO - DAG(s) 'extraction_DAG' retrieved from /opt/airflow/dags/extraction_DAG.py
[2026-09-17T13:49:24.704+0000] {logging_mixin.py:188} INFO - [2026-09-17T13:49:24.704+0000] {dag.py:3096} INFO - Sync 1 DAGs
[2026-09-17T13:49:24.716+0000] {logging_mixin.py:188} INFO - [2026-09-17T13:49:24.716+0000] {dag.py:3954} INFO - Setting next_dagrun for extraction_DAG to 2026-09-17 12:00:00+00:00, run_after=2026-09-17 13:00:00+00:00
[2026-09-17T13:49:24.725+0000] {processor.py:183} INFO - Processing /opt/airflow/dags/extraction_DAG.py took 0.352 seconds
[2026-09-17T13:49:54.868+0000] {processor.py:161} INFO - Started process (PID=5999) to work on /opt/airflow/dags/extraction_DAG.py
[2026-09-17T13:49:54.869+0000] {processor.py:830} INFO - Processing file /opt/airflow/dags/extraction_DAG.py for tasks to queue
[2026-09-17T13:49:54.870+0000] {logging_mixin.py:188} INFO - [2026-09-17T13:49:54.870+0000] {dagbag.py:545} INFO - Filling up the DagBag from /opt/airflow/dags/extraction_DAG.py
[2026-09-17T13:49:55.169+0000] {processor.py:840} INFO - DAG(s) 'extraction_DAG' retrieved from /opt/airflow/dags/extraction_DAG.py
[2026-09-17T13:49:55.181+0000] {logging_mixin.py:188} INFO - [2026-09-17T13:49:55.180+0000] {dag.py:3096} INFO - Sync 1 DAGs
[2026-09-17T13:49:55.193+0000] {logging_mixin.py:188} INFO - [2026-09-17T13:49:55.193+0000] {dag.py:3954} INFO - Setting next_dagrun for extraction_DAG to 2026-09-17 12:00:00+00:00, run_after=2026-09-17 13:00:00+00:00
[2026-09-17T13:49:55.203+0000] {processor.py:183} INFO - Processing /opt/airflow/dags/extraction_DAG.py took 0.341 seconds
[2026-09-17T13:50:25.350+0000] {processor.py:161} INFO - Started process (PID=6009) to work on /opt/airflow/dags/extraction_DAG.py
[2026-09-17T13:50:25.444+0000] {processor.py:830} INFO - Processing file /opt/airflow/dags/extraction_DAG.py for tasks to queue
[2026-09-17T13:50:25.445+0000] {logging_mixin.py:188} INFO - [2026-09-17T13:50:25.445+0000] {dagbag.py:545} INFO - Filling up the DagBag from /opt/airflow/dags/extraction_DAG.py
[2026-09-17T13:50:25.747+0000] {processor.py:840} INFO - DAG(s) 'extraction_DAG' retrieved from /opt/airflow/dags/extraction_DAG.py
[2026-09-17T13:50:25.759+0000] {logging_mixin.py:188} INFO - [2026-09-17T13:50:25.758+0000] {dag.py:3096} INFO - Sync 1 DAGs
[2026-09-17T13:50:25.771+0000] {logging_mixin.py:188} INFO - [2026-09-17T13:50:25.770+0000] {dag.py:3954} INFO - Setting next_dagrun for extraction_DAG to 2026-09-17 12:00:00+00:00, run_after=2026-09-17 13:00:00+00:00
[2026-09-17T13:50:25.780+0000] {processor.py:183} INFO - Processing /opt/airflow/dags/extraction_DAG.py took 0.437 seconds
[2026-09-17T13:50:55.918+0000] {processor.py:161} INFO - Started process (PID=6019) to work on /opt/airflow/dags/extraction_DAG.py
[2026-09-17T13:50:55.919+0000] {processor.py:830} INFO - Processing file /opt/airflow/dags/extraction_DAG.py for tasks to queue
[2026-09-17T13:50:55.919+0000] {logging_mixin.py:188} INFO - [2026-09-17T13:50:55.919+0000] {dagbag.py:545} INFO - Filling up the DagBag from /opt/airflow/dags/extraction_DAG.py
[2026-09-17T13:50:56.221+0000] {processor.py:840} INFO - DAG(s) 'extraction_DAG' retrieved from /opt/airflow/dags/extraction_DAG.py
[2026-09-17T13:50:56.233+0000] {logging_mixin.py:188} INFO - [2026-09-17T13:50:56.232+0000] {dag.py:3096} INFO - Sync 1 DAGs
[2026-09-17T13:50:56.245+0000] {logging_mixin.py:188} INFO - [2026-09-17T13:50:56.245+0000] {dag.py:3954} INFO - Setting next_dagrun for extraction_DAG to 2026-09-17 12:00:00+00:00, run_after=2026-09-17 13:00:00+00:00
[2026-09-17T13:50:56.256+0000] {processor.py:183} INFO - Processing /opt/airflow/dags/extraction_DAG.py took 0.344 seconds
[2026-09-17T13:51:26.392+0000] {processor.py:161} INFO - Started process (PID=6029) to work on /opt/airflow/dags/extraction_DAG.py
[2026-09-17T13:51:26.475+0000] {processor.py:830} INFO - Processing file /opt/airflow/dags/extraction_DAG.py for tasks to queue
[2026-09-17T13:51:26.476+0000] {logging_mixin.py:188} INFO - [2026-09-17T13:51:26.476+0000] {dagbag.py:545} INFO - Filling up the DagBag from /opt/airflow/dags/extraction_DAG.py
[2026-09-17T13:51:26.799+0000] {processor.py:840} INFO - DAG(s) 'extraction_DAG' retrieved from /opt/airflow/dags/extraction_DAG.py
[2026-09-17T13:51:26.812+0000] {logging_mixin.py:188} INFO - [2026-09-17T13:51:26.812+0000] {dag.py:3096} INFO - Sync 1 DAGs
[2026-09-17T13:51:26.827+0000] {logging_mixin.py:188} INFO - [2026-09-17T13:51:26.827+0000] {dag.py:3954} INFO - Setting next_dagrun for extraction_DAG to 2026-09-17 12:00:00+00:00, run_after=2026-09-17 13:00:00+00:00
[2026-09-17T13:51:26.839+0000] {processor.py:183} INFO - Processing /opt/airflow/dags/extraction_DAG.py took 0.451 seconds
[2026-09-17T13:51:56.905+0000] {processor.py:161} INFO - Started process (PID=6039) to work on /opt/airflow/dags/extraction_DAG.py
[2026-09-17T13:51:56.906+0000] {processor.py:830} INFO - Processing file /opt/airflow/dags/extraction_DAG.py for tasks to queue
[2026-09-17T13:51:56.906+0000] {logging_mixin.py:188} INFO - [2026-09-17T13:51:56.906+0000] {dagbag.py:545} INFO - Filling up the DagBag from /opt/airflow/dags/extraction_DAG.py
[2026-09-17T13:51:57.223+0000] {processor.py:840} INFO - DAG(s) 'extraction_DAG' retrieved from /opt/airflow/dags/extraction_DAG.py
[2026-09-17T13:51:57.235+0000] {logging_mixin.py:188} INFO - [2026-09-17T13:51:57.234+0000] {dag.py:3096} INFO - Sync 1 DAGs
[2026-09-17T13:51:57.249+0000] {logging_mixin.py:188} INFO - [2026-09-17T13:51:57.249+0000] {dag.py:3954} INFO - Setting next_dagrun for extraction_DAG to 2026-09-17 12:00:00+00:00, run_after=2026-09-17 13:00:00+00:00
[2026-09-17T13:51:57.261+0000] {processor.py:183} INFO - Processing /opt/airflow/dags/extraction_DAG.py took 0.359 seconds
[2026-09-17T13:52:27.369+0000] {processor.py:161} INFO - Started process (PID=6049) to work on /opt/airflow/dags/extraction_DAG.py
[2026-09-17T13:52:27.461+0000] {processor.py:830} INFO - Processing file /opt/airflow/dags/extraction_DAG.py for tasks to queue
[2026-09-17T13:52:27.462+0000] {logging_mixin.py:188} INFO - [2026-09-17T13:52:27.462+0000] {dagbag.py:545} INFO - Filling up the DagBag from /opt/airflow/dags/extraction_DAG.py
[2026-09-17T13:52:27.771+0000] {processor.py:840} INFO - DAG(s) 'extraction_DAG' retrieved from /opt/airflow/dags/extraction_DAG.py
[2026-09-17T13:52:27.784+0000] {logging_mixin.py:188} INFO - [2026-09-17T13:52:27.783+0000] {dag.py:3096} INFO - Sync 1 DAGs
[2026-09-17T13:52:27.796+0000] {logging_mixin.py:188} INFO - [2026-09-17T13:52:27.796+0000] {dag.py:3954} INFO - Setting next_dagrun for extraction_DAG to 2026-09-17 12:00:00+00:00, run_after=2026-09-17 13:00:00+00:00
[2026-09-17T13:52:27.804+0000] {processor.py:183} INFO - Processing /opt/airflow/dags/extraction_DAG.py took 0.442 seconds
[2026-09-17T13:52:58.489+0000] {processor.py:161} INFO - Started process (PID=6059) to work on /opt/airflow/dags/extraction_DAG.py
[2026-09-17T13:52:58.490+0000] {processor.py:830} INFO - Processing file /opt/airflow/dags/extraction_DAG.py for tasks to queue
[2026-09-17T13:52:58.490+0000] {logging_mixin.py:188} INFO - [2026-09-17T13:52:58.490+0000] {dagbag.py:545} INFO - Filling up the DagBag from /opt/airflow/dags/extraction_DAG.py
[2026-09-17T13:52:58.823+0000] {processor.py:840} INFO - DAG(s) 'extraction_DAG' retrieved from /opt/airflow/dags/extraction_DAG.py
[2026-09-17T13:52:58.836+0000] {logging_mixin.py:188} INFO - [2026-09-17T13:52:58.835+0000] {dag.py:3096} INFO - Sync 1 DAGs
[2026-09-17T13:52:58.851+0000] {logging_mixin.py:188} INFO - [2026-09-17T13:52:58.851+0000] {dag.py:3954} INFO - Setting next_dagrun for extraction_DAG to 2026-09-17 12:00:00+00:00, run_after=2026-09-17 13:00:00+00:00
[2026-09-17T13:52:58.863+0000] {processor.py:183} INFO - Processing /opt/airflow/dags/extraction_DAG.py took 0.380 seconds
[2026-09-17T13:53:28.989+0000] {processor.py:161} INFO - Started process (PID=6069) to work on /opt/airflow/dags/extraction_DAG.py
[2026-09-17T13:53:29.002+0000] {processor.py:830} INFO - Processing file /opt/airflow/dags/extraction_DAG.py for tasks to queue
[2026-09-17T13:53:29.003+0000] {logging_mixin.py:188} INFO - [2026-09-17T13:53:29.003+0000] {dagbag.py:545} INFO - Filling up the DagBag from /opt/airflow/dags/extraction_DAG.py
[2026-09-17T13:53:29.342+0000] {processor.py:840} INFO - DAG(s) 'extraction_DAG' retrieved from /opt/airflow/dags/extraction_DAG.py
[2026-09-17T13:53:29.355+0000] {logging_mixin.py:188} INFO - [2026-09-17T13:53:29.354+0000] {dag.py:3096} INFO - Sync 1 DAGs
[2026-09-17T13:53:29.368+0000] {logging_mixin.py:188} INFO - [2026-09-17T13:53:29.368+0000] {dag.py:3954} INFO - Setting next_dagrun for extraction_DAG to 2026-09-17 12:00:00+00:00, run_after=2026-09-17 13:00:00+00:00
[2026-09-17T13:53:29.379+0000] {processor.py:183} INFO - Processing /opt/airflow/dags/extraction_DAG.py took 0.397 seconds
[2026-09-17T13:53:59.511+0000] {processor.py:161} INFO - Started process (PID=6079) to work on /opt/airflow/dags/extraction_DAG.py
[2026-09-17T13:53:59.512+0000] {processor.py:830} INFO - Processing file /opt/airflow/dags/extraction_DAG.py for tasks to queue
[2026-09-17T13:53:59.513+0000] {logging_mixin.py:188} INFO - [2026-09-17T13:53:59.512+0000] {dagbag.py:545} INFO - Filling up the DagBag from /opt/airflow/dags/extraction_DAG.py
[2026-09-17T13:53:59.823+0000] {processor.py:840} INFO - DAG(s) 'extraction_DAG' retrieved from /opt/airflow/dags/extraction_DAG.py
[2026-09-17T13:53:59.836+0000] {logging_mixin.py:188} INFO - [2026-09-17T13:53:59.836+0000] {dag.py:3096} INFO - Sync 1 DAGs
[2026-09-17T13:53:59.849+0000] {logging_mixin.py:188} INFO - [2026-09-17T13:53:59.849+0000] {dag.py:3954} INFO - Setting next_dagrun for extraction_DAG to 2026-09-17 12:00:00+00:00, run_after=2026-09-17 13:00:00+00:00
[2026-09-17T13:53:59.859+0000] {processor.py:183} INFO - Processing /opt/airflow/dags/extraction_DAG.py took 0.358 seconds
[2026-09-17T13:54:29.992+0000] {processor.py:161} INFO - Started process (PID=6089) to work on /opt/airflow/dags/extraction_DAG.py
[2026-09-17T13:54:29.998+0000] {processor.py:830} INFO - Processing file /opt/airflow/dags/extraction_DAG.py for tasks to queue
[2026-09-17T13:54:29.998+0000] {logging_mixin.py:188} INFO - [2026-09-17T13:54:29.998+0000] {dagbag.py:545} INFO - Filling up the DagBag from /opt/airflow/dags/extraction_DAG.py
[2026-09-17T13:54:30.316+0000] {processor.py:840} INFO - DAG(s) 'extraction_DAG' retrieved from /opt/airflow/dags/extraction_DAG.py
[2026-09-17T13:54:30.326+0000] {logging_mixin.py:188} INFO - [2026-09-17T13:54:30.326+0000] {dag.py:3096} INFO - Sync 1 DAGs
[2026-09-17T13:54:30.339+0000] {logging_mixin.py:188} INFO - [2026-09-17T13:54:30.339+0000] {dag.py:3954} INFO - Setting next_dagrun for extraction_DAG to 2026-09-17 12:00:00+00:00, run_after=2026-09-17 13:00:00+00:00
[2026-09-17T13:54:30.348+0000] {processor.py:183} INFO - Processing /opt/airflow/dags/extraction_DAG.py took 0.365 seconds
[2026-09-17T13:55:00.456+0000] {processor.py:161} INFO - Started process (PID=6099) to work on /opt/airflow/dags/extraction_DAG.py
[2026-09-17T13:55:00.456+0000] {processor.py:830} INFO - Processing file /opt/airflow/dags/extraction_DAG.py for tasks to queue
[2026-09-17T13:55:00.457+0000] {logging_mixin.py:188} INFO - [2026-09-17T13:55:00.457+0000] {dagbag.py:545} INFO - Filling up the DagBag from /opt/airflow/dags/extraction_DAG.py
[2026-09-17T13:55:00.763+0000] {processor.py:840} INFO - DAG(s) 'extraction_DAG' retrieved from /opt/airflow/dags/extraction_DAG.py
[2026-09-17T13:55:00.777+0000] {logging_mixin.py:188} INFO - [2026-09-17T13:55:00.777+0000] {dag.py:3096} INFO - Sync 1 DAGs
[2026-09-17T13:55:00.794+0000] {logging_mixin.py:188} INFO - [2026-09-17T13:55:00.794+0000] {dag.py:3954} INFO - Setting next_dagrun for extraction_DAG to 2026-09-17 12:00:00+00:00, run_after=2026-09-17 13:00:00+00:00
[2026-09-17T13:55:00.805+0000] {processor.py:183} INFO - Processing /opt/airflow/dags/extraction_DAG.py took 0.353 seconds
[2026-09-17T13:55:30.912+0000] {processor.py:161} INFO - Started process (PID=6109) to work on /opt/airflow/dags/extraction_DAG.py
[2026-09-17T13:55:31.029+0000] {processor.py:830} INFO - Processing file /opt/airflow/dags/extraction_DAG.py for tasks to queue
[2026-09-17T13:55:31.030+0000] {logging_mixin.py:188} INFO - [2026-09-17T13:55:31.030+0000] {dagbag.py:545} INFO - Filling up the DagBag from /opt/airflow/dags/extraction_DAG.py
[2026-09-17T13:55:31.352+0000] {processor.py:840} INFO - DAG(s) 'extraction_DAG' retrieved from /opt/airflow/dags/extraction_DAG.py
[2026-09-17T13:55:31.365+0000] {logging_mixin.py:188} INFO - [2026-09-17T13:55:31.365+0000] {dag.py:3096} INFO - Sync 1 DAGs
[2026-09-17T13:55:31.379+0000] {logging_mixin.py:188} INFO - [2026-09-17T13:55:31.379+0000] {dag.py:3954} INFO - Setting next_dagrun for extraction_DAG to 2026-09-17 12:00:00+00:00, run_after=2026-09-17 13:00:00+00:00
[2026-09-17T13:55:31.388+0000] {processor.py:183} INFO - Processing /opt/airflow/dags/extraction_DAG.py took 0.480 seconds
[2026-09-17T13:56:01.504+0000] {processor.py:161} INFO - Started process (PID=6119) to work on /opt/airflow/dags/extraction_DAG.py
[2026-09-17T13:56:01.504+0000] {processor.py:830} INFO - Processing file /opt/airflow/dags/extraction_DAG.py for tasks to queue
[2026-09-17T13:56:01.505+0000] {logging_mixin.py:188} INFO - [2026-09-17T13:56:01.505+0000] {dagbag.py:545} INFO - Filling up the DagBag from /opt/airflow/dags/extraction_DAG.py
[2026-09-17T13:56:01.843+0000] {processor.py:840} INFO - DAG(s) 'extraction_DAG' retrieved from /opt/airflow/dags/extraction_DAG.py
[2026-09-17T13:56:01.856+0000] {logging_mixin.py:188} INFO - [2026-09-17T13:56:01.855+0000] {dag.py:3096} INFO - Sync 1 DAGs
[2026-09-17T13:56:01.869+0000] {logging_mixin.py:188} INFO - [2026-09-17T13:56:01.869+0000] {dag.py:3954} INFO - Setting next_dagrun for extraction_DAG to 2026-09-17 12:00:00+00:00, run_after=2026-09-17 13:00:00+00:00
[2026-09-17T13:56:01.878+0000] {processor.py:183} INFO - Processing /opt/airflow/dags/extraction_DAG.py took 0.378 seconds
[2026-09-17T13:56:32.016+0000] {processor.py:161} INFO - Started process (PID=6128) to work on /opt/airflow/dags/extraction_DAG.py
[2026-09-17T13:56:32.099+0000] {processor.py:830} INFO - Processing file /opt/airflow/dags/extraction_DAG.py for tasks to queue
[2026-09-17T13:56:32.100+0000] {logging_mixin.py:188} INFO - [2026-09-17T13:56:32.100+0000] {dagbag.py:545} INFO - Filling up the DagBag from /opt/airflow/dags/extraction_DAG.py
[2026-09-17T13:56:32.415+0000] {processor.py:840} INFO - DAG(s) 'extraction_DAG' retrieved from /opt/airflow/dags/extraction_DAG.py
[2026-09-17T13:56:32.425+0000] {logging_mixin.py:188} INFO - [2026-09-17T13:56:32.425+0000] {dag.py:3096} INFO - Sync 1 DAGs
[2026-09-17T13:56:32.437+0000] {logging_mixin.py:188} INFO - [2026-09-17T13:56:32.436+0000] {dag.py:3954} INFO - Setting next_dagrun for extraction_DAG to 2026-09-17 12:00:00+00:00, run_after=2026-09-17 13:00:00+00:00
[2026-09-17T13:56:32.446+0000] {processor.py:183} INFO - Processing /opt/airflow/dags/extraction_DAG.py took 0.438 seconds
[2026-09-17T13:57:02.581+0000] {processor.py:161} INFO - Started process (PID=6138) to work on /opt/airflow/dags/extraction_DAG.py
[2026-09-17T13:57:02.604+0000] {processor.py:830} INFO - Processing file /opt/airflow/dags/extraction_DAG.py for tasks to queue
[2026-09-17T13:57:02.605+0000] {logging_mixin.py:188} INFO - [2026-09-17T13:57:02.604+0000] {dagbag.py:545} INFO - Filling up the DagBag from /opt/airflow/dags/extraction_DAG.py
[2026-09-17T13:57:02.931+0000] {processor.py:840} INFO - DAG(s) 'extraction_DAG' retrieved from /opt/airflow/dags/extraction_DAG.py
[2026-09-17T13:57:02.943+0000] {logging_mixin.py:188} INFO - [2026-09-17T13:57:02.943+0000] {dag.py:3096} INFO - Sync 1 DAGs
[2026-09-17T13:57:02.958+0000] {logging_mixin.py:188} INFO - [2026-09-17T13:57:02.958+0000] {dag.py:3954} INFO - Setting next_dagrun for extraction_DAG to 2026-09-17 12:00:00+00:00, run_after=2026-09-17 13:00:00+00:00
[2026-09-17T13:57:02.968+0000] {processor.py:183} INFO - Processing /opt/airflow/dags/extraction_DAG.py took 0.392 seconds
[2026-09-17T13:57:33.123+0000] {processor.py:161} INFO - Started process (PID=6148) to work on /opt/airflow/dags/extraction_DAG.py
[2026-09-17T13:57:33.124+0000] {processor.py:830} INFO - Processing file /opt/airflow/dags/extraction_DAG.py for tasks to queue
[2026-09-17T13:57:33.125+0000] {logging_mixin.py:188} INFO - [2026-09-17T13:57:33.125+0000] {dagbag.py:545} INFO - Filling up the DagBag from /opt/airflow/dags/extraction_DAG.py
[2026-09-17T13:57:33.435+0000] {processor.py:840} INFO - DAG(s) 'extraction_DAG' retrieved from /opt/airflow/dags/extraction_DAG.py
[2026-09-17T13:57:33.449+0000] {logging_mixin.py:188} INFO - [2026-09-17T13:57:33.449+0000] {dag.py:3096} INFO - Sync 1 DAGs
[2026-09-17T13:57:33.464+0000] {logging_mixin.py:188} INFO - [2026-09-17T13:57:33.464+0000] {dag.py:3954} INFO - Setting next_dagrun for extraction_DAG to 2026-09-17 12:00:00+00:00, run_after=2026-09-17 13:00:00+00:00
[2026-09-17T13:57:33.473+0000] {processor.py:183} INFO - Processing /opt/airflow/dags/extraction_DAG.py took 0.359 seconds
[2026-09-17T13:58:03.618+0000] {processor.py:161} INFO - Started process (PID=6158) to work on /opt/airflow/dags/extraction_DAG.py
[2026-09-17T13:58:03.624+0000] {processor.py:830} INFO - Processing file /opt/airflow/dags/extraction_DAG.py for tasks to queue
[2026-09-17T13:58:03.624+0000] {logging_mixin.py:188} INFO - [2026-09-17T13:58:03.624+0000] {dagbag.py:545} INFO - Filling up the DagBag from /opt/airflow/dags/extraction_DAG.py
[2026-09-17T13:58:03.918+0000] {processor.py:840} INFO - DAG(s) 'extraction_DAG' retrieved from /opt/airflow/dags/extraction_DAG.py
[2026-09-17T13:58:03.930+0000] {logging_mixin.py:188} INFO - [2026-09-17T13:58:03.930+0000] {dag.py:3096} INFO - Sync 1 DAGs
[2026-09-17T13:58:03.942+0000] {logging_mixin.py:188} INFO - [2026-09-17T13:58:03.941+0000] {dag.py:3954} INFO - Setting next_dagrun for extraction_DAG to 2026-09-17 12:00:00+00:00, run_after=2026-09-17 13:00:00+00:00
[2026-09-17T13:58:03.951+0000] {processor.py:183} INFO - Processing /opt/airflow/dags/extraction_DAG.py took 0.340 seconds
[2026-09-17T13:58:34.081+0000] {processor.py:161} INFO - Started process (PID=6168) to work on /opt/airflow/dags/extraction_DAG.py
[2026-09-17T13:58:34.082+0000] {processor.py:830} INFO - Processing file /opt/airflow/dags/extraction_DAG.py for tasks to queue
[2026-09-17T13:58:34.083+0000] {logging_mixin.py:188} INFO - [2026-09-17T13:58:34.083+0000] {dagbag.py:545} INFO - Filling up the DagBag from /opt/airflow/dags/extraction_DAG.py
[2026-09-17T13:58:34.373+0000] {processor.py:840} INFO - DAG(s) 'extraction_DAG' retrieved from /opt/airflow/dags/extraction_DAG.py
[2026-09-17T13:58:34.384+0000] {logging_mixin.py:188} INFO - [2026-09-17T13:58:34.383+0000] {dag.py:3096} INFO - Sync 1 DAGs
[2026-09-17T13:58:34.396+0000] {logging_mixin.py:188} INFO - [2026-09-17T13:58:34.396+0000] {dag.py:3954} INFO - Setting next_dagrun for extraction_DAG to 2026-09-17 12:00:00+00:00, run_after=2026-09-17 13:00:00+00:00
[2026-09-17T13:58:34.407+0000] {processor.py:183} INFO - Processing /opt/airflow/dags/extraction_DAG.py took 0.335 seconds
[2026-09-17T13:59:04.538+0000] {processor.py:161} INFO - Started process (PID=6178) to work on /opt/airflow/dags/extraction_DAG.py
[2026-09-17T13:59:04.563+0000] {processor.py:830} INFO - Processing file /opt/airflow/dags/extraction_DAG.py for tasks to queue
[2026-09-17T13:59:04.564+0000] {logging_mixin.py:188} INFO - [2026-09-17T13:59:04.564+0000] {dagbag.py:545} INFO - Filling up the DagBag from /opt/airflow/dags/extraction_DAG.py
[2026-09-17T13:59:04.934+0000] {processor.py:840} INFO - DAG(s) 'extraction_DAG' retrieved from /opt/airflow/dags/extraction_DAG.py
[2026-09-17T13:59:04.948+0000] {logging_mixin.py:188} INFO - [2026-09-17T13:59:04.947+0000] {dag.py:3096} INFO - Sync 1 DAGs
[2026-09-17T13:59:04.966+0000] {logging_mixin.py:188} INFO - [2026-09-17T13:59:04.965+0000] {dag.py:3954} INFO - Setting next_dagrun for extraction_DAG to 2026-09-17 12:00:00+00:00, run_after=2026-09-17 13:00:00+00:00
[2026-09-17T13:59:04.978+0000] {processor.py:183} INFO - Processing /opt/airflow/dags/extraction_DAG.py took 0.448 seconds
[2026-09-17T13:59:35.113+0000] {processor.py:161} INFO - Started process (PID=6188) to work on /opt/airflow/dags/extraction_DAG.py
[2026-09-17T13:59:35.114+0000] {processor.py:830} INFO - Processing file /opt/airflow/dags/extraction_DAG.py for tasks to queue
[2026-09-17T13:59:35.115+0000] {logging_mixin.py:188} INFO - [2026-09-17T13:59:35.115+0000] {dagbag.py:545} INFO - Filling up the DagBag from /opt/airflow/dags/extraction_DAG.py
[2026-09-17T13:59:35.411+0000] {processor.py:840} INFO - DAG(s) 'extraction_DAG' retrieved from /opt/airflow/dags/extraction_DAG.py
[2026-09-17T13:59:35.423+0000] {logging_mixin.py:188} INFO - [2026-09-17T13:59:35.423+0000] {dag.py:3096} INFO - Sync 1 DAGs
[2026-09-17T13:59:35.435+0000] {logging_mixin.py:188} INFO - [2026-09-17T13:59:35.435+0000] {dag.py:3954} INFO - Setting next_dagrun for extraction_DAG to 2026-09-17 12:00:00+00:00, run_after=2026-09-17 13:00:00+00:00
[2026-09-17T13:59:35.446+0000] {processor.py:183} INFO - Processing /opt/airflow/dags/extraction_DAG.py took 0.340 seconds
[2026-09-17T14:00:05.590+0000] {processor.py:161} INFO - Started process (PID=6198) to work on /opt/airflow/dags/extraction_DAG.py
[2026-09-17T14:00:05.723+0000] {processor.py:830} INFO - Processing file /opt/airflow/dags/extraction_DAG.py for tasks to queue
[2026-09-17T14:00:05.724+0000] {logging_mixin.py:188} INFO - [2026-09-17T14:00:05.723+0000] {dagbag.py:545} INFO - Filling up the DagBag from /opt/airflow/dags/extraction_DAG.py
[2026-09-17T14:00:06.045+0000] {processor.py:840} INFO - DAG(s) 'extraction_DAG' retrieved from /opt/airflow/dags/extraction_DAG.py
[2026-09-17T14:00:06.056+0000] {logging_mixin.py:188} INFO - [2026-09-17T14:00:06.056+0000] {dag.py:3096} INFO - Sync 1 DAGs
[2026-09-17T14:00:06.068+0000] {logging_mixin.py:188} INFO - [2026-09-17T14:00:06.068+0000] {dag.py:3954} INFO - Setting next_dagrun for extraction_DAG to 2026-09-17 13:00:00+00:00, run_after=2026-09-17 14:00:00+00:00
[2026-09-17T14:00:06.077+0000] {processor.py:183} INFO - Processing /opt/airflow/dags/extraction_DAG.py took 0.496 seconds
[2026-09-17T14:00:36.186+0000] {processor.py:161} INFO - Started process (PID=6208) to work on /opt/airflow/dags/extraction_DAG.py
[2026-09-17T14:00:36.187+0000] {processor.py:830} INFO - Processing file /opt/airflow/dags/extraction_DAG.py for tasks to queue
[2026-09-17T14:00:36.188+0000] {logging_mixin.py:188} INFO - [2026-09-17T14:00:36.188+0000] {dagbag.py:545} INFO - Filling up the DagBag from /opt/airflow/dags/extraction_DAG.py
[2026-09-17T14:00:36.483+0000] {processor.py:840} INFO - DAG(s) 'extraction_DAG' retrieved from /opt/airflow/dags/extraction_DAG.py
[2026-09-17T14:00:36.494+0000] {logging_mixin.py:188} INFO - [2026-09-17T14:00:36.494+0000] {dag.py:3096} INFO - Sync 1 DAGs
[2026-09-17T14:00:36.507+0000] {logging_mixin.py:188} INFO - [2026-09-17T14:00:36.507+0000] {dag.py:3954} INFO - Setting next_dagrun for extraction_DAG to 2026-09-17 13:00:00+00:00, run_after=2026-09-17 14:00:00+00:00
[2026-09-17T14:00:36.516+0000] {processor.py:183} INFO - Processing /opt/airflow/dags/extraction_DAG.py took 0.334 seconds
[2026-09-17T14:01:06.638+0000] {processor.py:161} INFO - Started process (PID=6218) to work on /opt/airflow/dags/extraction_DAG.py
[2026-09-17T14:01:06.638+0000] {processor.py:830} INFO - Processing file /opt/airflow/dags/extraction_DAG.py for tasks to queue
[2026-09-17T14:01:06.639+0000] {logging_mixin.py:188} INFO - [2026-09-17T14:01:06.639+0000] {dagbag.py:545} INFO - Filling up the DagBag from /opt/airflow/dags/extraction_DAG.py
[2026-09-17T14:01:06.962+0000] {processor.py:840} INFO - DAG(s) 'extraction_DAG' retrieved from /opt/airflow/dags/extraction_DAG.py
[2026-09-17T14:01:06.976+0000] {logging_mixin.py:188} INFO - [2026-09-17T14:01:06.976+0000] {dag.py:3096} INFO - Sync 1 DAGs
[2026-09-17T14:01:06.991+0000] {logging_mixin.py:188} INFO - [2026-09-17T14:01:06.990+0000] {dag.py:3954} INFO - Setting next_dagrun for extraction_DAG to 2026-09-17 13:00:00+00:00, run_after=2026-09-17 14:00:00+00:00
[2026-09-17T14:01:07.004+0000] {processor.py:183} INFO - Processing /opt/airflow/dags/extraction_DAG.py took 0.370 seconds
[2026-09-17T14:01:37.142+0000] {processor.py:161} INFO - Started process (PID=6228) to work on /opt/airflow/dags/extraction_DAG.py
[2026-09-17T14:01:37.143+0000] {processor.py:830} INFO - Processing file /opt/airflow/dags/extraction_DAG.py for tasks to queue
[2026-09-17T14:01:37.143+0000] {logging_mixin.py:188} INFO - [2026-09-17T14:01:37.143+0000] {dagbag.py:545} INFO - Filling up the DagBag from /opt/airflow/dags/extraction_DAG.py
[2026-09-17T14:01:37.455+0000] {processor.py:840} INFO - DAG(s) 'extraction_DAG' retrieved from /opt/airflow/dags/extraction_DAG.py
[2026-09-17T14:01:37.467+0000] {logging_mixin.py:188} INFO - [2026-09-17T14:01:37.467+0000] {dag.py:3096} INFO - Sync 1 DAGs
[2026-09-17T14:01:37.480+0000] {logging_mixin.py:188} INFO - [2026-09-17T14:01:37.480+0000] {dag.py:3954} INFO - Setting next_dagrun for extraction_DAG to 2026-09-17 13:00:00+00:00, run_after=2026-09-17 14:00:00+00:00
[2026-09-17T14:01:37.489+0000] {processor.py:183} INFO - Processing /opt/airflow/dags/extraction_DAG.py took 0.355 seconds
[2026-09-17T14:02:07.612+0000] {processor.py:161} INFO - Started process (PID=6238) to work on /opt/airflow/dags/extraction_DAG.py
[2026-09-17T14:02:07.613+0000] {processor.py:830} INFO - Processing file /opt/airflow/dags/extraction_DAG.py for tasks to queue
[2026-09-17T14:02:07.614+0000] {logging_mixin.py:188} INFO - [2026-09-17T14:02:07.613+0000] {dagbag.py:545} INFO - Filling up the DagBag from /opt/airflow/dags/extraction_DAG.py
[2026-09-17T14:02:07.924+0000] {processor.py:840} INFO - DAG(s) 'extraction_DAG' retrieved from /opt/airflow/dags/extraction_DAG.py
[2026-09-17T14:02:07.938+0000] {logging_mixin.py:188} INFO - [2026-09-17T14:02:07.937+0000] {dag.py:3096} INFO - Sync 1 DAGs
[2026-09-17T14:02:07.951+0000] {logging_mixin.py:188} INFO - [2026-09-17T14:02:07.951+0000] {dag.py:3954} INFO - Setting next_dagrun for extraction_DAG to 2026-09-17 13:00:00+00:00, run_after=2026-09-17 14:00:00+00:00
[2026-09-17T14:02:07.960+0000] {processor.py:183} INFO - Processing /opt/airflow/dags/extraction_DAG.py took 0.352 seconds
[2026-09-17T14:02:38.099+0000] {processor.py:161} INFO - Started process (PID=6248) to work on /opt/airflow/dags/extraction_DAG.py
[2026-09-17T14:02:38.110+0000] {processor.py:830} INFO - Processing file /opt/airflow/dags/extraction_DAG.py for tasks to queue
[2026-09-17T14:02:38.111+0000] {logging_mixin.py:188} INFO - [2026-09-17T14:02:38.110+0000] {dagbag.py:545} INFO - Filling up the DagBag from /opt/airflow/dags/extraction_DAG.py
[2026-09-17T14:02:38.419+0000] {processor.py:840} INFO - DAG(s) 'extraction_DAG' retrieved from /opt/airflow/dags/extraction_DAG.py
[2026-09-17T14:02:38.430+0000] {logging_mixin.py:188} INFO - [2026-09-17T14:02:38.430+0000] {dag.py:3096} INFO - Sync 1 DAGs
[2026-09-17T14:02:38.445+0000] {logging_mixin.py:188} INFO - [2026-09-17T14:02:38.445+0000] {dag.py:3954} INFO - Setting next_dagrun for extraction_DAG to 2026-09-17 13:00:00+00:00, run_after=2026-09-17 14:00:00+00:00
[2026-09-17T14:02:38.458+0000] {processor.py:183} INFO - Processing /opt/airflow/dags/extraction_DAG.py took 0.368 seconds
[2026-09-17T14:03:08.577+0000] {processor.py:161} INFO - Started process (PID=6258) to work on /opt/airflow/dags/extraction_DAG.py
[2026-09-17T14:03:08.577+0000] {processor.py:830} INFO - Processing file /opt/airflow/dags/extraction_DAG.py for tasks to queue
[2026-09-17T14:03:08.578+0000] {logging_mixin.py:188} INFO - [2026-09-17T14:03:08.577+0000] {dagbag.py:545} INFO - Filling up the DagBag from /opt/airflow/dags/extraction_DAG.py
[2026-09-17T14:03:08.902+0000] {processor.py:840} INFO - DAG(s) 'extraction_DAG' retrieved from /opt/airflow/dags/extraction_DAG.py
[2026-09-17T14:03:08.915+0000] {logging_mixin.py:188} INFO - [2026-09-17T14:03:08.915+0000] {dag.py:3096} INFO - Sync 1 DAGs
[2026-09-17T14:03:08.928+0000] {logging_mixin.py:188} INFO - [2026-09-17T14:03:08.928+0000] {dag.py:3954} INFO - Setting next_dagrun for extraction_DAG to 2026-09-17 13:00:00+00:00, run_after=2026-09-17 14:00:00+00:00
[2026-09-17T14:03:08.937+0000] {processor.py:183} INFO - Processing /opt/airflow/dags/extraction_DAG.py took 0.364 seconds
[2026-09-17T14:03:39.066+0000] {processor.py:161} INFO - Started process (PID=6268) to work on /opt/airflow/dags/extraction_DAG.py
[2026-09-17T14:03:39.077+0000] {processor.py:830} INFO - Processing file /opt/airflow/dags/extraction_DAG.py for tasks to queue
[2026-09-17T14:03:39.079+0000] {logging_mixin.py:188} INFO - [2026-09-17T14:03:39.078+0000] {dagbag.py:545} INFO - Filling up the DagBag from /opt/airflow/dags/extraction_DAG.py
[2026-09-17T14:03:39.387+0000] {processor.py:840} INFO - DAG(s) 'extraction_DAG' retrieved from /opt/airflow/dags/extraction_DAG.py
[2026-09-17T14:03:39.399+0000] {logging_mixin.py:188} INFO - [2026-09-17T14:03:39.399+0000] {dag.py:3096} INFO - Sync 1 DAGs
[2026-09-17T14:03:39.412+0000] {logging_mixin.py:188} INFO - [2026-09-17T14:03:39.412+0000] {dag.py:3954} INFO - Setting next_dagrun for extraction_DAG to 2026-09-17 13:00:00+00:00, run_after=2026-09-17 14:00:00+00:00
[2026-09-17T14:03:39.422+0000] {processor.py:183} INFO - Processing /opt/airflow/dags/extraction_DAG.py took 0.360 seconds
[2026-09-17T14:04:09.561+0000] {processor.py:161} INFO - Started process (PID=6278) to work on /opt/airflow/dags/extraction_DAG.py
[2026-09-17T14:04:09.561+0000] {processor.py:830} INFO - Processing file /opt/airflow/dags/extraction_DAG.py for tasks to queue
[2026-09-17T14:04:09.562+0000] {logging_mixin.py:188} INFO - [2026-09-17T14:04:09.561+0000] {dagbag.py:545} INFO - Filling up the DagBag from /opt/airflow/dags/extraction_DAG.py
[2026-09-17T14:04:09.915+0000] {processor.py:840} INFO - DAG(s) 'extraction_DAG' retrieved from /opt/airflow/dags/extraction_DAG.py
[2026-09-17T14:04:09.931+0000] {logging_mixin.py:188} INFO - [2026-09-17T14:04:09.931+0000] {dag.py:3096} INFO - Sync 1 DAGs
[2026-09-17T14:04:09.947+0000] {logging_mixin.py:188} INFO - [2026-09-17T14:04:09.947+0000] {dag.py:3954} INFO - Setting next_dagrun for extraction_DAG to 2026-09-17 13:00:00+00:00, run_after=2026-09-17 14:00:00+00:00
[2026-09-17T14:04:09.962+0000] {processor.py:183} INFO - Processing /opt/airflow/dags/extraction_DAG.py took 0.405 seconds
[2026-09-17T14:04:40.094+0000] {processor.py:161} INFO - Started process (PID=6288) to work on /opt/airflow/dags/extraction_DAG.py
[2026-09-17T14:04:40.195+0000] {processor.py:830} INFO - Processing file /opt/airflow/dags/extraction_DAG.py for tasks to queue
[2026-09-17T14:04:40.195+0000] {logging_mixin.py:188} INFO - [2026-09-17T14:04:40.195+0000] {dagbag.py:545} INFO - Filling up the DagBag from /opt/airflow/dags/extraction_DAG.py
[2026-09-17T14:04:40.514+0000] {processor.py:840} INFO - DAG(s) 'extraction_DAG' retrieved from /opt/airflow/dags/extraction_DAG.py
[2026-09-17T14:04:40.527+0000] {logging_mixin.py:188} INFO - [2026-09-17T14:04:40.527+0000] {dag.py:3096} INFO - Sync 1 DAGs
[2026-09-17T14:04:40.540+0000] {logging_mixin.py:188} INFO - [2026-09-17T14:04:40.540+0000] {dag.py:3954} INFO - Setting next_dagrun for extraction_DAG to 2026-09-17 13:00:00+00:00, run_after=2026-09-17 14:00:00+00:00
[2026-09-17T14:04:40.550+0000] {processor.py:183} INFO - Processing /opt/airflow/dags/extraction_DAG.py took 0.463 seconds
[2026-09-17T14:05:10.576+0000] {processor.py:161} INFO - Started process (PID=6298) to work on /opt/airflow/dags/extraction_DAG.py
[2026-09-17T14:05:10.576+0000] {processor.py:830} INFO - Processing file /opt/airflow/dags/extraction_DAG.py for tasks to queue
[2026-09-17T14:05:10.577+0000] {logging_mixin.py:188} INFO - [2026-09-17T14:05:10.577+0000] {dagbag.py:545} INFO - Filling up the DagBag from /opt/airflow/dags/extraction_DAG.py
[2026-09-17T14:05:10.896+0000] {processor.py:840} INFO - DAG(s) 'extraction_DAG' retrieved from /opt/airflow/dags/extraction_DAG.py
[2026-09-17T14:05:10.907+0000] {logging_mixin.py:188} INFO - [2026-09-17T14:05:10.907+0000] {dag.py:3096} INFO - Sync 1 DAGs
[2026-09-17T14:05:10.921+0000] {logging_mixin.py:188} INFO - [2026-09-17T14:05:10.920+0000] {dag.py:3954} INFO - Setting next_dagrun for extraction_DAG to 2026-09-17 13:00:00+00:00, run_after=2026-09-17 14:00:00+00:00
[2026-09-17T14:05:10.931+0000] {processor.py:183} INFO - Processing /opt/airflow/dags/extraction_DAG.py took 0.359 seconds
[2026-09-17T14:05:41.058+0000] {processor.py:161} INFO - Started process (PID=6308) to work on /opt/airflow/dags/extraction_DAG.py
[2026-09-17T14:05:41.090+0000] {processor.py:830} INFO - Processing file /opt/airflow/dags/extraction_DAG.py for tasks to queue
[2026-09-17T14:05:41.091+0000] {logging_mixin.py:188} INFO - [2026-09-17T14:05:41.091+0000] {dagbag.py:545} INFO - Filling up the DagBag from /opt/airflow/dags/extraction_DAG.py
[2026-09-17T14:05:41.420+0000] {processor.py:840} INFO - DAG(s) 'extraction_DAG' retrieved from /opt/airflow/dags/extraction_DAG.py
[2026-09-17T14:05:41.432+0000] {logging_mixin.py:188} INFO - [2026-09-17T14:05:41.432+0000] {dag.py:3096} INFO - Sync 1 DAGs
[2026-09-17T14:05:41.446+0000] {logging_mixin.py:188} INFO - [2026-09-17T14:05:41.446+0000] {dag.py:3954} INFO - Setting next_dagrun for extraction_DAG to 2026-09-17 13:00:00+00:00, run_after=2026-09-17 14:00:00+00:00
[2026-09-17T14:05:41.457+0000] {processor.py:183} INFO - Processing /opt/airflow/dags/extraction_DAG.py took 0.402 seconds
[2026-09-17T14:06:11.608+0000] {processor.py:161} INFO - Started process (PID=6318) to work on /opt/airflow/dags/extraction_DAG.py
[2026-09-17T14:06:11.608+0000] {processor.py:830} INFO - Processing file /opt/airflow/dags/extraction_DAG.py for tasks to queue
[2026-09-17T14:06:11.609+0000] {logging_mixin.py:188} INFO - [2026-09-17T14:06:11.609+0000] {dagbag.py:545} INFO - Filling up the DagBag from /opt/airflow/dags/extraction_DAG.py
[2026-09-17T14:06:11.931+0000] {processor.py:840} INFO - DAG(s) 'extraction_DAG' retrieved from /opt/airflow/dags/extraction_DAG.py
[2026-09-17T14:06:11.943+0000] {logging_mixin.py:188} INFO - [2026-09-17T14:06:11.943+0000] {dag.py:3096} INFO - Sync 1 DAGs
[2026-09-17T14:06:11.959+0000] {logging_mixin.py:188} INFO - [2026-09-17T14:06:11.959+0000] {dag.py:3954} INFO - Setting next_dagrun for extraction_DAG to 2026-09-17 13:00:00+00:00, run_after=2026-09-17 14:00:00+00:00
[2026-09-17T14:06:11.968+0000] {processor.py:183} INFO - Processing /opt/airflow/dags/extraction_DAG.py took 0.366 seconds
[2026-09-17T14:06:42.113+0000] {processor.py:161} INFO - Started process (PID=6328) to work on /opt/airflow/dags/extraction_DAG.py
[2026-09-17T14:06:42.299+0000] {processor.py:830} INFO - Processing file /opt/airflow/dags/extraction_DAG.py for tasks to queue
[2026-09-17T14:06:42.301+0000] {logging_mixin.py:188} INFO - [2026-09-17T14:06:42.300+0000] {dagbag.py:545} INFO - Filling up the DagBag from /opt/airflow/dags/extraction_DAG.py
[2026-09-17T14:06:42.617+0000] {processor.py:840} INFO - DAG(s) 'extraction_DAG' retrieved from /opt/airflow/dags/extraction_DAG.py
[2026-09-17T14:06:42.628+0000] {logging_mixin.py:188} INFO - [2026-09-17T14:06:42.628+0000] {dag.py:3096} INFO - Sync 1 DAGs
[2026-09-17T14:06:42.641+0000] {logging_mixin.py:188} INFO - [2026-09-17T14:06:42.641+0000] {dag.py:3954} INFO - Setting next_dagrun for extraction_DAG to 2026-09-17 13:00:00+00:00, run_after=2026-09-17 14:00:00+00:00
[2026-09-17T14:06:42.650+0000] {processor.py:183} INFO - Processing /opt/airflow/dags/extraction_DAG.py took 0.542 seconds
[2026-09-17T14:07:12.787+0000] {processor.py:161} INFO - Started process (PID=6338) to work on /opt/airflow/dags/extraction_DAG.py
[2026-09-17T14:07:12.788+0000] {processor.py:830} INFO - Processing file /opt/airflow/dags/extraction_DAG.py for tasks to queue
[2026-09-17T14:07:12.789+0000] {logging_mixin.py:188} INFO - [2026-09-17T14:07:12.789+0000] {dagbag.py:545} INFO - Filling up the DagBag from /opt/airflow/dags/extraction_DAG.py
[2026-09-17T14:07:13.095+0000] {processor.py:840} INFO - DAG(s) 'extraction_DAG' retrieved from /opt/airflow/dags/extraction_DAG.py
[2026-09-17T14:07:13.108+0000] {logging_mixin.py:188} INFO - [2026-09-17T14:07:13.107+0000] {dag.py:3096} INFO - Sync 1 DAGs
[2026-09-17T14:07:13.121+0000] {logging_mixin.py:188} INFO - [2026-09-17T14:07:13.121+0000] {dag.py:3954} INFO - Setting next_dagrun for extraction_DAG to 2026-09-17 13:00:00+00:00, run_after=2026-09-17 14:00:00+00:00
[2026-09-17T14:07:13.129+0000] {processor.py:183} INFO - Processing /opt/airflow/dags/extraction_DAG.py took 0.350 seconds
[2026-09-17T14:07:43.248+0000] {processor.py:161} INFO - Started process (PID=6348) to work on /opt/airflow/dags/extraction_DAG.py
[2026-09-17T14:07:43.262+0000] {processor.py:830} INFO - Processing file /opt/airflow/dags/extraction_DAG.py for tasks to queue
[2026-09-17T14:07:43.263+0000] {logging_mixin.py:188} INFO - [2026-09-17T14:07:43.262+0000] {dagbag.py:545} INFO - Filling up the DagBag from /opt/airflow/dags/extraction_DAG.py
[2026-09-17T14:07:43.626+0000] {processor.py:840} INFO - DAG(s) 'extraction_DAG' retrieved from /opt/airflow/dags/extraction_DAG.py
[2026-09-17T14:07:43.639+0000] {logging_mixin.py:188} INFO - [2026-09-17T14:07:43.639+0000] {dag.py:3096} INFO - Sync 1 DAGs
[2026-09-17T14:07:43.652+0000] {logging_mixin.py:188} INFO - [2026-09-17T14:07:43.652+0000] {dag.py:3954} INFO - Setting next_dagrun for extraction_DAG to 2026-09-17 13:00:00+00:00, run_after=2026-09-17 14:00:00+00:00
[2026-09-17T14:07:43.663+0000] {processor.py:183} INFO - Processing /opt/airflow/dags/extraction_DAG.py took 0.419 seconds
[2026-09-17T14:08:13.740+0000] {processor.py:161} INFO - Started process (PID=6358) to work on /opt/airflow/dags/extraction_DAG.py
[2026-09-17T14:08:13.741+0000] {processor.py:830} INFO - Processing file /opt/airflow/dags/extraction_DAG.py for tasks to queue
[2026-09-17T14:08:13.742+0000] {logging_mixin.py:188} INFO - [2026-09-17T14:08:13.741+0000] {dagbag.py:545} INFO - Filling up the DagBag from /opt/airflow/dags/extraction_DAG.py
[2026-09-17T14:08:14.049+0000] {processor.py:840} INFO - DAG(s) 'extraction_DAG' retrieved from /opt/airflow/dags/extraction_DAG.py
[2026-09-17T14:08:14.061+0000] {logging_mixin.py:188} INFO - [2026-09-17T14:08:14.061+0000] {dag.py:3096} INFO - Sync 1 DAGs
[2026-09-17T14:08:14.074+0000] {logging_mixin.py:188} INFO - [2026-09-17T14:08:14.074+0000] {dag.py:3954} INFO - Setting next_dagrun for extraction_DAG to 2026-09-17 13:00:00+00:00, run_after=2026-09-17 14:00:00+00:00
[2026-09-17T14:08:14.083+0000] {processor.py:183} INFO - Processing /opt/airflow/dags/extraction_DAG.py took 0.352 seconds
[2026-09-17T14:08:44.236+0000] {processor.py:161} INFO - Started process (PID=6368) to work on /opt/airflow/dags/extraction_DAG.py
[2026-09-17T14:08:44.242+0000] {processor.py:830} INFO - Processing file /opt/airflow/dags/extraction_DAG.py for tasks to queue
[2026-09-17T14:08:44.244+0000] {logging_mixin.py:188} INFO - [2026-09-17T14:08:44.244+0000] {dagbag.py:545} INFO - Filling up the DagBag from /opt/airflow/dags/extraction_DAG.py
[2026-09-17T14:08:44.549+0000] {processor.py:840} INFO - DAG(s) 'extraction_DAG' retrieved from /opt/airflow/dags/extraction_DAG.py
[2026-09-17T14:08:44.560+0000] {logging_mixin.py:188} INFO - [2026-09-17T14:08:44.560+0000] {dag.py:3096} INFO - Sync 1 DAGs
[2026-09-17T14:08:44.573+0000] {logging_mixin.py:188} INFO - [2026-09-17T14:08:44.572+0000] {dag.py:3954} INFO - Setting next_dagrun for extraction_DAG to 2026-09-17 13:00:00+00:00, run_after=2026-09-17 14:00:00+00:00
[2026-09-17T14:08:44.582+0000] {processor.py:183} INFO - Processing /opt/airflow/dags/extraction_DAG.py took 0.355 seconds
[2026-09-17T14:09:14.713+0000] {processor.py:161} INFO - Started process (PID=6384) to work on /opt/airflow/dags/extraction_DAG.py
[2026-09-17T14:09:14.713+0000] {processor.py:830} INFO - Processing file /opt/airflow/dags/extraction_DAG.py for tasks to queue
[2026-09-17T14:09:14.714+0000] {logging_mixin.py:188} INFO - [2026-09-17T14:09:14.713+0000] {dagbag.py:545} INFO - Filling up the DagBag from /opt/airflow/dags/extraction_DAG.py
[2026-09-17T14:09:15.010+0000] {processor.py:840} INFO - DAG(s) 'extraction_DAG' retrieved from /opt/airflow/dags/extraction_DAG.py
[2026-09-17T14:09:15.021+0000] {logging_mixin.py:188} INFO - [2026-09-17T14:09:15.020+0000] {dag.py:3096} INFO - Sync 1 DAGs
[2026-09-17T14:09:15.033+0000] {logging_mixin.py:188} INFO - [2026-09-17T14:09:15.033+0000] {dag.py:3954} INFO - Setting next_dagrun for extraction_DAG to 2026-09-17 13:00:00+00:00, run_after=2026-09-17 14:00:00+00:00
[2026-09-17T14:09:15.041+0000] {processor.py:183} INFO - Processing /opt/airflow/dags/extraction_DAG.py took 0.333 seconds
[2026-09-17T14:09:45.204+0000] {processor.py:161} INFO - Started process (PID=6394) to work on /opt/airflow/dags/extraction_DAG.py
[2026-09-17T14:09:45.293+0000] {processor.py:830} INFO - Processing file /opt/airflow/dags/extraction_DAG.py for tasks to queue
[2026-09-17T14:09:45.294+0000] {logging_mixin.py:188} INFO - [2026-09-17T14:09:45.294+0000] {dagbag.py:545} INFO - Filling up the DagBag from /opt/airflow/dags/extraction_DAG.py
[2026-09-17T14:09:45.593+0000] {processor.py:840} INFO - DAG(s) 'extraction_DAG' retrieved from /opt/airflow/dags/extraction_DAG.py
[2026-09-17T14:09:45.603+0000] {logging_mixin.py:188} INFO - [2026-09-17T14:09:45.603+0000] {dag.py:3096} INFO - Sync 1 DAGs
[2026-09-17T14:09:45.616+0000] {logging_mixin.py:188} INFO - [2026-09-17T14:09:45.616+0000] {dag.py:3954} INFO - Setting next_dagrun for extraction_DAG to 2026-09-17 13:00:00+00:00, run_after=2026-09-17 14:00:00+00:00
[2026-09-17T14:09:45.625+0000] {processor.py:183} INFO - Processing /opt/airflow/dags/extraction_DAG.py took 0.430 seconds
[2026-09-17T14:10:15.737+0000] {processor.py:161} INFO - Started process (PID=6404) to work on /opt/airflow/dags/extraction_DAG.py
[2026-09-17T14:10:15.738+0000] {processor.py:830} INFO - Processing file /opt/airflow/dags/extraction_DAG.py for tasks to queue
[2026-09-17T14:10:15.739+0000] {logging_mixin.py:188} INFO - [2026-09-17T14:10:15.739+0000] {dagbag.py:545} INFO - Filling up the DagBag from /opt/airflow/dags/extraction_DAG.py
[2026-09-17T14:10:16.044+0000] {processor.py:840} INFO - DAG(s) 'extraction_DAG' retrieved from /opt/airflow/dags/extraction_DAG.py
[2026-09-17T14:10:16.055+0000] {logging_mixin.py:188} INFO - [2026-09-17T14:10:16.055+0000] {dag.py:3096} INFO - Sync 1 DAGs
[2026-09-17T14:10:16.068+0000] {logging_mixin.py:188} INFO - [2026-09-17T14:10:16.068+0000] {dag.py:3954} INFO - Setting next_dagrun for extraction_DAG to 2026-09-17 13:00:00+00:00, run_after=2026-09-17 14:00:00+00:00
[2026-09-17T14:10:16.078+0000] {processor.py:183} INFO - Processing /opt/airflow/dags/extraction_DAG.py took 0.351 seconds
[2026-09-17T14:10:46.233+0000] {processor.py:161} INFO - Started process (PID=6414) to work on /opt/airflow/dags/extraction_DAG.py
[2026-09-17T14:10:46.325+0000] {processor.py:830} INFO - Processing file /opt/airflow/dags/extraction_DAG.py for tasks to queue
[2026-09-17T14:10:46.327+0000] {logging_mixin.py:188} INFO - [2026-09-17T14:10:46.326+0000] {dagbag.py:545} INFO - Filling up the DagBag from /opt/airflow/dags/extraction_DAG.py
[2026-09-17T14:10:46.630+0000] {processor.py:840} INFO - DAG(s) 'extraction_DAG' retrieved from /opt/airflow/dags/extraction_DAG.py
[2026-09-17T14:10:46.641+0000] {logging_mixin.py:188} INFO - [2026-09-17T14:10:46.640+0000] {dag.py:3096} INFO - Sync 1 DAGs
[2026-09-17T14:10:46.655+0000] {logging_mixin.py:188} INFO - [2026-09-17T14:10:46.654+0000] {dag.py:3954} INFO - Setting next_dagrun for extraction_DAG to 2026-09-17 13:00:00+00:00, run_after=2026-09-17 14:00:00+00:00
[2026-09-17T14:10:46.664+0000] {processor.py:183} INFO - Processing /opt/airflow/dags/extraction_DAG.py took 0.440 seconds
[2026-09-17T14:11:16.818+0000] {processor.py:161} INFO - Started process (PID=6424) to work on /opt/airflow/dags/extraction_DAG.py
[2026-09-17T14:11:16.818+0000] {processor.py:830} INFO - Processing file /opt/airflow/dags/extraction_DAG.py for tasks to queue
[2026-09-17T14:11:16.819+0000] {logging_mixin.py:188} INFO - [2026-09-17T14:11:16.819+0000] {dagbag.py:545} INFO - Filling up the DagBag from /opt/airflow/dags/extraction_DAG.py
[2026-09-17T14:11:17.106+0000] {processor.py:840} INFO - DAG(s) 'extraction_DAG' retrieved from /opt/airflow/dags/extraction_DAG.py
[2026-09-17T14:11:17.117+0000] {logging_mixin.py:188} INFO - [2026-09-17T14:11:17.116+0000] {dag.py:3096} INFO - Sync 1 DAGs
[2026-09-17T14:11:17.128+0000] {logging_mixin.py:188} INFO - [2026-09-17T14:11:17.128+0000] {dag.py:3954} INFO - Setting next_dagrun for extraction_DAG to 2026-09-17 13:00:00+00:00, run_after=2026-09-17 14:00:00+00:00
[2026-09-17T14:11:17.138+0000] {processor.py:183} INFO - Processing /opt/airflow/dags/extraction_DAG.py took 0.329 seconds
[2026-09-17T14:11:47.292+0000] {processor.py:161} INFO - Started process (PID=6434) to work on /opt/airflow/dags/extraction_DAG.py
[2026-09-17T14:11:47.383+0000] {processor.py:830} INFO - Processing file /opt/airflow/dags/extraction_DAG.py for tasks to queue
[2026-09-17T14:11:47.384+0000] {logging_mixin.py:188} INFO - [2026-09-17T14:11:47.384+0000] {dagbag.py:545} INFO - Filling up the DagBag from /opt/airflow/dags/extraction_DAG.py
[2026-09-17T14:11:47.677+0000] {processor.py:840} INFO - DAG(s) 'extraction_DAG' retrieved from /opt/airflow/dags/extraction_DAG.py
[2026-09-17T14:11:47.688+0000] {logging_mixin.py:188} INFO - [2026-09-17T14:11:47.687+0000] {dag.py:3096} INFO - Sync 1 DAGs
[2026-09-17T14:11:47.700+0000] {logging_mixin.py:188} INFO - [2026-09-17T14:11:47.700+0000] {dag.py:3954} INFO - Setting next_dagrun for extraction_DAG to 2026-09-17 13:00:00+00:00, run_after=2026-09-17 14:00:00+00:00
[2026-09-17T14:11:47.708+0000] {processor.py:183} INFO - Processing /opt/airflow/dags/extraction_DAG.py took 0.425 seconds
[2026-09-17T14:12:17.881+0000] {processor.py:161} INFO - Started process (PID=6444) to work on /opt/airflow/dags/extraction_DAG.py
[2026-09-17T14:12:17.882+0000] {processor.py:830} INFO - Processing file /opt/airflow/dags/extraction_DAG.py for tasks to queue
[2026-09-17T14:12:17.884+0000] {logging_mixin.py:188} INFO - [2026-09-17T14:12:17.883+0000] {dagbag.py:545} INFO - Filling up the DagBag from /opt/airflow/dags/extraction_DAG.py
[2026-09-17T14:12:18.183+0000] {processor.py:840} INFO - DAG(s) 'extraction_DAG' retrieved from /opt/airflow/dags/extraction_DAG.py
[2026-09-17T14:12:18.194+0000] {logging_mixin.py:188} INFO - [2026-09-17T14:12:18.194+0000] {dag.py:3096} INFO - Sync 1 DAGs
[2026-09-17T14:12:18.207+0000] {logging_mixin.py:188} INFO - [2026-09-17T14:12:18.207+0000] {dag.py:3954} INFO - Setting next_dagrun for extraction_DAG to 2026-09-17 13:00:00+00:00, run_after=2026-09-17 14:00:00+00:00
[2026-09-17T14:12:18.216+0000] {processor.py:183} INFO - Processing /opt/airflow/dags/extraction_DAG.py took 0.340 seconds
[2026-09-17T14:12:48.369+0000] {processor.py:161} INFO - Started process (PID=6454) to work on /opt/airflow/dags/extraction_DAG.py
[2026-09-17T14:12:48.484+0000] {processor.py:830} INFO - Processing file /opt/airflow/dags/extraction_DAG.py for tasks to queue
[2026-09-17T14:12:48.485+0000] {logging_mixin.py:188} INFO - [2026-09-17T14:12:48.485+0000] {dagbag.py:545} INFO - Filling up the DagBag from /opt/airflow/dags/extraction_DAG.py
[2026-09-17T14:12:48.807+0000] {processor.py:840} INFO - DAG(s) 'extraction_DAG' retrieved from /opt/airflow/dags/extraction_DAG.py
[2026-09-17T14:12:48.818+0000] {logging_mixin.py:188} INFO - [2026-09-17T14:12:48.818+0000] {dag.py:3096} INFO - Sync 1 DAGs
[2026-09-17T14:12:48.832+0000] {logging_mixin.py:188} INFO - [2026-09-17T14:12:48.832+0000] {dag.py:3954} INFO - Setting next_dagrun for extraction_DAG to 2026-09-17 13:00:00+00:00, run_after=2026-09-17 14:00:00+00:00
[2026-09-17T14:12:48.840+0000] {processor.py:183} INFO - Processing /opt/airflow/dags/extraction_DAG.py took 0.480 seconds
[2026-09-17T14:13:18.894+0000] {processor.py:161} INFO - Started process (PID=6464) to work on /opt/airflow/dags/extraction_DAG.py
[2026-09-17T14:13:18.895+0000] {processor.py:830} INFO - Processing file /opt/airflow/dags/extraction_DAG.py for tasks to queue
[2026-09-17T14:13:18.895+0000] {logging_mixin.py:188} INFO - [2026-09-17T14:13:18.895+0000] {dagbag.py:545} INFO - Filling up the DagBag from /opt/airflow/dags/extraction_DAG.py
[2026-09-17T14:13:19.188+0000] {processor.py:840} INFO - DAG(s) 'extraction_DAG' retrieved from /opt/airflow/dags/extraction_DAG.py
[2026-09-17T14:13:19.199+0000] {logging_mixin.py:188} INFO - [2026-09-17T14:13:19.199+0000] {dag.py:3096} INFO - Sync 1 DAGs
[2026-09-17T14:13:19.211+0000] {logging_mixin.py:188} INFO - [2026-09-17T14:13:19.211+0000] {dag.py:3954} INFO - Setting next_dagrun for extraction_DAG to 2026-09-17 13:00:00+00:00, run_after=2026-09-17 14:00:00+00:00
[2026-09-17T14:13:19.219+0000] {processor.py:183} INFO - Processing /opt/airflow/dags/extraction_DAG.py took 0.335 seconds
[2026-09-17T14:13:49.372+0000] {processor.py:161} INFO - Started process (PID=6474) to work on /opt/airflow/dags/extraction_DAG.py
[2026-09-17T14:13:49.385+0000] {processor.py:830} INFO - Processing file /opt/airflow/dags/extraction_DAG.py for tasks to queue
[2026-09-17T14:13:49.386+0000] {logging_mixin.py:188} INFO - [2026-09-17T14:13:49.386+0000] {dagbag.py:545} INFO - Filling up the DagBag from /opt/airflow/dags/extraction_DAG.py
[2026-09-17T14:13:49.679+0000] {processor.py:840} INFO - DAG(s) 'extraction_DAG' retrieved from /opt/airflow/dags/extraction_DAG.py
[2026-09-17T14:13:49.690+0000] {logging_mixin.py:188} INFO - [2026-09-17T14:13:49.690+0000] {dag.py:3096} INFO - Sync 1 DAGs
[2026-09-17T14:13:49.702+0000] {logging_mixin.py:188} INFO - [2026-09-17T14:13:49.702+0000] {dag.py:3954} INFO - Setting next_dagrun for extraction_DAG to 2026-09-17 13:00:00+00:00, run_after=2026-09-17 14:00:00+00:00
[2026-09-17T14:13:49.712+0000] {processor.py:183} INFO - Processing /opt/airflow/dags/extraction_DAG.py took 0.349 seconds
[2026-09-17T14:14:19.841+0000] {processor.py:161} INFO - Started process (PID=6484) to work on /opt/airflow/dags/extraction_DAG.py
[2026-09-17T14:14:19.841+0000] {processor.py:830} INFO - Processing file /opt/airflow/dags/extraction_DAG.py for tasks to queue
[2026-09-17T14:14:19.842+0000] {logging_mixin.py:188} INFO - [2026-09-17T14:14:19.842+0000] {dagbag.py:545} INFO - Filling up the DagBag from /opt/airflow/dags/extraction_DAG.py
[2026-09-17T14:14:20.136+0000] {processor.py:840} INFO - DAG(s) 'extraction_DAG' retrieved from /opt/airflow/dags/extraction_DAG.py
[2026-09-17T14:14:20.147+0000] {logging_mixin.py:188} INFO - [2026-09-17T14:14:20.147+0000] {dag.py:3096} INFO - Sync 1 DAGs
[2026-09-17T14:14:20.159+0000] {logging_mixin.py:188} INFO - [2026-09-17T14:14:20.159+0000] {dag.py:3954} INFO - Setting next_dagrun for extraction_DAG to 2026-09-17 13:00:00+00:00, run_after=2026-09-17 14:00:00+00:00
[2026-09-17T14:14:20.169+0000] {processor.py:183} INFO - Processing /opt/airflow/dags/extraction_DAG.py took 0.336 seconds
[2026-09-17T14:14:50.317+0000] {processor.py:161} INFO - Started process (PID=6494) to work on /opt/airflow/dags/extraction_DAG.py
[2026-09-17T14:14:50.321+0000] {processor.py:830} INFO - Processing file /opt/airflow/dags/extraction_DAG.py for tasks to queue
[2026-09-17T14:14:50.321+0000] {logging_mixin.py:188} INFO - [2026-09-17T14:14:50.321+0000] {dagbag.py:545} INFO - Filling up the DagBag from /opt/airflow/dags/extraction_DAG.py
[2026-09-17T14:14:50.617+0000] {processor.py:840} INFO - DAG(s) 'extraction_DAG' retrieved from /opt/airflow/dags/extraction_DAG.py
[2026-09-17T14:14:50.628+0000] {logging_mixin.py:188} INFO - [2026-09-17T14:14:50.628+0000] {dag.py:3096} INFO - Sync 1 DAGs
[2026-09-17T14:14:50.640+0000] {logging_mixin.py:188} INFO - [2026-09-17T14:14:50.640+0000] {dag.py:3954} INFO - Setting next_dagrun for extraction_DAG to 2026-09-17 13:00:00+00:00, run_after=2026-09-17 14:00:00+00:00
[2026-09-17T14:14:50.649+0000] {processor.py:183} INFO - Processing /opt/airflow/dags/extraction_DAG.py took 0.340 seconds
[2026-09-17T14:15:20.802+0000] {processor.py:161} INFO - Started process (PID=6504) to work on /opt/airflow/dags/extraction_DAG.py
[2026-09-17T14:15:20.803+0000] {processor.py:830} INFO - Processing file /opt/airflow/dags/extraction_DAG.py for tasks to queue
[2026-09-17T14:15:20.804+0000] {logging_mixin.py:188} INFO - [2026-09-17T14:15:20.804+0000] {dagbag.py:545} INFO - Filling up the DagBag from /opt/airflow/dags/extraction_DAG.py
[2026-09-17T14:15:21.100+0000] {processor.py:840} INFO - DAG(s) 'extraction_DAG' retrieved from /opt/airflow/dags/extraction_DAG.py
[2026-09-17T14:15:21.111+0000] {logging_mixin.py:188} INFO - [2026-09-17T14:15:21.111+0000] {dag.py:3096} INFO - Sync 1 DAGs
[2026-09-17T14:15:21.126+0000] {logging_mixin.py:188} INFO - [2026-09-17T14:15:21.125+0000] {dag.py:3954} INFO - Setting next_dagrun for extraction_DAG to 2026-09-17 13:00:00+00:00, run_after=2026-09-17 14:00:00+00:00
[2026-09-17T14:15:21.136+0000] {processor.py:183} INFO - Processing /opt/airflow/dags/extraction_DAG.py took 0.342 seconds
[2026-09-17T14:15:51.294+0000] {processor.py:161} INFO - Started process (PID=6514) to work on /opt/airflow/dags/extraction_DAG.py
[2026-09-17T14:15:51.297+0000] {processor.py:830} INFO - Processing file /opt/airflow/dags/extraction_DAG.py for tasks to queue
[2026-09-17T14:15:51.298+0000] {logging_mixin.py:188} INFO - [2026-09-17T14:15:51.297+0000] {dagbag.py:545} INFO - Filling up the DagBag from /opt/airflow/dags/extraction_DAG.py
[2026-09-17T14:15:51.584+0000] {processor.py:840} INFO - DAG(s) 'extraction_DAG' retrieved from /opt/airflow/dags/extraction_DAG.py
[2026-09-17T14:15:51.596+0000] {logging_mixin.py:188} INFO - [2026-09-17T14:15:51.596+0000] {dag.py:3096} INFO - Sync 1 DAGs
[2026-09-17T14:15:51.608+0000] {logging_mixin.py:188} INFO - [2026-09-17T14:15:51.608+0000] {dag.py:3954} INFO - Setting next_dagrun for extraction_DAG to 2026-09-17 13:00:00+00:00, run_after=2026-09-17 14:00:00+00:00
[2026-09-17T14:15:51.617+0000] {processor.py:183} INFO - Processing /opt/airflow/dags/extraction_DAG.py took 0.333 seconds
[2026-09-17T14:16:21.759+0000] {processor.py:161} INFO - Started process (PID=6524) to work on /opt/airflow/dags/extraction_DAG.py
[2026-09-17T14:16:21.760+0000] {processor.py:830} INFO - Processing file /opt/airflow/dags/extraction_DAG.py for tasks to queue
[2026-09-17T14:16:21.761+0000] {logging_mixin.py:188} INFO - [2026-09-17T14:16:21.761+0000] {dagbag.py:545} INFO - Filling up the DagBag from /opt/airflow/dags/extraction_DAG.py
[2026-09-17T14:16:22.053+0000] {processor.py:840} INFO - DAG(s) 'extraction_DAG' retrieved from /opt/airflow/dags/extraction_DAG.py
[2026-09-17T14:16:22.065+0000] {logging_mixin.py:188} INFO - [2026-09-17T14:16:22.064+0000] {dag.py:3096} INFO - Sync 1 DAGs
[2026-09-17T14:16:22.076+0000] {logging_mixin.py:188} INFO - [2026-09-17T14:16:22.076+0000] {dag.py:3954} INFO - Setting next_dagrun for extraction_DAG to 2026-09-17 13:00:00+00:00, run_after=2026-09-17 14:00:00+00:00
[2026-09-17T14:16:22.085+0000] {processor.py:183} INFO - Processing /opt/airflow/dags/extraction_DAG.py took 0.333 seconds
[2026-09-17T14:16:52.232+0000] {processor.py:161} INFO - Started process (PID=6534) to work on /opt/airflow/dags/extraction_DAG.py
[2026-09-17T14:16:52.349+0000] {processor.py:830} INFO - Processing file /opt/airflow/dags/extraction_DAG.py for tasks to queue
[2026-09-17T14:16:52.350+0000] {logging_mixin.py:188} INFO - [2026-09-17T14:16:52.350+0000] {dagbag.py:545} INFO - Filling up the DagBag from /opt/airflow/dags/extraction_DAG.py
[2026-09-17T14:16:52.652+0000] {processor.py:840} INFO - DAG(s) 'extraction_DAG' retrieved from /opt/airflow/dags/extraction_DAG.py
[2026-09-17T14:16:52.664+0000] {logging_mixin.py:188} INFO - [2026-09-17T14:16:52.664+0000] {dag.py:3096} INFO - Sync 1 DAGs
[2026-09-17T14:16:52.677+0000] {logging_mixin.py:188} INFO - [2026-09-17T14:16:52.677+0000] {dag.py:3954} INFO - Setting next_dagrun for extraction_DAG to 2026-09-17 13:00:00+00:00, run_after=2026-09-17 14:00:00+00:00
[2026-09-17T14:16:52.688+0000] {processor.py:183} INFO - Processing /opt/airflow/dags/extraction_DAG.py took 0.460 seconds
[2026-09-17T14:17:22.854+0000] {processor.py:161} INFO - Started process (PID=6544) to work on /opt/airflow/dags/extraction_DAG.py
[2026-09-17T14:17:22.855+0000] {processor.py:830} INFO - Processing file /opt/airflow/dags/extraction_DAG.py for tasks to queue
[2026-09-17T14:17:22.855+0000] {logging_mixin.py:188} INFO - [2026-09-17T14:17:22.855+0000] {dagbag.py:545} INFO - Filling up the DagBag from /opt/airflow/dags/extraction_DAG.py
[2026-09-17T14:17:23.152+0000] {processor.py:840} INFO - DAG(s) 'extraction_DAG' retrieved from /opt/airflow/dags/extraction_DAG.py
[2026-09-17T14:17:23.163+0000] {logging_mixin.py:188} INFO - [2026-09-17T14:17:23.163+0000] {dag.py:3096} INFO - Sync 1 DAGs
[2026-09-17T14:17:23.175+0000] {logging_mixin.py:188} INFO - [2026-09-17T14:17:23.174+0000] {dag.py:3954} INFO - Setting next_dagrun for extraction_DAG to 2026-09-17 13:00:00+00:00, run_after=2026-09-17 14:00:00+00:00
[2026-09-17T14:17:23.183+0000] {processor.py:183} INFO - Processing /opt/airflow/dags/extraction_DAG.py took 0.339 seconds
[2026-09-17T14:17:53.341+0000] {processor.py:161} INFO - Started process (PID=6554) to work on /opt/airflow/dags/extraction_DAG.py
[2026-09-17T14:17:53.349+0000] {processor.py:830} INFO - Processing file /opt/airflow/dags/extraction_DAG.py for tasks to queue
[2026-09-17T14:17:53.350+0000] {logging_mixin.py:188} INFO - [2026-09-17T14:17:53.349+0000] {dagbag.py:545} INFO - Filling up the DagBag from /opt/airflow/dags/extraction_DAG.py
[2026-09-17T14:17:53.712+0000] {processor.py:840} INFO - DAG(s) 'extraction_DAG' retrieved from /opt/airflow/dags/extraction_DAG.py
[2026-09-17T14:17:53.724+0000] {logging_mixin.py:188} INFO - [2026-09-17T14:17:53.724+0000] {dag.py:3096} INFO - Sync 1 DAGs
[2026-09-17T14:17:53.739+0000] {logging_mixin.py:188} INFO - [2026-09-17T14:17:53.739+0000] {dag.py:3954} INFO - Setting next_dagrun for extraction_DAG to 2026-09-17 13:00:00+00:00, run_after=2026-09-17 14:00:00+00:00
[2026-09-17T14:17:53.751+0000] {processor.py:183} INFO - Processing /opt/airflow/dags/extraction_DAG.py took 0.419 seconds
[2026-09-17T14:18:23.873+0000] {processor.py:161} INFO - Started process (PID=6564) to work on /opt/airflow/dags/extraction_DAG.py
[2026-09-17T14:18:23.873+0000] {processor.py:830} INFO - Processing file /opt/airflow/dags/extraction_DAG.py for tasks to queue
[2026-09-17T14:18:23.874+0000] {logging_mixin.py:188} INFO - [2026-09-17T14:18:23.874+0000] {dagbag.py:545} INFO - Filling up the DagBag from /opt/airflow/dags/extraction_DAG.py
[2026-09-17T14:18:24.188+0000] {processor.py:840} INFO - DAG(s) 'extraction_DAG' retrieved from /opt/airflow/dags/extraction_DAG.py
[2026-09-17T14:18:24.199+0000] {logging_mixin.py:188} INFO - [2026-09-17T14:18:24.199+0000] {dag.py:3096} INFO - Sync 1 DAGs
[2026-09-17T14:18:24.213+0000] {logging_mixin.py:188} INFO - [2026-09-17T14:18:24.213+0000] {dag.py:3954} INFO - Setting next_dagrun for extraction_DAG to 2026-09-17 13:00:00+00:00, run_after=2026-09-17 14:00:00+00:00
[2026-09-17T14:18:24.223+0000] {processor.py:183} INFO - Processing /opt/airflow/dags/extraction_DAG.py took 0.354 seconds
[2026-09-17T14:18:54.324+0000] {processor.py:161} INFO - Started process (PID=6573) to work on /opt/airflow/dags/extraction_DAG.py
[2026-09-17T14:18:54.447+0000] {processor.py:830} INFO - Processing file /opt/airflow/dags/extraction_DAG.py for tasks to queue
[2026-09-17T14:18:54.449+0000] {logging_mixin.py:188} INFO - [2026-09-17T14:18:54.448+0000] {dagbag.py:545} INFO - Filling up the DagBag from /opt/airflow/dags/extraction_DAG.py
[2026-09-17T14:18:54.790+0000] {processor.py:840} INFO - DAG(s) 'extraction_DAG' retrieved from /opt/airflow/dags/extraction_DAG.py
[2026-09-17T14:18:54.803+0000] {logging_mixin.py:188} INFO - [2026-09-17T14:18:54.803+0000] {dag.py:3096} INFO - Sync 1 DAGs
[2026-09-17T14:18:54.815+0000] {logging_mixin.py:188} INFO - [2026-09-17T14:18:54.815+0000] {dag.py:3954} INFO - Setting next_dagrun for extraction_DAG to 2026-09-17 13:00:00+00:00, run_after=2026-09-17 14:00:00+00:00
[2026-09-17T14:18:54.825+0000] {processor.py:183} INFO - Processing /opt/airflow/dags/extraction_DAG.py took 0.505 seconds
[2026-09-17T14:19:25.458+0000] {processor.py:161} INFO - Started process (PID=6583) to work on /opt/airflow/dags/extraction_DAG.py
[2026-09-17T14:19:25.458+0000] {processor.py:830} INFO - Processing file /opt/airflow/dags/extraction_DAG.py for tasks to queue
[2026-09-17T14:19:25.459+0000] {logging_mixin.py:188} INFO - [2026-09-17T14:19:25.459+0000] {dagbag.py:545} INFO - Filling up the DagBag from /opt/airflow/dags/extraction_DAG.py
[2026-09-17T14:19:25.806+0000] {processor.py:840} INFO - DAG(s) 'extraction_DAG' retrieved from /opt/airflow/dags/extraction_DAG.py
[2026-09-17T14:19:25.819+0000] {logging_mixin.py:188} INFO - [2026-09-17T14:19:25.819+0000] {dag.py:3096} INFO - Sync 1 DAGs
[2026-09-17T14:19:25.834+0000] {logging_mixin.py:188} INFO - [2026-09-17T14:19:25.834+0000] {dag.py:3954} INFO - Setting next_dagrun for extraction_DAG to 2026-09-17 13:00:00+00:00, run_after=2026-09-17 14:00:00+00:00
[2026-09-17T14:19:25.844+0000] {processor.py:183} INFO - Processing /opt/airflow/dags/extraction_DAG.py took 0.390 seconds
[2026-09-17T14:19:55.990+0000] {processor.py:161} INFO - Started process (PID=6593) to work on /opt/airflow/dags/extraction_DAG.py
[2026-09-17T14:19:56.001+0000] {processor.py:830} INFO - Processing file /opt/airflow/dags/extraction_DAG.py for tasks to queue
[2026-09-17T14:19:56.003+0000] {logging_mixin.py:188} INFO - [2026-09-17T14:19:56.002+0000] {dagbag.py:545} INFO - Filling up the DagBag from /opt/airflow/dags/extraction_DAG.py
[2026-09-17T14:19:56.306+0000] {processor.py:840} INFO - DAG(s) 'extraction_DAG' retrieved from /opt/airflow/dags/extraction_DAG.py
[2026-09-17T14:19:56.317+0000] {logging_mixin.py:188} INFO - [2026-09-17T14:19:56.317+0000] {dag.py:3096} INFO - Sync 1 DAGs
[2026-09-17T14:19:56.329+0000] {logging_mixin.py:188} INFO - [2026-09-17T14:19:56.329+0000] {dag.py:3954} INFO - Setting next_dagrun for extraction_DAG to 2026-09-17 13:00:00+00:00, run_after=2026-09-17 14:00:00+00:00
[2026-09-17T14:19:56.339+0000] {processor.py:183} INFO - Processing /opt/airflow/dags/extraction_DAG.py took 0.358 seconds
[2026-09-17T14:20:26.469+0000] {processor.py:161} INFO - Started process (PID=6603) to work on /opt/airflow/dags/extraction_DAG.py
[2026-09-17T14:20:26.470+0000] {processor.py:830} INFO - Processing file /opt/airflow/dags/extraction_DAG.py for tasks to queue
[2026-09-17T14:20:26.471+0000] {logging_mixin.py:188} INFO - [2026-09-17T14:20:26.470+0000] {dagbag.py:545} INFO - Filling up the DagBag from /opt/airflow/dags/extraction_DAG.py
[2026-09-17T14:20:26.778+0000] {processor.py:840} INFO - DAG(s) 'extraction_DAG' retrieved from /opt/airflow/dags/extraction_DAG.py
[2026-09-17T14:20:26.791+0000] {logging_mixin.py:188} INFO - [2026-09-17T14:20:26.790+0000] {dag.py:3096} INFO - Sync 1 DAGs
[2026-09-17T14:20:26.805+0000] {logging_mixin.py:188} INFO - [2026-09-17T14:20:26.804+0000] {dag.py:3954} INFO - Setting next_dagrun for extraction_DAG to 2026-09-17 13:00:00+00:00, run_after=2026-09-17 14:00:00+00:00
[2026-09-17T14:20:26.815+0000] {processor.py:183} INFO - Processing /opt/airflow/dags/extraction_DAG.py took 0.350 seconds
[2026-09-17T14:20:56.958+0000] {processor.py:161} INFO - Started process (PID=6613) to work on /opt/airflow/dags/extraction_DAG.py
[2026-09-17T14:20:56.968+0000] {processor.py:830} INFO - Processing file /opt/airflow/dags/extraction_DAG.py for tasks to queue
[2026-09-17T14:20:56.970+0000] {logging_mixin.py:188} INFO - [2026-09-17T14:20:56.969+0000] {dagbag.py:545} INFO - Filling up the DagBag from /opt/airflow/dags/extraction_DAG.py
[2026-09-17T14:20:57.288+0000] {processor.py:840} INFO - DAG(s) 'extraction_DAG' retrieved from /opt/airflow/dags/extraction_DAG.py
[2026-09-17T14:20:57.299+0000] {logging_mixin.py:188} INFO - [2026-09-17T14:20:57.299+0000] {dag.py:3096} INFO - Sync 1 DAGs
[2026-09-17T14:20:57.312+0000] {logging_mixin.py:188} INFO - [2026-09-17T14:20:57.311+0000] {dag.py:3954} INFO - Setting next_dagrun for extraction_DAG to 2026-09-17 13:00:00+00:00, run_after=2026-09-17 14:00:00+00:00
[2026-09-17T14:20:57.321+0000] {processor.py:183} INFO - Processing /opt/airflow/dags/extraction_DAG.py took 0.373 seconds
[2026-09-17T14:21:27.460+0000] {processor.py:161} INFO - Started process (PID=6623) to work on /opt/airflow/dags/extraction_DAG.py
[2026-09-17T14:21:27.460+0000] {processor.py:830} INFO - Processing file /opt/airflow/dags/extraction_DAG.py for tasks to queue
[2026-09-17T14:21:27.461+0000] {logging_mixin.py:188} INFO - [2026-09-17T14:21:27.461+0000] {dagbag.py:545} INFO - Filling up the DagBag from /opt/airflow/dags/extraction_DAG.py
[2026-09-17T14:21:27.803+0000] {processor.py:840} INFO - DAG(s) 'extraction_DAG' retrieved from /opt/airflow/dags/extraction_DAG.py
[2026-09-17T14:21:27.816+0000] {logging_mixin.py:188} INFO - [2026-09-17T14:21:27.816+0000] {dag.py:3096} INFO - Sync 1 DAGs
[2026-09-17T14:21:27.833+0000] {logging_mixin.py:188} INFO - [2026-09-17T14:21:27.833+0000] {dag.py:3954} INFO - Setting next_dagrun for extraction_DAG to 2026-09-17 13:00:00+00:00, run_after=2026-09-17 14:00:00+00:00
[2026-09-17T14:21:27.844+0000] {processor.py:183} INFO - Processing /opt/airflow/dags/extraction_DAG.py took 0.388 seconds
[2026-09-17T14:21:57.967+0000] {processor.py:161} INFO - Started process (PID=6633) to work on /opt/airflow/dags/extraction_DAG.py
[2026-09-17T14:21:58.053+0000] {processor.py:830} INFO - Processing file /opt/airflow/dags/extraction_DAG.py for tasks to queue
[2026-09-17T14:21:58.054+0000] {logging_mixin.py:188} INFO - [2026-09-17T14:21:58.054+0000] {dagbag.py:545} INFO - Filling up the DagBag from /opt/airflow/dags/extraction_DAG.py
[2026-09-17T14:21:58.368+0000] {processor.py:840} INFO - DAG(s) 'extraction_DAG' retrieved from /opt/airflow/dags/extraction_DAG.py
[2026-09-17T14:21:58.380+0000] {logging_mixin.py:188} INFO - [2026-09-17T14:21:58.379+0000] {dag.py:3096} INFO - Sync 1 DAGs
[2026-09-17T14:21:58.392+0000] {logging_mixin.py:188} INFO - [2026-09-17T14:21:58.392+0000] {dag.py:3954} INFO - Setting next_dagrun for extraction_DAG to 2026-09-17 13:00:00+00:00, run_after=2026-09-17 14:00:00+00:00
[2026-09-17T14:21:58.402+0000] {processor.py:183} INFO - Processing /opt/airflow/dags/extraction_DAG.py took 0.444 seconds
[2026-09-17T14:22:28.563+0000] {processor.py:161} INFO - Started process (PID=6643) to work on /opt/airflow/dags/extraction_DAG.py
[2026-09-17T14:22:28.564+0000] {processor.py:830} INFO - Processing file /opt/airflow/dags/extraction_DAG.py for tasks to queue
[2026-09-17T14:22:28.564+0000] {logging_mixin.py:188} INFO - [2026-09-17T14:22:28.564+0000] {dagbag.py:545} INFO - Filling up the DagBag from /opt/airflow/dags/extraction_DAG.py
[2026-09-17T14:22:28.915+0000] {processor.py:840} INFO - DAG(s) 'extraction_DAG' retrieved from /opt/airflow/dags/extraction_DAG.py
[2026-09-17T14:22:28.930+0000] {logging_mixin.py:188} INFO - [2026-09-17T14:22:28.929+0000] {dag.py:3096} INFO - Sync 1 DAGs
[2026-09-17T14:22:28.944+0000] {logging_mixin.py:188} INFO - [2026-09-17T14:22:28.944+0000] {dag.py:3954} INFO - Setting next_dagrun for extraction_DAG to 2026-09-17 13:00:00+00:00, run_after=2026-09-17 14:00:00+00:00
[2026-09-17T14:22:28.955+0000] {processor.py:183} INFO - Processing /opt/airflow/dags/extraction_DAG.py took 0.399 seconds
[2026-09-17T14:22:59.088+0000] {processor.py:161} INFO - Started process (PID=6653) to work on /opt/airflow/dags/extraction_DAG.py
[2026-09-17T14:22:59.097+0000] {processor.py:830} INFO - Processing file /opt/airflow/dags/extraction_DAG.py for tasks to queue
[2026-09-17T14:22:59.098+0000] {logging_mixin.py:188} INFO - [2026-09-17T14:22:59.098+0000] {dagbag.py:545} INFO - Filling up the DagBag from /opt/airflow/dags/extraction_DAG.py
[2026-09-17T14:22:59.446+0000] {processor.py:840} INFO - DAG(s) 'extraction_DAG' retrieved from /opt/airflow/dags/extraction_DAG.py
[2026-09-17T14:22:59.460+0000] {logging_mixin.py:188} INFO - [2026-09-17T14:22:59.460+0000] {dag.py:3096} INFO - Sync 1 DAGs
[2026-09-17T14:22:59.477+0000] {logging_mixin.py:188} INFO - [2026-09-17T14:22:59.477+0000] {dag.py:3954} INFO - Setting next_dagrun for extraction_DAG to 2026-09-17 13:00:00+00:00, run_after=2026-09-17 14:00:00+00:00
[2026-09-17T14:22:59.488+0000] {processor.py:183} INFO - Processing /opt/airflow/dags/extraction_DAG.py took 0.409 seconds
[2026-09-17T14:23:29.527+0000] {processor.py:161} INFO - Started process (PID=6662) to work on /opt/airflow/dags/extraction_DAG.py
[2026-09-17T14:23:29.528+0000] {processor.py:830} INFO - Processing file /opt/airflow/dags/extraction_DAG.py for tasks to queue
[2026-09-17T14:23:29.529+0000] {logging_mixin.py:188} INFO - [2026-09-17T14:23:29.529+0000] {dagbag.py:545} INFO - Filling up the DagBag from /opt/airflow/dags/extraction_DAG.py
[2026-09-17T14:23:29.820+0000] {processor.py:840} INFO - DAG(s) 'extraction_DAG' retrieved from /opt/airflow/dags/extraction_DAG.py
[2026-09-17T14:23:29.832+0000] {logging_mixin.py:188} INFO - [2026-09-17T14:23:29.832+0000] {dag.py:3096} INFO - Sync 1 DAGs
[2026-09-17T14:23:29.846+0000] {logging_mixin.py:188} INFO - [2026-09-17T14:23:29.846+0000] {dag.py:3954} INFO - Setting next_dagrun for extraction_DAG to 2026-09-17 13:00:00+00:00, run_after=2026-09-17 14:00:00+00:00
[2026-09-17T14:23:29.857+0000] {processor.py:183} INFO - Processing /opt/airflow/dags/extraction_DAG.py took 0.339 seconds
[2026-09-17T14:24:00.688+0000] {processor.py:161} INFO - Started process (PID=6671) to work on /opt/airflow/dags/extraction_DAG.py
[2026-09-17T14:24:00.773+0000] {processor.py:830} INFO - Processing file /opt/airflow/dags/extraction_DAG.py for tasks to queue
[2026-09-17T14:24:00.774+0000] {logging_mixin.py:188} INFO - [2026-09-17T14:24:00.774+0000] {dagbag.py:545} INFO - Filling up the DagBag from /opt/airflow/dags/extraction_DAG.py
[2026-09-17T14:24:01.072+0000] {processor.py:840} INFO - DAG(s) 'extraction_DAG' retrieved from /opt/airflow/dags/extraction_DAG.py
[2026-09-17T14:24:01.082+0000] {logging_mixin.py:188} INFO - [2026-09-17T14:24:01.082+0000] {dag.py:3096} INFO - Sync 1 DAGs
[2026-09-17T14:24:01.095+0000] {logging_mixin.py:188} INFO - [2026-09-17T14:24:01.095+0000] {dag.py:3954} INFO - Setting next_dagrun for extraction_DAG to 2026-09-17 13:00:00+00:00, run_after=2026-09-17 14:00:00+00:00
[2026-09-17T14:24:01.105+0000] {processor.py:183} INFO - Processing /opt/airflow/dags/extraction_DAG.py took 0.426 seconds
[2026-09-17T14:24:31.951+0000] {processor.py:161} INFO - Started process (PID=6680) to work on /opt/airflow/dags/extraction_DAG.py
[2026-09-17T14:24:31.951+0000] {processor.py:830} INFO - Processing file /opt/airflow/dags/extraction_DAG.py for tasks to queue
[2026-09-17T14:24:31.952+0000] {logging_mixin.py:188} INFO - [2026-09-17T14:24:31.951+0000] {dagbag.py:545} INFO - Filling up the DagBag from /opt/airflow/dags/extraction_DAG.py
[2026-09-17T14:24:32.271+0000] {processor.py:840} INFO - DAG(s) 'extraction_DAG' retrieved from /opt/airflow/dags/extraction_DAG.py
[2026-09-17T14:24:32.284+0000] {logging_mixin.py:188} INFO - [2026-09-17T14:24:32.283+0000] {dag.py:3096} INFO - Sync 1 DAGs
[2026-09-17T14:24:32.297+0000] {logging_mixin.py:188} INFO - [2026-09-17T14:24:32.297+0000] {dag.py:3954} INFO - Setting next_dagrun for extraction_DAG to 2026-09-17 13:00:00+00:00, run_after=2026-09-17 14:00:00+00:00
[2026-09-17T14:24:32.308+0000] {processor.py:183} INFO - Processing /opt/airflow/dags/extraction_DAG.py took 0.362 seconds
[2026-09-17T14:25:03.095+0000] {processor.py:161} INFO - Started process (PID=6689) to work on /opt/airflow/dags/extraction_DAG.py
[2026-09-17T14:25:03.102+0000] {processor.py:830} INFO - Processing file /opt/airflow/dags/extraction_DAG.py for tasks to queue
[2026-09-17T14:25:03.102+0000] {logging_mixin.py:188} INFO - [2026-09-17T14:25:03.102+0000] {dagbag.py:545} INFO - Filling up the DagBag from /opt/airflow/dags/extraction_DAG.py
[2026-09-17T14:25:03.431+0000] {processor.py:840} INFO - DAG(s) 'extraction_DAG' retrieved from /opt/airflow/dags/extraction_DAG.py
[2026-09-17T14:25:03.442+0000] {logging_mixin.py:188} INFO - [2026-09-17T14:25:03.441+0000] {dag.py:3096} INFO - Sync 1 DAGs
[2026-09-17T14:25:03.453+0000] {logging_mixin.py:188} INFO - [2026-09-17T14:25:03.453+0000] {dag.py:3954} INFO - Setting next_dagrun for extraction_DAG to 2026-09-17 13:00:00+00:00, run_after=2026-09-17 14:00:00+00:00
[2026-09-17T14:25:03.461+0000] {processor.py:183} INFO - Processing /opt/airflow/dags/extraction_DAG.py took 0.370 seconds
[2026-09-17T14:25:33.605+0000] {processor.py:161} INFO - Started process (PID=6699) to work on /opt/airflow/dags/extraction_DAG.py
[2026-09-17T14:25:33.605+0000] {processor.py:830} INFO - Processing file /opt/airflow/dags/extraction_DAG.py for tasks to queue
[2026-09-17T14:25:33.606+0000] {logging_mixin.py:188} INFO - [2026-09-17T14:25:33.605+0000] {dagbag.py:545} INFO - Filling up the DagBag from /opt/airflow/dags/extraction_DAG.py
[2026-09-17T14:25:33.914+0000] {processor.py:840} INFO - DAG(s) 'extraction_DAG' retrieved from /opt/airflow/dags/extraction_DAG.py
[2026-09-17T14:25:33.925+0000] {logging_mixin.py:188} INFO - [2026-09-17T14:25:33.925+0000] {dag.py:3096} INFO - Sync 1 DAGs
[2026-09-17T14:25:33.937+0000] {logging_mixin.py:188} INFO - [2026-09-17T14:25:33.937+0000] {dag.py:3954} INFO - Setting next_dagrun for extraction_DAG to 2026-09-17 13:00:00+00:00, run_after=2026-09-17 14:00:00+00:00
[2026-09-17T14:25:33.946+0000] {processor.py:183} INFO - Processing /opt/airflow/dags/extraction_DAG.py took 0.347 seconds
[2026-09-17T14:26:04.075+0000] {processor.py:161} INFO - Started process (PID=6709) to work on /opt/airflow/dags/extraction_DAG.py
[2026-09-17T14:26:04.245+0000] {processor.py:830} INFO - Processing file /opt/airflow/dags/extraction_DAG.py for tasks to queue
[2026-09-17T14:26:04.246+0000] {logging_mixin.py:188} INFO - [2026-09-17T14:26:04.246+0000] {dagbag.py:545} INFO - Filling up the DagBag from /opt/airflow/dags/extraction_DAG.py
[2026-09-17T14:26:04.564+0000] {processor.py:840} INFO - DAG(s) 'extraction_DAG' retrieved from /opt/airflow/dags/extraction_DAG.py
[2026-09-17T14:26:04.576+0000] {logging_mixin.py:188} INFO - [2026-09-17T14:26:04.575+0000] {dag.py:3096} INFO - Sync 1 DAGs
[2026-09-17T14:26:04.588+0000] {logging_mixin.py:188} INFO - [2026-09-17T14:26:04.588+0000] {dag.py:3954} INFO - Setting next_dagrun for extraction_DAG to 2026-09-17 13:00:00+00:00, run_after=2026-09-17 14:00:00+00:00
[2026-09-17T14:26:04.598+0000] {processor.py:183} INFO - Processing /opt/airflow/dags/extraction_DAG.py took 0.527 seconds
[2026-09-17T14:26:34.683+0000] {processor.py:161} INFO - Started process (PID=6719) to work on /opt/airflow/dags/extraction_DAG.py
[2026-09-17T14:26:34.683+0000] {processor.py:830} INFO - Processing file /opt/airflow/dags/extraction_DAG.py for tasks to queue
[2026-09-17T14:26:34.684+0000] {logging_mixin.py:188} INFO - [2026-09-17T14:26:34.684+0000] {dagbag.py:545} INFO - Filling up the DagBag from /opt/airflow/dags/extraction_DAG.py
[2026-09-17T14:26:34.991+0000] {processor.py:840} INFO - DAG(s) 'extraction_DAG' retrieved from /opt/airflow/dags/extraction_DAG.py
[2026-09-17T14:26:35.004+0000] {logging_mixin.py:188} INFO - [2026-09-17T14:26:35.004+0000] {dag.py:3096} INFO - Sync 1 DAGs
[2026-09-17T14:26:35.017+0000] {logging_mixin.py:188} INFO - [2026-09-17T14:26:35.017+0000] {dag.py:3954} INFO - Setting next_dagrun for extraction_DAG to 2026-09-17 13:00:00+00:00, run_after=2026-09-17 14:00:00+00:00
[2026-09-17T14:26:35.026+0000] {processor.py:183} INFO - Processing /opt/airflow/dags/extraction_DAG.py took 0.349 seconds
[2026-09-17T14:27:05.178+0000] {processor.py:161} INFO - Started process (PID=6729) to work on /opt/airflow/dags/extraction_DAG.py
[2026-09-17T14:27:05.265+0000] {processor.py:830} INFO - Processing file /opt/airflow/dags/extraction_DAG.py for tasks to queue
[2026-09-17T14:27:05.267+0000] {logging_mixin.py:188} INFO - [2026-09-17T14:27:05.266+0000] {dagbag.py:545} INFO - Filling up the DagBag from /opt/airflow/dags/extraction_DAG.py
[2026-09-17T14:27:05.580+0000] {processor.py:840} INFO - DAG(s) 'extraction_DAG' retrieved from /opt/airflow/dags/extraction_DAG.py
[2026-09-17T14:27:05.593+0000] {logging_mixin.py:188} INFO - [2026-09-17T14:27:05.593+0000] {dag.py:3096} INFO - Sync 1 DAGs
[2026-09-17T14:27:05.608+0000] {logging_mixin.py:188} INFO - [2026-09-17T14:27:05.607+0000] {dag.py:3954} INFO - Setting next_dagrun for extraction_DAG to 2026-09-17 13:00:00+00:00, run_after=2026-09-17 14:00:00+00:00
[2026-09-17T14:27:05.617+0000] {processor.py:183} INFO - Processing /opt/airflow/dags/extraction_DAG.py took 0.447 seconds
[2026-09-17T14:27:35.727+0000] {processor.py:161} INFO - Started process (PID=6739) to work on /opt/airflow/dags/extraction_DAG.py
[2026-09-17T14:27:35.728+0000] {processor.py:830} INFO - Processing file /opt/airflow/dags/extraction_DAG.py for tasks to queue
[2026-09-17T14:27:35.728+0000] {logging_mixin.py:188} INFO - [2026-09-17T14:27:35.728+0000] {dagbag.py:545} INFO - Filling up the DagBag from /opt/airflow/dags/extraction_DAG.py
[2026-09-17T14:27:36.032+0000] {processor.py:840} INFO - DAG(s) 'extraction_DAG' retrieved from /opt/airflow/dags/extraction_DAG.py
[2026-09-17T14:27:36.045+0000] {logging_mixin.py:188} INFO - [2026-09-17T14:27:36.045+0000] {dag.py:3096} INFO - Sync 1 DAGs
[2026-09-17T14:27:36.058+0000] {logging_mixin.py:188} INFO - [2026-09-17T14:27:36.058+0000] {dag.py:3954} INFO - Setting next_dagrun for extraction_DAG to 2026-09-17 13:00:00+00:00, run_after=2026-09-17 14:00:00+00:00
[2026-09-17T14:27:36.068+0000] {processor.py:183} INFO - Processing /opt/airflow/dags/extraction_DAG.py took 0.350 seconds
[2026-09-17T14:28:06.211+0000] {processor.py:161} INFO - Started process (PID=6749) to work on /opt/airflow/dags/extraction_DAG.py
[2026-09-17T14:28:06.217+0000] {processor.py:830} INFO - Processing file /opt/airflow/dags/extraction_DAG.py for tasks to queue
[2026-09-17T14:28:06.218+0000] {logging_mixin.py:188} INFO - [2026-09-17T14:28:06.218+0000] {dagbag.py:545} INFO - Filling up the DagBag from /opt/airflow/dags/extraction_DAG.py
[2026-09-17T14:28:06.516+0000] {processor.py:840} INFO - DAG(s) 'extraction_DAG' retrieved from /opt/airflow/dags/extraction_DAG.py
[2026-09-17T14:28:06.527+0000] {logging_mixin.py:188} INFO - [2026-09-17T14:28:06.527+0000] {dag.py:3096} INFO - Sync 1 DAGs
[2026-09-17T14:28:06.539+0000] {logging_mixin.py:188} INFO - [2026-09-17T14:28:06.539+0000] {dag.py:3954} INFO - Setting next_dagrun for extraction_DAG to 2026-09-17 13:00:00+00:00, run_after=2026-09-17 14:00:00+00:00
[2026-09-17T14:28:06.548+0000] {processor.py:183} INFO - Processing /opt/airflow/dags/extraction_DAG.py took 0.341 seconds
[2026-09-17T14:28:36.695+0000] {processor.py:161} INFO - Started process (PID=6759) to work on /opt/airflow/dags/extraction_DAG.py
[2026-09-17T14:28:36.695+0000] {processor.py:830} INFO - Processing file /opt/airflow/dags/extraction_DAG.py for tasks to queue
[2026-09-17T14:28:36.696+0000] {logging_mixin.py:188} INFO - [2026-09-17T14:28:36.696+0000] {dagbag.py:545} INFO - Filling up the DagBag from /opt/airflow/dags/extraction_DAG.py
[2026-09-17T14:28:37.010+0000] {processor.py:840} INFO - DAG(s) 'extraction_DAG' retrieved from /opt/airflow/dags/extraction_DAG.py
[2026-09-17T14:28:37.022+0000] {logging_mixin.py:188} INFO - [2026-09-17T14:28:37.022+0000] {dag.py:3096} INFO - Sync 1 DAGs
[2026-09-17T14:28:37.034+0000] {logging_mixin.py:188} INFO - [2026-09-17T14:28:37.034+0000] {dag.py:3954} INFO - Setting next_dagrun for extraction_DAG to 2026-09-17 13:00:00+00:00, run_after=2026-09-17 14:00:00+00:00
[2026-09-17T14:28:37.044+0000] {processor.py:183} INFO - Processing /opt/airflow/dags/extraction_DAG.py took 0.359 seconds
[2026-09-17T14:29:07.199+0000] {processor.py:161} INFO - Started process (PID=6769) to work on /opt/airflow/dags/extraction_DAG.py
[2026-09-17T14:29:07.208+0000] {processor.py:830} INFO - Processing file /opt/airflow/dags/extraction_DAG.py for tasks to queue
[2026-09-17T14:29:07.210+0000] {logging_mixin.py:188} INFO - [2026-09-17T14:29:07.209+0000] {dagbag.py:545} INFO - Filling up the DagBag from /opt/airflow/dags/extraction_DAG.py
[2026-09-17T14:29:07.505+0000] {processor.py:840} INFO - DAG(s) 'extraction_DAG' retrieved from /opt/airflow/dags/extraction_DAG.py
[2026-09-17T14:29:07.516+0000] {logging_mixin.py:188} INFO - [2026-09-17T14:29:07.516+0000] {dag.py:3096} INFO - Sync 1 DAGs
[2026-09-17T14:29:07.528+0000] {logging_mixin.py:188} INFO - [2026-09-17T14:29:07.527+0000] {dag.py:3954} INFO - Setting next_dagrun for extraction_DAG to 2026-09-17 13:00:00+00:00, run_after=2026-09-17 14:00:00+00:00
[2026-09-17T14:29:07.537+0000] {processor.py:183} INFO - Processing /opt/airflow/dags/extraction_DAG.py took 0.347 seconds
[2026-09-17T14:29:37.672+0000] {processor.py:161} INFO - Started process (PID=6779) to work on /opt/airflow/dags/extraction_DAG.py
[2026-09-17T14:29:37.673+0000] {processor.py:830} INFO - Processing file /opt/airflow/dags/extraction_DAG.py for tasks to queue
[2026-09-17T14:29:37.673+0000] {logging_mixin.py:188} INFO - [2026-09-17T14:29:37.673+0000] {dagbag.py:545} INFO - Filling up the DagBag from /opt/airflow/dags/extraction_DAG.py
[2026-09-17T14:29:37.976+0000] {processor.py:840} INFO - DAG(s) 'extraction_DAG' retrieved from /opt/airflow/dags/extraction_DAG.py
[2026-09-17T14:29:37.988+0000] {logging_mixin.py:188} INFO - [2026-09-17T14:29:37.988+0000] {dag.py:3096} INFO - Sync 1 DAGs
[2026-09-17T14:29:38.002+0000] {logging_mixin.py:188} INFO - [2026-09-17T14:29:38.002+0000] {dag.py:3954} INFO - Setting next_dagrun for extraction_DAG to 2026-09-17 13:00:00+00:00, run_after=2026-09-17 14:00:00+00:00
[2026-09-17T14:29:38.012+0000] {processor.py:183} INFO - Processing /opt/airflow/dags/extraction_DAG.py took 0.344 seconds
[2026-09-17T14:30:08.180+0000] {processor.py:161} INFO - Started process (PID=6789) to work on /opt/airflow/dags/extraction_DAG.py
[2026-09-17T14:30:08.278+0000] {processor.py:830} INFO - Processing file /opt/airflow/dags/extraction_DAG.py for tasks to queue
[2026-09-17T14:30:08.279+0000] {logging_mixin.py:188} INFO - [2026-09-17T14:30:08.278+0000] {dagbag.py:545} INFO - Filling up the DagBag from /opt/airflow/dags/extraction_DAG.py
[2026-09-17T14:30:08.574+0000] {processor.py:840} INFO - DAG(s) 'extraction_DAG' retrieved from /opt/airflow/dags/extraction_DAG.py
[2026-09-17T14:30:08.587+0000] {logging_mixin.py:188} INFO - [2026-09-17T14:30:08.586+0000] {dag.py:3096} INFO - Sync 1 DAGs
[2026-09-17T14:30:08.601+0000] {logging_mixin.py:188} INFO - [2026-09-17T14:30:08.601+0000] {dag.py:3954} INFO - Setting next_dagrun for extraction_DAG to 2026-09-17 13:00:00+00:00, run_after=2026-09-17 14:00:00+00:00
[2026-09-17T14:30:08.612+0000] {processor.py:183} INFO - Processing /opt/airflow/dags/extraction_DAG.py took 0.442 seconds
[2026-09-17T14:30:38.759+0000] {processor.py:161} INFO - Started process (PID=6799) to work on /opt/airflow/dags/extraction_DAG.py
[2026-09-17T14:30:38.760+0000] {processor.py:830} INFO - Processing file /opt/airflow/dags/extraction_DAG.py for tasks to queue
[2026-09-17T14:30:38.761+0000] {logging_mixin.py:188} INFO - [2026-09-17T14:30:38.760+0000] {dagbag.py:545} INFO - Filling up the DagBag from /opt/airflow/dags/extraction_DAG.py
[2026-09-17T14:30:39.059+0000] {processor.py:840} INFO - DAG(s) 'extraction_DAG' retrieved from /opt/airflow/dags/extraction_DAG.py
[2026-09-17T14:30:39.071+0000] {logging_mixin.py:188} INFO - [2026-09-17T14:30:39.070+0000] {dag.py:3096} INFO - Sync 1 DAGs
[2026-09-17T14:30:39.083+0000] {logging_mixin.py:188} INFO - [2026-09-17T14:30:39.082+0000] {dag.py:3954} INFO - Setting next_dagrun for extraction_DAG to 2026-09-17 13:00:00+00:00, run_after=2026-09-17 14:00:00+00:00
[2026-09-17T14:30:39.091+0000] {processor.py:183} INFO - Processing /opt/airflow/dags/extraction_DAG.py took 0.336 seconds
[2026-09-17T14:31:09.259+0000] {processor.py:161} INFO - Started process (PID=6809) to work on /opt/airflow/dags/extraction_DAG.py
[2026-09-17T14:31:09.424+0000] {processor.py:830} INFO - Processing file /opt/airflow/dags/extraction_DAG.py for tasks to queue
[2026-09-17T14:31:09.425+0000] {logging_mixin.py:188} INFO - [2026-09-17T14:31:09.425+0000] {dagbag.py:545} INFO - Filling up the DagBag from /opt/airflow/dags/extraction_DAG.py
[2026-09-17T14:31:09.733+0000] {processor.py:840} INFO - DAG(s) 'extraction_DAG' retrieved from /opt/airflow/dags/extraction_DAG.py
[2026-09-17T14:31:09.743+0000] {logging_mixin.py:188} INFO - [2026-09-17T14:31:09.743+0000] {dag.py:3096} INFO - Sync 1 DAGs
[2026-09-17T14:31:09.754+0000] {logging_mixin.py:188} INFO - [2026-09-17T14:31:09.754+0000] {dag.py:3954} INFO - Setting next_dagrun for extraction_DAG to 2026-09-17 13:00:00+00:00, run_after=2026-09-17 14:00:00+00:00
[2026-09-17T14:31:09.763+0000] {processor.py:183} INFO - Processing /opt/airflow/dags/extraction_DAG.py took 0.514 seconds
[2026-09-17T14:31:39.938+0000] {processor.py:161} INFO - Started process (PID=6819) to work on /opt/airflow/dags/extraction_DAG.py
[2026-09-17T14:31:39.939+0000] {processor.py:830} INFO - Processing file /opt/airflow/dags/extraction_DAG.py for tasks to queue
[2026-09-17T14:31:39.940+0000] {logging_mixin.py:188} INFO - [2026-09-17T14:31:39.940+0000] {dagbag.py:545} INFO - Filling up the DagBag from /opt/airflow/dags/extraction_DAG.py
[2026-09-17T14:31:40.235+0000] {processor.py:840} INFO - DAG(s) 'extraction_DAG' retrieved from /opt/airflow/dags/extraction_DAG.py
[2026-09-17T14:31:40.246+0000] {logging_mixin.py:188} INFO - [2026-09-17T14:31:40.246+0000] {dag.py:3096} INFO - Sync 1 DAGs
[2026-09-17T14:31:40.257+0000] {logging_mixin.py:188} INFO - [2026-09-17T14:31:40.257+0000] {dag.py:3954} INFO - Setting next_dagrun for extraction_DAG to 2026-09-17 13:00:00+00:00, run_after=2026-09-17 14:00:00+00:00
[2026-09-17T14:31:40.267+0000] {processor.py:183} INFO - Processing /opt/airflow/dags/extraction_DAG.py took 0.338 seconds
[2026-09-17T14:32:10.435+0000] {processor.py:161} INFO - Started process (PID=6829) to work on /opt/airflow/dags/extraction_DAG.py
[2026-09-17T14:32:10.473+0000] {processor.py:830} INFO - Processing file /opt/airflow/dags/extraction_DAG.py for tasks to queue
[2026-09-17T14:32:10.474+0000] {logging_mixin.py:188} INFO - [2026-09-17T14:32:10.473+0000] {dagbag.py:545} INFO - Filling up the DagBag from /opt/airflow/dags/extraction_DAG.py
[2026-09-17T14:32:10.774+0000] {processor.py:840} INFO - DAG(s) 'extraction_DAG' retrieved from /opt/airflow/dags/extraction_DAG.py
[2026-09-17T14:32:10.785+0000] {logging_mixin.py:188} INFO - [2026-09-17T14:32:10.785+0000] {dag.py:3096} INFO - Sync 1 DAGs
[2026-09-17T14:32:10.797+0000] {logging_mixin.py:188} INFO - [2026-09-17T14:32:10.797+0000] {dag.py:3954} INFO - Setting next_dagrun for extraction_DAG to 2026-09-17 13:00:00+00:00, run_after=2026-09-17 14:00:00+00:00
[2026-09-17T14:32:10.807+0000] {processor.py:183} INFO - Processing /opt/airflow/dags/extraction_DAG.py took 0.378 seconds
[2026-09-17T14:32:40.990+0000] {processor.py:161} INFO - Started process (PID=6839) to work on /opt/airflow/dags/extraction_DAG.py
[2026-09-17T14:32:40.991+0000] {processor.py:830} INFO - Processing file /opt/airflow/dags/extraction_DAG.py for tasks to queue
[2026-09-17T14:32:40.991+0000] {logging_mixin.py:188} INFO - [2026-09-17T14:32:40.991+0000] {dagbag.py:545} INFO - Filling up the DagBag from /opt/airflow/dags/extraction_DAG.py
[2026-09-17T14:32:41.290+0000] {processor.py:840} INFO - DAG(s) 'extraction_DAG' retrieved from /opt/airflow/dags/extraction_DAG.py
[2026-09-17T14:32:41.302+0000] {logging_mixin.py:188} INFO - [2026-09-17T14:32:41.302+0000] {dag.py:3096} INFO - Sync 1 DAGs
[2026-09-17T14:32:41.316+0000] {logging_mixin.py:188} INFO - [2026-09-17T14:32:41.316+0000] {dag.py:3954} INFO - Setting next_dagrun for extraction_DAG to 2026-09-17 13:00:00+00:00, run_after=2026-09-17 14:00:00+00:00
[2026-09-17T14:32:41.324+0000] {processor.py:183} INFO - Processing /opt/airflow/dags/extraction_DAG.py took 0.344 seconds
[2026-09-17T14:33:11.472+0000] {processor.py:161} INFO - Started process (PID=6849) to work on /opt/airflow/dags/extraction_DAG.py
[2026-09-17T14:33:11.485+0000] {processor.py:830} INFO - Processing file /opt/airflow/dags/extraction_DAG.py for tasks to queue
[2026-09-17T14:33:11.486+0000] {logging_mixin.py:188} INFO - [2026-09-17T14:33:11.486+0000] {dagbag.py:545} INFO - Filling up the DagBag from /opt/airflow/dags/extraction_DAG.py
[2026-09-17T14:33:11.771+0000] {processor.py:840} INFO - DAG(s) 'extraction_DAG' retrieved from /opt/airflow/dags/extraction_DAG.py
[2026-09-17T14:33:11.781+0000] {logging_mixin.py:188} INFO - [2026-09-17T14:33:11.781+0000] {dag.py:3096} INFO - Sync 1 DAGs
[2026-09-17T14:33:11.794+0000] {logging_mixin.py:188} INFO - [2026-09-17T14:33:11.794+0000] {dag.py:3954} INFO - Setting next_dagrun for extraction_DAG to 2026-09-17 13:00:00+00:00, run_after=2026-09-17 14:00:00+00:00
[2026-09-17T14:33:11.803+0000] {processor.py:183} INFO - Processing /opt/airflow/dags/extraction_DAG.py took 0.340 seconds
[2026-09-17T14:33:41.953+0000] {processor.py:161} INFO - Started process (PID=6859) to work on /opt/airflow/dags/extraction_DAG.py
[2026-09-17T14:33:41.954+0000] {processor.py:830} INFO - Processing file /opt/airflow/dags/extraction_DAG.py for tasks to queue
[2026-09-17T14:33:41.955+0000] {logging_mixin.py:188} INFO - [2026-09-17T14:33:41.955+0000] {dagbag.py:545} INFO - Filling up the DagBag from /opt/airflow/dags/extraction_DAG.py
[2026-09-17T14:33:42.342+0000] {processor.py:840} INFO - DAG(s) 'extraction_DAG' retrieved from /opt/airflow/dags/extraction_DAG.py
[2026-09-17T14:33:42.355+0000] {logging_mixin.py:188} INFO - [2026-09-17T14:33:42.354+0000] {dag.py:3096} INFO - Sync 1 DAGs
[2026-09-17T14:33:42.368+0000] {logging_mixin.py:188} INFO - [2026-09-17T14:33:42.368+0000] {dag.py:3954} INFO - Setting next_dagrun for extraction_DAG to 2026-09-17 13:00:00+00:00, run_after=2026-09-17 14:00:00+00:00
[2026-09-17T14:33:42.379+0000] {processor.py:183} INFO - Processing /opt/airflow/dags/extraction_DAG.py took 0.431 seconds
[2026-09-17T14:34:12.548+0000] {processor.py:161} INFO - Started process (PID=6869) to work on /opt/airflow/dags/extraction_DAG.py
[2026-09-17T14:34:12.549+0000] {processor.py:830} INFO - Processing file /opt/airflow/dags/extraction_DAG.py for tasks to queue
[2026-09-17T14:34:12.550+0000] {logging_mixin.py:188} INFO - [2026-09-17T14:34:12.549+0000] {dagbag.py:545} INFO - Filling up the DagBag from /opt/airflow/dags/extraction_DAG.py
[2026-09-17T14:34:12.834+0000] {processor.py:840} INFO - DAG(s) 'extraction_DAG' retrieved from /opt/airflow/dags/extraction_DAG.py
[2026-09-17T14:34:12.845+0000] {logging_mixin.py:188} INFO - [2026-09-17T14:34:12.844+0000] {dag.py:3096} INFO - Sync 1 DAGs
[2026-09-17T14:34:12.856+0000] {logging_mixin.py:188} INFO - [2026-09-17T14:34:12.856+0000] {dag.py:3954} INFO - Setting next_dagrun for extraction_DAG to 2026-09-17 13:00:00+00:00, run_after=2026-09-17 14:00:00+00:00
[2026-09-17T14:34:12.866+0000] {processor.py:183} INFO - Processing /opt/airflow/dags/extraction_DAG.py took 0.327 seconds
[2026-09-17T14:34:43.017+0000] {processor.py:161} INFO - Started process (PID=6879) to work on /opt/airflow/dags/extraction_DAG.py
[2026-09-17T14:34:43.018+0000] {processor.py:830} INFO - Processing file /opt/airflow/dags/extraction_DAG.py for tasks to queue
[2026-09-17T14:34:43.018+0000] {logging_mixin.py:188} INFO - [2026-09-17T14:34:43.018+0000] {dagbag.py:545} INFO - Filling up the DagBag from /opt/airflow/dags/extraction_DAG.py
[2026-09-17T14:34:43.302+0000] {processor.py:840} INFO - DAG(s) 'extraction_DAG' retrieved from /opt/airflow/dags/extraction_DAG.py
[2026-09-17T14:34:43.312+0000] {logging_mixin.py:188} INFO - [2026-09-17T14:34:43.312+0000] {dag.py:3096} INFO - Sync 1 DAGs
[2026-09-17T14:34:43.324+0000] {logging_mixin.py:188} INFO - [2026-09-17T14:34:43.324+0000] {dag.py:3954} INFO - Setting next_dagrun for extraction_DAG to 2026-09-17 13:00:00+00:00, run_after=2026-09-17 14:00:00+00:00
[2026-09-17T14:34:43.333+0000] {processor.py:183} INFO - Processing /opt/airflow/dags/extraction_DAG.py took 0.323 seconds
[2026-09-17T14:35:13.490+0000] {processor.py:161} INFO - Started process (PID=6889) to work on /opt/airflow/dags/extraction_DAG.py
[2026-09-17T14:35:13.577+0000] {processor.py:830} INFO - Processing file /opt/airflow/dags/extraction_DAG.py for tasks to queue
[2026-09-17T14:35:13.578+0000] {logging_mixin.py:188} INFO - [2026-09-17T14:35:13.578+0000] {dagbag.py:545} INFO - Filling up the DagBag from /opt/airflow/dags/extraction_DAG.py
[2026-09-17T14:35:13.903+0000] {processor.py:840} INFO - DAG(s) 'extraction_DAG' retrieved from /opt/airflow/dags/extraction_DAG.py
[2026-09-17T14:35:13.914+0000] {logging_mixin.py:188} INFO - [2026-09-17T14:35:13.914+0000] {dag.py:3096} INFO - Sync 1 DAGs
[2026-09-17T14:35:13.926+0000] {logging_mixin.py:188} INFO - [2026-09-17T14:35:13.925+0000] {dag.py:3954} INFO - Setting next_dagrun for extraction_DAG to 2026-09-17 13:00:00+00:00, run_after=2026-09-17 14:00:00+00:00
[2026-09-17T14:35:13.935+0000] {processor.py:183} INFO - Processing /opt/airflow/dags/extraction_DAG.py took 0.455 seconds
[2026-09-17T14:35:44.082+0000] {processor.py:161} INFO - Started process (PID=6899) to work on /opt/airflow/dags/extraction_DAG.py
[2026-09-17T14:35:44.082+0000] {processor.py:830} INFO - Processing file /opt/airflow/dags/extraction_DAG.py for tasks to queue
[2026-09-17T14:35:44.083+0000] {logging_mixin.py:188} INFO - [2026-09-17T14:35:44.082+0000] {dagbag.py:545} INFO - Filling up the DagBag from /opt/airflow/dags/extraction_DAG.py
[2026-09-17T14:35:44.404+0000] {processor.py:840} INFO - DAG(s) 'extraction_DAG' retrieved from /opt/airflow/dags/extraction_DAG.py
[2026-09-17T14:35:44.415+0000] {logging_mixin.py:188} INFO - [2026-09-17T14:35:44.414+0000] {dag.py:3096} INFO - Sync 1 DAGs
[2026-09-17T14:35:44.427+0000] {logging_mixin.py:188} INFO - [2026-09-17T14:35:44.427+0000] {dag.py:3954} INFO - Setting next_dagrun for extraction_DAG to 2026-09-17 13:00:00+00:00, run_after=2026-09-17 14:00:00+00:00
[2026-09-17T14:35:44.435+0000] {processor.py:183} INFO - Processing /opt/airflow/dags/extraction_DAG.py took 0.357 seconds
[2026-09-17T14:36:15.220+0000] {processor.py:161} INFO - Started process (PID=6908) to work on /opt/airflow/dags/extraction_DAG.py
[2026-09-17T14:36:15.231+0000] {processor.py:830} INFO - Processing file /opt/airflow/dags/extraction_DAG.py for tasks to queue
[2026-09-17T14:36:15.232+0000] {logging_mixin.py:188} INFO - [2026-09-17T14:36:15.231+0000] {dagbag.py:545} INFO - Filling up the DagBag from /opt/airflow/dags/extraction_DAG.py
[2026-09-17T14:36:15.528+0000] {processor.py:840} INFO - DAG(s) 'extraction_DAG' retrieved from /opt/airflow/dags/extraction_DAG.py
[2026-09-17T14:36:15.539+0000] {logging_mixin.py:188} INFO - [2026-09-17T14:36:15.539+0000] {dag.py:3096} INFO - Sync 1 DAGs
[2026-09-17T14:36:15.552+0000] {logging_mixin.py:188} INFO - [2026-09-17T14:36:15.552+0000] {dag.py:3954} INFO - Setting next_dagrun for extraction_DAG to 2026-09-17 13:00:00+00:00, run_after=2026-09-17 14:00:00+00:00
[2026-09-17T14:36:15.560+0000] {processor.py:183} INFO - Processing /opt/airflow/dags/extraction_DAG.py took 0.351 seconds
[2026-09-17T14:36:45.701+0000] {processor.py:161} INFO - Started process (PID=6918) to work on /opt/airflow/dags/extraction_DAG.py
[2026-09-17T14:36:45.701+0000] {processor.py:830} INFO - Processing file /opt/airflow/dags/extraction_DAG.py for tasks to queue
[2026-09-17T14:36:45.702+0000] {logging_mixin.py:188} INFO - [2026-09-17T14:36:45.702+0000] {dagbag.py:545} INFO - Filling up the DagBag from /opt/airflow/dags/extraction_DAG.py
[2026-09-17T14:36:45.999+0000] {processor.py:840} INFO - DAG(s) 'extraction_DAG' retrieved from /opt/airflow/dags/extraction_DAG.py
[2026-09-17T14:36:46.012+0000] {logging_mixin.py:188} INFO - [2026-09-17T14:36:46.012+0000] {dag.py:3096} INFO - Sync 1 DAGs
[2026-09-17T14:36:46.024+0000] {logging_mixin.py:188} INFO - [2026-09-17T14:36:46.024+0000] {dag.py:3954} INFO - Setting next_dagrun for extraction_DAG to 2026-09-17 13:00:00+00:00, run_after=2026-09-17 14:00:00+00:00
[2026-09-17T14:36:46.033+0000] {processor.py:183} INFO - Processing /opt/airflow/dags/extraction_DAG.py took 0.341 seconds
[2026-09-17T14:37:16.166+0000] {processor.py:161} INFO - Started process (PID=6928) to work on /opt/airflow/dags/extraction_DAG.py
[2026-09-17T14:37:16.173+0000] {processor.py:830} INFO - Processing file /opt/airflow/dags/extraction_DAG.py for tasks to queue
[2026-09-17T14:37:16.174+0000] {logging_mixin.py:188} INFO - [2026-09-17T14:37:16.173+0000] {dagbag.py:545} INFO - Filling up the DagBag from /opt/airflow/dags/extraction_DAG.py
[2026-09-17T14:37:16.526+0000] {processor.py:840} INFO - DAG(s) 'extraction_DAG' retrieved from /opt/airflow/dags/extraction_DAG.py
[2026-09-17T14:37:16.538+0000] {logging_mixin.py:188} INFO - [2026-09-17T14:37:16.538+0000] {dag.py:3096} INFO - Sync 1 DAGs
[2026-09-17T14:37:16.551+0000] {logging_mixin.py:188} INFO - [2026-09-17T14:37:16.551+0000] {dag.py:3954} INFO - Setting next_dagrun for extraction_DAG to 2026-09-17 13:00:00+00:00, run_after=2026-09-17 14:00:00+00:00
[2026-09-17T14:37:16.560+0000] {processor.py:183} INFO - Processing /opt/airflow/dags/extraction_DAG.py took 0.398 seconds
[2026-09-17T14:37:46.649+0000] {processor.py:161} INFO - Started process (PID=6944) to work on /opt/airflow/dags/extraction_DAG.py
[2026-09-17T14:37:46.649+0000] {processor.py:830} INFO - Processing file /opt/airflow/dags/extraction_DAG.py for tasks to queue
[2026-09-17T14:37:46.650+0000] {logging_mixin.py:188} INFO - [2026-09-17T14:37:46.650+0000] {dagbag.py:545} INFO - Filling up the DagBag from /opt/airflow/dags/extraction_DAG.py
[2026-09-17T14:37:46.946+0000] {processor.py:840} INFO - DAG(s) 'extraction_DAG' retrieved from /opt/airflow/dags/extraction_DAG.py
[2026-09-17T14:37:46.958+0000] {logging_mixin.py:188} INFO - [2026-09-17T14:37:46.957+0000] {dag.py:3096} INFO - Sync 1 DAGs
[2026-09-17T14:37:46.969+0000] {logging_mixin.py:188} INFO - [2026-09-17T14:37:46.969+0000] {dag.py:3954} INFO - Setting next_dagrun for extraction_DAG to 2026-09-17 13:00:00+00:00, run_after=2026-09-17 14:00:00+00:00
[2026-09-17T14:37:46.978+0000] {processor.py:183} INFO - Processing /opt/airflow/dags/extraction_DAG.py took 0.339 seconds
[2026-09-17T14:38:17.120+0000] {processor.py:161} INFO - Started process (PID=6954) to work on /opt/airflow/dags/extraction_DAG.py
[2026-09-17T14:38:17.131+0000] {processor.py:830} INFO - Processing file /opt/airflow/dags/extraction_DAG.py for tasks to queue
[2026-09-17T14:38:17.132+0000] {logging_mixin.py:188} INFO - [2026-09-17T14:38:17.132+0000] {dagbag.py:545} INFO - Filling up the DagBag from /opt/airflow/dags/extraction_DAG.py
[2026-09-17T14:38:17.439+0000] {processor.py:840} INFO - DAG(s) 'extraction_DAG' retrieved from /opt/airflow/dags/extraction_DAG.py
[2026-09-17T14:38:17.450+0000] {logging_mixin.py:188} INFO - [2026-09-17T14:38:17.450+0000] {dag.py:3096} INFO - Sync 1 DAGs
[2026-09-17T14:38:17.463+0000] {logging_mixin.py:188} INFO - [2026-09-17T14:38:17.463+0000] {dag.py:3954} INFO - Setting next_dagrun for extraction_DAG to 2026-09-17 13:00:00+00:00, run_after=2026-09-17 14:00:00+00:00
[2026-09-17T14:38:17.473+0000] {processor.py:183} INFO - Processing /opt/airflow/dags/extraction_DAG.py took 0.359 seconds
[2026-09-17T14:38:47.613+0000] {processor.py:161} INFO - Started process (PID=6964) to work on /opt/airflow/dags/extraction_DAG.py
[2026-09-17T14:38:47.614+0000] {processor.py:830} INFO - Processing file /opt/airflow/dags/extraction_DAG.py for tasks to queue
[2026-09-17T14:38:47.615+0000] {logging_mixin.py:188} INFO - [2026-09-17T14:38:47.615+0000] {dagbag.py:545} INFO - Filling up the DagBag from /opt/airflow/dags/extraction_DAG.py
[2026-09-17T14:38:47.904+0000] {processor.py:840} INFO - DAG(s) 'extraction_DAG' retrieved from /opt/airflow/dags/extraction_DAG.py
[2026-09-17T14:38:47.915+0000] {logging_mixin.py:188} INFO - [2026-09-17T14:38:47.915+0000] {dag.py:3096} INFO - Sync 1 DAGs
[2026-09-17T14:38:47.928+0000] {logging_mixin.py:188} INFO - [2026-09-17T14:38:47.928+0000] {dag.py:3954} INFO - Setting next_dagrun for extraction_DAG to 2026-09-17 13:00:00+00:00, run_after=2026-09-17 14:00:00+00:00
[2026-09-17T14:38:47.936+0000] {processor.py:183} INFO - Processing /opt/airflow/dags/extraction_DAG.py took 0.331 seconds
[2026-09-17T14:39:18.080+0000] {processor.py:161} INFO - Started process (PID=6974) to work on /opt/airflow/dags/extraction_DAG.py
[2026-09-17T14:39:18.172+0000] {processor.py:830} INFO - Processing file /opt/airflow/dags/extraction_DAG.py for tasks to queue
[2026-09-17T14:39:18.173+0000] {logging_mixin.py:188} INFO - [2026-09-17T14:39:18.172+0000] {dagbag.py:545} INFO - Filling up the DagBag from /opt/airflow/dags/extraction_DAG.py
[2026-09-17T14:39:18.475+0000] {processor.py:840} INFO - DAG(s) 'extraction_DAG' retrieved from /opt/airflow/dags/extraction_DAG.py
[2026-09-17T14:39:18.486+0000] {logging_mixin.py:188} INFO - [2026-09-17T14:39:18.486+0000] {dag.py:3096} INFO - Sync 1 DAGs
[2026-09-17T14:39:18.498+0000] {logging_mixin.py:188} INFO - [2026-09-17T14:39:18.498+0000] {dag.py:3954} INFO - Setting next_dagrun for extraction_DAG to 2026-09-17 13:00:00+00:00, run_after=2026-09-17 14:00:00+00:00
[2026-09-17T14:39:18.507+0000] {processor.py:183} INFO - Processing /opt/airflow/dags/extraction_DAG.py took 0.434 seconds
[2026-09-17T14:39:48.645+0000] {processor.py:161} INFO - Started process (PID=6984) to work on /opt/airflow/dags/extraction_DAG.py
[2026-09-17T14:39:48.645+0000] {processor.py:830} INFO - Processing file /opt/airflow/dags/extraction_DAG.py for tasks to queue
[2026-09-17T14:39:48.646+0000] {logging_mixin.py:188} INFO - [2026-09-17T14:39:48.646+0000] {dagbag.py:545} INFO - Filling up the DagBag from /opt/airflow/dags/extraction_DAG.py
[2026-09-17T14:39:48.963+0000] {processor.py:840} INFO - DAG(s) 'extraction_DAG' retrieved from /opt/airflow/dags/extraction_DAG.py
[2026-09-17T14:39:48.975+0000] {logging_mixin.py:188} INFO - [2026-09-17T14:39:48.975+0000] {dag.py:3096} INFO - Sync 1 DAGs
[2026-09-17T14:39:48.988+0000] {logging_mixin.py:188} INFO - [2026-09-17T14:39:48.987+0000] {dag.py:3954} INFO - Setting next_dagrun for extraction_DAG to 2026-09-17 13:00:00+00:00, run_after=2026-09-17 14:00:00+00:00
[2026-09-17T14:39:48.997+0000] {processor.py:183} INFO - Processing /opt/airflow/dags/extraction_DAG.py took 0.355 seconds
[2026-09-17T14:40:19.136+0000] {processor.py:161} INFO - Started process (PID=6994) to work on /opt/airflow/dags/extraction_DAG.py
[2026-09-17T14:40:19.145+0000] {processor.py:830} INFO - Processing file /opt/airflow/dags/extraction_DAG.py for tasks to queue
[2026-09-17T14:40:19.146+0000] {logging_mixin.py:188} INFO - [2026-09-17T14:40:19.145+0000] {dagbag.py:545} INFO - Filling up the DagBag from /opt/airflow/dags/extraction_DAG.py
[2026-09-17T14:40:19.454+0000] {processor.py:840} INFO - DAG(s) 'extraction_DAG' retrieved from /opt/airflow/dags/extraction_DAG.py
[2026-09-17T14:40:19.467+0000] {logging_mixin.py:188} INFO - [2026-09-17T14:40:19.466+0000] {dag.py:3096} INFO - Sync 1 DAGs
[2026-09-17T14:40:19.481+0000] {logging_mixin.py:188} INFO - [2026-09-17T14:40:19.481+0000] {dag.py:3954} INFO - Setting next_dagrun for extraction_DAG to 2026-09-17 13:00:00+00:00, run_after=2026-09-17 14:00:00+00:00
[2026-09-17T14:40:19.493+0000] {processor.py:183} INFO - Processing /opt/airflow/dags/extraction_DAG.py took 0.361 seconds
[2026-09-17T14:40:49.599+0000] {processor.py:161} INFO - Started process (PID=7004) to work on /opt/airflow/dags/extraction_DAG.py
[2026-09-17T14:40:49.599+0000] {processor.py:830} INFO - Processing file /opt/airflow/dags/extraction_DAG.py for tasks to queue
[2026-09-17T14:40:49.600+0000] {logging_mixin.py:188} INFO - [2026-09-17T14:40:49.600+0000] {dagbag.py:545} INFO - Filling up the DagBag from /opt/airflow/dags/extraction_DAG.py
[2026-09-17T14:40:49.918+0000] {processor.py:840} INFO - DAG(s) 'extraction_DAG' retrieved from /opt/airflow/dags/extraction_DAG.py
[2026-09-17T14:40:49.930+0000] {logging_mixin.py:188} INFO - [2026-09-17T14:40:49.930+0000] {dag.py:3096} INFO - Sync 1 DAGs
[2026-09-17T14:40:49.944+0000] {logging_mixin.py:188} INFO - [2026-09-17T14:40:49.944+0000] {dag.py:3954} INFO - Setting next_dagrun for extraction_DAG to 2026-09-17 13:00:00+00:00, run_after=2026-09-17 14:00:00+00:00
[2026-09-17T14:40:49.954+0000] {processor.py:183} INFO - Processing /opt/airflow/dags/extraction_DAG.py took 0.360 seconds
[2026-09-17T14:41:20.044+0000] {processor.py:161} INFO - Started process (PID=7014) to work on /opt/airflow/dags/extraction_DAG.py
[2026-09-17T14:41:20.050+0000] {processor.py:830} INFO - Processing file /opt/airflow/dags/extraction_DAG.py for tasks to queue
[2026-09-17T14:41:20.051+0000] {logging_mixin.py:188} INFO - [2026-09-17T14:41:20.051+0000] {dagbag.py:545} INFO - Filling up the DagBag from /opt/airflow/dags/extraction_DAG.py
[2026-09-17T14:41:20.355+0000] {processor.py:840} INFO - DAG(s) 'extraction_DAG' retrieved from /opt/airflow/dags/extraction_DAG.py
[2026-09-17T14:41:20.366+0000] {logging_mixin.py:188} INFO - [2026-09-17T14:41:20.366+0000] {dag.py:3096} INFO - Sync 1 DAGs
[2026-09-17T14:41:20.378+0000] {logging_mixin.py:188} INFO - [2026-09-17T14:41:20.378+0000] {dag.py:3954} INFO - Setting next_dagrun for extraction_DAG to 2026-09-17 13:00:00+00:00, run_after=2026-09-17 14:00:00+00:00
[2026-09-17T14:41:20.386+0000] {processor.py:183} INFO - Processing /opt/airflow/dags/extraction_DAG.py took 0.346 seconds
[2026-09-17T14:41:50.484+0000] {processor.py:161} INFO - Started process (PID=7024) to work on /opt/airflow/dags/extraction_DAG.py
[2026-09-17T14:41:50.485+0000] {processor.py:830} INFO - Processing file /opt/airflow/dags/extraction_DAG.py for tasks to queue
[2026-09-17T14:41:50.485+0000] {logging_mixin.py:188} INFO - [2026-09-17T14:41:50.485+0000] {dagbag.py:545} INFO - Filling up the DagBag from /opt/airflow/dags/extraction_DAG.py
[2026-09-17T14:41:50.788+0000] {processor.py:840} INFO - DAG(s) 'extraction_DAG' retrieved from /opt/airflow/dags/extraction_DAG.py
[2026-09-17T14:41:50.799+0000] {logging_mixin.py:188} INFO - [2026-09-17T14:41:50.799+0000] {dag.py:3096} INFO - Sync 1 DAGs
[2026-09-17T14:41:50.812+0000] {logging_mixin.py:188} INFO - [2026-09-17T14:41:50.812+0000] {dag.py:3954} INFO - Setting next_dagrun for extraction_DAG to 2026-09-17 13:00:00+00:00, run_after=2026-09-17 14:00:00+00:00
[2026-09-17T14:41:50.820+0000] {processor.py:183} INFO - Processing /opt/airflow/dags/extraction_DAG.py took 0.339 seconds
[2026-09-17T14:42:20.957+0000] {processor.py:161} INFO - Started process (PID=7034) to work on /opt/airflow/dags/extraction_DAG.py
[2026-09-17T14:42:20.963+0000] {processor.py:830} INFO - Processing file /opt/airflow/dags/extraction_DAG.py for tasks to queue
[2026-09-17T14:42:20.963+0000] {logging_mixin.py:188} INFO - [2026-09-17T14:42:20.963+0000] {dagbag.py:545} INFO - Filling up the DagBag from /opt/airflow/dags/extraction_DAG.py
[2026-09-17T14:42:21.277+0000] {processor.py:840} INFO - DAG(s) 'extraction_DAG' retrieved from /opt/airflow/dags/extraction_DAG.py
[2026-09-17T14:42:21.291+0000] {logging_mixin.py:188} INFO - [2026-09-17T14:42:21.291+0000] {dag.py:3096} INFO - Sync 1 DAGs
[2026-09-17T14:42:21.304+0000] {logging_mixin.py:188} INFO - [2026-09-17T14:42:21.303+0000] {dag.py:3954} INFO - Setting next_dagrun for extraction_DAG to 2026-09-17 13:00:00+00:00, run_after=2026-09-17 14:00:00+00:00
[2026-09-17T14:42:21.314+0000] {processor.py:183} INFO - Processing /opt/airflow/dags/extraction_DAG.py took 0.360 seconds
[2026-09-17T14:42:51.460+0000] {processor.py:161} INFO - Started process (PID=7044) to work on /opt/airflow/dags/extraction_DAG.py
[2026-09-17T14:42:51.461+0000] {processor.py:830} INFO - Processing file /opt/airflow/dags/extraction_DAG.py for tasks to queue
[2026-09-17T14:42:51.462+0000] {logging_mixin.py:188} INFO - [2026-09-17T14:42:51.461+0000] {dagbag.py:545} INFO - Filling up the DagBag from /opt/airflow/dags/extraction_DAG.py
[2026-09-17T14:42:51.771+0000] {processor.py:840} INFO - DAG(s) 'extraction_DAG' retrieved from /opt/airflow/dags/extraction_DAG.py
[2026-09-17T14:42:51.782+0000] {logging_mixin.py:188} INFO - [2026-09-17T14:42:51.782+0000] {dag.py:3096} INFO - Sync 1 DAGs
[2026-09-17T14:42:51.795+0000] {logging_mixin.py:188} INFO - [2026-09-17T14:42:51.795+0000] {dag.py:3954} INFO - Setting next_dagrun for extraction_DAG to 2026-09-17 13:00:00+00:00, run_after=2026-09-17 14:00:00+00:00
[2026-09-17T14:42:51.806+0000] {processor.py:183} INFO - Processing /opt/airflow/dags/extraction_DAG.py took 0.352 seconds
[2026-09-17T14:43:21.980+0000] {processor.py:161} INFO - Started process (PID=7054) to work on /opt/airflow/dags/extraction_DAG.py
[2026-09-17T14:43:22.076+0000] {processor.py:830} INFO - Processing file /opt/airflow/dags/extraction_DAG.py for tasks to queue
[2026-09-17T14:43:22.078+0000] {logging_mixin.py:188} INFO - [2026-09-17T14:43:22.077+0000] {dagbag.py:545} INFO - Filling up the DagBag from /opt/airflow/dags/extraction_DAG.py
[2026-09-17T14:43:22.391+0000] {processor.py:840} INFO - DAG(s) 'extraction_DAG' retrieved from /opt/airflow/dags/extraction_DAG.py
[2026-09-17T14:43:22.403+0000] {logging_mixin.py:188} INFO - [2026-09-17T14:43:22.403+0000] {dag.py:3096} INFO - Sync 1 DAGs
[2026-09-17T14:43:22.416+0000] {logging_mixin.py:188} INFO - [2026-09-17T14:43:22.415+0000] {dag.py:3954} INFO - Setting next_dagrun for extraction_DAG to 2026-09-17 13:00:00+00:00, run_after=2026-09-17 14:00:00+00:00
[2026-09-17T14:43:22.424+0000] {processor.py:183} INFO - Processing /opt/airflow/dags/extraction_DAG.py took 0.453 seconds
[2026-09-17T14:43:52.491+0000] {processor.py:161} INFO - Started process (PID=7064) to work on /opt/airflow/dags/extraction_DAG.py
[2026-09-17T14:43:52.491+0000] {processor.py:830} INFO - Processing file /opt/airflow/dags/extraction_DAG.py for tasks to queue
[2026-09-17T14:43:52.492+0000] {logging_mixin.py:188} INFO - [2026-09-17T14:43:52.491+0000] {dagbag.py:545} INFO - Filling up the DagBag from /opt/airflow/dags/extraction_DAG.py
[2026-09-17T14:43:52.789+0000] {processor.py:840} INFO - DAG(s) 'extraction_DAG' retrieved from /opt/airflow/dags/extraction_DAG.py
[2026-09-17T14:43:52.800+0000] {logging_mixin.py:188} INFO - [2026-09-17T14:43:52.800+0000] {dag.py:3096} INFO - Sync 1 DAGs
[2026-09-17T14:43:52.811+0000] {logging_mixin.py:188} INFO - [2026-09-17T14:43:52.811+0000] {dag.py:3954} INFO - Setting next_dagrun for extraction_DAG to 2026-09-17 13:00:00+00:00, run_after=2026-09-17 14:00:00+00:00
[2026-09-17T14:43:52.821+0000] {processor.py:183} INFO - Processing /opt/airflow/dags/extraction_DAG.py took 0.336 seconds
[2026-09-17T14:44:22.977+0000] {processor.py:161} INFO - Started process (PID=7074) to work on /opt/airflow/dags/extraction_DAG.py
[2026-09-17T14:44:23.077+0000] {processor.py:830} INFO - Processing file /opt/airflow/dags/extraction_DAG.py for tasks to queue
[2026-09-17T14:44:23.079+0000] {logging_mixin.py:188} INFO - [2026-09-17T14:44:23.078+0000] {dagbag.py:545} INFO - Filling up the DagBag from /opt/airflow/dags/extraction_DAG.py
[2026-09-17T14:44:23.381+0000] {processor.py:840} INFO - DAG(s) 'extraction_DAG' retrieved from /opt/airflow/dags/extraction_DAG.py
[2026-09-17T14:44:23.392+0000] {logging_mixin.py:188} INFO - [2026-09-17T14:44:23.391+0000] {dag.py:3096} INFO - Sync 1 DAGs
[2026-09-17T14:44:23.404+0000] {logging_mixin.py:188} INFO - [2026-09-17T14:44:23.404+0000] {dag.py:3954} INFO - Setting next_dagrun for extraction_DAG to 2026-09-17 13:00:00+00:00, run_after=2026-09-17 14:00:00+00:00
[2026-09-17T14:44:23.412+0000] {processor.py:183} INFO - Processing /opt/airflow/dags/extraction_DAG.py took 0.444 seconds
[2026-09-17T14:44:53.478+0000] {processor.py:161} INFO - Started process (PID=7084) to work on /opt/airflow/dags/extraction_DAG.py
[2026-09-17T14:44:53.479+0000] {processor.py:830} INFO - Processing file /opt/airflow/dags/extraction_DAG.py for tasks to queue
[2026-09-17T14:44:53.480+0000] {logging_mixin.py:188} INFO - [2026-09-17T14:44:53.480+0000] {dagbag.py:545} INFO - Filling up the DagBag from /opt/airflow/dags/extraction_DAG.py
[2026-09-17T14:44:53.811+0000] {processor.py:840} INFO - DAG(s) 'extraction_DAG' retrieved from /opt/airflow/dags/extraction_DAG.py
[2026-09-17T14:44:53.824+0000] {logging_mixin.py:188} INFO - [2026-09-17T14:44:53.824+0000] {dag.py:3096} INFO - Sync 1 DAGs
[2026-09-17T14:44:53.838+0000] {logging_mixin.py:188} INFO - [2026-09-17T14:44:53.838+0000] {dag.py:3954} INFO - Setting next_dagrun for extraction_DAG to 2026-09-17 13:00:00+00:00, run_after=2026-09-17 14:00:00+00:00
[2026-09-17T14:44:53.847+0000] {processor.py:183} INFO - Processing /opt/airflow/dags/extraction_DAG.py took 0.378 seconds
[2026-09-17T14:45:23.953+0000] {processor.py:161} INFO - Started process (PID=7094) to work on /opt/airflow/dags/extraction_DAG.py
[2026-09-17T14:45:23.966+0000] {processor.py:830} INFO - Processing file /opt/airflow/dags/extraction_DAG.py for tasks to queue
[2026-09-17T14:45:23.968+0000] {logging_mixin.py:188} INFO - [2026-09-17T14:45:23.967+0000] {dagbag.py:545} INFO - Filling up the DagBag from /opt/airflow/dags/extraction_DAG.py
[2026-09-17T14:45:24.279+0000] {processor.py:840} INFO - DAG(s) 'extraction_DAG' retrieved from /opt/airflow/dags/extraction_DAG.py
[2026-09-17T14:45:24.291+0000] {logging_mixin.py:188} INFO - [2026-09-17T14:45:24.290+0000] {dag.py:3096} INFO - Sync 1 DAGs
[2026-09-17T14:45:24.303+0000] {logging_mixin.py:188} INFO - [2026-09-17T14:45:24.303+0000] {dag.py:3954} INFO - Setting next_dagrun for extraction_DAG to 2026-09-17 13:00:00+00:00, run_after=2026-09-17 14:00:00+00:00
[2026-09-17T14:45:24.312+0000] {processor.py:183} INFO - Processing /opt/airflow/dags/extraction_DAG.py took 0.367 seconds
[2026-09-17T14:45:54.459+0000] {processor.py:161} INFO - Started process (PID=7105) to work on /opt/airflow/dags/extraction_DAG.py
[2026-09-17T14:45:54.460+0000] {processor.py:830} INFO - Processing file /opt/airflow/dags/extraction_DAG.py for tasks to queue
[2026-09-17T14:45:54.460+0000] {logging_mixin.py:188} INFO - [2026-09-17T14:45:54.460+0000] {dagbag.py:545} INFO - Filling up the DagBag from /opt/airflow/dags/extraction_DAG.py
[2026-09-17T14:45:54.779+0000] {processor.py:840} INFO - DAG(s) 'extraction_DAG' retrieved from /opt/airflow/dags/extraction_DAG.py
[2026-09-17T14:45:54.792+0000] {logging_mixin.py:188} INFO - [2026-09-17T14:45:54.791+0000] {dag.py:3096} INFO - Sync 1 DAGs
[2026-09-17T14:45:54.804+0000] {logging_mixin.py:188} INFO - [2026-09-17T14:45:54.804+0000] {dag.py:3954} INFO - Setting next_dagrun for extraction_DAG to 2026-09-17 13:00:00+00:00, run_after=2026-09-17 14:00:00+00:00
[2026-09-17T14:45:54.813+0000] {processor.py:183} INFO - Processing /opt/airflow/dags/extraction_DAG.py took 0.361 seconds
[2026-09-17T14:46:24.985+0000] {processor.py:161} INFO - Started process (PID=7115) to work on /opt/airflow/dags/extraction_DAG.py
[2026-09-17T14:46:24.998+0000] {processor.py:830} INFO - Processing file /opt/airflow/dags/extraction_DAG.py for tasks to queue
[2026-09-17T14:46:24.999+0000] {logging_mixin.py:188} INFO - [2026-09-17T14:46:24.999+0000] {dagbag.py:545} INFO - Filling up the DagBag from /opt/airflow/dags/extraction_DAG.py
[2026-09-17T14:46:25.309+0000] {processor.py:840} INFO - DAG(s) 'extraction_DAG' retrieved from /opt/airflow/dags/extraction_DAG.py
[2026-09-17T14:46:25.320+0000] {logging_mixin.py:188} INFO - [2026-09-17T14:46:25.319+0000] {dag.py:3096} INFO - Sync 1 DAGs
[2026-09-17T14:46:25.331+0000] {logging_mixin.py:188} INFO - [2026-09-17T14:46:25.331+0000] {dag.py:3954} INFO - Setting next_dagrun for extraction_DAG to 2026-09-17 13:00:00+00:00, run_after=2026-09-17 14:00:00+00:00
[2026-09-17T14:46:25.340+0000] {processor.py:183} INFO - Processing /opt/airflow/dags/extraction_DAG.py took 0.362 seconds
[2026-09-17T14:46:55.476+0000] {processor.py:161} INFO - Started process (PID=7127) to work on /opt/airflow/dags/extraction_DAG.py
[2026-09-17T14:46:55.477+0000] {processor.py:830} INFO - Processing file /opt/airflow/dags/extraction_DAG.py for tasks to queue
[2026-09-17T14:46:55.478+0000] {logging_mixin.py:188} INFO - [2026-09-17T14:46:55.478+0000] {dagbag.py:545} INFO - Filling up the DagBag from /opt/airflow/dags/extraction_DAG.py
[2026-09-17T14:46:55.770+0000] {processor.py:840} INFO - DAG(s) 'extraction_DAG' retrieved from /opt/airflow/dags/extraction_DAG.py
[2026-09-17T14:46:55.782+0000] {logging_mixin.py:188} INFO - [2026-09-17T14:46:55.782+0000] {dag.py:3096} INFO - Sync 1 DAGs
[2026-09-17T14:46:55.794+0000] {logging_mixin.py:188} INFO - [2026-09-17T14:46:55.794+0000] {dag.py:3954} INFO - Setting next_dagrun for extraction_DAG to 2026-09-17 13:00:00+00:00, run_after=2026-09-17 14:00:00+00:00
[2026-09-17T14:46:55.803+0000] {processor.py:183} INFO - Processing /opt/airflow/dags/extraction_DAG.py took 0.336 seconds
[2026-09-17T14:47:25.952+0000] {processor.py:161} INFO - Started process (PID=7137) to work on /opt/airflow/dags/extraction_DAG.py
[2026-09-17T14:47:26.037+0000] {processor.py:830} INFO - Processing file /opt/airflow/dags/extraction_DAG.py for tasks to queue
[2026-09-17T14:47:26.038+0000] {logging_mixin.py:188} INFO - [2026-09-17T14:47:26.038+0000] {dagbag.py:545} INFO - Filling up the DagBag from /opt/airflow/dags/extraction_DAG.py
[2026-09-17T14:47:26.343+0000] {processor.py:840} INFO - DAG(s) 'extraction_DAG' retrieved from /opt/airflow/dags/extraction_DAG.py
[2026-09-17T14:47:26.355+0000] {logging_mixin.py:188} INFO - [2026-09-17T14:47:26.355+0000] {dag.py:3096} INFO - Sync 1 DAGs
[2026-09-17T14:47:26.368+0000] {logging_mixin.py:188} INFO - [2026-09-17T14:47:26.368+0000] {dag.py:3954} INFO - Setting next_dagrun for extraction_DAG to 2026-09-17 13:00:00+00:00, run_after=2026-09-17 14:00:00+00:00
[2026-09-17T14:47:26.378+0000] {processor.py:183} INFO - Processing /opt/airflow/dags/extraction_DAG.py took 0.436 seconds
[2026-09-17T14:47:56.494+0000] {processor.py:161} INFO - Started process (PID=7149) to work on /opt/airflow/dags/extraction_DAG.py
[2026-09-17T14:47:56.494+0000] {processor.py:830} INFO - Processing file /opt/airflow/dags/extraction_DAG.py for tasks to queue
[2026-09-17T14:47:56.495+0000] {logging_mixin.py:188} INFO - [2026-09-17T14:47:56.495+0000] {dagbag.py:545} INFO - Filling up the DagBag from /opt/airflow/dags/extraction_DAG.py
[2026-09-17T14:47:56.830+0000] {processor.py:840} INFO - DAG(s) 'extraction_DAG' retrieved from /opt/airflow/dags/extraction_DAG.py
[2026-09-17T14:47:56.843+0000] {logging_mixin.py:188} INFO - [2026-09-17T14:47:56.843+0000] {dag.py:3096} INFO - Sync 1 DAGs
[2026-09-17T14:47:56.857+0000] {logging_mixin.py:188} INFO - [2026-09-17T14:47:56.857+0000] {dag.py:3954} INFO - Setting next_dagrun for extraction_DAG to 2026-09-17 13:00:00+00:00, run_after=2026-09-17 14:00:00+00:00
[2026-09-17T14:47:56.868+0000] {processor.py:183} INFO - Processing /opt/airflow/dags/extraction_DAG.py took 0.380 seconds
[2026-09-17T14:48:26.988+0000] {processor.py:161} INFO - Started process (PID=7159) to work on /opt/airflow/dags/extraction_DAG.py
[2026-09-17T14:48:27.045+0000] {processor.py:830} INFO - Processing file /opt/airflow/dags/extraction_DAG.py for tasks to queue
[2026-09-17T14:48:27.047+0000] {logging_mixin.py:188} INFO - [2026-09-17T14:48:27.046+0000] {dagbag.py:545} INFO - Filling up the DagBag from /opt/airflow/dags/extraction_DAG.py
[2026-09-17T14:48:27.366+0000] {processor.py:840} INFO - DAG(s) 'extraction_DAG' retrieved from /opt/airflow/dags/extraction_DAG.py
[2026-09-17T14:48:27.378+0000] {logging_mixin.py:188} INFO - [2026-09-17T14:48:27.378+0000] {dag.py:3096} INFO - Sync 1 DAGs
[2026-09-17T14:48:27.390+0000] {logging_mixin.py:188} INFO - [2026-09-17T14:48:27.389+0000] {dag.py:3954} INFO - Setting next_dagrun for extraction_DAG to 2026-09-17 13:00:00+00:00, run_after=2026-09-17 14:00:00+00:00
[2026-09-17T14:48:27.400+0000] {processor.py:183} INFO - Processing /opt/airflow/dags/extraction_DAG.py took 0.415 seconds
[2026-09-17T14:48:57.516+0000] {processor.py:161} INFO - Started process (PID=7169) to work on /opt/airflow/dags/extraction_DAG.py
[2026-09-17T14:48:57.517+0000] {processor.py:830} INFO - Processing file /opt/airflow/dags/extraction_DAG.py for tasks to queue
[2026-09-17T14:48:57.518+0000] {logging_mixin.py:188} INFO - [2026-09-17T14:48:57.518+0000] {dagbag.py:545} INFO - Filling up the DagBag from /opt/airflow/dags/extraction_DAG.py
[2026-09-17T14:48:57.838+0000] {processor.py:840} INFO - DAG(s) 'extraction_DAG' retrieved from /opt/airflow/dags/extraction_DAG.py
[2026-09-17T14:48:57.850+0000] {logging_mixin.py:188} INFO - [2026-09-17T14:48:57.849+0000] {dag.py:3096} INFO - Sync 1 DAGs
[2026-09-17T14:48:57.862+0000] {logging_mixin.py:188} INFO - [2026-09-17T14:48:57.862+0000] {dag.py:3954} INFO - Setting next_dagrun for extraction_DAG to 2026-09-17 13:00:00+00:00, run_after=2026-09-17 14:00:00+00:00
[2026-09-17T14:48:57.873+0000] {processor.py:183} INFO - Processing /opt/airflow/dags/extraction_DAG.py took 0.361 seconds
[2026-09-17T14:49:28.011+0000] {processor.py:161} INFO - Started process (PID=7179) to work on /opt/airflow/dags/extraction_DAG.py
[2026-09-17T14:49:28.018+0000] {processor.py:830} INFO - Processing file /opt/airflow/dags/extraction_DAG.py for tasks to queue
[2026-09-17T14:49:28.020+0000] {logging_mixin.py:188} INFO - [2026-09-17T14:49:28.019+0000] {dagbag.py:545} INFO - Filling up the DagBag from /opt/airflow/dags/extraction_DAG.py
[2026-09-17T14:49:28.326+0000] {processor.py:840} INFO - DAG(s) 'extraction_DAG' retrieved from /opt/airflow/dags/extraction_DAG.py
[2026-09-17T14:49:28.339+0000] {logging_mixin.py:188} INFO - [2026-09-17T14:49:28.339+0000] {dag.py:3096} INFO - Sync 1 DAGs
[2026-09-17T14:49:28.351+0000] {logging_mixin.py:188} INFO - [2026-09-17T14:49:28.351+0000] {dag.py:3954} INFO - Setting next_dagrun for extraction_DAG to 2026-09-17 13:00:00+00:00, run_after=2026-09-17 14:00:00+00:00
[2026-09-17T14:49:28.362+0000] {processor.py:183} INFO - Processing /opt/airflow/dags/extraction_DAG.py took 0.356 seconds
[2026-09-17T14:49:58.500+0000] {processor.py:161} INFO - Started process (PID=7189) to work on /opt/airflow/dags/extraction_DAG.py
[2026-09-17T14:49:58.500+0000] {processor.py:830} INFO - Processing file /opt/airflow/dags/extraction_DAG.py for tasks to queue
[2026-09-17T14:49:58.501+0000] {logging_mixin.py:188} INFO - [2026-09-17T14:49:58.501+0000] {dagbag.py:545} INFO - Filling up the DagBag from /opt/airflow/dags/extraction_DAG.py
[2026-09-17T14:49:58.847+0000] {processor.py:840} INFO - DAG(s) 'extraction_DAG' retrieved from /opt/airflow/dags/extraction_DAG.py
[2026-09-17T14:49:58.860+0000] {logging_mixin.py:188} INFO - [2026-09-17T14:49:58.859+0000] {dag.py:3096} INFO - Sync 1 DAGs
[2026-09-17T14:49:58.873+0000] {logging_mixin.py:188} INFO - [2026-09-17T14:49:58.873+0000] {dag.py:3954} INFO - Setting next_dagrun for extraction_DAG to 2026-09-17 13:00:00+00:00, run_after=2026-09-17 14:00:00+00:00
[2026-09-17T14:49:58.885+0000] {processor.py:183} INFO - Processing /opt/airflow/dags/extraction_DAG.py took 0.389 seconds
[2026-09-17T14:50:29.000+0000] {processor.py:161} INFO - Started process (PID=7199) to work on /opt/airflow/dags/extraction_DAG.py
[2026-09-17T14:50:29.004+0000] {processor.py:830} INFO - Processing file /opt/airflow/dags/extraction_DAG.py for tasks to queue
[2026-09-17T14:50:29.004+0000] {logging_mixin.py:188} INFO - [2026-09-17T14:50:29.004+0000] {dagbag.py:545} INFO - Filling up the DagBag from /opt/airflow/dags/extraction_DAG.py
[2026-09-17T14:50:29.365+0000] {processor.py:840} INFO - DAG(s) 'extraction_DAG' retrieved from /opt/airflow/dags/extraction_DAG.py
[2026-09-17T14:50:29.381+0000] {logging_mixin.py:188} INFO - [2026-09-17T14:50:29.380+0000] {dag.py:3096} INFO - Sync 1 DAGs
[2026-09-17T14:50:29.397+0000] {logging_mixin.py:188} INFO - [2026-09-17T14:50:29.397+0000] {dag.py:3954} INFO - Setting next_dagrun for extraction_DAG to 2026-09-17 13:00:00+00:00, run_after=2026-09-17 14:00:00+00:00
[2026-09-17T14:50:29.407+0000] {processor.py:183} INFO - Processing /opt/airflow/dags/extraction_DAG.py took 0.411 seconds
[2026-09-17T14:50:59.533+0000] {processor.py:161} INFO - Started process (PID=7209) to work on /opt/airflow/dags/extraction_DAG.py
[2026-09-17T14:50:59.533+0000] {processor.py:830} INFO - Processing file /opt/airflow/dags/extraction_DAG.py for tasks to queue
[2026-09-17T14:50:59.534+0000] {logging_mixin.py:188} INFO - [2026-09-17T14:50:59.534+0000] {dagbag.py:545} INFO - Filling up the DagBag from /opt/airflow/dags/extraction_DAG.py
[2026-09-17T14:50:59.848+0000] {processor.py:840} INFO - DAG(s) 'extraction_DAG' retrieved from /opt/airflow/dags/extraction_DAG.py
[2026-09-17T14:50:59.860+0000] {logging_mixin.py:188} INFO - [2026-09-17T14:50:59.860+0000] {dag.py:3096} INFO - Sync 1 DAGs
[2026-09-17T14:50:59.874+0000] {logging_mixin.py:188} INFO - [2026-09-17T14:50:59.874+0000] {dag.py:3954} INFO - Setting next_dagrun for extraction_DAG to 2026-09-17 13:00:00+00:00, run_after=2026-09-17 14:00:00+00:00
[2026-09-17T14:50:59.883+0000] {processor.py:183} INFO - Processing /opt/airflow/dags/extraction_DAG.py took 0.355 seconds
[2026-09-17T14:51:30.020+0000] {processor.py:161} INFO - Started process (PID=7219) to work on /opt/airflow/dags/extraction_DAG.py
[2026-09-17T14:51:30.020+0000] {processor.py:830} INFO - Processing file /opt/airflow/dags/extraction_DAG.py for tasks to queue
[2026-09-17T14:51:30.021+0000] {logging_mixin.py:188} INFO - [2026-09-17T14:51:30.020+0000] {dagbag.py:545} INFO - Filling up the DagBag from /opt/airflow/dags/extraction_DAG.py
[2026-09-17T14:51:30.334+0000] {processor.py:840} INFO - DAG(s) 'extraction_DAG' retrieved from /opt/airflow/dags/extraction_DAG.py
[2026-09-17T14:51:30.347+0000] {logging_mixin.py:188} INFO - [2026-09-17T14:51:30.347+0000] {dag.py:3096} INFO - Sync 1 DAGs
[2026-09-17T14:51:30.360+0000] {logging_mixin.py:188} INFO - [2026-09-17T14:51:30.360+0000] {dag.py:3954} INFO - Setting next_dagrun for extraction_DAG to 2026-09-17 13:00:00+00:00, run_after=2026-09-17 14:00:00+00:00
[2026-09-17T14:51:30.370+0000] {processor.py:183} INFO - Processing /opt/airflow/dags/extraction_DAG.py took 0.354 seconds
[2026-09-17T14:52:00.481+0000] {processor.py:161} INFO - Started process (PID=7229) to work on /opt/airflow/dags/extraction_DAG.py
[2026-09-17T14:52:00.481+0000] {processor.py:830} INFO - Processing file /opt/airflow/dags/extraction_DAG.py for tasks to queue
[2026-09-17T14:52:00.482+0000] {logging_mixin.py:188} INFO - [2026-09-17T14:52:00.482+0000] {dagbag.py:545} INFO - Filling up the DagBag from /opt/airflow/dags/extraction_DAG.py
[2026-09-17T14:52:00.798+0000] {processor.py:840} INFO - DAG(s) 'extraction_DAG' retrieved from /opt/airflow/dags/extraction_DAG.py
[2026-09-17T14:52:00.810+0000] {logging_mixin.py:188} INFO - [2026-09-17T14:52:00.809+0000] {dag.py:3096} INFO - Sync 1 DAGs
[2026-09-17T14:52:00.822+0000] {logging_mixin.py:188} INFO - [2026-09-17T14:52:00.822+0000] {dag.py:3954} INFO - Setting next_dagrun for extraction_DAG to 2026-09-17 13:00:00+00:00, run_after=2026-09-17 14:00:00+00:00
[2026-09-17T14:52:00.833+0000] {processor.py:183} INFO - Processing /opt/airflow/dags/extraction_DAG.py took 0.356 seconds
[2026-09-17T14:52:30.938+0000] {processor.py:161} INFO - Started process (PID=7239) to work on /opt/airflow/dags/extraction_DAG.py
[2026-09-17T14:52:30.939+0000] {processor.py:830} INFO - Processing file /opt/airflow/dags/extraction_DAG.py for tasks to queue
[2026-09-17T14:52:30.939+0000] {logging_mixin.py:188} INFO - [2026-09-17T14:52:30.939+0000] {dagbag.py:545} INFO - Filling up the DagBag from /opt/airflow/dags/extraction_DAG.py
[2026-09-17T14:52:31.244+0000] {processor.py:840} INFO - DAG(s) 'extraction_DAG' retrieved from /opt/airflow/dags/extraction_DAG.py
[2026-09-17T14:52:31.255+0000] {logging_mixin.py:188} INFO - [2026-09-17T14:52:31.255+0000] {dag.py:3096} INFO - Sync 1 DAGs
[2026-09-17T14:52:31.268+0000] {logging_mixin.py:188} INFO - [2026-09-17T14:52:31.268+0000] {dag.py:3954} INFO - Setting next_dagrun for extraction_DAG to 2026-09-17 13:00:00+00:00, run_after=2026-09-17 14:00:00+00:00
[2026-09-17T14:52:31.278+0000] {processor.py:183} INFO - Processing /opt/airflow/dags/extraction_DAG.py took 0.344 seconds
[2026-09-17T14:53:01.405+0000] {processor.py:161} INFO - Started process (PID=7249) to work on /opt/airflow/dags/extraction_DAG.py
[2026-09-17T14:53:01.429+0000] {processor.py:830} INFO - Processing file /opt/airflow/dags/extraction_DAG.py for tasks to queue
[2026-09-17T14:53:01.430+0000] {logging_mixin.py:188} INFO - [2026-09-17T14:53:01.430+0000] {dagbag.py:545} INFO - Filling up the DagBag from /opt/airflow/dags/extraction_DAG.py
[2026-09-17T14:53:01.751+0000] {processor.py:840} INFO - DAG(s) 'extraction_DAG' retrieved from /opt/airflow/dags/extraction_DAG.py
[2026-09-17T14:53:01.763+0000] {logging_mixin.py:188} INFO - [2026-09-17T14:53:01.763+0000] {dag.py:3096} INFO - Sync 1 DAGs
[2026-09-17T14:53:01.776+0000] {logging_mixin.py:188} INFO - [2026-09-17T14:53:01.776+0000] {dag.py:3954} INFO - Setting next_dagrun for extraction_DAG to 2026-09-17 13:00:00+00:00, run_after=2026-09-17 14:00:00+00:00
[2026-09-17T14:53:01.787+0000] {processor.py:183} INFO - Processing /opt/airflow/dags/extraction_DAG.py took 0.390 seconds
[2026-09-17T14:53:31.909+0000] {processor.py:161} INFO - Started process (PID=7259) to work on /opt/airflow/dags/extraction_DAG.py
[2026-09-17T14:53:31.909+0000] {processor.py:830} INFO - Processing file /opt/airflow/dags/extraction_DAG.py for tasks to queue
[2026-09-17T14:53:31.910+0000] {logging_mixin.py:188} INFO - [2026-09-17T14:53:31.909+0000] {dagbag.py:545} INFO - Filling up the DagBag from /opt/airflow/dags/extraction_DAG.py
[2026-09-17T14:53:32.240+0000] {processor.py:840} INFO - DAG(s) 'extraction_DAG' retrieved from /opt/airflow/dags/extraction_DAG.py
[2026-09-17T14:53:32.252+0000] {logging_mixin.py:188} INFO - [2026-09-17T14:53:32.251+0000] {dag.py:3096} INFO - Sync 1 DAGs
[2026-09-17T14:53:32.266+0000] {logging_mixin.py:188} INFO - [2026-09-17T14:53:32.266+0000] {dag.py:3954} INFO - Setting next_dagrun for extraction_DAG to 2026-09-17 13:00:00+00:00, run_after=2026-09-17 14:00:00+00:00
[2026-09-17T14:53:32.275+0000] {processor.py:183} INFO - Processing /opt/airflow/dags/extraction_DAG.py took 0.370 seconds
[2026-09-17T14:54:02.378+0000] {processor.py:161} INFO - Started process (PID=7269) to work on /opt/airflow/dags/extraction_DAG.py
[2026-09-17T14:54:02.391+0000] {processor.py:830} INFO - Processing file /opt/airflow/dags/extraction_DAG.py for tasks to queue
[2026-09-17T14:54:02.391+0000] {logging_mixin.py:188} INFO - [2026-09-17T14:54:02.391+0000] {dagbag.py:545} INFO - Filling up the DagBag from /opt/airflow/dags/extraction_DAG.py
[2026-09-17T14:54:02.719+0000] {processor.py:840} INFO - DAG(s) 'extraction_DAG' retrieved from /opt/airflow/dags/extraction_DAG.py
[2026-09-17T14:54:02.730+0000] {logging_mixin.py:188} INFO - [2026-09-17T14:54:02.730+0000] {dag.py:3096} INFO - Sync 1 DAGs
[2026-09-17T14:54:02.745+0000] {logging_mixin.py:188} INFO - [2026-09-17T14:54:02.745+0000] {dag.py:3954} INFO - Setting next_dagrun for extraction_DAG to 2026-09-17 13:00:00+00:00, run_after=2026-09-17 14:00:00+00:00
[2026-09-17T14:54:02.755+0000] {processor.py:183} INFO - Processing /opt/airflow/dags/extraction_DAG.py took 0.381 seconds
[2026-09-17T14:54:32.866+0000] {processor.py:161} INFO - Started process (PID=7279) to work on /opt/airflow/dags/extraction_DAG.py
[2026-09-17T14:54:32.867+0000] {processor.py:830} INFO - Processing file /opt/airflow/dags/extraction_DAG.py for tasks to queue
[2026-09-17T14:54:32.868+0000] {logging_mixin.py:188} INFO - [2026-09-17T14:54:32.867+0000] {dagbag.py:545} INFO - Filling up the DagBag from /opt/airflow/dags/extraction_DAG.py
[2026-09-17T14:54:33.177+0000] {processor.py:840} INFO - DAG(s) 'extraction_DAG' retrieved from /opt/airflow/dags/extraction_DAG.py
[2026-09-17T14:54:33.189+0000] {logging_mixin.py:188} INFO - [2026-09-17T14:54:33.188+0000] {dag.py:3096} INFO - Sync 1 DAGs
[2026-09-17T14:54:33.201+0000] {logging_mixin.py:188} INFO - [2026-09-17T14:54:33.201+0000] {dag.py:3954} INFO - Setting next_dagrun for extraction_DAG to 2026-09-17 13:00:00+00:00, run_after=2026-09-17 14:00:00+00:00
[2026-09-17T14:54:33.211+0000] {processor.py:183} INFO - Processing /opt/airflow/dags/extraction_DAG.py took 0.348 seconds
[2026-09-17T14:55:03.346+0000] {processor.py:161} INFO - Started process (PID=7289) to work on /opt/airflow/dags/extraction_DAG.py
[2026-09-17T14:55:03.352+0000] {processor.py:830} INFO - Processing file /opt/airflow/dags/extraction_DAG.py for tasks to queue
[2026-09-17T14:55:03.354+0000] {logging_mixin.py:188} INFO - [2026-09-17T14:55:03.354+0000] {dagbag.py:545} INFO - Filling up the DagBag from /opt/airflow/dags/extraction_DAG.py
[2026-09-17T14:55:03.660+0000] {processor.py:840} INFO - DAG(s) 'extraction_DAG' retrieved from /opt/airflow/dags/extraction_DAG.py
[2026-09-17T14:55:03.672+0000] {logging_mixin.py:188} INFO - [2026-09-17T14:55:03.671+0000] {dag.py:3096} INFO - Sync 1 DAGs
[2026-09-17T14:55:03.685+0000] {logging_mixin.py:188} INFO - [2026-09-17T14:55:03.684+0000] {dag.py:3954} INFO - Setting next_dagrun for extraction_DAG to 2026-09-17 13:00:00+00:00, run_after=2026-09-17 14:00:00+00:00
[2026-09-17T14:55:03.697+0000] {processor.py:183} INFO - Processing /opt/airflow/dags/extraction_DAG.py took 0.360 seconds
[2026-09-17T14:55:33.809+0000] {processor.py:161} INFO - Started process (PID=7299) to work on /opt/airflow/dags/extraction_DAG.py
[2026-09-17T14:55:33.810+0000] {processor.py:830} INFO - Processing file /opt/airflow/dags/extraction_DAG.py for tasks to queue
[2026-09-17T14:55:33.810+0000] {logging_mixin.py:188} INFO - [2026-09-17T14:55:33.810+0000] {dagbag.py:545} INFO - Filling up the DagBag from /opt/airflow/dags/extraction_DAG.py
[2026-09-17T14:55:34.103+0000] {processor.py:840} INFO - DAG(s) 'extraction_DAG' retrieved from /opt/airflow/dags/extraction_DAG.py
[2026-09-17T14:55:34.115+0000] {logging_mixin.py:188} INFO - [2026-09-17T14:55:34.115+0000] {dag.py:3096} INFO - Sync 1 DAGs
[2026-09-17T14:55:34.129+0000] {logging_mixin.py:188} INFO - [2026-09-17T14:55:34.129+0000] {dag.py:3954} INFO - Setting next_dagrun for extraction_DAG to 2026-09-17 13:00:00+00:00, run_after=2026-09-17 14:00:00+00:00
[2026-09-17T14:55:34.138+0000] {processor.py:183} INFO - Processing /opt/airflow/dags/extraction_DAG.py took 0.332 seconds
[2026-09-17T14:56:04.282+0000] {processor.py:161} INFO - Started process (PID=7309) to work on /opt/airflow/dags/extraction_DAG.py
[2026-09-17T14:56:04.289+0000] {processor.py:830} INFO - Processing file /opt/airflow/dags/extraction_DAG.py for tasks to queue
[2026-09-17T14:56:04.291+0000] {logging_mixin.py:188} INFO - [2026-09-17T14:56:04.290+0000] {dagbag.py:545} INFO - Filling up the DagBag from /opt/airflow/dags/extraction_DAG.py
[2026-09-17T14:56:04.584+0000] {processor.py:840} INFO - DAG(s) 'extraction_DAG' retrieved from /opt/airflow/dags/extraction_DAG.py
[2026-09-17T14:56:04.596+0000] {logging_mixin.py:188} INFO - [2026-09-17T14:56:04.595+0000] {dag.py:3096} INFO - Sync 1 DAGs
[2026-09-17T14:56:04.610+0000] {logging_mixin.py:188} INFO - [2026-09-17T14:56:04.610+0000] {dag.py:3954} INFO - Setting next_dagrun for extraction_DAG to 2026-09-17 13:00:00+00:00, run_after=2026-09-17 14:00:00+00:00
[2026-09-17T14:56:04.619+0000] {processor.py:183} INFO - Processing /opt/airflow/dags/extraction_DAG.py took 0.345 seconds
[2026-09-17T14:56:34.756+0000] {processor.py:161} INFO - Started process (PID=7319) to work on /opt/airflow/dags/extraction_DAG.py
[2026-09-17T14:56:34.756+0000] {processor.py:830} INFO - Processing file /opt/airflow/dags/extraction_DAG.py for tasks to queue
[2026-09-17T14:56:34.757+0000] {logging_mixin.py:188} INFO - [2026-09-17T14:56:34.756+0000] {dagbag.py:545} INFO - Filling up the DagBag from /opt/airflow/dags/extraction_DAG.py
[2026-09-17T14:56:35.080+0000] {processor.py:840} INFO - DAG(s) 'extraction_DAG' retrieved from /opt/airflow/dags/extraction_DAG.py
[2026-09-17T14:56:35.092+0000] {logging_mixin.py:188} INFO - [2026-09-17T14:56:35.091+0000] {dag.py:3096} INFO - Sync 1 DAGs
[2026-09-17T14:56:35.107+0000] {logging_mixin.py:188} INFO - [2026-09-17T14:56:35.107+0000] {dag.py:3954} INFO - Setting next_dagrun for extraction_DAG to 2026-09-17 13:00:00+00:00, run_after=2026-09-17 14:00:00+00:00
[2026-09-17T14:56:35.117+0000] {processor.py:183} INFO - Processing /opt/airflow/dags/extraction_DAG.py took 0.366 seconds
[2026-09-17T14:57:05.227+0000] {processor.py:161} INFO - Started process (PID=7329) to work on /opt/airflow/dags/extraction_DAG.py
[2026-09-17T14:57:05.307+0000] {processor.py:830} INFO - Processing file /opt/airflow/dags/extraction_DAG.py for tasks to queue
[2026-09-17T14:57:05.308+0000] {logging_mixin.py:188} INFO - [2026-09-17T14:57:05.308+0000] {dagbag.py:545} INFO - Filling up the DagBag from /opt/airflow/dags/extraction_DAG.py
[2026-09-17T14:57:05.625+0000] {processor.py:840} INFO - DAG(s) 'extraction_DAG' retrieved from /opt/airflow/dags/extraction_DAG.py
[2026-09-17T14:57:05.638+0000] {logging_mixin.py:188} INFO - [2026-09-17T14:57:05.638+0000] {dag.py:3096} INFO - Sync 1 DAGs
[2026-09-17T14:57:05.652+0000] {logging_mixin.py:188} INFO - [2026-09-17T14:57:05.652+0000] {dag.py:3954} INFO - Setting next_dagrun for extraction_DAG to 2026-09-17 13:00:00+00:00, run_after=2026-09-17 14:00:00+00:00
[2026-09-17T14:57:05.661+0000] {processor.py:183} INFO - Processing /opt/airflow/dags/extraction_DAG.py took 0.439 seconds
[2026-09-17T14:57:35.703+0000] {processor.py:161} INFO - Started process (PID=7339) to work on /opt/airflow/dags/extraction_DAG.py
[2026-09-17T14:57:35.703+0000] {processor.py:830} INFO - Processing file /opt/airflow/dags/extraction_DAG.py for tasks to queue
[2026-09-17T14:57:35.704+0000] {logging_mixin.py:188} INFO - [2026-09-17T14:57:35.704+0000] {dagbag.py:545} INFO - Filling up the DagBag from /opt/airflow/dags/extraction_DAG.py
[2026-09-17T14:57:36.029+0000] {processor.py:840} INFO - DAG(s) 'extraction_DAG' retrieved from /opt/airflow/dags/extraction_DAG.py
[2026-09-17T14:57:36.042+0000] {logging_mixin.py:188} INFO - [2026-09-17T14:57:36.041+0000] {dag.py:3096} INFO - Sync 1 DAGs
[2026-09-17T14:57:36.058+0000] {logging_mixin.py:188} INFO - [2026-09-17T14:57:36.058+0000] {dag.py:3954} INFO - Setting next_dagrun for extraction_DAG to 2026-09-17 13:00:00+00:00, run_after=2026-09-17 14:00:00+00:00
[2026-09-17T14:57:36.071+0000] {processor.py:183} INFO - Processing /opt/airflow/dags/extraction_DAG.py took 0.372 seconds
[2026-09-17T14:58:06.151+0000] {processor.py:161} INFO - Started process (PID=7349) to work on /opt/airflow/dags/extraction_DAG.py
[2026-09-17T14:58:06.167+0000] {processor.py:830} INFO - Processing file /opt/airflow/dags/extraction_DAG.py for tasks to queue
[2026-09-17T14:58:06.168+0000] {logging_mixin.py:188} INFO - [2026-09-17T14:58:06.168+0000] {dagbag.py:545} INFO - Filling up the DagBag from /opt/airflow/dags/extraction_DAG.py
[2026-09-17T14:58:06.490+0000] {processor.py:840} INFO - DAG(s) 'extraction_DAG' retrieved from /opt/airflow/dags/extraction_DAG.py
[2026-09-17T14:58:06.502+0000] {logging_mixin.py:188} INFO - [2026-09-17T14:58:06.502+0000] {dag.py:3096} INFO - Sync 1 DAGs
[2026-09-17T14:58:06.516+0000] {logging_mixin.py:188} INFO - [2026-09-17T14:58:06.516+0000] {dag.py:3954} INFO - Setting next_dagrun for extraction_DAG to 2026-09-17 13:00:00+00:00, run_after=2026-09-17 14:00:00+00:00
[2026-09-17T14:58:06.525+0000] {processor.py:183} INFO - Processing /opt/airflow/dags/extraction_DAG.py took 0.378 seconds
[2026-09-17T14:58:36.646+0000] {processor.py:161} INFO - Started process (PID=7359) to work on /opt/airflow/dags/extraction_DAG.py
[2026-09-17T14:58:36.647+0000] {processor.py:830} INFO - Processing file /opt/airflow/dags/extraction_DAG.py for tasks to queue
[2026-09-17T14:58:36.647+0000] {logging_mixin.py:188} INFO - [2026-09-17T14:58:36.647+0000] {dagbag.py:545} INFO - Filling up the DagBag from /opt/airflow/dags/extraction_DAG.py
[2026-09-17T14:58:36.974+0000] {processor.py:840} INFO - DAG(s) 'extraction_DAG' retrieved from /opt/airflow/dags/extraction_DAG.py
[2026-09-17T14:58:36.987+0000] {logging_mixin.py:188} INFO - [2026-09-17T14:58:36.987+0000] {dag.py:3096} INFO - Sync 1 DAGs
[2026-09-17T14:58:36.999+0000] {logging_mixin.py:188} INFO - [2026-09-17T14:58:36.998+0000] {dag.py:3954} INFO - Setting next_dagrun for extraction_DAG to 2026-09-17 13:00:00+00:00, run_after=2026-09-17 14:00:00+00:00
[2026-09-17T14:58:37.010+0000] {processor.py:183} INFO - Processing /opt/airflow/dags/extraction_DAG.py took 0.367 seconds
[2026-09-17T14:59:07.132+0000] {processor.py:161} INFO - Started process (PID=7369) to work on /opt/airflow/dags/extraction_DAG.py
[2026-09-17T14:59:07.141+0000] {processor.py:830} INFO - Processing file /opt/airflow/dags/extraction_DAG.py for tasks to queue
[2026-09-17T14:59:07.141+0000] {logging_mixin.py:188} INFO - [2026-09-17T14:59:07.141+0000] {dagbag.py:545} INFO - Filling up the DagBag from /opt/airflow/dags/extraction_DAG.py
[2026-09-17T14:59:07.441+0000] {processor.py:840} INFO - DAG(s) 'extraction_DAG' retrieved from /opt/airflow/dags/extraction_DAG.py
[2026-09-17T14:59:07.452+0000] {logging_mixin.py:188} INFO - [2026-09-17T14:59:07.451+0000] {dag.py:3096} INFO - Sync 1 DAGs
[2026-09-17T14:59:07.464+0000] {logging_mixin.py:188} INFO - [2026-09-17T14:59:07.464+0000] {dag.py:3954} INFO - Setting next_dagrun for extraction_DAG to 2026-09-17 13:00:00+00:00, run_after=2026-09-17 14:00:00+00:00
[2026-09-17T14:59:07.474+0000] {processor.py:183} INFO - Processing /opt/airflow/dags/extraction_DAG.py took 0.346 seconds
[2026-09-17T14:59:37.614+0000] {processor.py:161} INFO - Started process (PID=7379) to work on /opt/airflow/dags/extraction_DAG.py
[2026-09-17T14:59:37.614+0000] {processor.py:830} INFO - Processing file /opt/airflow/dags/extraction_DAG.py for tasks to queue
[2026-09-17T14:59:37.615+0000] {logging_mixin.py:188} INFO - [2026-09-17T14:59:37.615+0000] {dagbag.py:545} INFO - Filling up the DagBag from /opt/airflow/dags/extraction_DAG.py
[2026-09-17T14:59:37.924+0000] {processor.py:840} INFO - DAG(s) 'extraction_DAG' retrieved from /opt/airflow/dags/extraction_DAG.py
[2026-09-17T14:59:37.935+0000] {logging_mixin.py:188} INFO - [2026-09-17T14:59:37.935+0000] {dag.py:3096} INFO - Sync 1 DAGs
[2026-09-17T14:59:37.949+0000] {logging_mixin.py:188} INFO - [2026-09-17T14:59:37.949+0000] {dag.py:3954} INFO - Setting next_dagrun for extraction_DAG to 2026-09-17 13:00:00+00:00, run_after=2026-09-17 14:00:00+00:00
[2026-09-17T14:59:37.957+0000] {processor.py:183} INFO - Processing /opt/airflow/dags/extraction_DAG.py took 0.350 seconds
[2026-09-17T15:00:08.068+0000] {processor.py:161} INFO - Started process (PID=7389) to work on /opt/airflow/dags/extraction_DAG.py
[2026-09-17T15:00:08.078+0000] {processor.py:830} INFO - Processing file /opt/airflow/dags/extraction_DAG.py for tasks to queue
[2026-09-17T15:00:08.079+0000] {logging_mixin.py:188} INFO - [2026-09-17T15:00:08.079+0000] {dagbag.py:545} INFO - Filling up the DagBag from /opt/airflow/dags/extraction_DAG.py
[2026-09-17T15:00:08.387+0000] {processor.py:840} INFO - DAG(s) 'extraction_DAG' retrieved from /opt/airflow/dags/extraction_DAG.py
[2026-09-17T15:00:08.400+0000] {logging_mixin.py:188} INFO - [2026-09-17T15:00:08.400+0000] {dag.py:3096} INFO - Sync 1 DAGs
[2026-09-17T15:00:08.412+0000] {logging_mixin.py:188} INFO - [2026-09-17T15:00:08.411+0000] {dag.py:3954} INFO - Setting next_dagrun for extraction_DAG to 2026-09-17 14:00:00+00:00, run_after=2026-09-17 15:00:00+00:00
[2026-09-17T15:00:08.421+0000] {processor.py:183} INFO - Processing /opt/airflow/dags/extraction_DAG.py took 0.358 seconds
[2026-09-17T15:00:38.549+0000] {processor.py:161} INFO - Started process (PID=7399) to work on /opt/airflow/dags/extraction_DAG.py
[2026-09-17T15:00:38.549+0000] {processor.py:830} INFO - Processing file /opt/airflow/dags/extraction_DAG.py for tasks to queue
[2026-09-17T15:00:38.550+0000] {logging_mixin.py:188} INFO - [2026-09-17T15:00:38.550+0000] {dagbag.py:545} INFO - Filling up the DagBag from /opt/airflow/dags/extraction_DAG.py
[2026-09-17T15:00:38.861+0000] {processor.py:840} INFO - DAG(s) 'extraction_DAG' retrieved from /opt/airflow/dags/extraction_DAG.py
[2026-09-17T15:00:38.873+0000] {logging_mixin.py:188} INFO - [2026-09-17T15:00:38.872+0000] {dag.py:3096} INFO - Sync 1 DAGs
[2026-09-17T15:00:38.885+0000] {logging_mixin.py:188} INFO - [2026-09-17T15:00:38.885+0000] {dag.py:3954} INFO - Setting next_dagrun for extraction_DAG to 2026-09-17 14:00:00+00:00, run_after=2026-09-17 15:00:00+00:00
[2026-09-17T15:00:38.894+0000] {processor.py:183} INFO - Processing /opt/airflow/dags/extraction_DAG.py took 0.351 seconds
[2026-09-17T15:01:09.028+0000] {processor.py:161} INFO - Started process (PID=7409) to work on /opt/airflow/dags/extraction_DAG.py
[2026-09-17T15:01:09.111+0000] {processor.py:830} INFO - Processing file /opt/airflow/dags/extraction_DAG.py for tasks to queue
[2026-09-17T15:01:09.112+0000] {logging_mixin.py:188} INFO - [2026-09-17T15:01:09.112+0000] {dagbag.py:545} INFO - Filling up the DagBag from /opt/airflow/dags/extraction_DAG.py
[2026-09-17T15:01:09.437+0000] {processor.py:840} INFO - DAG(s) 'extraction_DAG' retrieved from /opt/airflow/dags/extraction_DAG.py
[2026-09-17T15:01:09.449+0000] {logging_mixin.py:188} INFO - [2026-09-17T15:01:09.449+0000] {dag.py:3096} INFO - Sync 1 DAGs
[2026-09-17T15:01:09.462+0000] {logging_mixin.py:188} INFO - [2026-09-17T15:01:09.462+0000] {dag.py:3954} INFO - Setting next_dagrun for extraction_DAG to 2026-09-17 14:00:00+00:00, run_after=2026-09-17 15:00:00+00:00
[2026-09-17T15:01:09.471+0000] {processor.py:183} INFO - Processing /opt/airflow/dags/extraction_DAG.py took 0.449 seconds
[2026-09-17T15:01:39.586+0000] {processor.py:161} INFO - Started process (PID=7419) to work on /opt/airflow/dags/extraction_DAG.py
[2026-09-17T15:01:39.586+0000] {processor.py:830} INFO - Processing file /opt/airflow/dags/extraction_DAG.py for tasks to queue
[2026-09-17T15:01:39.587+0000] {logging_mixin.py:188} INFO - [2026-09-17T15:01:39.587+0000] {dagbag.py:545} INFO - Filling up the DagBag from /opt/airflow/dags/extraction_DAG.py
[2026-09-17T15:01:39.891+0000] {processor.py:840} INFO - DAG(s) 'extraction_DAG' retrieved from /opt/airflow/dags/extraction_DAG.py
[2026-09-17T15:01:39.903+0000] {logging_mixin.py:188} INFO - [2026-09-17T15:01:39.902+0000] {dag.py:3096} INFO - Sync 1 DAGs
[2026-09-17T15:01:39.914+0000] {logging_mixin.py:188} INFO - [2026-09-17T15:01:39.914+0000] {dag.py:3954} INFO - Setting next_dagrun for extraction_DAG to 2026-09-17 14:00:00+00:00, run_after=2026-09-17 15:00:00+00:00
[2026-09-17T15:01:39.926+0000] {processor.py:183} INFO - Processing /opt/airflow/dags/extraction_DAG.py took 0.345 seconds
[2026-09-17T15:02:10.056+0000] {processor.py:161} INFO - Started process (PID=7429) to work on /opt/airflow/dags/extraction_DAG.py
[2026-09-17T15:02:10.059+0000] {processor.py:830} INFO - Processing file /opt/airflow/dags/extraction_DAG.py for tasks to queue
[2026-09-17T15:02:10.060+0000] {logging_mixin.py:188} INFO - [2026-09-17T15:02:10.060+0000] {dagbag.py:545} INFO - Filling up the DagBag from /opt/airflow/dags/extraction_DAG.py
[2026-09-17T15:02:10.360+0000] {processor.py:840} INFO - DAG(s) 'extraction_DAG' retrieved from /opt/airflow/dags/extraction_DAG.py
[2026-09-17T15:02:10.372+0000] {logging_mixin.py:188} INFO - [2026-09-17T15:02:10.372+0000] {dag.py:3096} INFO - Sync 1 DAGs
[2026-09-17T15:02:10.385+0000] {logging_mixin.py:188} INFO - [2026-09-17T15:02:10.385+0000] {dag.py:3954} INFO - Setting next_dagrun for extraction_DAG to 2026-09-17 14:00:00+00:00, run_after=2026-09-17 15:00:00+00:00
[2026-09-17T15:02:10.394+0000] {processor.py:183} INFO - Processing /opt/airflow/dags/extraction_DAG.py took 0.347 seconds
[2026-09-17T15:02:40.546+0000] {processor.py:161} INFO - Started process (PID=7439) to work on /opt/airflow/dags/extraction_DAG.py
[2026-09-17T15:02:40.546+0000] {processor.py:830} INFO - Processing file /opt/airflow/dags/extraction_DAG.py for tasks to queue
[2026-09-17T15:02:40.547+0000] {logging_mixin.py:188} INFO - [2026-09-17T15:02:40.547+0000] {dagbag.py:545} INFO - Filling up the DagBag from /opt/airflow/dags/extraction_DAG.py
[2026-09-17T15:02:40.847+0000] {processor.py:840} INFO - DAG(s) 'extraction_DAG' retrieved from /opt/airflow/dags/extraction_DAG.py
[2026-09-17T15:02:40.858+0000] {logging_mixin.py:188} INFO - [2026-09-17T15:02:40.858+0000] {dag.py:3096} INFO - Sync 1 DAGs
[2026-09-17T15:02:40.871+0000] {logging_mixin.py:188} INFO - [2026-09-17T15:02:40.871+0000] {dag.py:3954} INFO - Setting next_dagrun for extraction_DAG to 2026-09-17 14:00:00+00:00, run_after=2026-09-17 15:00:00+00:00
[2026-09-17T15:02:40.883+0000] {processor.py:183} INFO - Processing /opt/airflow/dags/extraction_DAG.py took 0.348 seconds
[2026-09-17T15:03:11.030+0000] {processor.py:161} INFO - Started process (PID=7449) to work on /opt/airflow/dags/extraction_DAG.py
[2026-09-17T15:03:11.381+0000] {processor.py:830} INFO - Processing file /opt/airflow/dags/extraction_DAG.py for tasks to queue
[2026-09-17T15:03:11.382+0000] {logging_mixin.py:188} INFO - [2026-09-17T15:03:11.382+0000] {dagbag.py:545} INFO - Filling up the DagBag from /opt/airflow/dags/extraction_DAG.py
[2026-09-17T15:03:11.693+0000] {processor.py:840} INFO - DAG(s) 'extraction_DAG' retrieved from /opt/airflow/dags/extraction_DAG.py
[2026-09-17T15:03:11.706+0000] {logging_mixin.py:188} INFO - [2026-09-17T15:03:11.705+0000] {dag.py:3096} INFO - Sync 1 DAGs
[2026-09-17T15:03:11.718+0000] {logging_mixin.py:188} INFO - [2026-09-17T15:03:11.718+0000] {dag.py:3954} INFO - Setting next_dagrun for extraction_DAG to 2026-09-17 14:00:00+00:00, run_after=2026-09-17 15:00:00+00:00
[2026-09-17T15:03:11.727+0000] {processor.py:183} INFO - Processing /opt/airflow/dags/extraction_DAG.py took 0.702 seconds
[2026-09-17T15:03:41.865+0000] {processor.py:161} INFO - Started process (PID=7459) to work on /opt/airflow/dags/extraction_DAG.py
[2026-09-17T15:03:41.866+0000] {processor.py:830} INFO - Processing file /opt/airflow/dags/extraction_DAG.py for tasks to queue
[2026-09-17T15:03:41.867+0000] {logging_mixin.py:188} INFO - [2026-09-17T15:03:41.866+0000] {dagbag.py:545} INFO - Filling up the DagBag from /opt/airflow/dags/extraction_DAG.py
[2026-09-17T15:03:42.165+0000] {processor.py:840} INFO - DAG(s) 'extraction_DAG' retrieved from /opt/airflow/dags/extraction_DAG.py
[2026-09-17T15:03:42.178+0000] {logging_mixin.py:188} INFO - [2026-09-17T15:03:42.177+0000] {dag.py:3096} INFO - Sync 1 DAGs
[2026-09-17T15:03:42.190+0000] {logging_mixin.py:188} INFO - [2026-09-17T15:03:42.190+0000] {dag.py:3954} INFO - Setting next_dagrun for extraction_DAG to 2026-09-17 14:00:00+00:00, run_after=2026-09-17 15:00:00+00:00
[2026-09-17T15:03:42.199+0000] {processor.py:183} INFO - Processing /opt/airflow/dags/extraction_DAG.py took 0.339 seconds
[2026-09-17T15:04:12.305+0000] {processor.py:161} INFO - Started process (PID=7470) to work on /opt/airflow/dags/extraction_DAG.py
[2026-09-17T15:04:12.324+0000] {processor.py:830} INFO - Processing file /opt/airflow/dags/extraction_DAG.py for tasks to queue
[2026-09-17T15:04:12.325+0000] {logging_mixin.py:188} INFO - [2026-09-17T15:04:12.324+0000] {dagbag.py:545} INFO - Filling up the DagBag from /opt/airflow/dags/extraction_DAG.py
[2026-09-17T15:04:12.634+0000] {processor.py:840} INFO - DAG(s) 'extraction_DAG' retrieved from /opt/airflow/dags/extraction_DAG.py
[2026-09-17T15:04:12.646+0000] {logging_mixin.py:188} INFO - [2026-09-17T15:04:12.646+0000] {dag.py:3096} INFO - Sync 1 DAGs
[2026-09-17T15:04:12.659+0000] {logging_mixin.py:188} INFO - [2026-09-17T15:04:12.658+0000] {dag.py:3954} INFO - Setting next_dagrun for extraction_DAG to 2026-09-17 14:00:00+00:00, run_after=2026-09-17 15:00:00+00:00
[2026-09-17T15:04:12.669+0000] {processor.py:183} INFO - Processing /opt/airflow/dags/extraction_DAG.py took 0.368 seconds
[2026-09-17T15:04:42.780+0000] {processor.py:161} INFO - Started process (PID=7480) to work on /opt/airflow/dags/extraction_DAG.py
[2026-09-17T15:04:42.780+0000] {processor.py:830} INFO - Processing file /opt/airflow/dags/extraction_DAG.py for tasks to queue
[2026-09-17T15:04:42.781+0000] {logging_mixin.py:188} INFO - [2026-09-17T15:04:42.780+0000] {dagbag.py:545} INFO - Filling up the DagBag from /opt/airflow/dags/extraction_DAG.py
[2026-09-17T15:04:43.098+0000] {processor.py:840} INFO - DAG(s) 'extraction_DAG' retrieved from /opt/airflow/dags/extraction_DAG.py
[2026-09-17T15:04:43.109+0000] {logging_mixin.py:188} INFO - [2026-09-17T15:04:43.109+0000] {dag.py:3096} INFO - Sync 1 DAGs
[2026-09-17T15:04:43.123+0000] {logging_mixin.py:188} INFO - [2026-09-17T15:04:43.123+0000] {dag.py:3954} INFO - Setting next_dagrun for extraction_DAG to 2026-09-17 14:00:00+00:00, run_after=2026-09-17 15:00:00+00:00
[2026-09-17T15:04:43.134+0000] {processor.py:183} INFO - Processing /opt/airflow/dags/extraction_DAG.py took 0.360 seconds
[2026-09-17T15:05:13.236+0000] {processor.py:161} INFO - Started process (PID=7490) to work on /opt/airflow/dags/extraction_DAG.py
[2026-09-17T15:05:13.324+0000] {processor.py:830} INFO - Processing file /opt/airflow/dags/extraction_DAG.py for tasks to queue
[2026-09-17T15:05:13.325+0000] {logging_mixin.py:188} INFO - [2026-09-17T15:05:13.325+0000] {dagbag.py:545} INFO - Filling up the DagBag from /opt/airflow/dags/extraction_DAG.py
[2026-09-17T15:05:13.656+0000] {processor.py:840} INFO - DAG(s) 'extraction_DAG' retrieved from /opt/airflow/dags/extraction_DAG.py
[2026-09-17T15:05:13.668+0000] {logging_mixin.py:188} INFO - [2026-09-17T15:05:13.668+0000] {dag.py:3096} INFO - Sync 1 DAGs
[2026-09-17T15:05:13.682+0000] {logging_mixin.py:188} INFO - [2026-09-17T15:05:13.682+0000] {dag.py:3954} INFO - Setting next_dagrun for extraction_DAG to 2026-09-17 14:00:00+00:00, run_after=2026-09-17 15:00:00+00:00
[2026-09-17T15:05:13.692+0000] {processor.py:183} INFO - Processing /opt/airflow/dags/extraction_DAG.py took 0.461 seconds
[2026-09-17T15:05:43.848+0000] {processor.py:161} INFO - Started process (PID=7500) to work on /opt/airflow/dags/extraction_DAG.py
[2026-09-17T15:05:43.849+0000] {processor.py:830} INFO - Processing file /opt/airflow/dags/extraction_DAG.py for tasks to queue
[2026-09-17T15:05:43.850+0000] {logging_mixin.py:188} INFO - [2026-09-17T15:05:43.850+0000] {dagbag.py:545} INFO - Filling up the DagBag from /opt/airflow/dags/extraction_DAG.py
[2026-09-17T15:05:44.181+0000] {processor.py:840} INFO - DAG(s) 'extraction_DAG' retrieved from /opt/airflow/dags/extraction_DAG.py
[2026-09-17T15:05:44.198+0000] {logging_mixin.py:188} INFO - [2026-09-17T15:05:44.197+0000] {dag.py:3096} INFO - Sync 1 DAGs
[2026-09-17T15:05:44.215+0000] {logging_mixin.py:188} INFO - [2026-09-17T15:05:44.214+0000] {dag.py:3954} INFO - Setting next_dagrun for extraction_DAG to 2026-09-17 14:00:00+00:00, run_after=2026-09-17 15:00:00+00:00
[2026-09-17T15:05:44.227+0000] {processor.py:183} INFO - Processing /opt/airflow/dags/extraction_DAG.py took 0.387 seconds
[2026-09-17T15:06:14.378+0000] {processor.py:161} INFO - Started process (PID=7510) to work on /opt/airflow/dags/extraction_DAG.py
[2026-09-17T15:06:14.473+0000] {processor.py:830} INFO - Processing file /opt/airflow/dags/extraction_DAG.py for tasks to queue
[2026-09-17T15:06:14.474+0000] {logging_mixin.py:188} INFO - [2026-09-17T15:06:14.474+0000] {dagbag.py:545} INFO - Filling up the DagBag from /opt/airflow/dags/extraction_DAG.py
[2026-09-17T15:06:14.783+0000] {processor.py:840} INFO - DAG(s) 'extraction_DAG' retrieved from /opt/airflow/dags/extraction_DAG.py
[2026-09-17T15:06:14.795+0000] {logging_mixin.py:188} INFO - [2026-09-17T15:06:14.795+0000] {dag.py:3096} INFO - Sync 1 DAGs
[2026-09-17T15:06:14.807+0000] {logging_mixin.py:188} INFO - [2026-09-17T15:06:14.807+0000] {dag.py:3954} INFO - Setting next_dagrun for extraction_DAG to 2026-09-17 14:00:00+00:00, run_after=2026-09-17 15:00:00+00:00
[2026-09-17T15:06:14.817+0000] {processor.py:183} INFO - Processing /opt/airflow/dags/extraction_DAG.py took 0.447 seconds
