[2026-09-17T10:57:06.526+0000] {processor.py:161} INFO - Started process (PID=2582) to work on /opt/airflow/dags/transformation_DAG.py
[2026-09-17T10:57:06.527+0000] {processor.py:830} INFO - Processing file /opt/airflow/dags/transformation_DAG.py for tasks to queue
[2026-09-17T10:57:06.528+0000] {logging_mixin.py:188} INFO - [2026-09-17T10:57:06.528+0000] {dagbag.py:545} INFO - Filling up the DagBag from /opt/airflow/dags/transformation_DAG.py
[2026-09-17T10:57:06.834+0000] {processor.py:840} INFO - DAG(s) 'load_transform_data_DAG' retrieved from /opt/airflow/dags/transformation_DAG.py
[2026-09-17T10:57:06.891+0000] {logging_mixin.py:188} INFO - [2026-09-17T10:57:06.891+0000] {override.py:1829} INFO - Created Permission View: can edit on DAG:load_transform_data_DAG
[2026-09-17T10:57:06.896+0000] {logging_mixin.py:188} INFO - [2026-09-17T10:57:06.896+0000] {override.py:1829} INFO - Created Permission View: can delete on DAG:load_transform_data_DAG
[2026-09-17T10:57:06.900+0000] {logging_mixin.py:188} INFO - [2026-09-17T10:57:06.900+0000] {override.py:1829} INFO - Created Permission View: can read on DAG:load_transform_data_DAG
[2026-09-17T10:57:06.900+0000] {logging_mixin.py:188} INFO - [2026-09-17T10:57:06.900+0000] {dag.py:3096} INFO - Sync 1 DAGs
[2026-09-17T10:57:06.906+0000] {logging_mixin.py:188} INFO - [2026-09-17T10:57:06.906+0000] {dag.py:3118} INFO - Creating ORM DAG for load_transform_data_DAG
[2026-09-17T10:57:06.906+0000] {logging_mixin.py:188} INFO - [2026-09-17T10:57:06.906+0000] {dag.py:3954} INFO - Setting next_dagrun for load_transform_data_DAG to None, run_after=None
[2026-09-17T10:57:06.913+0000] {processor.py:183} INFO - Processing /opt/airflow/dags/transformation_DAG.py took 0.391 seconds
[2026-09-17T10:57:37.558+0000] {processor.py:161} INFO - Started process (PID=2592) to work on /opt/airflow/dags/transformation_DAG.py
[2026-09-17T10:57:37.559+0000] {processor.py:830} INFO - Processing file /opt/airflow/dags/transformation_DAG.py for tasks to queue
[2026-09-17T10:57:37.561+0000] {logging_mixin.py:188} INFO - [2026-09-17T10:57:37.561+0000] {dagbag.py:545} INFO - Filling up the DagBag from /opt/airflow/dags/transformation_DAG.py
[2026-09-17T10:57:37.877+0000] {processor.py:840} INFO - DAG(s) 'load_transform_data_DAG' retrieved from /opt/airflow/dags/transformation_DAG.py
[2026-09-17T10:57:37.888+0000] {logging_mixin.py:188} INFO - [2026-09-17T10:57:37.888+0000] {dag.py:3096} INFO - Sync 1 DAGs
[2026-09-17T10:57:37.895+0000] {logging_mixin.py:188} INFO - [2026-09-17T10:57:37.895+0000] {dag.py:3954} INFO - Setting next_dagrun for load_transform_data_DAG to None, run_after=None
[2026-09-17T10:57:37.905+0000] {processor.py:183} INFO - Processing /opt/airflow/dags/transformation_DAG.py took 0.357 seconds
[2026-09-17T10:58:08.062+0000] {processor.py:161} INFO - Started process (PID=2602) to work on /opt/airflow/dags/transformation_DAG.py
[2026-09-17T10:58:08.069+0000] {processor.py:830} INFO - Processing file /opt/airflow/dags/transformation_DAG.py for tasks to queue
[2026-09-17T10:58:08.072+0000] {logging_mixin.py:188} INFO - [2026-09-17T10:58:08.071+0000] {dagbag.py:545} INFO - Filling up the DagBag from /opt/airflow/dags/transformation_DAG.py
[2026-09-17T10:58:08.375+0000] {processor.py:840} INFO - DAG(s) 'load_transform_data_DAG' retrieved from /opt/airflow/dags/transformation_DAG.py
[2026-09-17T10:58:08.385+0000] {logging_mixin.py:188} INFO - [2026-09-17T10:58:08.385+0000] {dag.py:3096} INFO - Sync 1 DAGs
[2026-09-17T10:58:08.391+0000] {logging_mixin.py:188} INFO - [2026-09-17T10:58:08.391+0000] {dag.py:3954} INFO - Setting next_dagrun for load_transform_data_DAG to None, run_after=None
[2026-09-17T10:58:08.401+0000] {processor.py:183} INFO - Processing /opt/airflow/dags/transformation_DAG.py took 0.348 seconds
[2026-09-17T10:58:38.546+0000] {processor.py:161} INFO - Started process (PID=2612) to work on /opt/airflow/dags/transformation_DAG.py
[2026-09-17T10:58:38.547+0000] {processor.py:830} INFO - Processing file /opt/airflow/dags/transformation_DAG.py for tasks to queue
[2026-09-17T10:58:38.548+0000] {logging_mixin.py:188} INFO - [2026-09-17T10:58:38.547+0000] {dagbag.py:545} INFO - Filling up the DagBag from /opt/airflow/dags/transformation_DAG.py
[2026-09-17T10:58:38.862+0000] {processor.py:840} INFO - DAG(s) 'load_transform_data_DAG' retrieved from /opt/airflow/dags/transformation_DAG.py
[2026-09-17T10:58:38.872+0000] {logging_mixin.py:188} INFO - [2026-09-17T10:58:38.872+0000] {dag.py:3096} INFO - Sync 1 DAGs
[2026-09-17T10:58:38.879+0000] {logging_mixin.py:188} INFO - [2026-09-17T10:58:38.879+0000] {dag.py:3954} INFO - Setting next_dagrun for load_transform_data_DAG to None, run_after=None
[2026-09-17T10:58:38.889+0000] {processor.py:183} INFO - Processing /opt/airflow/dags/transformation_DAG.py took 0.347 seconds
[2026-09-17T10:59:09.034+0000] {processor.py:161} INFO - Started process (PID=2622) to work on /opt/airflow/dags/transformation_DAG.py
[2026-09-17T10:59:09.075+0000] {processor.py:830} INFO - Processing file /opt/airflow/dags/transformation_DAG.py for tasks to queue
[2026-09-17T10:59:09.077+0000] {logging_mixin.py:188} INFO - [2026-09-17T10:59:09.077+0000] {dagbag.py:545} INFO - Filling up the DagBag from /opt/airflow/dags/transformation_DAG.py
[2026-09-17T10:59:09.381+0000] {processor.py:840} INFO - DAG(s) 'load_transform_data_DAG' retrieved from /opt/airflow/dags/transformation_DAG.py
[2026-09-17T10:59:09.392+0000] {logging_mixin.py:188} INFO - [2026-09-17T10:59:09.392+0000] {dag.py:3096} INFO - Sync 1 DAGs
[2026-09-17T10:59:09.398+0000] {logging_mixin.py:188} INFO - [2026-09-17T10:59:09.398+0000] {dag.py:3954} INFO - Setting next_dagrun for load_transform_data_DAG to None, run_after=None
[2026-09-17T10:59:09.408+0000] {processor.py:183} INFO - Processing /opt/airflow/dags/transformation_DAG.py took 0.383 seconds
[2026-09-17T10:59:39.526+0000] {processor.py:161} INFO - Started process (PID=2632) to work on /opt/airflow/dags/transformation_DAG.py
[2026-09-17T10:59:39.527+0000] {processor.py:830} INFO - Processing file /opt/airflow/dags/transformation_DAG.py for tasks to queue
[2026-09-17T10:59:39.528+0000] {logging_mixin.py:188} INFO - [2026-09-17T10:59:39.528+0000] {dagbag.py:545} INFO - Filling up the DagBag from /opt/airflow/dags/transformation_DAG.py
[2026-09-17T10:59:39.842+0000] {processor.py:840} INFO - DAG(s) 'load_transform_data_DAG' retrieved from /opt/airflow/dags/transformation_DAG.py
[2026-09-17T10:59:39.853+0000] {logging_mixin.py:188} INFO - [2026-09-17T10:59:39.852+0000] {dag.py:3096} INFO - Sync 1 DAGs
[2026-09-17T10:59:39.860+0000] {logging_mixin.py:188} INFO - [2026-09-17T10:59:39.860+0000] {dag.py:3954} INFO - Setting next_dagrun for load_transform_data_DAG to None, run_after=None
[2026-09-17T10:59:39.870+0000] {processor.py:183} INFO - Processing /opt/airflow/dags/transformation_DAG.py took 0.353 seconds
[2026-09-17T11:00:09.998+0000] {processor.py:161} INFO - Started process (PID=2642) to work on /opt/airflow/dags/transformation_DAG.py
[2026-09-17T11:00:09.999+0000] {processor.py:830} INFO - Processing file /opt/airflow/dags/transformation_DAG.py for tasks to queue
[2026-09-17T11:00:10.001+0000] {logging_mixin.py:188} INFO - [2026-09-17T11:00:10.001+0000] {dagbag.py:545} INFO - Filling up the DagBag from /opt/airflow/dags/transformation_DAG.py
[2026-09-17T11:00:10.297+0000] {processor.py:840} INFO - DAG(s) 'load_transform_data_DAG' retrieved from /opt/airflow/dags/transformation_DAG.py
[2026-09-17T11:00:10.308+0000] {logging_mixin.py:188} INFO - [2026-09-17T11:00:10.308+0000] {dag.py:3096} INFO - Sync 1 DAGs
[2026-09-17T11:00:10.314+0000] {logging_mixin.py:188} INFO - [2026-09-17T11:00:10.314+0000] {dag.py:3954} INFO - Setting next_dagrun for load_transform_data_DAG to None, run_after=None
[2026-09-17T11:00:10.323+0000] {processor.py:183} INFO - Processing /opt/airflow/dags/transformation_DAG.py took 0.335 seconds
[2026-09-17T11:00:40.453+0000] {processor.py:161} INFO - Started process (PID=2652) to work on /opt/airflow/dags/transformation_DAG.py
[2026-09-17T11:00:40.454+0000] {processor.py:830} INFO - Processing file /opt/airflow/dags/transformation_DAG.py for tasks to queue
[2026-09-17T11:00:40.456+0000] {logging_mixin.py:188} INFO - [2026-09-17T11:00:40.456+0000] {dagbag.py:545} INFO - Filling up the DagBag from /opt/airflow/dags/transformation_DAG.py
[2026-09-17T11:00:40.736+0000] {processor.py:840} INFO - DAG(s) 'load_transform_data_DAG' retrieved from /opt/airflow/dags/transformation_DAG.py
[2026-09-17T11:00:40.747+0000] {logging_mixin.py:188} INFO - [2026-09-17T11:00:40.747+0000] {dag.py:3096} INFO - Sync 1 DAGs
[2026-09-17T11:00:40.754+0000] {logging_mixin.py:188} INFO - [2026-09-17T11:00:40.753+0000] {dag.py:3954} INFO - Setting next_dagrun for load_transform_data_DAG to None, run_after=None
[2026-09-17T11:00:40.763+0000] {processor.py:183} INFO - Processing /opt/airflow/dags/transformation_DAG.py took 0.318 seconds
[2026-09-17T11:01:10.897+0000] {processor.py:161} INFO - Started process (PID=2663) to work on /opt/airflow/dags/transformation_DAG.py
[2026-09-17T11:01:10.924+0000] {processor.py:830} INFO - Processing file /opt/airflow/dags/transformation_DAG.py for tasks to queue
[2026-09-17T11:01:10.926+0000] {logging_mixin.py:188} INFO - [2026-09-17T11:01:10.925+0000] {dagbag.py:545} INFO - Filling up the DagBag from /opt/airflow/dags/transformation_DAG.py
[2026-09-17T11:01:11.242+0000] {processor.py:840} INFO - DAG(s) 'load_transform_data_DAG' retrieved from /opt/airflow/dags/transformation_DAG.py
[2026-09-17T11:01:11.253+0000] {logging_mixin.py:188} INFO - [2026-09-17T11:01:11.253+0000] {dag.py:3096} INFO - Sync 1 DAGs
[2026-09-17T11:01:11.260+0000] {logging_mixin.py:188} INFO - [2026-09-17T11:01:11.260+0000] {dag.py:3954} INFO - Setting next_dagrun for load_transform_data_DAG to None, run_after=None
[2026-09-17T11:01:11.269+0000] {processor.py:183} INFO - Processing /opt/airflow/dags/transformation_DAG.py took 0.375 seconds
[2026-09-17T11:01:41.410+0000] {processor.py:161} INFO - Started process (PID=2673) to work on /opt/airflow/dags/transformation_DAG.py
[2026-09-17T11:01:41.411+0000] {processor.py:830} INFO - Processing file /opt/airflow/dags/transformation_DAG.py for tasks to queue
[2026-09-17T11:01:41.412+0000] {logging_mixin.py:188} INFO - [2026-09-17T11:01:41.412+0000] {dagbag.py:545} INFO - Filling up the DagBag from /opt/airflow/dags/transformation_DAG.py
[2026-09-17T11:01:41.715+0000] {processor.py:840} INFO - DAG(s) 'load_transform_data_DAG' retrieved from /opt/airflow/dags/transformation_DAG.py
[2026-09-17T11:01:41.725+0000] {logging_mixin.py:188} INFO - [2026-09-17T11:01:41.725+0000] {dag.py:3096} INFO - Sync 1 DAGs
[2026-09-17T11:01:41.732+0000] {logging_mixin.py:188} INFO - [2026-09-17T11:01:41.732+0000] {dag.py:3954} INFO - Setting next_dagrun for load_transform_data_DAG to None, run_after=None
[2026-09-17T11:01:41.741+0000] {processor.py:183} INFO - Processing /opt/airflow/dags/transformation_DAG.py took 0.337 seconds
[2026-09-17T11:02:11.886+0000] {processor.py:161} INFO - Started process (PID=2683) to work on /opt/airflow/dags/transformation_DAG.py
[2026-09-17T11:02:11.896+0000] {processor.py:830} INFO - Processing file /opt/airflow/dags/transformation_DAG.py for tasks to queue
[2026-09-17T11:02:11.899+0000] {logging_mixin.py:188} INFO - [2026-09-17T11:02:11.899+0000] {dagbag.py:545} INFO - Filling up the DagBag from /opt/airflow/dags/transformation_DAG.py
[2026-09-17T11:02:12.187+0000] {processor.py:840} INFO - DAG(s) 'load_transform_data_DAG' retrieved from /opt/airflow/dags/transformation_DAG.py
[2026-09-17T11:02:12.198+0000] {logging_mixin.py:188} INFO - [2026-09-17T11:02:12.198+0000] {dag.py:3096} INFO - Sync 1 DAGs
[2026-09-17T11:02:12.205+0000] {logging_mixin.py:188} INFO - [2026-09-17T11:02:12.205+0000] {dag.py:3954} INFO - Setting next_dagrun for load_transform_data_DAG to None, run_after=None
[2026-09-17T11:02:12.214+0000] {processor.py:183} INFO - Processing /opt/airflow/dags/transformation_DAG.py took 0.337 seconds
[2026-09-17T11:02:42.358+0000] {processor.py:161} INFO - Started process (PID=2693) to work on /opt/airflow/dags/transformation_DAG.py
[2026-09-17T11:02:42.359+0000] {processor.py:830} INFO - Processing file /opt/airflow/dags/transformation_DAG.py for tasks to queue
[2026-09-17T11:02:42.361+0000] {logging_mixin.py:188} INFO - [2026-09-17T11:02:42.361+0000] {dagbag.py:545} INFO - Filling up the DagBag from /opt/airflow/dags/transformation_DAG.py
[2026-09-17T11:02:42.653+0000] {processor.py:840} INFO - DAG(s) 'load_transform_data_DAG' retrieved from /opt/airflow/dags/transformation_DAG.py
[2026-09-17T11:02:42.664+0000] {logging_mixin.py:188} INFO - [2026-09-17T11:02:42.664+0000] {dag.py:3096} INFO - Sync 1 DAGs
[2026-09-17T11:02:42.670+0000] {logging_mixin.py:188} INFO - [2026-09-17T11:02:42.670+0000] {dag.py:3954} INFO - Setting next_dagrun for load_transform_data_DAG to None, run_after=None
[2026-09-17T11:02:42.679+0000] {processor.py:183} INFO - Processing /opt/airflow/dags/transformation_DAG.py took 0.331 seconds
[2026-09-17T11:03:12.829+0000] {processor.py:161} INFO - Started process (PID=2703) to work on /opt/airflow/dags/transformation_DAG.py
[2026-09-17T11:03:12.837+0000] {processor.py:830} INFO - Processing file /opt/airflow/dags/transformation_DAG.py for tasks to queue
[2026-09-17T11:03:12.838+0000] {logging_mixin.py:188} INFO - [2026-09-17T11:03:12.838+0000] {dagbag.py:545} INFO - Filling up the DagBag from /opt/airflow/dags/transformation_DAG.py
[2026-09-17T11:03:13.159+0000] {processor.py:840} INFO - DAG(s) 'load_transform_data_DAG' retrieved from /opt/airflow/dags/transformation_DAG.py
[2026-09-17T11:03:13.171+0000] {logging_mixin.py:188} INFO - [2026-09-17T11:03:13.170+0000] {dag.py:3096} INFO - Sync 1 DAGs
[2026-09-17T11:03:13.177+0000] {logging_mixin.py:188} INFO - [2026-09-17T11:03:13.177+0000] {dag.py:3954} INFO - Setting next_dagrun for load_transform_data_DAG to None, run_after=None
[2026-09-17T11:03:13.186+0000] {processor.py:183} INFO - Processing /opt/airflow/dags/transformation_DAG.py took 0.361 seconds
[2026-09-17T11:03:43.341+0000] {processor.py:161} INFO - Started process (PID=2713) to work on /opt/airflow/dags/transformation_DAG.py
[2026-09-17T11:03:43.342+0000] {processor.py:830} INFO - Processing file /opt/airflow/dags/transformation_DAG.py for tasks to queue
[2026-09-17T11:03:43.344+0000] {logging_mixin.py:188} INFO - [2026-09-17T11:03:43.344+0000] {dagbag.py:545} INFO - Filling up the DagBag from /opt/airflow/dags/transformation_DAG.py
[2026-09-17T11:03:43.635+0000] {processor.py:840} INFO - DAG(s) 'load_transform_data_DAG' retrieved from /opt/airflow/dags/transformation_DAG.py
[2026-09-17T11:03:43.646+0000] {logging_mixin.py:188} INFO - [2026-09-17T11:03:43.645+0000] {dag.py:3096} INFO - Sync 1 DAGs
[2026-09-17T11:03:43.652+0000] {logging_mixin.py:188} INFO - [2026-09-17T11:03:43.652+0000] {dag.py:3954} INFO - Setting next_dagrun for load_transform_data_DAG to None, run_after=None
[2026-09-17T11:03:43.661+0000] {processor.py:183} INFO - Processing /opt/airflow/dags/transformation_DAG.py took 0.331 seconds
[2026-09-17T11:04:13.822+0000] {processor.py:161} INFO - Started process (PID=2723) to work on /opt/airflow/dags/transformation_DAG.py
[2026-09-17T11:04:13.825+0000] {processor.py:830} INFO - Processing file /opt/airflow/dags/transformation_DAG.py for tasks to queue
[2026-09-17T11:04:13.827+0000] {logging_mixin.py:188} INFO - [2026-09-17T11:04:13.826+0000] {dagbag.py:545} INFO - Filling up the DagBag from /opt/airflow/dags/transformation_DAG.py
[2026-09-17T11:04:14.129+0000] {processor.py:840} INFO - DAG(s) 'load_transform_data_DAG' retrieved from /opt/airflow/dags/transformation_DAG.py
[2026-09-17T11:04:14.140+0000] {logging_mixin.py:188} INFO - [2026-09-17T11:04:14.140+0000] {dag.py:3096} INFO - Sync 1 DAGs
[2026-09-17T11:04:14.146+0000] {logging_mixin.py:188} INFO - [2026-09-17T11:04:14.146+0000] {dag.py:3954} INFO - Setting next_dagrun for load_transform_data_DAG to None, run_after=None
[2026-09-17T11:04:14.155+0000] {processor.py:183} INFO - Processing /opt/airflow/dags/transformation_DAG.py took 0.342 seconds
[2026-09-17T11:04:44.299+0000] {processor.py:161} INFO - Started process (PID=2733) to work on /opt/airflow/dags/transformation_DAG.py
[2026-09-17T11:04:44.299+0000] {processor.py:830} INFO - Processing file /opt/airflow/dags/transformation_DAG.py for tasks to queue
[2026-09-17T11:04:44.301+0000] {logging_mixin.py:188} INFO - [2026-09-17T11:04:44.301+0000] {dagbag.py:545} INFO - Filling up the DagBag from /opt/airflow/dags/transformation_DAG.py
[2026-09-17T11:04:44.601+0000] {processor.py:840} INFO - DAG(s) 'load_transform_data_DAG' retrieved from /opt/airflow/dags/transformation_DAG.py
[2026-09-17T11:04:44.614+0000] {logging_mixin.py:188} INFO - [2026-09-17T11:04:44.613+0000] {dag.py:3096} INFO - Sync 1 DAGs
[2026-09-17T11:04:44.620+0000] {logging_mixin.py:188} INFO - [2026-09-17T11:04:44.620+0000] {dag.py:3954} INFO - Setting next_dagrun for load_transform_data_DAG to None, run_after=None
[2026-09-17T11:04:44.630+0000] {processor.py:183} INFO - Processing /opt/airflow/dags/transformation_DAG.py took 0.341 seconds
[2026-09-17T11:05:10.767+0000] {processor.py:161} INFO - Started process (PID=2743) to work on /opt/airflow/dags/transformation_DAG.py
[2026-09-17T11:05:10.776+0000] {processor.py:830} INFO - Processing file /opt/airflow/dags/transformation_DAG.py for tasks to queue
[2026-09-17T11:05:10.778+0000] {logging_mixin.py:188} INFO - [2026-09-17T11:05:10.778+0000] {dagbag.py:545} INFO - Filling up the DagBag from /opt/airflow/dags/transformation_DAG.py
[2026-09-17T11:05:10.781+0000] {logging_mixin.py:188} INFO - [2026-09-17T11:05:10.780+0000] {dagbag.py:355} ERROR - Failed to import: /opt/airflow/dags/transformation_DAG.py
Traceback (most recent call last):
  File "/home/airflow/.local/lib/python3.12/site-packages/airflow/models/dagbag.py", line 351, in parse
    loader.exec_module(new_module)
  File "<frozen importlib._bootstrap_external>", line 991, in exec_module
  File "<frozen importlib._bootstrap_external>", line 1129, in get_code
  File "<frozen importlib._bootstrap_external>", line 1059, in source_to_code
  File "<frozen importlib._bootstrap>", line 488, in _call_with_frames_removed
  File "/opt/airflow/dags/transformation_DAG.py", line 37
    python_callable=transform.clean_data
                    
SyntaxError: invalid syntax. Perhaps you forgot a comma?
[2026-09-17T11:05:10.782+0000] {processor.py:842} WARNING - No viable dags retrieved from /opt/airflow/dags/transformation_DAG.py
[2026-09-17T11:05:10.793+0000] {processor.py:183} INFO - Processing /opt/airflow/dags/transformation_DAG.py took 0.034 seconds
[2026-09-17T11:05:40.910+0000] {processor.py:161} INFO - Started process (PID=2752) to work on /opt/airflow/dags/transformation_DAG.py
[2026-09-17T11:05:40.910+0000] {processor.py:830} INFO - Processing file /opt/airflow/dags/transformation_DAG.py for tasks to queue
[2026-09-17T11:05:40.912+0000] {logging_mixin.py:188} INFO - [2026-09-17T11:05:40.911+0000] {dagbag.py:545} INFO - Filling up the DagBag from /opt/airflow/dags/transformation_DAG.py
[2026-09-17T11:05:40.913+0000] {logging_mixin.py:188} INFO - [2026-09-17T11:05:40.913+0000] {dagbag.py:355} ERROR - Failed to import: /opt/airflow/dags/transformation_DAG.py
Traceback (most recent call last):
  File "/home/airflow/.local/lib/python3.12/site-packages/airflow/models/dagbag.py", line 351, in parse
    loader.exec_module(new_module)
  File "<frozen importlib._bootstrap_external>", line 991, in exec_module
  File "<frozen importlib._bootstrap_external>", line 1129, in get_code
  File "<frozen importlib._bootstrap_external>", line 1059, in source_to_code
  File "<frozen importlib._bootstrap>", line 488, in _call_with_frames_removed
  File "/opt/airflow/dags/transformation_DAG.py", line 37
    python_callable=transform.clean_data
                    
SyntaxError: invalid syntax. Perhaps you forgot a comma?
[2026-09-17T11:05:40.914+0000] {processor.py:842} WARNING - No viable dags retrieved from /opt/airflow/dags/transformation_DAG.py
[2026-09-17T11:05:40.925+0000] {processor.py:183} INFO - Processing /opt/airflow/dags/transformation_DAG.py took 0.020 seconds
[2026-09-17T11:06:05.014+0000] {processor.py:161} INFO - Started process (PID=2759) to work on /opt/airflow/dags/transformation_DAG.py
[2026-09-17T11:06:05.250+0000] {processor.py:830} INFO - Processing file /opt/airflow/dags/transformation_DAG.py for tasks to queue
[2026-09-17T11:06:05.250+0000] {logging_mixin.py:188} INFO - [2026-09-17T11:06:05.250+0000] {dagbag.py:545} INFO - Filling up the DagBag from /opt/airflow/dags/transformation_DAG.py
[2026-09-17T11:06:05.252+0000] {logging_mixin.py:188} INFO - [2026-09-17T11:06:05.251+0000] {dagbag.py:355} ERROR - Failed to import: /opt/airflow/dags/transformation_DAG.py
Traceback (most recent call last):
  File "/home/airflow/.local/lib/python3.12/site-packages/airflow/models/dagbag.py", line 351, in parse
    loader.exec_module(new_module)
  File "<frozen importlib._bootstrap_external>", line 991, in exec_module
  File "<frozen importlib._bootstrap_external>", line 1129, in get_code
  File "<frozen importlib._bootstrap_external>", line 1059, in source_to_code
  File "<frozen importlib._bootstrap>", line 488, in _call_with_frames_removed
  File "/opt/airflow/dags/transformation_DAG.py", line 37
    python_callable=transform.clean_data
                    
SyntaxError: invalid syntax. Perhaps you forgot a comma?
[2026-09-17T11:06:05.253+0000] {processor.py:842} WARNING - No viable dags retrieved from /opt/airflow/dags/transformation_DAG.py
[2026-09-17T11:06:05.264+0000] {processor.py:183} INFO - Processing /opt/airflow/dags/transformation_DAG.py took 0.256 seconds
[2026-09-17T11:06:35.394+0000] {processor.py:161} INFO - Started process (PID=2768) to work on /opt/airflow/dags/transformation_DAG.py
[2026-09-17T11:06:35.396+0000] {processor.py:830} INFO - Processing file /opt/airflow/dags/transformation_DAG.py for tasks to queue
[2026-09-17T11:06:35.397+0000] {logging_mixin.py:188} INFO - [2026-09-17T11:06:35.396+0000] {dagbag.py:545} INFO - Filling up the DagBag from /opt/airflow/dags/transformation_DAG.py
[2026-09-17T11:06:35.401+0000] {logging_mixin.py:188} INFO - [2026-09-17T11:06:35.399+0000] {dagbag.py:355} ERROR - Failed to import: /opt/airflow/dags/transformation_DAG.py
Traceback (most recent call last):
  File "/home/airflow/.local/lib/python3.12/site-packages/airflow/models/dagbag.py", line 351, in parse
    loader.exec_module(new_module)
  File "<frozen importlib._bootstrap_external>", line 991, in exec_module
  File "<frozen importlib._bootstrap_external>", line 1129, in get_code
  File "<frozen importlib._bootstrap_external>", line 1059, in source_to_code
  File "<frozen importlib._bootstrap>", line 488, in _call_with_frames_removed
  File "/opt/airflow/dags/transformation_DAG.py", line 37
    python_callable=transform.clean_data
                    
SyntaxError: invalid syntax. Perhaps you forgot a comma?
[2026-09-17T11:06:35.401+0000] {processor.py:842} WARNING - No viable dags retrieved from /opt/airflow/dags/transformation_DAG.py
[2026-09-17T11:06:35.415+0000] {processor.py:183} INFO - Processing /opt/airflow/dags/transformation_DAG.py took 0.031 seconds
[2026-09-17T11:06:41.140+0000] {processor.py:161} INFO - Started process (PID=2771) to work on /opt/airflow/dags/transformation_DAG.py
[2026-09-17T11:06:41.141+0000] {processor.py:830} INFO - Processing file /opt/airflow/dags/transformation_DAG.py for tasks to queue
[2026-09-17T11:06:41.142+0000] {logging_mixin.py:188} INFO - [2026-09-17T11:06:41.142+0000] {dagbag.py:545} INFO - Filling up the DagBag from /opt/airflow/dags/transformation_DAG.py
[2026-09-17T11:06:41.472+0000] {logging_mixin.py:188} INFO - [2026-09-17T11:06:41.471+0000] {dagbag.py:355} ERROR - Failed to import: /opt/airflow/dags/transformation_DAG.py
Traceback (most recent call last):
  File "/home/airflow/.local/lib/python3.12/site-packages/airflow/models/dagbag.py", line 351, in parse
    loader.exec_module(new_module)
  File "<frozen importlib._bootstrap_external>", line 995, in exec_module
  File "<frozen importlib._bootstrap>", line 488, in _call_with_frames_removed
  File "/opt/airflow/dags/transformation_DAG.py", line 10, in <module>
    from include import transfrom
ImportError: cannot import name 'transfrom' from 'include' (/opt/airflow/include/__init__.py)
[2026-09-17T11:06:41.473+0000] {processor.py:842} WARNING - No viable dags retrieved from /opt/airflow/dags/transformation_DAG.py
[2026-09-17T11:06:41.481+0000] {processor.py:183} INFO - Processing /opt/airflow/dags/transformation_DAG.py took 0.349 seconds
[2026-09-17T11:07:11.594+0000] {processor.py:161} INFO - Started process (PID=2781) to work on /opt/airflow/dags/transformation_DAG.py
[2026-09-17T11:07:11.597+0000] {processor.py:830} INFO - Processing file /opt/airflow/dags/transformation_DAG.py for tasks to queue
[2026-09-17T11:07:11.598+0000] {logging_mixin.py:188} INFO - [2026-09-17T11:07:11.597+0000] {dagbag.py:545} INFO - Filling up the DagBag from /opt/airflow/dags/transformation_DAG.py
[2026-09-17T11:07:11.904+0000] {logging_mixin.py:188} INFO - [2026-09-17T11:07:11.903+0000] {dagbag.py:355} ERROR - Failed to import: /opt/airflow/dags/transformation_DAG.py
Traceback (most recent call last):
  File "/home/airflow/.local/lib/python3.12/site-packages/airflow/models/dagbag.py", line 351, in parse
    loader.exec_module(new_module)
  File "<frozen importlib._bootstrap_external>", line 995, in exec_module
  File "<frozen importlib._bootstrap>", line 488, in _call_with_frames_removed
  File "/opt/airflow/dags/transformation_DAG.py", line 10, in <module>
    from include import transfrom
ImportError: cannot import name 'transfrom' from 'include' (/opt/airflow/include/__init__.py)
[2026-09-17T11:07:11.904+0000] {processor.py:842} WARNING - No viable dags retrieved from /opt/airflow/dags/transformation_DAG.py
[2026-09-17T11:07:11.913+0000] {processor.py:183} INFO - Processing /opt/airflow/dags/transformation_DAG.py took 0.328 seconds
[2026-09-17T11:07:42.033+0000] {processor.py:161} INFO - Started process (PID=2791) to work on /opt/airflow/dags/transformation_DAG.py
[2026-09-17T11:07:42.033+0000] {processor.py:830} INFO - Processing file /opt/airflow/dags/transformation_DAG.py for tasks to queue
[2026-09-17T11:07:42.034+0000] {logging_mixin.py:188} INFO - [2026-09-17T11:07:42.034+0000] {dagbag.py:545} INFO - Filling up the DagBag from /opt/airflow/dags/transformation_DAG.py
[2026-09-17T11:07:42.337+0000] {logging_mixin.py:188} INFO - [2026-09-17T11:07:42.336+0000] {dagbag.py:355} ERROR - Failed to import: /opt/airflow/dags/transformation_DAG.py
Traceback (most recent call last):
  File "/home/airflow/.local/lib/python3.12/site-packages/airflow/models/dagbag.py", line 351, in parse
    loader.exec_module(new_module)
  File "<frozen importlib._bootstrap_external>", line 995, in exec_module
  File "<frozen importlib._bootstrap>", line 488, in _call_with_frames_removed
  File "/opt/airflow/dags/transformation_DAG.py", line 10, in <module>
    from include import transfrom
ImportError: cannot import name 'transfrom' from 'include' (/opt/airflow/include/__init__.py)
[2026-09-17T11:07:42.337+0000] {processor.py:842} WARNING - No viable dags retrieved from /opt/airflow/dags/transformation_DAG.py
[2026-09-17T11:07:42.345+0000] {processor.py:183} INFO - Processing /opt/airflow/dags/transformation_DAG.py took 0.318 seconds
[2026-09-17T11:08:12.460+0000] {processor.py:161} INFO - Started process (PID=2801) to work on /opt/airflow/dags/transformation_DAG.py
[2026-09-17T11:08:12.551+0000] {processor.py:830} INFO - Processing file /opt/airflow/dags/transformation_DAG.py for tasks to queue
[2026-09-17T11:08:12.552+0000] {logging_mixin.py:188} INFO - [2026-09-17T11:08:12.552+0000] {dagbag.py:545} INFO - Filling up the DagBag from /opt/airflow/dags/transformation_DAG.py
[2026-09-17T11:08:12.874+0000] {logging_mixin.py:188} INFO - [2026-09-17T11:08:12.872+0000] {dagbag.py:355} ERROR - Failed to import: /opt/airflow/dags/transformation_DAG.py
Traceback (most recent call last):
  File "/home/airflow/.local/lib/python3.12/site-packages/airflow/models/dagbag.py", line 351, in parse
    loader.exec_module(new_module)
  File "<frozen importlib._bootstrap_external>", line 995, in exec_module
  File "<frozen importlib._bootstrap>", line 488, in _call_with_frames_removed
  File "/opt/airflow/dags/transformation_DAG.py", line 10, in <module>
    from include import transfrom
ImportError: cannot import name 'transfrom' from 'include' (/opt/airflow/include/__init__.py)
[2026-09-17T11:08:12.875+0000] {processor.py:842} WARNING - No viable dags retrieved from /opt/airflow/dags/transformation_DAG.py
[2026-09-17T11:08:12.885+0000] {processor.py:183} INFO - Processing /opt/airflow/dags/transformation_DAG.py took 0.428 seconds
[2026-09-17T11:08:42.997+0000] {processor.py:161} INFO - Started process (PID=2811) to work on /opt/airflow/dags/transformation_DAG.py
[2026-09-17T11:08:42.997+0000] {processor.py:830} INFO - Processing file /opt/airflow/dags/transformation_DAG.py for tasks to queue
[2026-09-17T11:08:42.998+0000] {logging_mixin.py:188} INFO - [2026-09-17T11:08:42.998+0000] {dagbag.py:545} INFO - Filling up the DagBag from /opt/airflow/dags/transformation_DAG.py
[2026-09-17T11:08:43.301+0000] {logging_mixin.py:188} INFO - [2026-09-17T11:08:43.299+0000] {dagbag.py:355} ERROR - Failed to import: /opt/airflow/dags/transformation_DAG.py
Traceback (most recent call last):
  File "/home/airflow/.local/lib/python3.12/site-packages/airflow/models/dagbag.py", line 351, in parse
    loader.exec_module(new_module)
  File "<frozen importlib._bootstrap_external>", line 995, in exec_module
  File "<frozen importlib._bootstrap>", line 488, in _call_with_frames_removed
  File "/opt/airflow/dags/transformation_DAG.py", line 10, in <module>
    from include import transfrom
ImportError: cannot import name 'transfrom' from 'include' (/opt/airflow/include/__init__.py)
[2026-09-17T11:08:43.301+0000] {processor.py:842} WARNING - No viable dags retrieved from /opt/airflow/dags/transformation_DAG.py
[2026-09-17T11:08:43.310+0000] {processor.py:183} INFO - Processing /opt/airflow/dags/transformation_DAG.py took 0.317 seconds
[2026-09-17T11:09:13.458+0000] {processor.py:161} INFO - Started process (PID=2821) to work on /opt/airflow/dags/transformation_DAG.py
[2026-09-17T11:09:13.470+0000] {processor.py:830} INFO - Processing file /opt/airflow/dags/transformation_DAG.py for tasks to queue
[2026-09-17T11:09:13.471+0000] {logging_mixin.py:188} INFO - [2026-09-17T11:09:13.471+0000] {dagbag.py:545} INFO - Filling up the DagBag from /opt/airflow/dags/transformation_DAG.py
[2026-09-17T11:09:13.778+0000] {logging_mixin.py:188} INFO - [2026-09-17T11:09:13.777+0000] {dagbag.py:355} ERROR - Failed to import: /opt/airflow/dags/transformation_DAG.py
Traceback (most recent call last):
  File "/home/airflow/.local/lib/python3.12/site-packages/airflow/models/dagbag.py", line 351, in parse
    loader.exec_module(new_module)
  File "<frozen importlib._bootstrap_external>", line 995, in exec_module
  File "<frozen importlib._bootstrap>", line 488, in _call_with_frames_removed
  File "/opt/airflow/dags/transformation_DAG.py", line 10, in <module>
    from include import transfrom
ImportError: cannot import name 'transfrom' from 'include' (/opt/airflow/include/__init__.py)
[2026-09-17T11:09:13.779+0000] {processor.py:842} WARNING - No viable dags retrieved from /opt/airflow/dags/transformation_DAG.py
[2026-09-17T11:09:13.788+0000] {processor.py:183} INFO - Processing /opt/airflow/dags/transformation_DAG.py took 0.339 seconds
[2026-09-17T11:09:15.462+0000] {processor.py:161} INFO - Started process (PID=2823) to work on /opt/airflow/dags/transformation_DAG.py
[2026-09-17T11:09:15.463+0000] {processor.py:830} INFO - Processing file /opt/airflow/dags/transformation_DAG.py for tasks to queue
[2026-09-17T11:09:15.464+0000] {logging_mixin.py:188} INFO - [2026-09-17T11:09:15.463+0000] {dagbag.py:545} INFO - Filling up the DagBag from /opt/airflow/dags/transformation_DAG.py
[2026-09-17T11:09:15.779+0000] {logging_mixin.py:188} INFO - [2026-09-17T11:09:15.778+0000] {dagbag.py:355} ERROR - Failed to import: /opt/airflow/dags/transformation_DAG.py
Traceback (most recent call last):
  File "/home/airflow/.local/lib/python3.12/site-packages/airflow/models/dagbag.py", line 351, in parse
    loader.exec_module(new_module)
  File "<frozen importlib._bootstrap_external>", line 995, in exec_module
  File "<frozen importlib._bootstrap>", line 488, in _call_with_frames_removed
  File "/opt/airflow/dags/transformation_DAG.py", line 30, in <module>
    get_staged_data = PythonOperator(
                      ^^^^^^^^^^^^^^^
  File "/home/airflow/.local/lib/python3.12/site-packages/airflow/models/baseoperator.py", line 468, in apply_defaults
    raise AirflowException(f"missing keyword argument {missing_args.pop()!r}")
airflow.exceptions.AirflowException: missing keyword argument 'python_callable'
[2026-09-17T11:09:15.779+0000] {processor.py:842} WARNING - No viable dags retrieved from /opt/airflow/dags/transformation_DAG.py
[2026-09-17T11:09:15.788+0000] {processor.py:183} INFO - Processing /opt/airflow/dags/transformation_DAG.py took 0.330 seconds
[2026-09-17T11:09:21.497+0000] {processor.py:161} INFO - Started process (PID=2825) to work on /opt/airflow/dags/transformation_DAG.py
[2026-09-17T11:09:21.498+0000] {processor.py:830} INFO - Processing file /opt/airflow/dags/transformation_DAG.py for tasks to queue
[2026-09-17T11:09:21.500+0000] {logging_mixin.py:188} INFO - [2026-09-17T11:09:21.499+0000] {dagbag.py:545} INFO - Filling up the DagBag from /opt/airflow/dags/transformation_DAG.py
[2026-09-17T11:09:21.802+0000] {logging_mixin.py:188} INFO - [2026-09-17T11:09:21.801+0000] {dagbag.py:355} ERROR - Failed to import: /opt/airflow/dags/transformation_DAG.py
Traceback (most recent call last):
  File "/home/airflow/.local/lib/python3.12/site-packages/airflow/models/dagbag.py", line 351, in parse
    loader.exec_module(new_module)
  File "<frozen importlib._bootstrap_external>", line 995, in exec_module
  File "<frozen importlib._bootstrap>", line 488, in _call_with_frames_removed
  File "/opt/airflow/dags/transformation_DAG.py", line 30, in <module>
    get_staged_data = PythonOperator(
                      ^^^^^^^^^^^^^^^
  File "/home/airflow/.local/lib/python3.12/site-packages/airflow/models/baseoperator.py", line 468, in apply_defaults
    raise AirflowException(f"missing keyword argument {missing_args.pop()!r}")
airflow.exceptions.AirflowException: missing keyword argument 'python_callable'
[2026-09-17T11:09:21.802+0000] {processor.py:842} WARNING - No viable dags retrieved from /opt/airflow/dags/transformation_DAG.py
[2026-09-17T11:09:21.812+0000] {processor.py:183} INFO - Processing /opt/airflow/dags/transformation_DAG.py took 0.324 seconds
[2026-09-17T11:09:51.925+0000] {processor.py:161} INFO - Started process (PID=2835) to work on /opt/airflow/dags/transformation_DAG.py
[2026-09-17T11:09:51.926+0000] {processor.py:830} INFO - Processing file /opt/airflow/dags/transformation_DAG.py for tasks to queue
[2026-09-17T11:09:51.926+0000] {logging_mixin.py:188} INFO - [2026-09-17T11:09:51.926+0000] {dagbag.py:545} INFO - Filling up the DagBag from /opt/airflow/dags/transformation_DAG.py
[2026-09-17T11:09:52.233+0000] {logging_mixin.py:188} INFO - [2026-09-17T11:09:52.232+0000] {dagbag.py:355} ERROR - Failed to import: /opt/airflow/dags/transformation_DAG.py
Traceback (most recent call last):
  File "/home/airflow/.local/lib/python3.12/site-packages/airflow/models/dagbag.py", line 351, in parse
    loader.exec_module(new_module)
  File "<frozen importlib._bootstrap_external>", line 995, in exec_module
  File "<frozen importlib._bootstrap>", line 488, in _call_with_frames_removed
  File "/opt/airflow/dags/transformation_DAG.py", line 30, in <module>
    get_staged_data = PythonOperator(
                      ^^^^^^^^^^^^^^^
  File "/home/airflow/.local/lib/python3.12/site-packages/airflow/models/baseoperator.py", line 468, in apply_defaults
    raise AirflowException(f"missing keyword argument {missing_args.pop()!r}")
airflow.exceptions.AirflowException: missing keyword argument 'python_callable'
[2026-09-17T11:09:52.233+0000] {processor.py:842} WARNING - No viable dags retrieved from /opt/airflow/dags/transformation_DAG.py
[2026-09-17T11:09:52.242+0000] {processor.py:183} INFO - Processing /opt/airflow/dags/transformation_DAG.py took 0.321 seconds
[2026-09-17T11:09:59.970+0000] {processor.py:161} INFO - Started process (PID=2837) to work on /opt/airflow/dags/transformation_DAG.py
[2026-09-17T11:09:59.976+0000] {processor.py:830} INFO - Processing file /opt/airflow/dags/transformation_DAG.py for tasks to queue
[2026-09-17T11:09:59.977+0000] {logging_mixin.py:188} INFO - [2026-09-17T11:09:59.977+0000] {dagbag.py:545} INFO - Filling up the DagBag from /opt/airflow/dags/transformation_DAG.py
[2026-09-17T11:10:00.288+0000] {processor.py:840} INFO - DAG(s) 'load_transform_data_DAG' retrieved from /opt/airflow/dags/transformation_DAG.py
[2026-09-17T11:10:00.344+0000] {logging_mixin.py:188} INFO - [2026-09-17T11:10:00.343+0000] {dag.py:3096} INFO - Sync 1 DAGs
[2026-09-17T11:10:00.349+0000] {logging_mixin.py:188} INFO - [2026-09-17T11:10:00.349+0000] {dag.py:3954} INFO - Setting next_dagrun for load_transform_data_DAG to None, run_after=None
[2026-09-17T11:10:00.361+0000] {processor.py:183} INFO - Processing /opt/airflow/dags/transformation_DAG.py took 0.399 seconds
[2026-09-17T11:10:30.498+0000] {processor.py:161} INFO - Started process (PID=2847) to work on /opt/airflow/dags/transformation_DAG.py
[2026-09-17T11:10:30.499+0000] {processor.py:830} INFO - Processing file /opt/airflow/dags/transformation_DAG.py for tasks to queue
[2026-09-17T11:10:30.500+0000] {logging_mixin.py:188} INFO - [2026-09-17T11:10:30.500+0000] {dagbag.py:545} INFO - Filling up the DagBag from /opt/airflow/dags/transformation_DAG.py
[2026-09-17T11:10:30.803+0000] {processor.py:840} INFO - DAG(s) 'load_transform_data_DAG' retrieved from /opt/airflow/dags/transformation_DAG.py
[2026-09-17T11:10:30.814+0000] {logging_mixin.py:188} INFO - [2026-09-17T11:10:30.814+0000] {dag.py:3096} INFO - Sync 1 DAGs
[2026-09-17T11:10:30.820+0000] {logging_mixin.py:188} INFO - [2026-09-17T11:10:30.820+0000] {dag.py:3954} INFO - Setting next_dagrun for load_transform_data_DAG to None, run_after=None
[2026-09-17T11:10:30.830+0000] {processor.py:183} INFO - Processing /opt/airflow/dags/transformation_DAG.py took 0.340 seconds
[2026-09-17T11:11:00.940+0000] {processor.py:161} INFO - Started process (PID=2857) to work on /opt/airflow/dags/transformation_DAG.py
[2026-09-17T11:11:01.115+0000] {processor.py:830} INFO - Processing file /opt/airflow/dags/transformation_DAG.py for tasks to queue
[2026-09-17T11:11:01.116+0000] {logging_mixin.py:188} INFO - [2026-09-17T11:11:01.116+0000] {dagbag.py:545} INFO - Filling up the DagBag from /opt/airflow/dags/transformation_DAG.py
[2026-09-17T11:11:01.497+0000] {processor.py:840} INFO - DAG(s) 'load_transform_data_DAG' retrieved from /opt/airflow/dags/transformation_DAG.py
[2026-09-17T11:11:01.511+0000] {logging_mixin.py:188} INFO - [2026-09-17T11:11:01.510+0000] {dag.py:3096} INFO - Sync 1 DAGs
[2026-09-17T11:11:01.518+0000] {logging_mixin.py:188} INFO - [2026-09-17T11:11:01.518+0000] {dag.py:3954} INFO - Setting next_dagrun for load_transform_data_DAG to None, run_after=None
[2026-09-17T11:11:01.530+0000] {processor.py:183} INFO - Processing /opt/airflow/dags/transformation_DAG.py took 0.594 seconds
[2026-09-17T11:11:31.648+0000] {processor.py:161} INFO - Started process (PID=2867) to work on /opt/airflow/dags/transformation_DAG.py
[2026-09-17T11:11:31.649+0000] {processor.py:830} INFO - Processing file /opt/airflow/dags/transformation_DAG.py for tasks to queue
[2026-09-17T11:11:31.649+0000] {logging_mixin.py:188} INFO - [2026-09-17T11:11:31.649+0000] {dagbag.py:545} INFO - Filling up the DagBag from /opt/airflow/dags/transformation_DAG.py
[2026-09-17T11:11:31.970+0000] {processor.py:840} INFO - DAG(s) 'load_transform_data_DAG' retrieved from /opt/airflow/dags/transformation_DAG.py
[2026-09-17T11:11:31.981+0000] {logging_mixin.py:188} INFO - [2026-09-17T11:11:31.980+0000] {dag.py:3096} INFO - Sync 1 DAGs
[2026-09-17T11:11:31.987+0000] {logging_mixin.py:188} INFO - [2026-09-17T11:11:31.987+0000] {dag.py:3954} INFO - Setting next_dagrun for load_transform_data_DAG to None, run_after=None
[2026-09-17T11:11:32.000+0000] {processor.py:183} INFO - Processing /opt/airflow/dags/transformation_DAG.py took 0.356 seconds
[2026-09-17T11:12:02.123+0000] {processor.py:161} INFO - Started process (PID=2878) to work on /opt/airflow/dags/transformation_DAG.py
[2026-09-17T11:12:02.216+0000] {processor.py:830} INFO - Processing file /opt/airflow/dags/transformation_DAG.py for tasks to queue
[2026-09-17T11:12:02.216+0000] {logging_mixin.py:188} INFO - [2026-09-17T11:12:02.216+0000] {dagbag.py:545} INFO - Filling up the DagBag from /opt/airflow/dags/transformation_DAG.py
[2026-09-17T11:12:02.537+0000] {processor.py:840} INFO - DAG(s) 'load_transform_data_DAG' retrieved from /opt/airflow/dags/transformation_DAG.py
[2026-09-17T11:12:02.550+0000] {logging_mixin.py:188} INFO - [2026-09-17T11:12:02.550+0000] {dag.py:3096} INFO - Sync 1 DAGs
[2026-09-17T11:12:02.557+0000] {logging_mixin.py:188} INFO - [2026-09-17T11:12:02.556+0000] {dag.py:3954} INFO - Setting next_dagrun for load_transform_data_DAG to None, run_after=None
[2026-09-17T11:12:02.566+0000] {processor.py:183} INFO - Processing /opt/airflow/dags/transformation_DAG.py took 0.447 seconds
[2026-09-17T11:12:32.651+0000] {processor.py:161} INFO - Started process (PID=2888) to work on /opt/airflow/dags/transformation_DAG.py
[2026-09-17T11:12:32.652+0000] {processor.py:830} INFO - Processing file /opt/airflow/dags/transformation_DAG.py for tasks to queue
[2026-09-17T11:12:32.653+0000] {logging_mixin.py:188} INFO - [2026-09-17T11:12:32.653+0000] {dagbag.py:545} INFO - Filling up the DagBag from /opt/airflow/dags/transformation_DAG.py
[2026-09-17T11:12:32.985+0000] {processor.py:840} INFO - DAG(s) 'load_transform_data_DAG' retrieved from /opt/airflow/dags/transformation_DAG.py
[2026-09-17T11:12:32.997+0000] {logging_mixin.py:188} INFO - [2026-09-17T11:12:32.996+0000] {dag.py:3096} INFO - Sync 1 DAGs
[2026-09-17T11:12:33.003+0000] {logging_mixin.py:188} INFO - [2026-09-17T11:12:33.003+0000] {dag.py:3954} INFO - Setting next_dagrun for load_transform_data_DAG to None, run_after=None
[2026-09-17T11:12:33.012+0000] {processor.py:183} INFO - Processing /opt/airflow/dags/transformation_DAG.py took 0.368 seconds
[2026-09-17T11:13:03.146+0000] {processor.py:161} INFO - Started process (PID=2904) to work on /opt/airflow/dags/transformation_DAG.py
[2026-09-17T11:13:03.154+0000] {processor.py:830} INFO - Processing file /opt/airflow/dags/transformation_DAG.py for tasks to queue
[2026-09-17T11:13:03.154+0000] {logging_mixin.py:188} INFO - [2026-09-17T11:13:03.154+0000] {dagbag.py:545} INFO - Filling up the DagBag from /opt/airflow/dags/transformation_DAG.py
[2026-09-17T11:13:03.157+0000] {logging_mixin.py:188} INFO - [2026-09-17T11:13:03.156+0000] {dagbag.py:355} ERROR - Failed to import: /opt/airflow/dags/transformation_DAG.py
Traceback (most recent call last):
  File "/home/airflow/.local/lib/python3.12/site-packages/airflow/models/dagbag.py", line 351, in parse
    loader.exec_module(new_module)
  File "<frozen importlib._bootstrap_external>", line 995, in exec_module
  File "<frozen importlib._bootstrap>", line 488, in _call_with_frames_removed
  File "/opt/airflow/dags/transformation_DAG.py", line 9, in <module>
    from include import load
  File "/opt/airflow/include/load.py", line 39
    id SERIAL PRIMARY KEY,
IndentationError: unexpected indent
[2026-09-17T11:13:03.158+0000] {processor.py:842} WARNING - No viable dags retrieved from /opt/airflow/dags/transformation_DAG.py
[2026-09-17T11:13:03.172+0000] {processor.py:183} INFO - Processing /opt/airflow/dags/transformation_DAG.py took 0.032 seconds
[2026-09-17T11:13:33.283+0000] {processor.py:161} INFO - Started process (PID=2912) to work on /opt/airflow/dags/transformation_DAG.py
[2026-09-17T11:13:33.284+0000] {processor.py:830} INFO - Processing file /opt/airflow/dags/transformation_DAG.py for tasks to queue
[2026-09-17T11:13:33.285+0000] {logging_mixin.py:188} INFO - [2026-09-17T11:13:33.285+0000] {dagbag.py:545} INFO - Filling up the DagBag from /opt/airflow/dags/transformation_DAG.py
[2026-09-17T11:13:33.289+0000] {logging_mixin.py:188} INFO - [2026-09-17T11:13:33.288+0000] {dagbag.py:355} ERROR - Failed to import: /opt/airflow/dags/transformation_DAG.py
Traceback (most recent call last):
  File "/home/airflow/.local/lib/python3.12/site-packages/airflow/models/dagbag.py", line 351, in parse
    loader.exec_module(new_module)
  File "<frozen importlib._bootstrap_external>", line 995, in exec_module
  File "<frozen importlib._bootstrap>", line 488, in _call_with_frames_removed
  File "/opt/airflow/dags/transformation_DAG.py", line 9, in <module>
    from include import load
  File "/opt/airflow/include/load.py", line 39
    id SERIAL PRIMARY KEY,
IndentationError: unexpected indent
[2026-09-17T11:13:33.290+0000] {processor.py:842} WARNING - No viable dags retrieved from /opt/airflow/dags/transformation_DAG.py
[2026-09-17T11:13:33.304+0000] {processor.py:183} INFO - Processing /opt/airflow/dags/transformation_DAG.py took 0.029 seconds
[2026-09-17T11:14:03.424+0000] {processor.py:161} INFO - Started process (PID=2920) to work on /opt/airflow/dags/transformation_DAG.py
[2026-09-17T11:14:03.431+0000] {processor.py:830} INFO - Processing file /opt/airflow/dags/transformation_DAG.py for tasks to queue
[2026-09-17T11:14:03.432+0000] {logging_mixin.py:188} INFO - [2026-09-17T11:14:03.432+0000] {dagbag.py:545} INFO - Filling up the DagBag from /opt/airflow/dags/transformation_DAG.py
[2026-09-17T11:14:03.437+0000] {logging_mixin.py:188} INFO - [2026-09-17T11:14:03.436+0000] {dagbag.py:355} ERROR - Failed to import: /opt/airflow/dags/transformation_DAG.py
Traceback (most recent call last):
  File "/home/airflow/.local/lib/python3.12/site-packages/airflow/models/dagbag.py", line 351, in parse
    loader.exec_module(new_module)
  File "<frozen importlib._bootstrap_external>", line 995, in exec_module
  File "<frozen importlib._bootstrap>", line 488, in _call_with_frames_removed
  File "/opt/airflow/dags/transformation_DAG.py", line 9, in <module>
    from include import load
  File "/opt/airflow/include/load.py", line 39
    id SERIAL PRIMARY KEY,
IndentationError: unexpected indent
[2026-09-17T11:14:03.437+0000] {processor.py:842} WARNING - No viable dags retrieved from /opt/airflow/dags/transformation_DAG.py
[2026-09-17T11:14:03.455+0000] {processor.py:183} INFO - Processing /opt/airflow/dags/transformation_DAG.py took 0.040 seconds
[2026-09-17T11:14:33.586+0000] {processor.py:161} INFO - Started process (PID=2929) to work on /opt/airflow/dags/transformation_DAG.py
[2026-09-17T11:14:33.586+0000] {processor.py:830} INFO - Processing file /opt/airflow/dags/transformation_DAG.py for tasks to queue
[2026-09-17T11:14:33.587+0000] {logging_mixin.py:188} INFO - [2026-09-17T11:14:33.587+0000] {dagbag.py:545} INFO - Filling up the DagBag from /opt/airflow/dags/transformation_DAG.py
[2026-09-17T11:14:33.896+0000] {processor.py:840} INFO - DAG(s) 'load_transform_data_DAG' retrieved from /opt/airflow/dags/transformation_DAG.py
[2026-09-17T11:14:33.951+0000] {logging_mixin.py:188} INFO - [2026-09-17T11:14:33.951+0000] {dag.py:3096} INFO - Sync 1 DAGs
[2026-09-17T11:14:33.958+0000] {logging_mixin.py:188} INFO - [2026-09-17T11:14:33.958+0000] {dag.py:3954} INFO - Setting next_dagrun for load_transform_data_DAG to None, run_after=None
[2026-09-17T11:14:33.969+0000] {processor.py:183} INFO - Processing /opt/airflow/dags/transformation_DAG.py took 0.391 seconds
[2026-09-17T11:15:04.070+0000] {processor.py:161} INFO - Started process (PID=2939) to work on /opt/airflow/dags/transformation_DAG.py
[2026-09-17T11:15:04.083+0000] {processor.py:830} INFO - Processing file /opt/airflow/dags/transformation_DAG.py for tasks to queue
[2026-09-17T11:15:04.083+0000] {logging_mixin.py:188} INFO - [2026-09-17T11:15:04.083+0000] {dagbag.py:545} INFO - Filling up the DagBag from /opt/airflow/dags/transformation_DAG.py
[2026-09-17T11:15:04.396+0000] {processor.py:840} INFO - DAG(s) 'load_transform_data_DAG' retrieved from /opt/airflow/dags/transformation_DAG.py
[2026-09-17T11:15:04.408+0000] {logging_mixin.py:188} INFO - [2026-09-17T11:15:04.408+0000] {dag.py:3096} INFO - Sync 1 DAGs
[2026-09-17T11:15:04.415+0000] {logging_mixin.py:188} INFO - [2026-09-17T11:15:04.414+0000] {dag.py:3954} INFO - Setting next_dagrun for load_transform_data_DAG to None, run_after=None
[2026-09-17T11:15:04.423+0000] {processor.py:183} INFO - Processing /opt/airflow/dags/transformation_DAG.py took 0.357 seconds
[2026-09-17T11:15:34.554+0000] {processor.py:161} INFO - Started process (PID=2949) to work on /opt/airflow/dags/transformation_DAG.py
[2026-09-17T11:15:34.555+0000] {processor.py:830} INFO - Processing file /opt/airflow/dags/transformation_DAG.py for tasks to queue
[2026-09-17T11:15:34.556+0000] {logging_mixin.py:188} INFO - [2026-09-17T11:15:34.556+0000] {dagbag.py:545} INFO - Filling up the DagBag from /opt/airflow/dags/transformation_DAG.py
[2026-09-17T11:15:34.853+0000] {processor.py:840} INFO - DAG(s) 'load_transform_data_DAG' retrieved from /opt/airflow/dags/transformation_DAG.py
[2026-09-17T11:15:34.865+0000] {logging_mixin.py:188} INFO - [2026-09-17T11:15:34.864+0000] {dag.py:3096} INFO - Sync 1 DAGs
[2026-09-17T11:15:34.871+0000] {logging_mixin.py:188} INFO - [2026-09-17T11:15:34.871+0000] {dag.py:3954} INFO - Setting next_dagrun for load_transform_data_DAG to None, run_after=None
[2026-09-17T11:15:34.879+0000] {processor.py:183} INFO - Processing /opt/airflow/dags/transformation_DAG.py took 0.335 seconds
[2026-09-17T11:16:05.007+0000] {processor.py:161} INFO - Started process (PID=2959) to work on /opt/airflow/dags/transformation_DAG.py
[2026-09-17T11:16:05.015+0000] {processor.py:830} INFO - Processing file /opt/airflow/dags/transformation_DAG.py for tasks to queue
[2026-09-17T11:16:05.016+0000] {logging_mixin.py:188} INFO - [2026-09-17T11:16:05.016+0000] {dagbag.py:545} INFO - Filling up the DagBag from /opt/airflow/dags/transformation_DAG.py
[2026-09-17T11:16:05.405+0000] {processor.py:840} INFO - DAG(s) 'load_transform_data_DAG' retrieved from /opt/airflow/dags/transformation_DAG.py
[2026-09-17T11:16:05.422+0000] {logging_mixin.py:188} INFO - [2026-09-17T11:16:05.422+0000] {dag.py:3096} INFO - Sync 1 DAGs
[2026-09-17T11:16:05.430+0000] {logging_mixin.py:188} INFO - [2026-09-17T11:16:05.429+0000] {dag.py:3954} INFO - Setting next_dagrun for load_transform_data_DAG to None, run_after=None
[2026-09-17T11:16:05.440+0000] {processor.py:183} INFO - Processing /opt/airflow/dags/transformation_DAG.py took 0.437 seconds
[2026-09-17T11:16:35.555+0000] {processor.py:161} INFO - Started process (PID=2969) to work on /opt/airflow/dags/transformation_DAG.py
[2026-09-17T11:16:35.556+0000] {processor.py:830} INFO - Processing file /opt/airflow/dags/transformation_DAG.py for tasks to queue
[2026-09-17T11:16:35.556+0000] {logging_mixin.py:188} INFO - [2026-09-17T11:16:35.556+0000] {dagbag.py:545} INFO - Filling up the DagBag from /opt/airflow/dags/transformation_DAG.py
[2026-09-17T11:16:35.869+0000] {processor.py:840} INFO - DAG(s) 'load_transform_data_DAG' retrieved from /opt/airflow/dags/transformation_DAG.py
[2026-09-17T11:16:35.881+0000] {logging_mixin.py:188} INFO - [2026-09-17T11:16:35.880+0000] {dag.py:3096} INFO - Sync 1 DAGs
[2026-09-17T11:16:35.887+0000] {logging_mixin.py:188} INFO - [2026-09-17T11:16:35.887+0000] {dag.py:3954} INFO - Setting next_dagrun for load_transform_data_DAG to None, run_after=None
[2026-09-17T11:16:35.898+0000] {processor.py:183} INFO - Processing /opt/airflow/dags/transformation_DAG.py took 0.347 seconds
[2026-09-17T11:17:06.014+0000] {processor.py:161} INFO - Started process (PID=2979) to work on /opt/airflow/dags/transformation_DAG.py
[2026-09-17T11:17:06.356+0000] {processor.py:830} INFO - Processing file /opt/airflow/dags/transformation_DAG.py for tasks to queue
[2026-09-17T11:17:06.357+0000] {logging_mixin.py:188} INFO - [2026-09-17T11:17:06.356+0000] {dagbag.py:545} INFO - Filling up the DagBag from /opt/airflow/dags/transformation_DAG.py
[2026-09-17T11:17:06.689+0000] {processor.py:840} INFO - DAG(s) 'load_transform_data_DAG' retrieved from /opt/airflow/dags/transformation_DAG.py
[2026-09-17T11:17:06.702+0000] {logging_mixin.py:188} INFO - [2026-09-17T11:17:06.701+0000] {dag.py:3096} INFO - Sync 1 DAGs
[2026-09-17T11:17:06.709+0000] {logging_mixin.py:188} INFO - [2026-09-17T11:17:06.709+0000] {dag.py:3954} INFO - Setting next_dagrun for load_transform_data_DAG to None, run_after=None
[2026-09-17T11:17:06.721+0000] {processor.py:183} INFO - Processing /opt/airflow/dags/transformation_DAG.py took 0.711 seconds
[2026-09-17T11:17:36.829+0000] {processor.py:161} INFO - Started process (PID=2989) to work on /opt/airflow/dags/transformation_DAG.py
[2026-09-17T11:17:36.829+0000] {processor.py:830} INFO - Processing file /opt/airflow/dags/transformation_DAG.py for tasks to queue
[2026-09-17T11:17:36.830+0000] {logging_mixin.py:188} INFO - [2026-09-17T11:17:36.830+0000] {dagbag.py:545} INFO - Filling up the DagBag from /opt/airflow/dags/transformation_DAG.py
[2026-09-17T11:17:37.159+0000] {processor.py:840} INFO - DAG(s) 'load_transform_data_DAG' retrieved from /opt/airflow/dags/transformation_DAG.py
[2026-09-17T11:17:37.173+0000] {logging_mixin.py:188} INFO - [2026-09-17T11:17:37.172+0000] {dag.py:3096} INFO - Sync 1 DAGs
[2026-09-17T11:17:37.181+0000] {logging_mixin.py:188} INFO - [2026-09-17T11:17:37.181+0000] {dag.py:3954} INFO - Setting next_dagrun for load_transform_data_DAG to None, run_after=None
[2026-09-17T11:17:37.193+0000] {processor.py:183} INFO - Processing /opt/airflow/dags/transformation_DAG.py took 0.367 seconds
[2026-09-17T11:18:07.341+0000] {processor.py:161} INFO - Started process (PID=2999) to work on /opt/airflow/dags/transformation_DAG.py
[2026-09-17T11:18:07.426+0000] {processor.py:830} INFO - Processing file /opt/airflow/dags/transformation_DAG.py for tasks to queue
[2026-09-17T11:18:07.428+0000] {logging_mixin.py:188} INFO - [2026-09-17T11:18:07.427+0000] {dagbag.py:545} INFO - Filling up the DagBag from /opt/airflow/dags/transformation_DAG.py
[2026-09-17T11:18:07.724+0000] {processor.py:840} INFO - DAG(s) 'load_transform_data_DAG' retrieved from /opt/airflow/dags/transformation_DAG.py
[2026-09-17T11:18:07.736+0000] {logging_mixin.py:188} INFO - [2026-09-17T11:18:07.735+0000] {dag.py:3096} INFO - Sync 1 DAGs
[2026-09-17T11:18:07.743+0000] {logging_mixin.py:188} INFO - [2026-09-17T11:18:07.742+0000] {dag.py:3954} INFO - Setting next_dagrun for load_transform_data_DAG to None, run_after=None
[2026-09-17T11:18:07.753+0000] {processor.py:183} INFO - Processing /opt/airflow/dags/transformation_DAG.py took 0.420 seconds
[2026-09-17T11:18:37.902+0000] {processor.py:161} INFO - Started process (PID=3009) to work on /opt/airflow/dags/transformation_DAG.py
[2026-09-17T11:18:37.903+0000] {processor.py:830} INFO - Processing file /opt/airflow/dags/transformation_DAG.py for tasks to queue
[2026-09-17T11:18:37.904+0000] {logging_mixin.py:188} INFO - [2026-09-17T11:18:37.903+0000] {dagbag.py:545} INFO - Filling up the DagBag from /opt/airflow/dags/transformation_DAG.py
[2026-09-17T11:18:38.220+0000] {processor.py:840} INFO - DAG(s) 'load_transform_data_DAG' retrieved from /opt/airflow/dags/transformation_DAG.py
[2026-09-17T11:18:38.232+0000] {logging_mixin.py:188} INFO - [2026-09-17T11:18:38.232+0000] {dag.py:3096} INFO - Sync 1 DAGs
[2026-09-17T11:18:38.240+0000] {logging_mixin.py:188} INFO - [2026-09-17T11:18:38.240+0000] {dag.py:3954} INFO - Setting next_dagrun for load_transform_data_DAG to None, run_after=None
[2026-09-17T11:18:38.252+0000] {processor.py:183} INFO - Processing /opt/airflow/dags/transformation_DAG.py took 0.355 seconds
[2026-09-17T11:19:08.384+0000] {processor.py:161} INFO - Started process (PID=3019) to work on /opt/airflow/dags/transformation_DAG.py
[2026-09-17T11:19:08.395+0000] {processor.py:830} INFO - Processing file /opt/airflow/dags/transformation_DAG.py for tasks to queue
[2026-09-17T11:19:08.397+0000] {logging_mixin.py:188} INFO - [2026-09-17T11:19:08.396+0000] {dagbag.py:545} INFO - Filling up the DagBag from /opt/airflow/dags/transformation_DAG.py
[2026-09-17T11:19:08.698+0000] {processor.py:840} INFO - DAG(s) 'load_transform_data_DAG' retrieved from /opt/airflow/dags/transformation_DAG.py
[2026-09-17T11:19:08.709+0000] {logging_mixin.py:188} INFO - [2026-09-17T11:19:08.708+0000] {dag.py:3096} INFO - Sync 1 DAGs
[2026-09-17T11:19:08.714+0000] {logging_mixin.py:188} INFO - [2026-09-17T11:19:08.714+0000] {dag.py:3954} INFO - Setting next_dagrun for load_transform_data_DAG to None, run_after=None
[2026-09-17T11:19:08.724+0000] {processor.py:183} INFO - Processing /opt/airflow/dags/transformation_DAG.py took 0.342 seconds
[2026-09-17T11:19:38.842+0000] {processor.py:161} INFO - Started process (PID=3029) to work on /opt/airflow/dags/transformation_DAG.py
[2026-09-17T11:19:38.843+0000] {processor.py:830} INFO - Processing file /opt/airflow/dags/transformation_DAG.py for tasks to queue
[2026-09-17T11:19:38.843+0000] {logging_mixin.py:188} INFO - [2026-09-17T11:19:38.843+0000] {dagbag.py:545} INFO - Filling up the DagBag from /opt/airflow/dags/transformation_DAG.py
[2026-09-17T11:19:39.149+0000] {processor.py:840} INFO - DAG(s) 'load_transform_data_DAG' retrieved from /opt/airflow/dags/transformation_DAG.py
[2026-09-17T11:19:39.161+0000] {logging_mixin.py:188} INFO - [2026-09-17T11:19:39.160+0000] {dag.py:3096} INFO - Sync 1 DAGs
[2026-09-17T11:19:39.167+0000] {logging_mixin.py:188} INFO - [2026-09-17T11:19:39.167+0000] {dag.py:3954} INFO - Setting next_dagrun for load_transform_data_DAG to None, run_after=None
[2026-09-17T11:19:39.176+0000] {processor.py:183} INFO - Processing /opt/airflow/dags/transformation_DAG.py took 0.338 seconds
[2026-09-17T11:20:09.291+0000] {processor.py:161} INFO - Started process (PID=3039) to work on /opt/airflow/dags/transformation_DAG.py
[2026-09-17T11:20:09.294+0000] {processor.py:830} INFO - Processing file /opt/airflow/dags/transformation_DAG.py for tasks to queue
[2026-09-17T11:20:09.294+0000] {logging_mixin.py:188} INFO - [2026-09-17T11:20:09.294+0000] {dagbag.py:545} INFO - Filling up the DagBag from /opt/airflow/dags/transformation_DAG.py
[2026-09-17T11:20:09.611+0000] {processor.py:840} INFO - DAG(s) 'load_transform_data_DAG' retrieved from /opt/airflow/dags/transformation_DAG.py
[2026-09-17T11:20:09.623+0000] {logging_mixin.py:188} INFO - [2026-09-17T11:20:09.623+0000] {dag.py:3096} INFO - Sync 1 DAGs
[2026-09-17T11:20:09.629+0000] {logging_mixin.py:188} INFO - [2026-09-17T11:20:09.629+0000] {dag.py:3954} INFO - Setting next_dagrun for load_transform_data_DAG to None, run_after=None
[2026-09-17T11:20:09.640+0000] {processor.py:183} INFO - Processing /opt/airflow/dags/transformation_DAG.py took 0.353 seconds
[2026-09-17T11:20:39.785+0000] {processor.py:161} INFO - Started process (PID=3049) to work on /opt/airflow/dags/transformation_DAG.py
[2026-09-17T11:20:39.786+0000] {processor.py:830} INFO - Processing file /opt/airflow/dags/transformation_DAG.py for tasks to queue
[2026-09-17T11:20:39.787+0000] {logging_mixin.py:188} INFO - [2026-09-17T11:20:39.787+0000] {dagbag.py:545} INFO - Filling up the DagBag from /opt/airflow/dags/transformation_DAG.py
[2026-09-17T11:20:40.088+0000] {processor.py:840} INFO - DAG(s) 'load_transform_data_DAG' retrieved from /opt/airflow/dags/transformation_DAG.py
[2026-09-17T11:20:40.098+0000] {logging_mixin.py:188} INFO - [2026-09-17T11:20:40.098+0000] {dag.py:3096} INFO - Sync 1 DAGs
[2026-09-17T11:20:40.106+0000] {logging_mixin.py:188} INFO - [2026-09-17T11:20:40.106+0000] {dag.py:3954} INFO - Setting next_dagrun for load_transform_data_DAG to None, run_after=None
[2026-09-17T11:20:40.116+0000] {processor.py:183} INFO - Processing /opt/airflow/dags/transformation_DAG.py took 0.340 seconds
[2026-09-17T11:21:10.269+0000] {processor.py:161} INFO - Started process (PID=3059) to work on /opt/airflow/dags/transformation_DAG.py
[2026-09-17T11:21:10.270+0000] {processor.py:830} INFO - Processing file /opt/airflow/dags/transformation_DAG.py for tasks to queue
[2026-09-17T11:21:10.271+0000] {logging_mixin.py:188} INFO - [2026-09-17T11:21:10.271+0000] {dagbag.py:545} INFO - Filling up the DagBag from /opt/airflow/dags/transformation_DAG.py
[2026-09-17T11:21:10.569+0000] {processor.py:840} INFO - DAG(s) 'load_transform_data_DAG' retrieved from /opt/airflow/dags/transformation_DAG.py
[2026-09-17T11:21:10.582+0000] {logging_mixin.py:188} INFO - [2026-09-17T11:21:10.581+0000] {dag.py:3096} INFO - Sync 1 DAGs
[2026-09-17T11:21:10.588+0000] {logging_mixin.py:188} INFO - [2026-09-17T11:21:10.588+0000] {dag.py:3954} INFO - Setting next_dagrun for load_transform_data_DAG to None, run_after=None
[2026-09-17T11:21:10.597+0000] {processor.py:183} INFO - Processing /opt/airflow/dags/transformation_DAG.py took 0.336 seconds
[2026-09-17T11:21:40.755+0000] {processor.py:161} INFO - Started process (PID=3069) to work on /opt/airflow/dags/transformation_DAG.py
[2026-09-17T11:21:40.756+0000] {processor.py:830} INFO - Processing file /opt/airflow/dags/transformation_DAG.py for tasks to queue
[2026-09-17T11:21:40.757+0000] {logging_mixin.py:188} INFO - [2026-09-17T11:21:40.756+0000] {dagbag.py:545} INFO - Filling up the DagBag from /opt/airflow/dags/transformation_DAG.py
[2026-09-17T11:21:41.080+0000] {processor.py:840} INFO - DAG(s) 'load_transform_data_DAG' retrieved from /opt/airflow/dags/transformation_DAG.py
[2026-09-17T11:21:41.092+0000] {logging_mixin.py:188} INFO - [2026-09-17T11:21:41.092+0000] {dag.py:3096} INFO - Sync 1 DAGs
[2026-09-17T11:21:41.100+0000] {logging_mixin.py:188} INFO - [2026-09-17T11:21:41.100+0000] {dag.py:3954} INFO - Setting next_dagrun for load_transform_data_DAG to None, run_after=None
[2026-09-17T11:21:41.110+0000] {processor.py:183} INFO - Processing /opt/airflow/dags/transformation_DAG.py took 0.362 seconds
[2026-09-17T11:22:11.249+0000] {processor.py:161} INFO - Started process (PID=3079) to work on /opt/airflow/dags/transformation_DAG.py
[2026-09-17T11:22:11.250+0000] {processor.py:830} INFO - Processing file /opt/airflow/dags/transformation_DAG.py for tasks to queue
[2026-09-17T11:22:11.250+0000] {logging_mixin.py:188} INFO - [2026-09-17T11:22:11.250+0000] {dagbag.py:545} INFO - Filling up the DagBag from /opt/airflow/dags/transformation_DAG.py
[2026-09-17T11:22:11.566+0000] {processor.py:840} INFO - DAG(s) 'load_transform_data_DAG' retrieved from /opt/airflow/dags/transformation_DAG.py
[2026-09-17T11:22:11.577+0000] {logging_mixin.py:188} INFO - [2026-09-17T11:22:11.577+0000] {dag.py:3096} INFO - Sync 1 DAGs
[2026-09-17T11:22:11.583+0000] {logging_mixin.py:188} INFO - [2026-09-17T11:22:11.583+0000] {dag.py:3954} INFO - Setting next_dagrun for load_transform_data_DAG to None, run_after=None
[2026-09-17T11:22:11.594+0000] {processor.py:183} INFO - Processing /opt/airflow/dags/transformation_DAG.py took 0.348 seconds
[2026-09-17T11:22:41.738+0000] {processor.py:161} INFO - Started process (PID=3089) to work on /opt/airflow/dags/transformation_DAG.py
[2026-09-17T11:22:41.740+0000] {processor.py:830} INFO - Processing file /opt/airflow/dags/transformation_DAG.py for tasks to queue
[2026-09-17T11:22:41.742+0000] {logging_mixin.py:188} INFO - [2026-09-17T11:22:41.742+0000] {dagbag.py:545} INFO - Filling up the DagBag from /opt/airflow/dags/transformation_DAG.py
[2026-09-17T11:22:42.096+0000] {logging_mixin.py:188} INFO - [2026-09-17T11:22:42.095+0000] {dagbag.py:355} ERROR - Failed to import: /opt/airflow/dags/transformation_DAG.py
Traceback (most recent call last):
  File "/home/airflow/.local/lib/python3.12/site-packages/airflow/models/dagbag.py", line 351, in parse
    loader.exec_module(new_module)
  File "<frozen importlib._bootstrap_external>", line 995, in exec_module
  File "<frozen importlib._bootstrap>", line 488, in _call_with_frames_removed
  File "/opt/airflow/dags/transformation_DAG.py", line 10, in <module>
    from include import transform
  File "/opt/airflow/include/transform.py", line 7
    print(type(dat)
         ^
SyntaxError: '(' was never closed
[2026-09-17T11:22:42.096+0000] {processor.py:842} WARNING - No viable dags retrieved from /opt/airflow/dags/transformation_DAG.py
[2026-09-17T11:22:42.105+0000] {processor.py:183} INFO - Processing /opt/airflow/dags/transformation_DAG.py took 0.372 seconds
[2026-09-17T11:23:12.237+0000] {processor.py:161} INFO - Started process (PID=3098) to work on /opt/airflow/dags/transformation_DAG.py
[2026-09-17T11:23:12.238+0000] {processor.py:830} INFO - Processing file /opt/airflow/dags/transformation_DAG.py for tasks to queue
[2026-09-17T11:23:12.239+0000] {logging_mixin.py:188} INFO - [2026-09-17T11:23:12.239+0000] {dagbag.py:545} INFO - Filling up the DagBag from /opt/airflow/dags/transformation_DAG.py
[2026-09-17T11:23:12.541+0000] {processor.py:840} INFO - DAG(s) 'load_transform_data_DAG' retrieved from /opt/airflow/dags/transformation_DAG.py
[2026-09-17T11:23:12.552+0000] {logging_mixin.py:188} INFO - [2026-09-17T11:23:12.552+0000] {dag.py:3096} INFO - Sync 1 DAGs
[2026-09-17T11:23:12.558+0000] {logging_mixin.py:188} INFO - [2026-09-17T11:23:12.558+0000] {dag.py:3954} INFO - Setting next_dagrun for load_transform_data_DAG to None, run_after=None
[2026-09-17T11:23:12.570+0000] {processor.py:183} INFO - Processing /opt/airflow/dags/transformation_DAG.py took 0.341 seconds
[2026-09-17T11:23:42.699+0000] {processor.py:161} INFO - Started process (PID=3108) to work on /opt/airflow/dags/transformation_DAG.py
[2026-09-17T11:23:42.705+0000] {processor.py:830} INFO - Processing file /opt/airflow/dags/transformation_DAG.py for tasks to queue
[2026-09-17T11:23:42.706+0000] {logging_mixin.py:188} INFO - [2026-09-17T11:23:42.706+0000] {dagbag.py:545} INFO - Filling up the DagBag from /opt/airflow/dags/transformation_DAG.py
[2026-09-17T11:23:43.049+0000] {processor.py:840} INFO - DAG(s) 'load_transform_data_DAG' retrieved from /opt/airflow/dags/transformation_DAG.py
[2026-09-17T11:23:43.061+0000] {logging_mixin.py:188} INFO - [2026-09-17T11:23:43.061+0000] {dag.py:3096} INFO - Sync 1 DAGs
[2026-09-17T11:23:43.069+0000] {logging_mixin.py:188} INFO - [2026-09-17T11:23:43.069+0000] {dag.py:3954} INFO - Setting next_dagrun for load_transform_data_DAG to None, run_after=None
[2026-09-17T11:23:43.078+0000] {processor.py:183} INFO - Processing /opt/airflow/dags/transformation_DAG.py took 0.384 seconds
[2026-09-17T11:24:13.204+0000] {processor.py:161} INFO - Started process (PID=3118) to work on /opt/airflow/dags/transformation_DAG.py
[2026-09-17T11:24:13.205+0000] {processor.py:830} INFO - Processing file /opt/airflow/dags/transformation_DAG.py for tasks to queue
[2026-09-17T11:24:13.206+0000] {logging_mixin.py:188} INFO - [2026-09-17T11:24:13.205+0000] {dagbag.py:545} INFO - Filling up the DagBag from /opt/airflow/dags/transformation_DAG.py
[2026-09-17T11:24:13.532+0000] {processor.py:840} INFO - DAG(s) 'load_transform_data_DAG' retrieved from /opt/airflow/dags/transformation_DAG.py
[2026-09-17T11:24:13.544+0000] {logging_mixin.py:188} INFO - [2026-09-17T11:24:13.544+0000] {dag.py:3096} INFO - Sync 1 DAGs
[2026-09-17T11:24:13.550+0000] {logging_mixin.py:188} INFO - [2026-09-17T11:24:13.550+0000] {dag.py:3954} INFO - Setting next_dagrun for load_transform_data_DAG to None, run_after=None
[2026-09-17T11:24:13.559+0000] {processor.py:183} INFO - Processing /opt/airflow/dags/transformation_DAG.py took 0.364 seconds
[2026-09-17T11:24:43.691+0000] {processor.py:161} INFO - Started process (PID=3128) to work on /opt/airflow/dags/transformation_DAG.py
[2026-09-17T11:24:43.723+0000] {processor.py:830} INFO - Processing file /opt/airflow/dags/transformation_DAG.py for tasks to queue
[2026-09-17T11:24:43.725+0000] {logging_mixin.py:188} INFO - [2026-09-17T11:24:43.724+0000] {dagbag.py:545} INFO - Filling up the DagBag from /opt/airflow/dags/transformation_DAG.py
[2026-09-17T11:24:44.039+0000] {logging_mixin.py:188} INFO - [2026-09-17T11:24:44.038+0000] {dagbag.py:355} ERROR - Failed to import: /opt/airflow/dags/transformation_DAG.py
Traceback (most recent call last):
  File "/home/airflow/.local/lib/python3.12/site-packages/airflow/models/dagbag.py", line 351, in parse
    loader.exec_module(new_module)
  File "<frozen importlib._bootstrap_external>", line 995, in exec_module
  File "<frozen importlib._bootstrap>", line 488, in _call_with_frames_removed
  File "/opt/airflow/dags/transformation_DAG.py", line 10, in <module>
    from include import transform
  File "/opt/airflow/include/transform.py", line 6
    df = pd.DataFrame(data, columns=["videoId", "title", "publishedAt", "duration", "viewCount", "likeCount", "commentCount"])    print(df)
                                                                                                                                  ^^^^^
SyntaxError: invalid syntax
[2026-09-17T11:24:44.039+0000] {processor.py:842} WARNING - No viable dags retrieved from /opt/airflow/dags/transformation_DAG.py
[2026-09-17T11:24:44.048+0000] {processor.py:183} INFO - Processing /opt/airflow/dags/transformation_DAG.py took 0.365 seconds
[2026-09-17T11:25:14.203+0000] {processor.py:161} INFO - Started process (PID=3138) to work on /opt/airflow/dags/transformation_DAG.py
[2026-09-17T11:25:14.203+0000] {processor.py:830} INFO - Processing file /opt/airflow/dags/transformation_DAG.py for tasks to queue
[2026-09-17T11:25:14.204+0000] {logging_mixin.py:188} INFO - [2026-09-17T11:25:14.204+0000] {dagbag.py:545} INFO - Filling up the DagBag from /opt/airflow/dags/transformation_DAG.py
[2026-09-17T11:25:14.480+0000] {logging_mixin.py:188} INFO - [2026-09-17T11:25:14.480+0000] {dagbag.py:355} ERROR - Failed to import: /opt/airflow/dags/transformation_DAG.py
Traceback (most recent call last):
  File "/home/airflow/.local/lib/python3.12/site-packages/airflow/models/dagbag.py", line 351, in parse
    loader.exec_module(new_module)
  File "<frozen importlib._bootstrap_external>", line 995, in exec_module
  File "<frozen importlib._bootstrap>", line 488, in _call_with_frames_removed
  File "/opt/airflow/dags/transformation_DAG.py", line 10, in <module>
    from include import transform
  File "/opt/airflow/include/transform.py", line 6
    df = pd.DataFrame(data, columns=["videoId", "title", "publishedAt", "duration", "viewCount", "likeCount", "commentCount"])    print(df)
                                                                                                                                  ^^^^^
SyntaxError: invalid syntax
[2026-09-17T11:25:14.481+0000] {processor.py:842} WARNING - No viable dags retrieved from /opt/airflow/dags/transformation_DAG.py
[2026-09-17T11:25:14.489+0000] {processor.py:183} INFO - Processing /opt/airflow/dags/transformation_DAG.py took 0.291 seconds
[2026-09-17T11:25:44.665+0000] {processor.py:161} INFO - Started process (PID=3148) to work on /opt/airflow/dags/transformation_DAG.py
[2026-09-17T11:25:44.708+0000] {processor.py:830} INFO - Processing file /opt/airflow/dags/transformation_DAG.py for tasks to queue
[2026-09-17T11:25:44.709+0000] {logging_mixin.py:188} INFO - [2026-09-17T11:25:44.709+0000] {dagbag.py:545} INFO - Filling up the DagBag from /opt/airflow/dags/transformation_DAG.py
[2026-09-17T11:25:45.001+0000] {logging_mixin.py:188} INFO - [2026-09-17T11:25:45.000+0000] {dagbag.py:355} ERROR - Failed to import: /opt/airflow/dags/transformation_DAG.py
Traceback (most recent call last):
  File "/home/airflow/.local/lib/python3.12/site-packages/airflow/models/dagbag.py", line 351, in parse
    loader.exec_module(new_module)
  File "<frozen importlib._bootstrap_external>", line 995, in exec_module
  File "<frozen importlib._bootstrap>", line 488, in _call_with_frames_removed
  File "/opt/airflow/dags/transformation_DAG.py", line 10, in <module>
    from include import transform
  File "/opt/airflow/include/transform.py", line 6
    df = pd.DataFrame(data, columns=["videoId", "title", "publishedAt", "duration", "viewCount", "likeCount", "commentCount"])    print(df)
                                                                                                                                  ^^^^^
SyntaxError: invalid syntax
[2026-09-17T11:25:45.001+0000] {processor.py:842} WARNING - No viable dags retrieved from /opt/airflow/dags/transformation_DAG.py
[2026-09-17T11:25:45.008+0000] {processor.py:183} INFO - Processing /opt/airflow/dags/transformation_DAG.py took 0.352 seconds
[2026-09-17T11:26:15.177+0000] {processor.py:161} INFO - Started process (PID=3158) to work on /opt/airflow/dags/transformation_DAG.py
[2026-09-17T11:26:15.178+0000] {processor.py:830} INFO - Processing file /opt/airflow/dags/transformation_DAG.py for tasks to queue
[2026-09-17T11:26:15.179+0000] {logging_mixin.py:188} INFO - [2026-09-17T11:26:15.179+0000] {dagbag.py:545} INFO - Filling up the DagBag from /opt/airflow/dags/transformation_DAG.py
[2026-09-17T11:26:15.452+0000] {logging_mixin.py:188} INFO - [2026-09-17T11:26:15.451+0000] {dagbag.py:355} ERROR - Failed to import: /opt/airflow/dags/transformation_DAG.py
Traceback (most recent call last):
  File "/home/airflow/.local/lib/python3.12/site-packages/airflow/models/dagbag.py", line 351, in parse
    loader.exec_module(new_module)
  File "<frozen importlib._bootstrap_external>", line 995, in exec_module
  File "<frozen importlib._bootstrap>", line 488, in _call_with_frames_removed
  File "/opt/airflow/dags/transformation_DAG.py", line 10, in <module>
    from include import transform
  File "/opt/airflow/include/transform.py", line 6
    df = pd.DataFrame(data, columns=["videoId", "title", "publishedAt", "duration", "viewCount", "likeCount", "commentCount"])    print(df)
                                                                                                                                  ^^^^^
SyntaxError: invalid syntax
[2026-09-17T11:26:15.452+0000] {processor.py:842} WARNING - No viable dags retrieved from /opt/airflow/dags/transformation_DAG.py
[2026-09-17T11:26:15.461+0000] {processor.py:183} INFO - Processing /opt/airflow/dags/transformation_DAG.py took 0.293 seconds
[2026-09-17T11:26:45.620+0000] {processor.py:161} INFO - Started process (PID=3168) to work on /opt/airflow/dags/transformation_DAG.py
[2026-09-17T11:26:45.632+0000] {processor.py:830} INFO - Processing file /opt/airflow/dags/transformation_DAG.py for tasks to queue
[2026-09-17T11:26:45.634+0000] {logging_mixin.py:188} INFO - [2026-09-17T11:26:45.634+0000] {dagbag.py:545} INFO - Filling up the DagBag from /opt/airflow/dags/transformation_DAG.py
[2026-09-17T11:26:45.913+0000] {logging_mixin.py:188} INFO - [2026-09-17T11:26:45.913+0000] {dagbag.py:355} ERROR - Failed to import: /opt/airflow/dags/transformation_DAG.py
Traceback (most recent call last):
  File "/home/airflow/.local/lib/python3.12/site-packages/airflow/models/dagbag.py", line 351, in parse
    loader.exec_module(new_module)
  File "<frozen importlib._bootstrap_external>", line 995, in exec_module
  File "<frozen importlib._bootstrap>", line 488, in _call_with_frames_removed
  File "/opt/airflow/dags/transformation_DAG.py", line 10, in <module>
    from include import transform
  File "/opt/airflow/include/transform.py", line 6
    df = pd.DataFrame(data, columns=["videoId", "title", "publishedAt", "duration", "viewCount", "likeCount", "commentCount"])    print(df)
                                                                                                                                  ^^^^^
SyntaxError: invalid syntax
[2026-09-17T11:26:45.914+0000] {processor.py:842} WARNING - No viable dags retrieved from /opt/airflow/dags/transformation_DAG.py
[2026-09-17T11:26:45.922+0000] {processor.py:183} INFO - Processing /opt/airflow/dags/transformation_DAG.py took 0.306 seconds
[2026-09-17T11:27:16.078+0000] {processor.py:161} INFO - Started process (PID=3178) to work on /opt/airflow/dags/transformation_DAG.py
[2026-09-17T11:27:16.078+0000] {processor.py:830} INFO - Processing file /opt/airflow/dags/transformation_DAG.py for tasks to queue
[2026-09-17T11:27:16.079+0000] {logging_mixin.py:188} INFO - [2026-09-17T11:27:16.079+0000] {dagbag.py:545} INFO - Filling up the DagBag from /opt/airflow/dags/transformation_DAG.py
[2026-09-17T11:27:16.350+0000] {logging_mixin.py:188} INFO - [2026-09-17T11:27:16.349+0000] {dagbag.py:355} ERROR - Failed to import: /opt/airflow/dags/transformation_DAG.py
Traceback (most recent call last):
  File "/home/airflow/.local/lib/python3.12/site-packages/airflow/models/dagbag.py", line 351, in parse
    loader.exec_module(new_module)
  File "<frozen importlib._bootstrap_external>", line 995, in exec_module
  File "<frozen importlib._bootstrap>", line 488, in _call_with_frames_removed
  File "/opt/airflow/dags/transformation_DAG.py", line 10, in <module>
    from include import transform
  File "/opt/airflow/include/transform.py", line 6
    df = pd.DataFrame(data, columns=["videoId", "title", "publishedAt", "duration", "viewCount", "likeCount", "commentCount"])    print(df)
                                                                                                                                  ^^^^^
SyntaxError: invalid syntax
[2026-09-17T11:27:16.350+0000] {processor.py:842} WARNING - No viable dags retrieved from /opt/airflow/dags/transformation_DAG.py
[2026-09-17T11:27:16.359+0000] {processor.py:183} INFO - Processing /opt/airflow/dags/transformation_DAG.py took 0.289 seconds
[2026-09-17T11:27:46.520+0000] {processor.py:161} INFO - Started process (PID=3188) to work on /opt/airflow/dags/transformation_DAG.py
[2026-09-17T11:27:46.612+0000] {processor.py:830} INFO - Processing file /opt/airflow/dags/transformation_DAG.py for tasks to queue
[2026-09-17T11:27:46.614+0000] {logging_mixin.py:188} INFO - [2026-09-17T11:27:46.613+0000] {dagbag.py:545} INFO - Filling up the DagBag from /opt/airflow/dags/transformation_DAG.py
[2026-09-17T11:27:46.890+0000] {logging_mixin.py:188} INFO - [2026-09-17T11:27:46.889+0000] {dagbag.py:355} ERROR - Failed to import: /opt/airflow/dags/transformation_DAG.py
Traceback (most recent call last):
  File "/home/airflow/.local/lib/python3.12/site-packages/airflow/models/dagbag.py", line 351, in parse
    loader.exec_module(new_module)
  File "<frozen importlib._bootstrap_external>", line 995, in exec_module
  File "<frozen importlib._bootstrap>", line 488, in _call_with_frames_removed
  File "/opt/airflow/dags/transformation_DAG.py", line 10, in <module>
    from include import transform
  File "/opt/airflow/include/transform.py", line 6
    df = pd.DataFrame(data, columns=["videoId", "title", "publishedAt", "duration", "viewCount", "likeCount", "commentCount"])    print(df)
                                                                                                                                  ^^^^^
SyntaxError: invalid syntax
[2026-09-17T11:27:46.890+0000] {processor.py:842} WARNING - No viable dags retrieved from /opt/airflow/dags/transformation_DAG.py
[2026-09-17T11:27:46.898+0000] {processor.py:183} INFO - Processing /opt/airflow/dags/transformation_DAG.py took 0.382 seconds
[2026-09-17T11:28:17.055+0000] {processor.py:161} INFO - Started process (PID=3198) to work on /opt/airflow/dags/transformation_DAG.py
[2026-09-17T11:28:17.056+0000] {processor.py:830} INFO - Processing file /opt/airflow/dags/transformation_DAG.py for tasks to queue
[2026-09-17T11:28:17.057+0000] {logging_mixin.py:188} INFO - [2026-09-17T11:28:17.057+0000] {dagbag.py:545} INFO - Filling up the DagBag from /opt/airflow/dags/transformation_DAG.py
[2026-09-17T11:28:17.339+0000] {logging_mixin.py:188} INFO - [2026-09-17T11:28:17.338+0000] {dagbag.py:355} ERROR - Failed to import: /opt/airflow/dags/transformation_DAG.py
Traceback (most recent call last):
  File "/home/airflow/.local/lib/python3.12/site-packages/airflow/models/dagbag.py", line 351, in parse
    loader.exec_module(new_module)
  File "<frozen importlib._bootstrap_external>", line 995, in exec_module
  File "<frozen importlib._bootstrap>", line 488, in _call_with_frames_removed
  File "/opt/airflow/dags/transformation_DAG.py", line 10, in <module>
    from include import transform
  File "/opt/airflow/include/transform.py", line 6
    df = pd.DataFrame(data, columns=["videoId", "title", "publishedAt", "duration", "viewCount", "likeCount", "commentCount"])    print(df)
                                                                                                                                  ^^^^^
SyntaxError: invalid syntax
[2026-09-17T11:28:17.339+0000] {processor.py:842} WARNING - No viable dags retrieved from /opt/airflow/dags/transformation_DAG.py
[2026-09-17T11:28:17.347+0000] {processor.py:183} INFO - Processing /opt/airflow/dags/transformation_DAG.py took 0.302 seconds
[2026-09-17T11:28:47.512+0000] {processor.py:161} INFO - Started process (PID=3208) to work on /opt/airflow/dags/transformation_DAG.py
[2026-09-17T11:28:47.524+0000] {processor.py:830} INFO - Processing file /opt/airflow/dags/transformation_DAG.py for tasks to queue
[2026-09-17T11:28:47.525+0000] {logging_mixin.py:188} INFO - [2026-09-17T11:28:47.525+0000] {dagbag.py:545} INFO - Filling up the DagBag from /opt/airflow/dags/transformation_DAG.py
[2026-09-17T11:28:47.813+0000] {logging_mixin.py:188} INFO - [2026-09-17T11:28:47.812+0000] {dagbag.py:355} ERROR - Failed to import: /opt/airflow/dags/transformation_DAG.py
Traceback (most recent call last):
  File "/home/airflow/.local/lib/python3.12/site-packages/airflow/models/dagbag.py", line 351, in parse
    loader.exec_module(new_module)
  File "<frozen importlib._bootstrap_external>", line 995, in exec_module
  File "<frozen importlib._bootstrap>", line 488, in _call_with_frames_removed
  File "/opt/airflow/dags/transformation_DAG.py", line 10, in <module>
    from include import transform
  File "/opt/airflow/include/transform.py", line 6
    df = pd.DataFrame(data, columns=["videoId", "title", "publishedAt", "duration", "viewCount", "likeCount", "commentCount"])    print(df)
                                                                                                                                  ^^^^^
SyntaxError: invalid syntax
[2026-09-17T11:28:47.813+0000] {processor.py:842} WARNING - No viable dags retrieved from /opt/airflow/dags/transformation_DAG.py
[2026-09-17T11:28:47.821+0000] {processor.py:183} INFO - Processing /opt/airflow/dags/transformation_DAG.py took 0.312 seconds
[2026-09-17T11:29:17.960+0000] {processor.py:161} INFO - Started process (PID=3218) to work on /opt/airflow/dags/transformation_DAG.py
[2026-09-17T11:29:17.960+0000] {processor.py:830} INFO - Processing file /opt/airflow/dags/transformation_DAG.py for tasks to queue
[2026-09-17T11:29:17.961+0000] {logging_mixin.py:188} INFO - [2026-09-17T11:29:17.961+0000] {dagbag.py:545} INFO - Filling up the DagBag from /opt/airflow/dags/transformation_DAG.py
[2026-09-17T11:29:18.256+0000] {logging_mixin.py:188} INFO - [2026-09-17T11:29:18.255+0000] {dagbag.py:355} ERROR - Failed to import: /opt/airflow/dags/transformation_DAG.py
Traceback (most recent call last):
  File "/home/airflow/.local/lib/python3.12/site-packages/airflow/models/dagbag.py", line 351, in parse
    loader.exec_module(new_module)
  File "<frozen importlib._bootstrap_external>", line 995, in exec_module
  File "<frozen importlib._bootstrap>", line 488, in _call_with_frames_removed
  File "/opt/airflow/dags/transformation_DAG.py", line 10, in <module>
    from include import transform
  File "/opt/airflow/include/transform.py", line 6
    df = pd.DataFrame(data, columns=["videoId", "title", "publishedAt", "duration", "viewCount", "likeCount", "commentCount"])    print(df)
                                                                                                                                  ^^^^^
SyntaxError: invalid syntax
[2026-09-17T11:29:18.256+0000] {processor.py:842} WARNING - No viable dags retrieved from /opt/airflow/dags/transformation_DAG.py
[2026-09-17T11:29:18.266+0000] {processor.py:183} INFO - Processing /opt/airflow/dags/transformation_DAG.py took 0.310 seconds
[2026-09-17T11:29:48.436+0000] {processor.py:161} INFO - Started process (PID=3228) to work on /opt/airflow/dags/transformation_DAG.py
[2026-09-17T11:29:48.442+0000] {processor.py:830} INFO - Processing file /opt/airflow/dags/transformation_DAG.py for tasks to queue
[2026-09-17T11:29:48.443+0000] {logging_mixin.py:188} INFO - [2026-09-17T11:29:48.442+0000] {dagbag.py:545} INFO - Filling up the DagBag from /opt/airflow/dags/transformation_DAG.py
[2026-09-17T11:29:48.716+0000] {logging_mixin.py:188} INFO - [2026-09-17T11:29:48.715+0000] {dagbag.py:355} ERROR - Failed to import: /opt/airflow/dags/transformation_DAG.py
Traceback (most recent call last):
  File "/home/airflow/.local/lib/python3.12/site-packages/airflow/models/dagbag.py", line 351, in parse
    loader.exec_module(new_module)
  File "<frozen importlib._bootstrap_external>", line 995, in exec_module
  File "<frozen importlib._bootstrap>", line 488, in _call_with_frames_removed
  File "/opt/airflow/dags/transformation_DAG.py", line 10, in <module>
    from include import transform
  File "/opt/airflow/include/transform.py", line 6
    df = pd.DataFrame(data, columns=["videoId", "title", "publishedAt", "duration", "viewCount", "likeCount", "commentCount"])    print(df)
                                                                                                                                  ^^^^^
SyntaxError: invalid syntax
[2026-09-17T11:29:48.716+0000] {processor.py:842} WARNING - No viable dags retrieved from /opt/airflow/dags/transformation_DAG.py
[2026-09-17T11:29:48.724+0000] {processor.py:183} INFO - Processing /opt/airflow/dags/transformation_DAG.py took 0.292 seconds
[2026-09-17T11:30:18.892+0000] {processor.py:161} INFO - Started process (PID=3238) to work on /opt/airflow/dags/transformation_DAG.py
[2026-09-17T11:30:18.892+0000] {processor.py:830} INFO - Processing file /opt/airflow/dags/transformation_DAG.py for tasks to queue
[2026-09-17T11:30:18.893+0000] {logging_mixin.py:188} INFO - [2026-09-17T11:30:18.892+0000] {dagbag.py:545} INFO - Filling up the DagBag from /opt/airflow/dags/transformation_DAG.py
[2026-09-17T11:30:19.166+0000] {logging_mixin.py:188} INFO - [2026-09-17T11:30:19.165+0000] {dagbag.py:355} ERROR - Failed to import: /opt/airflow/dags/transformation_DAG.py
Traceback (most recent call last):
  File "/home/airflow/.local/lib/python3.12/site-packages/airflow/models/dagbag.py", line 351, in parse
    loader.exec_module(new_module)
  File "<frozen importlib._bootstrap_external>", line 995, in exec_module
  File "<frozen importlib._bootstrap>", line 488, in _call_with_frames_removed
  File "/opt/airflow/dags/transformation_DAG.py", line 10, in <module>
    from include import transform
  File "/opt/airflow/include/transform.py", line 6
    df = pd.DataFrame(data, columns=["videoId", "title", "publishedAt", "duration", "viewCount", "likeCount", "commentCount"])    print(df)
                                                                                                                                  ^^^^^
SyntaxError: invalid syntax
[2026-09-17T11:30:19.166+0000] {processor.py:842} WARNING - No viable dags retrieved from /opt/airflow/dags/transformation_DAG.py
[2026-09-17T11:30:19.174+0000] {processor.py:183} INFO - Processing /opt/airflow/dags/transformation_DAG.py took 0.286 seconds
[2026-09-17T11:30:49.333+0000] {processor.py:161} INFO - Started process (PID=3248) to work on /opt/airflow/dags/transformation_DAG.py
[2026-09-17T11:30:49.346+0000] {processor.py:830} INFO - Processing file /opt/airflow/dags/transformation_DAG.py for tasks to queue
[2026-09-17T11:30:49.348+0000] {logging_mixin.py:188} INFO - [2026-09-17T11:30:49.347+0000] {dagbag.py:545} INFO - Filling up the DagBag from /opt/airflow/dags/transformation_DAG.py
[2026-09-17T11:30:49.626+0000] {logging_mixin.py:188} INFO - [2026-09-17T11:30:49.625+0000] {dagbag.py:355} ERROR - Failed to import: /opt/airflow/dags/transformation_DAG.py
Traceback (most recent call last):
  File "/home/airflow/.local/lib/python3.12/site-packages/airflow/models/dagbag.py", line 351, in parse
    loader.exec_module(new_module)
  File "<frozen importlib._bootstrap_external>", line 995, in exec_module
  File "<frozen importlib._bootstrap>", line 488, in _call_with_frames_removed
  File "/opt/airflow/dags/transformation_DAG.py", line 10, in <module>
    from include import transform
  File "/opt/airflow/include/transform.py", line 6
    df = pd.DataFrame(data, columns=["videoId", "title", "publishedAt", "duration", "viewCount", "likeCount", "commentCount"])    print(df)
                                                                                                                                  ^^^^^
SyntaxError: invalid syntax
[2026-09-17T11:30:49.626+0000] {processor.py:842} WARNING - No viable dags retrieved from /opt/airflow/dags/transformation_DAG.py
[2026-09-17T11:30:49.634+0000] {processor.py:183} INFO - Processing /opt/airflow/dags/transformation_DAG.py took 0.311 seconds
[2026-09-17T11:31:19.806+0000] {processor.py:161} INFO - Started process (PID=3258) to work on /opt/airflow/dags/transformation_DAG.py
[2026-09-17T11:31:19.807+0000] {processor.py:830} INFO - Processing file /opt/airflow/dags/transformation_DAG.py for tasks to queue
[2026-09-17T11:31:19.808+0000] {logging_mixin.py:188} INFO - [2026-09-17T11:31:19.808+0000] {dagbag.py:545} INFO - Filling up the DagBag from /opt/airflow/dags/transformation_DAG.py
[2026-09-17T11:31:20.083+0000] {logging_mixin.py:188} INFO - [2026-09-17T11:31:20.082+0000] {dagbag.py:355} ERROR - Failed to import: /opt/airflow/dags/transformation_DAG.py
Traceback (most recent call last):
  File "/home/airflow/.local/lib/python3.12/site-packages/airflow/models/dagbag.py", line 351, in parse
    loader.exec_module(new_module)
  File "<frozen importlib._bootstrap_external>", line 995, in exec_module
  File "<frozen importlib._bootstrap>", line 488, in _call_with_frames_removed
  File "/opt/airflow/dags/transformation_DAG.py", line 10, in <module>
    from include import transform
  File "/opt/airflow/include/transform.py", line 6
    df = pd.DataFrame(data, columns=["videoId", "title", "publishedAt", "duration", "viewCount", "likeCount", "commentCount"])    print(df)
                                                                                                                                  ^^^^^
SyntaxError: invalid syntax
[2026-09-17T11:31:20.083+0000] {processor.py:842} WARNING - No viable dags retrieved from /opt/airflow/dags/transformation_DAG.py
[2026-09-17T11:31:20.092+0000] {processor.py:183} INFO - Processing /opt/airflow/dags/transformation_DAG.py took 0.295 seconds
[2026-09-17T11:31:50.261+0000] {processor.py:161} INFO - Started process (PID=3268) to work on /opt/airflow/dags/transformation_DAG.py
[2026-09-17T11:31:50.401+0000] {processor.py:830} INFO - Processing file /opt/airflow/dags/transformation_DAG.py for tasks to queue
[2026-09-17T11:31:50.402+0000] {logging_mixin.py:188} INFO - [2026-09-17T11:31:50.402+0000] {dagbag.py:545} INFO - Filling up the DagBag from /opt/airflow/dags/transformation_DAG.py
[2026-09-17T11:31:50.687+0000] {logging_mixin.py:188} INFO - [2026-09-17T11:31:50.686+0000] {dagbag.py:355} ERROR - Failed to import: /opt/airflow/dags/transformation_DAG.py
Traceback (most recent call last):
  File "/home/airflow/.local/lib/python3.12/site-packages/airflow/models/dagbag.py", line 351, in parse
    loader.exec_module(new_module)
  File "<frozen importlib._bootstrap_external>", line 995, in exec_module
  File "<frozen importlib._bootstrap>", line 488, in _call_with_frames_removed
  File "/opt/airflow/dags/transformation_DAG.py", line 10, in <module>
    from include import transform
  File "/opt/airflow/include/transform.py", line 6
    df = pd.DataFrame(data, columns=["videoId", "title", "publishedAt", "duration", "viewCount", "likeCount", "commentCount"])    print(df)
                                                                                                                                  ^^^^^
SyntaxError: invalid syntax
[2026-09-17T11:31:50.687+0000] {processor.py:842} WARNING - No viable dags retrieved from /opt/airflow/dags/transformation_DAG.py
[2026-09-17T11:31:50.695+0000] {processor.py:183} INFO - Processing /opt/airflow/dags/transformation_DAG.py took 0.444 seconds
[2026-09-17T11:32:20.859+0000] {processor.py:161} INFO - Started process (PID=3278) to work on /opt/airflow/dags/transformation_DAG.py
[2026-09-17T11:32:20.861+0000] {processor.py:830} INFO - Processing file /opt/airflow/dags/transformation_DAG.py for tasks to queue
[2026-09-17T11:32:20.862+0000] {logging_mixin.py:188} INFO - [2026-09-17T11:32:20.861+0000] {dagbag.py:545} INFO - Filling up the DagBag from /opt/airflow/dags/transformation_DAG.py
[2026-09-17T11:32:21.144+0000] {logging_mixin.py:188} INFO - [2026-09-17T11:32:21.143+0000] {dagbag.py:355} ERROR - Failed to import: /opt/airflow/dags/transformation_DAG.py
Traceback (most recent call last):
  File "/home/airflow/.local/lib/python3.12/site-packages/airflow/models/dagbag.py", line 351, in parse
    loader.exec_module(new_module)
  File "<frozen importlib._bootstrap_external>", line 995, in exec_module
  File "<frozen importlib._bootstrap>", line 488, in _call_with_frames_removed
  File "/opt/airflow/dags/transformation_DAG.py", line 10, in <module>
    from include import transform
  File "/opt/airflow/include/transform.py", line 6
    df = pd.DataFrame(data, columns=["videoId", "title", "publishedAt", "duration", "viewCount", "likeCount", "commentCount"])    print(df)
                                                                                                                                  ^^^^^
SyntaxError: invalid syntax
[2026-09-17T11:32:21.144+0000] {processor.py:842} WARNING - No viable dags retrieved from /opt/airflow/dags/transformation_DAG.py
[2026-09-17T11:32:21.151+0000] {processor.py:183} INFO - Processing /opt/airflow/dags/transformation_DAG.py took 0.300 seconds
[2026-09-17T11:32:51.305+0000] {processor.py:161} INFO - Started process (PID=3288) to work on /opt/airflow/dags/transformation_DAG.py
[2026-09-17T11:32:51.392+0000] {processor.py:830} INFO - Processing file /opt/airflow/dags/transformation_DAG.py for tasks to queue
[2026-09-17T11:32:51.394+0000] {logging_mixin.py:188} INFO - [2026-09-17T11:32:51.393+0000] {dagbag.py:545} INFO - Filling up the DagBag from /opt/airflow/dags/transformation_DAG.py
[2026-09-17T11:32:51.680+0000] {logging_mixin.py:188} INFO - [2026-09-17T11:32:51.679+0000] {dagbag.py:355} ERROR - Failed to import: /opt/airflow/dags/transformation_DAG.py
Traceback (most recent call last):
  File "/home/airflow/.local/lib/python3.12/site-packages/airflow/models/dagbag.py", line 351, in parse
    loader.exec_module(new_module)
  File "<frozen importlib._bootstrap_external>", line 995, in exec_module
  File "<frozen importlib._bootstrap>", line 488, in _call_with_frames_removed
  File "/opt/airflow/dags/transformation_DAG.py", line 10, in <module>
    from include import transform
  File "/opt/airflow/include/transform.py", line 6
    df = pd.DataFrame(data, columns=["videoId", "title", "publishedAt", "duration", "viewCount", "likeCount", "commentCount"])    print(df)
                                                                                                                                  ^^^^^
SyntaxError: invalid syntax
[2026-09-17T11:32:51.680+0000] {processor.py:842} WARNING - No viable dags retrieved from /opt/airflow/dags/transformation_DAG.py
[2026-09-17T11:32:51.688+0000] {processor.py:183} INFO - Processing /opt/airflow/dags/transformation_DAG.py took 0.386 seconds
[2026-09-17T11:33:21.851+0000] {processor.py:161} INFO - Started process (PID=3298) to work on /opt/airflow/dags/transformation_DAG.py
[2026-09-17T11:33:21.851+0000] {processor.py:830} INFO - Processing file /opt/airflow/dags/transformation_DAG.py for tasks to queue
[2026-09-17T11:33:21.852+0000] {logging_mixin.py:188} INFO - [2026-09-17T11:33:21.851+0000] {dagbag.py:545} INFO - Filling up the DagBag from /opt/airflow/dags/transformation_DAG.py
[2026-09-17T11:33:22.124+0000] {logging_mixin.py:188} INFO - [2026-09-17T11:33:22.123+0000] {dagbag.py:355} ERROR - Failed to import: /opt/airflow/dags/transformation_DAG.py
Traceback (most recent call last):
  File "/home/airflow/.local/lib/python3.12/site-packages/airflow/models/dagbag.py", line 351, in parse
    loader.exec_module(new_module)
  File "<frozen importlib._bootstrap_external>", line 995, in exec_module
  File "<frozen importlib._bootstrap>", line 488, in _call_with_frames_removed
  File "/opt/airflow/dags/transformation_DAG.py", line 10, in <module>
    from include import transform
  File "/opt/airflow/include/transform.py", line 6
    df = pd.DataFrame(data, columns=["videoId", "title", "publishedAt", "duration", "viewCount", "likeCount", "commentCount"])    print(df)
                                                                                                                                  ^^^^^
SyntaxError: invalid syntax
[2026-09-17T11:33:22.124+0000] {processor.py:842} WARNING - No viable dags retrieved from /opt/airflow/dags/transformation_DAG.py
[2026-09-17T11:33:22.133+0000] {processor.py:183} INFO - Processing /opt/airflow/dags/transformation_DAG.py took 0.286 seconds
[2026-09-17T11:33:52.303+0000] {processor.py:161} INFO - Started process (PID=3308) to work on /opt/airflow/dags/transformation_DAG.py
[2026-09-17T11:33:52.388+0000] {processor.py:830} INFO - Processing file /opt/airflow/dags/transformation_DAG.py for tasks to queue
[2026-09-17T11:33:52.390+0000] {logging_mixin.py:188} INFO - [2026-09-17T11:33:52.389+0000] {dagbag.py:545} INFO - Filling up the DagBag from /opt/airflow/dags/transformation_DAG.py
[2026-09-17T11:33:52.672+0000] {logging_mixin.py:188} INFO - [2026-09-17T11:33:52.671+0000] {dagbag.py:355} ERROR - Failed to import: /opt/airflow/dags/transformation_DAG.py
Traceback (most recent call last):
  File "/home/airflow/.local/lib/python3.12/site-packages/airflow/models/dagbag.py", line 351, in parse
    loader.exec_module(new_module)
  File "<frozen importlib._bootstrap_external>", line 995, in exec_module
  File "<frozen importlib._bootstrap>", line 488, in _call_with_frames_removed
  File "/opt/airflow/dags/transformation_DAG.py", line 10, in <module>
    from include import transform
  File "/opt/airflow/include/transform.py", line 6
    df = pd.DataFrame(data, columns=["videoId", "title", "publishedAt", "duration", "viewCount", "likeCount", "commentCount"])    print(df)
                                                                                                                                  ^^^^^
SyntaxError: invalid syntax
[2026-09-17T11:33:52.672+0000] {processor.py:842} WARNING - No viable dags retrieved from /opt/airflow/dags/transformation_DAG.py
[2026-09-17T11:33:52.680+0000] {processor.py:183} INFO - Processing /opt/airflow/dags/transformation_DAG.py took 0.387 seconds
[2026-09-17T11:34:22.840+0000] {processor.py:161} INFO - Started process (PID=3318) to work on /opt/airflow/dags/transformation_DAG.py
[2026-09-17T11:34:22.841+0000] {processor.py:830} INFO - Processing file /opt/airflow/dags/transformation_DAG.py for tasks to queue
[2026-09-17T11:34:22.842+0000] {logging_mixin.py:188} INFO - [2026-09-17T11:34:22.841+0000] {dagbag.py:545} INFO - Filling up the DagBag from /opt/airflow/dags/transformation_DAG.py
[2026-09-17T11:34:23.150+0000] {logging_mixin.py:188} INFO - [2026-09-17T11:34:23.149+0000] {dagbag.py:355} ERROR - Failed to import: /opt/airflow/dags/transformation_DAG.py
Traceback (most recent call last):
  File "/home/airflow/.local/lib/python3.12/site-packages/airflow/models/dagbag.py", line 351, in parse
    loader.exec_module(new_module)
  File "<frozen importlib._bootstrap_external>", line 995, in exec_module
  File "<frozen importlib._bootstrap>", line 488, in _call_with_frames_removed
  File "/opt/airflow/dags/transformation_DAG.py", line 10, in <module>
    from include import transform
  File "/opt/airflow/include/transform.py", line 6
    df = pd.DataFrame(data, columns=["videoId", "title", "publishedAt", "duration", "viewCount", "likeCount", "commentCount"])    print(df)
                                                                                                                                  ^^^^^
SyntaxError: invalid syntax
[2026-09-17T11:34:23.150+0000] {processor.py:842} WARNING - No viable dags retrieved from /opt/airflow/dags/transformation_DAG.py
[2026-09-17T11:34:23.158+0000] {processor.py:183} INFO - Processing /opt/airflow/dags/transformation_DAG.py took 0.326 seconds
[2026-09-17T11:34:53.323+0000] {processor.py:161} INFO - Started process (PID=3328) to work on /opt/airflow/dags/transformation_DAG.py
[2026-09-17T11:34:53.337+0000] {processor.py:830} INFO - Processing file /opt/airflow/dags/transformation_DAG.py for tasks to queue
[2026-09-17T11:34:53.338+0000] {logging_mixin.py:188} INFO - [2026-09-17T11:34:53.338+0000] {dagbag.py:545} INFO - Filling up the DagBag from /opt/airflow/dags/transformation_DAG.py
[2026-09-17T11:34:53.618+0000] {logging_mixin.py:188} INFO - [2026-09-17T11:34:53.617+0000] {dagbag.py:355} ERROR - Failed to import: /opt/airflow/dags/transformation_DAG.py
Traceback (most recent call last):
  File "/home/airflow/.local/lib/python3.12/site-packages/airflow/models/dagbag.py", line 351, in parse
    loader.exec_module(new_module)
  File "<frozen importlib._bootstrap_external>", line 995, in exec_module
  File "<frozen importlib._bootstrap>", line 488, in _call_with_frames_removed
  File "/opt/airflow/dags/transformation_DAG.py", line 10, in <module>
    from include import transform
  File "/opt/airflow/include/transform.py", line 6
    df = pd.DataFrame(data, columns=["videoId", "title", "publishedAt", "duration", "viewCount", "likeCount", "commentCount"])    print(df)
                                                                                                                                  ^^^^^
SyntaxError: invalid syntax
[2026-09-17T11:34:53.618+0000] {processor.py:842} WARNING - No viable dags retrieved from /opt/airflow/dags/transformation_DAG.py
[2026-09-17T11:34:53.627+0000] {processor.py:183} INFO - Processing /opt/airflow/dags/transformation_DAG.py took 0.313 seconds
[2026-09-17T11:35:23.787+0000] {processor.py:161} INFO - Started process (PID=3338) to work on /opt/airflow/dags/transformation_DAG.py
[2026-09-17T11:35:23.787+0000] {processor.py:830} INFO - Processing file /opt/airflow/dags/transformation_DAG.py for tasks to queue
[2026-09-17T11:35:23.787+0000] {logging_mixin.py:188} INFO - [2026-09-17T11:35:23.787+0000] {dagbag.py:545} INFO - Filling up the DagBag from /opt/airflow/dags/transformation_DAG.py
[2026-09-17T11:35:24.073+0000] {logging_mixin.py:188} INFO - [2026-09-17T11:35:24.072+0000] {dagbag.py:355} ERROR - Failed to import: /opt/airflow/dags/transformation_DAG.py
Traceback (most recent call last):
  File "/home/airflow/.local/lib/python3.12/site-packages/airflow/models/dagbag.py", line 351, in parse
    loader.exec_module(new_module)
  File "<frozen importlib._bootstrap_external>", line 995, in exec_module
  File "<frozen importlib._bootstrap>", line 488, in _call_with_frames_removed
  File "/opt/airflow/dags/transformation_DAG.py", line 10, in <module>
    from include import transform
  File "/opt/airflow/include/transform.py", line 6
    df = pd.DataFrame(data, columns=["videoId", "title", "publishedAt", "duration", "viewCount", "likeCount", "commentCount"])    print(df)
                                                                                                                                  ^^^^^
SyntaxError: invalid syntax
[2026-09-17T11:35:24.073+0000] {processor.py:842} WARNING - No viable dags retrieved from /opt/airflow/dags/transformation_DAG.py
[2026-09-17T11:35:24.082+0000] {processor.py:183} INFO - Processing /opt/airflow/dags/transformation_DAG.py took 0.299 seconds
[2026-09-17T11:35:54.254+0000] {processor.py:161} INFO - Started process (PID=3348) to work on /opt/airflow/dags/transformation_DAG.py
[2026-09-17T11:35:54.343+0000] {processor.py:830} INFO - Processing file /opt/airflow/dags/transformation_DAG.py for tasks to queue
[2026-09-17T11:35:54.345+0000] {logging_mixin.py:188} INFO - [2026-09-17T11:35:54.344+0000] {dagbag.py:545} INFO - Filling up the DagBag from /opt/airflow/dags/transformation_DAG.py
[2026-09-17T11:35:54.641+0000] {logging_mixin.py:188} INFO - [2026-09-17T11:35:54.640+0000] {dagbag.py:355} ERROR - Failed to import: /opt/airflow/dags/transformation_DAG.py
Traceback (most recent call last):
  File "/home/airflow/.local/lib/python3.12/site-packages/airflow/models/dagbag.py", line 351, in parse
    loader.exec_module(new_module)
  File "<frozen importlib._bootstrap_external>", line 995, in exec_module
  File "<frozen importlib._bootstrap>", line 488, in _call_with_frames_removed
  File "/opt/airflow/dags/transformation_DAG.py", line 10, in <module>
    from include import transform
  File "/opt/airflow/include/transform.py", line 6
    df = pd.DataFrame(data, columns=["videoId", "title", "publishedAt", "duration", "viewCount", "likeCount", "commentCount"])    print(df)
                                                                                                                                  ^^^^^
SyntaxError: invalid syntax
[2026-09-17T11:35:54.641+0000] {processor.py:842} WARNING - No viable dags retrieved from /opt/airflow/dags/transformation_DAG.py
[2026-09-17T11:35:54.649+0000] {processor.py:183} INFO - Processing /opt/airflow/dags/transformation_DAG.py took 0.401 seconds
[2026-09-17T11:36:24.819+0000] {processor.py:161} INFO - Started process (PID=3358) to work on /opt/airflow/dags/transformation_DAG.py
[2026-09-17T11:36:24.820+0000] {processor.py:830} INFO - Processing file /opt/airflow/dags/transformation_DAG.py for tasks to queue
[2026-09-17T11:36:24.820+0000] {logging_mixin.py:188} INFO - [2026-09-17T11:36:24.820+0000] {dagbag.py:545} INFO - Filling up the DagBag from /opt/airflow/dags/transformation_DAG.py
[2026-09-17T11:36:25.091+0000] {logging_mixin.py:188} INFO - [2026-09-17T11:36:25.090+0000] {dagbag.py:355} ERROR - Failed to import: /opt/airflow/dags/transformation_DAG.py
Traceback (most recent call last):
  File "/home/airflow/.local/lib/python3.12/site-packages/airflow/models/dagbag.py", line 351, in parse
    loader.exec_module(new_module)
  File "<frozen importlib._bootstrap_external>", line 995, in exec_module
  File "<frozen importlib._bootstrap>", line 488, in _call_with_frames_removed
  File "/opt/airflow/dags/transformation_DAG.py", line 10, in <module>
    from include import transform
  File "/opt/airflow/include/transform.py", line 6
    df = pd.DataFrame(data, columns=["videoId", "title", "publishedAt", "duration", "viewCount", "likeCount", "commentCount"])    print(df)
                                                                                                                                  ^^^^^
SyntaxError: invalid syntax
[2026-09-17T11:36:25.091+0000] {processor.py:842} WARNING - No viable dags retrieved from /opt/airflow/dags/transformation_DAG.py
[2026-09-17T11:36:25.100+0000] {processor.py:183} INFO - Processing /opt/airflow/dags/transformation_DAG.py took 0.288 seconds
[2026-09-17T11:36:55.273+0000] {processor.py:161} INFO - Started process (PID=3368) to work on /opt/airflow/dags/transformation_DAG.py
[2026-09-17T11:36:55.357+0000] {processor.py:830} INFO - Processing file /opt/airflow/dags/transformation_DAG.py for tasks to queue
[2026-09-17T11:36:55.359+0000] {logging_mixin.py:188} INFO - [2026-09-17T11:36:55.359+0000] {dagbag.py:545} INFO - Filling up the DagBag from /opt/airflow/dags/transformation_DAG.py
[2026-09-17T11:36:55.664+0000] {logging_mixin.py:188} INFO - [2026-09-17T11:36:55.663+0000] {dagbag.py:355} ERROR - Failed to import: /opt/airflow/dags/transformation_DAG.py
Traceback (most recent call last):
  File "/home/airflow/.local/lib/python3.12/site-packages/airflow/models/dagbag.py", line 351, in parse
    loader.exec_module(new_module)
  File "<frozen importlib._bootstrap_external>", line 995, in exec_module
  File "<frozen importlib._bootstrap>", line 488, in _call_with_frames_removed
  File "/opt/airflow/dags/transformation_DAG.py", line 10, in <module>
    from include import transform
  File "/opt/airflow/include/transform.py", line 6
    df = pd.DataFrame(data, columns=["videoId", "title", "publishedAt", "duration", "viewCount", "likeCount", "commentCount"])    print(df)
                                                                                                                                  ^^^^^
SyntaxError: invalid syntax
[2026-09-17T11:36:55.664+0000] {processor.py:842} WARNING - No viable dags retrieved from /opt/airflow/dags/transformation_DAG.py
[2026-09-17T11:36:55.673+0000] {processor.py:183} INFO - Processing /opt/airflow/dags/transformation_DAG.py took 0.409 seconds
[2026-09-17T11:37:25.858+0000] {processor.py:161} INFO - Started process (PID=3378) to work on /opt/airflow/dags/transformation_DAG.py
[2026-09-17T11:37:25.859+0000] {processor.py:830} INFO - Processing file /opt/airflow/dags/transformation_DAG.py for tasks to queue
[2026-09-17T11:37:25.859+0000] {logging_mixin.py:188} INFO - [2026-09-17T11:37:25.859+0000] {dagbag.py:545} INFO - Filling up the DagBag from /opt/airflow/dags/transformation_DAG.py
[2026-09-17T11:37:26.129+0000] {logging_mixin.py:188} INFO - [2026-09-17T11:37:26.129+0000] {dagbag.py:355} ERROR - Failed to import: /opt/airflow/dags/transformation_DAG.py
Traceback (most recent call last):
  File "/home/airflow/.local/lib/python3.12/site-packages/airflow/models/dagbag.py", line 351, in parse
    loader.exec_module(new_module)
  File "<frozen importlib._bootstrap_external>", line 995, in exec_module
  File "<frozen importlib._bootstrap>", line 488, in _call_with_frames_removed
  File "/opt/airflow/dags/transformation_DAG.py", line 10, in <module>
    from include import transform
  File "/opt/airflow/include/transform.py", line 6
    df = pd.DataFrame(data, columns=["videoId", "title", "publishedAt", "duration", "viewCount", "likeCount", "commentCount"])    print(df)
                                                                                                                                  ^^^^^
SyntaxError: invalid syntax
[2026-09-17T11:37:26.130+0000] {processor.py:842} WARNING - No viable dags retrieved from /opt/airflow/dags/transformation_DAG.py
[2026-09-17T11:37:26.138+0000] {processor.py:183} INFO - Processing /opt/airflow/dags/transformation_DAG.py took 0.284 seconds
[2026-09-17T11:37:56.290+0000] {processor.py:161} INFO - Started process (PID=3388) to work on /opt/airflow/dags/transformation_DAG.py
[2026-09-17T11:37:56.375+0000] {processor.py:830} INFO - Processing file /opt/airflow/dags/transformation_DAG.py for tasks to queue
[2026-09-17T11:37:56.377+0000] {logging_mixin.py:188} INFO - [2026-09-17T11:37:56.377+0000] {dagbag.py:545} INFO - Filling up the DagBag from /opt/airflow/dags/transformation_DAG.py
[2026-09-17T11:37:56.666+0000] {logging_mixin.py:188} INFO - [2026-09-17T11:37:56.665+0000] {dagbag.py:355} ERROR - Failed to import: /opt/airflow/dags/transformation_DAG.py
Traceback (most recent call last):
  File "/home/airflow/.local/lib/python3.12/site-packages/airflow/models/dagbag.py", line 351, in parse
    loader.exec_module(new_module)
  File "<frozen importlib._bootstrap_external>", line 995, in exec_module
  File "<frozen importlib._bootstrap>", line 488, in _call_with_frames_removed
  File "/opt/airflow/dags/transformation_DAG.py", line 10, in <module>
    from include import transform
  File "/opt/airflow/include/transform.py", line 6
    df = pd.DataFrame(data, columns=["videoId", "title", "publishedAt", "duration", "viewCount", "likeCount", "commentCount"])    print(df)
                                                                                                                                  ^^^^^
SyntaxError: invalid syntax
[2026-09-17T11:37:56.666+0000] {processor.py:842} WARNING - No viable dags retrieved from /opt/airflow/dags/transformation_DAG.py
[2026-09-17T11:37:56.675+0000] {processor.py:183} INFO - Processing /opt/airflow/dags/transformation_DAG.py took 0.390 seconds
[2026-09-17T11:38:26.833+0000] {processor.py:161} INFO - Started process (PID=3398) to work on /opt/airflow/dags/transformation_DAG.py
[2026-09-17T11:38:26.833+0000] {processor.py:830} INFO - Processing file /opt/airflow/dags/transformation_DAG.py for tasks to queue
[2026-09-17T11:38:26.834+0000] {logging_mixin.py:188} INFO - [2026-09-17T11:38:26.834+0000] {dagbag.py:545} INFO - Filling up the DagBag from /opt/airflow/dags/transformation_DAG.py
[2026-09-17T11:38:27.118+0000] {logging_mixin.py:188} INFO - [2026-09-17T11:38:27.117+0000] {dagbag.py:355} ERROR - Failed to import: /opt/airflow/dags/transformation_DAG.py
Traceback (most recent call last):
  File "/home/airflow/.local/lib/python3.12/site-packages/airflow/models/dagbag.py", line 351, in parse
    loader.exec_module(new_module)
  File "<frozen importlib._bootstrap_external>", line 995, in exec_module
  File "<frozen importlib._bootstrap>", line 488, in _call_with_frames_removed
  File "/opt/airflow/dags/transformation_DAG.py", line 10, in <module>
    from include import transform
  File "/opt/airflow/include/transform.py", line 6
    df = pd.DataFrame(data, columns=["videoId", "title", "publishedAt", "duration", "viewCount", "likeCount", "commentCount"])    print(df)
                                                                                                                                  ^^^^^
SyntaxError: invalid syntax
[2026-09-17T11:38:27.118+0000] {processor.py:842} WARNING - No viable dags retrieved from /opt/airflow/dags/transformation_DAG.py
[2026-09-17T11:38:27.127+0000] {processor.py:183} INFO - Processing /opt/airflow/dags/transformation_DAG.py took 0.303 seconds
[2026-09-17T11:38:57.299+0000] {processor.py:161} INFO - Started process (PID=3407) to work on /opt/airflow/dags/transformation_DAG.py
[2026-09-17T11:38:57.304+0000] {processor.py:830} INFO - Processing file /opt/airflow/dags/transformation_DAG.py for tasks to queue
[2026-09-17T11:38:57.305+0000] {logging_mixin.py:188} INFO - [2026-09-17T11:38:57.304+0000] {dagbag.py:545} INFO - Filling up the DagBag from /opt/airflow/dags/transformation_DAG.py
[2026-09-17T11:38:57.585+0000] {logging_mixin.py:188} INFO - [2026-09-17T11:38:57.584+0000] {dagbag.py:355} ERROR - Failed to import: /opt/airflow/dags/transformation_DAG.py
Traceback (most recent call last):
  File "/home/airflow/.local/lib/python3.12/site-packages/airflow/models/dagbag.py", line 351, in parse
    loader.exec_module(new_module)
  File "<frozen importlib._bootstrap_external>", line 995, in exec_module
  File "<frozen importlib._bootstrap>", line 488, in _call_with_frames_removed
  File "/opt/airflow/dags/transformation_DAG.py", line 10, in <module>
    from include import transform
  File "/opt/airflow/include/transform.py", line 6
    df = pd.DataFrame(data, columns=["videoId", "title", "publishedAt", "duration", "viewCount", "likeCount", "commentCount"])    print(df)
                                                                                                                                  ^^^^^
SyntaxError: invalid syntax
[2026-09-17T11:38:57.585+0000] {processor.py:842} WARNING - No viable dags retrieved from /opt/airflow/dags/transformation_DAG.py
[2026-09-17T11:38:57.593+0000] {processor.py:183} INFO - Processing /opt/airflow/dags/transformation_DAG.py took 0.303 seconds
[2026-09-17T11:39:27.753+0000] {processor.py:161} INFO - Started process (PID=3417) to work on /opt/airflow/dags/transformation_DAG.py
[2026-09-17T11:39:27.753+0000] {processor.py:830} INFO - Processing file /opt/airflow/dags/transformation_DAG.py for tasks to queue
[2026-09-17T11:39:27.754+0000] {logging_mixin.py:188} INFO - [2026-09-17T11:39:27.753+0000] {dagbag.py:545} INFO - Filling up the DagBag from /opt/airflow/dags/transformation_DAG.py
[2026-09-17T11:39:28.047+0000] {logging_mixin.py:188} INFO - [2026-09-17T11:39:28.045+0000] {dagbag.py:355} ERROR - Failed to import: /opt/airflow/dags/transformation_DAG.py
Traceback (most recent call last):
  File "/home/airflow/.local/lib/python3.12/site-packages/airflow/models/dagbag.py", line 351, in parse
    loader.exec_module(new_module)
  File "<frozen importlib._bootstrap_external>", line 995, in exec_module
  File "<frozen importlib._bootstrap>", line 488, in _call_with_frames_removed
  File "/opt/airflow/dags/transformation_DAG.py", line 10, in <module>
    from include import transform
  File "/opt/airflow/include/transform.py", line 6
    df = pd.DataFrame(data, columns=["videoId", "title", "publishedAt", "duration", "viewCount", "likeCount", "commentCount"])    print(df)
                                                                                                                                  ^^^^^
SyntaxError: invalid syntax
[2026-09-17T11:39:28.047+0000] {processor.py:842} WARNING - No viable dags retrieved from /opt/airflow/dags/transformation_DAG.py
[2026-09-17T11:39:28.059+0000] {processor.py:183} INFO - Processing /opt/airflow/dags/transformation_DAG.py took 0.309 seconds
[2026-09-17T11:39:58.234+0000] {processor.py:161} INFO - Started process (PID=3427) to work on /opt/airflow/dags/transformation_DAG.py
[2026-09-17T11:39:58.347+0000] {processor.py:830} INFO - Processing file /opt/airflow/dags/transformation_DAG.py for tasks to queue
[2026-09-17T11:39:58.348+0000] {logging_mixin.py:188} INFO - [2026-09-17T11:39:58.348+0000] {dagbag.py:545} INFO - Filling up the DagBag from /opt/airflow/dags/transformation_DAG.py
[2026-09-17T11:39:58.633+0000] {logging_mixin.py:188} INFO - [2026-09-17T11:39:58.632+0000] {dagbag.py:355} ERROR - Failed to import: /opt/airflow/dags/transformation_DAG.py
Traceback (most recent call last):
  File "/home/airflow/.local/lib/python3.12/site-packages/airflow/models/dagbag.py", line 351, in parse
    loader.exec_module(new_module)
  File "<frozen importlib._bootstrap_external>", line 995, in exec_module
  File "<frozen importlib._bootstrap>", line 488, in _call_with_frames_removed
  File "/opt/airflow/dags/transformation_DAG.py", line 10, in <module>
    from include import transform
  File "/opt/airflow/include/transform.py", line 6
    df = pd.DataFrame(data, columns=["videoId", "title", "publishedAt", "duration", "viewCount", "likeCount", "commentCount"])    print(df)
                                                                                                                                  ^^^^^
SyntaxError: invalid syntax
[2026-09-17T11:39:58.633+0000] {processor.py:842} WARNING - No viable dags retrieved from /opt/airflow/dags/transformation_DAG.py
[2026-09-17T11:39:58.642+0000] {processor.py:183} INFO - Processing /opt/airflow/dags/transformation_DAG.py took 0.418 seconds
[2026-09-17T11:40:28.797+0000] {processor.py:161} INFO - Started process (PID=3436) to work on /opt/airflow/dags/transformation_DAG.py
[2026-09-17T11:40:28.798+0000] {processor.py:830} INFO - Processing file /opt/airflow/dags/transformation_DAG.py for tasks to queue
[2026-09-17T11:40:28.799+0000] {logging_mixin.py:188} INFO - [2026-09-17T11:40:28.798+0000] {dagbag.py:545} INFO - Filling up the DagBag from /opt/airflow/dags/transformation_DAG.py
[2026-09-17T11:40:29.071+0000] {logging_mixin.py:188} INFO - [2026-09-17T11:40:29.070+0000] {dagbag.py:355} ERROR - Failed to import: /opt/airflow/dags/transformation_DAG.py
Traceback (most recent call last):
  File "/home/airflow/.local/lib/python3.12/site-packages/airflow/models/dagbag.py", line 351, in parse
    loader.exec_module(new_module)
  File "<frozen importlib._bootstrap_external>", line 995, in exec_module
  File "<frozen importlib._bootstrap>", line 488, in _call_with_frames_removed
  File "/opt/airflow/dags/transformation_DAG.py", line 10, in <module>
    from include import transform
  File "/opt/airflow/include/transform.py", line 6
    df = pd.DataFrame(data, columns=["videoId", "title", "publishedAt", "duration", "viewCount", "likeCount", "commentCount"])    print(df)
                                                                                                                                  ^^^^^
SyntaxError: invalid syntax
[2026-09-17T11:40:29.071+0000] {processor.py:842} WARNING - No viable dags retrieved from /opt/airflow/dags/transformation_DAG.py
[2026-09-17T11:40:29.080+0000] {processor.py:183} INFO - Processing /opt/airflow/dags/transformation_DAG.py took 0.289 seconds
[2026-09-17T11:40:59.231+0000] {processor.py:161} INFO - Started process (PID=3446) to work on /opt/airflow/dags/transformation_DAG.py
[2026-09-17T11:40:59.244+0000] {processor.py:830} INFO - Processing file /opt/airflow/dags/transformation_DAG.py for tasks to queue
[2026-09-17T11:40:59.245+0000] {logging_mixin.py:188} INFO - [2026-09-17T11:40:59.245+0000] {dagbag.py:545} INFO - Filling up the DagBag from /opt/airflow/dags/transformation_DAG.py
[2026-09-17T11:40:59.524+0000] {logging_mixin.py:188} INFO - [2026-09-17T11:40:59.523+0000] {dagbag.py:355} ERROR - Failed to import: /opt/airflow/dags/transformation_DAG.py
Traceback (most recent call last):
  File "/home/airflow/.local/lib/python3.12/site-packages/airflow/models/dagbag.py", line 351, in parse
    loader.exec_module(new_module)
  File "<frozen importlib._bootstrap_external>", line 995, in exec_module
  File "<frozen importlib._bootstrap>", line 488, in _call_with_frames_removed
  File "/opt/airflow/dags/transformation_DAG.py", line 10, in <module>
    from include import transform
  File "/opt/airflow/include/transform.py", line 6
    df = pd.DataFrame(data, columns=["videoId", "title", "publishedAt", "duration", "viewCount", "likeCount", "commentCount"])    print(df)
                                                                                                                                  ^^^^^
SyntaxError: invalid syntax
[2026-09-17T11:40:59.524+0000] {processor.py:842} WARNING - No viable dags retrieved from /opt/airflow/dags/transformation_DAG.py
[2026-09-17T11:40:59.532+0000] {processor.py:183} INFO - Processing /opt/airflow/dags/transformation_DAG.py took 0.309 seconds
[2026-09-17T11:41:29.689+0000] {processor.py:161} INFO - Started process (PID=3456) to work on /opt/airflow/dags/transformation_DAG.py
[2026-09-17T11:41:29.690+0000] {processor.py:830} INFO - Processing file /opt/airflow/dags/transformation_DAG.py for tasks to queue
[2026-09-17T11:41:29.691+0000] {logging_mixin.py:188} INFO - [2026-09-17T11:41:29.691+0000] {dagbag.py:545} INFO - Filling up the DagBag from /opt/airflow/dags/transformation_DAG.py
[2026-09-17T11:41:29.965+0000] {logging_mixin.py:188} INFO - [2026-09-17T11:41:29.965+0000] {dagbag.py:355} ERROR - Failed to import: /opt/airflow/dags/transformation_DAG.py
Traceback (most recent call last):
  File "/home/airflow/.local/lib/python3.12/site-packages/airflow/models/dagbag.py", line 351, in parse
    loader.exec_module(new_module)
  File "<frozen importlib._bootstrap_external>", line 995, in exec_module
  File "<frozen importlib._bootstrap>", line 488, in _call_with_frames_removed
  File "/opt/airflow/dags/transformation_DAG.py", line 10, in <module>
    from include import transform
  File "/opt/airflow/include/transform.py", line 6
    df = pd.DataFrame(data, columns=["videoId", "title", "publishedAt", "duration", "viewCount", "likeCount", "commentCount"])    print(df)
                                                                                                                                  ^^^^^
SyntaxError: invalid syntax
[2026-09-17T11:41:29.966+0000] {processor.py:842} WARNING - No viable dags retrieved from /opt/airflow/dags/transformation_DAG.py
[2026-09-17T11:41:29.974+0000] {processor.py:183} INFO - Processing /opt/airflow/dags/transformation_DAG.py took 0.291 seconds
[2026-09-17T11:42:00.123+0000] {processor.py:161} INFO - Started process (PID=3466) to work on /opt/airflow/dags/transformation_DAG.py
[2026-09-17T11:42:00.128+0000] {processor.py:830} INFO - Processing file /opt/airflow/dags/transformation_DAG.py for tasks to queue
[2026-09-17T11:42:00.129+0000] {logging_mixin.py:188} INFO - [2026-09-17T11:42:00.128+0000] {dagbag.py:545} INFO - Filling up the DagBag from /opt/airflow/dags/transformation_DAG.py
[2026-09-17T11:42:00.406+0000] {logging_mixin.py:188} INFO - [2026-09-17T11:42:00.405+0000] {dagbag.py:355} ERROR - Failed to import: /opt/airflow/dags/transformation_DAG.py
Traceback (most recent call last):
  File "/home/airflow/.local/lib/python3.12/site-packages/airflow/models/dagbag.py", line 351, in parse
    loader.exec_module(new_module)
  File "<frozen importlib._bootstrap_external>", line 995, in exec_module
  File "<frozen importlib._bootstrap>", line 488, in _call_with_frames_removed
  File "/opt/airflow/dags/transformation_DAG.py", line 10, in <module>
    from include import transform
  File "/opt/airflow/include/transform.py", line 6
    df = pd.DataFrame(data, columns=["videoId", "title", "publishedAt", "duration", "viewCount", "likeCount", "commentCount"])    print(df)
                                                                                                                                  ^^^^^
SyntaxError: invalid syntax
[2026-09-17T11:42:00.406+0000] {processor.py:842} WARNING - No viable dags retrieved from /opt/airflow/dags/transformation_DAG.py
[2026-09-17T11:42:00.414+0000] {processor.py:183} INFO - Processing /opt/airflow/dags/transformation_DAG.py took 0.300 seconds
[2026-09-17T11:42:30.598+0000] {processor.py:161} INFO - Started process (PID=3475) to work on /opt/airflow/dags/transformation_DAG.py
[2026-09-17T11:42:30.599+0000] {processor.py:830} INFO - Processing file /opt/airflow/dags/transformation_DAG.py for tasks to queue
[2026-09-17T11:42:30.600+0000] {logging_mixin.py:188} INFO - [2026-09-17T11:42:30.600+0000] {dagbag.py:545} INFO - Filling up the DagBag from /opt/airflow/dags/transformation_DAG.py
[2026-09-17T11:42:30.877+0000] {logging_mixin.py:188} INFO - [2026-09-17T11:42:30.876+0000] {dagbag.py:355} ERROR - Failed to import: /opt/airflow/dags/transformation_DAG.py
Traceback (most recent call last):
  File "/home/airflow/.local/lib/python3.12/site-packages/airflow/models/dagbag.py", line 351, in parse
    loader.exec_module(new_module)
  File "<frozen importlib._bootstrap_external>", line 995, in exec_module
  File "<frozen importlib._bootstrap>", line 488, in _call_with_frames_removed
  File "/opt/airflow/dags/transformation_DAG.py", line 10, in <module>
    from include import transform
  File "/opt/airflow/include/transform.py", line 6
    df = pd.DataFrame(data, columns=["videoId", "title", "publishedAt", "duration", "viewCount", "likeCount", "commentCount"])    print(df)
                                                                                                                                  ^^^^^
SyntaxError: invalid syntax
[2026-09-17T11:42:30.877+0000] {processor.py:842} WARNING - No viable dags retrieved from /opt/airflow/dags/transformation_DAG.py
[2026-09-17T11:42:30.886+0000] {processor.py:183} INFO - Processing /opt/airflow/dags/transformation_DAG.py took 0.296 seconds
[2026-09-17T11:43:01.045+0000] {processor.py:161} INFO - Started process (PID=3485) to work on /opt/airflow/dags/transformation_DAG.py
[2026-09-17T11:43:01.145+0000] {processor.py:830} INFO - Processing file /opt/airflow/dags/transformation_DAG.py for tasks to queue
[2026-09-17T11:43:01.146+0000] {logging_mixin.py:188} INFO - [2026-09-17T11:43:01.146+0000] {dagbag.py:545} INFO - Filling up the DagBag from /opt/airflow/dags/transformation_DAG.py
[2026-09-17T11:43:01.429+0000] {logging_mixin.py:188} INFO - [2026-09-17T11:43:01.428+0000] {dagbag.py:355} ERROR - Failed to import: /opt/airflow/dags/transformation_DAG.py
Traceback (most recent call last):
  File "/home/airflow/.local/lib/python3.12/site-packages/airflow/models/dagbag.py", line 351, in parse
    loader.exec_module(new_module)
  File "<frozen importlib._bootstrap_external>", line 995, in exec_module
  File "<frozen importlib._bootstrap>", line 488, in _call_with_frames_removed
  File "/opt/airflow/dags/transformation_DAG.py", line 10, in <module>
    from include import transform
  File "/opt/airflow/include/transform.py", line 6
    df = pd.DataFrame(data, columns=["videoId", "title", "publishedAt", "duration", "viewCount", "likeCount", "commentCount"])    print(df)
                                                                                                                                  ^^^^^
SyntaxError: invalid syntax
[2026-09-17T11:43:01.429+0000] {processor.py:842} WARNING - No viable dags retrieved from /opt/airflow/dags/transformation_DAG.py
[2026-09-17T11:43:01.439+0000] {processor.py:183} INFO - Processing /opt/airflow/dags/transformation_DAG.py took 0.398 seconds
[2026-09-17T11:43:31.600+0000] {processor.py:161} INFO - Started process (PID=3495) to work on /opt/airflow/dags/transformation_DAG.py
[2026-09-17T11:43:31.601+0000] {processor.py:830} INFO - Processing file /opt/airflow/dags/transformation_DAG.py for tasks to queue
[2026-09-17T11:43:31.601+0000] {logging_mixin.py:188} INFO - [2026-09-17T11:43:31.601+0000] {dagbag.py:545} INFO - Filling up the DagBag from /opt/airflow/dags/transformation_DAG.py
[2026-09-17T11:43:31.873+0000] {logging_mixin.py:188} INFO - [2026-09-17T11:43:31.872+0000] {dagbag.py:355} ERROR - Failed to import: /opt/airflow/dags/transformation_DAG.py
Traceback (most recent call last):
  File "/home/airflow/.local/lib/python3.12/site-packages/airflow/models/dagbag.py", line 351, in parse
    loader.exec_module(new_module)
  File "<frozen importlib._bootstrap_external>", line 995, in exec_module
  File "<frozen importlib._bootstrap>", line 488, in _call_with_frames_removed
  File "/opt/airflow/dags/transformation_DAG.py", line 10, in <module>
    from include import transform
  File "/opt/airflow/include/transform.py", line 6
    df = pd.DataFrame(data, columns=["videoId", "title", "publishedAt", "duration", "viewCount", "likeCount", "commentCount"])    print(df)
                                                                                                                                  ^^^^^
SyntaxError: invalid syntax
[2026-09-17T11:43:31.873+0000] {processor.py:842} WARNING - No viable dags retrieved from /opt/airflow/dags/transformation_DAG.py
[2026-09-17T11:43:31.881+0000] {processor.py:183} INFO - Processing /opt/airflow/dags/transformation_DAG.py took 0.288 seconds
[2026-09-17T11:44:02.025+0000] {processor.py:161} INFO - Started process (PID=3505) to work on /opt/airflow/dags/transformation_DAG.py
[2026-09-17T11:44:02.108+0000] {processor.py:830} INFO - Processing file /opt/airflow/dags/transformation_DAG.py for tasks to queue
[2026-09-17T11:44:02.109+0000] {logging_mixin.py:188} INFO - [2026-09-17T11:44:02.109+0000] {dagbag.py:545} INFO - Filling up the DagBag from /opt/airflow/dags/transformation_DAG.py
[2026-09-17T11:44:02.390+0000] {logging_mixin.py:188} INFO - [2026-09-17T11:44:02.389+0000] {dagbag.py:355} ERROR - Failed to import: /opt/airflow/dags/transformation_DAG.py
Traceback (most recent call last):
  File "/home/airflow/.local/lib/python3.12/site-packages/airflow/models/dagbag.py", line 351, in parse
    loader.exec_module(new_module)
  File "<frozen importlib._bootstrap_external>", line 995, in exec_module
  File "<frozen importlib._bootstrap>", line 488, in _call_with_frames_removed
  File "/opt/airflow/dags/transformation_DAG.py", line 10, in <module>
    from include import transform
  File "/opt/airflow/include/transform.py", line 6
    df = pd.DataFrame(data, columns=["videoId", "title", "publishedAt", "duration", "viewCount", "likeCount", "commentCount"])    print(df)
                                                                                                                                  ^^^^^
SyntaxError: invalid syntax
[2026-09-17T11:44:02.390+0000] {processor.py:842} WARNING - No viable dags retrieved from /opt/airflow/dags/transformation_DAG.py
[2026-09-17T11:44:02.398+0000] {processor.py:183} INFO - Processing /opt/airflow/dags/transformation_DAG.py took 0.377 seconds
[2026-09-17T11:44:32.574+0000] {processor.py:161} INFO - Started process (PID=3515) to work on /opt/airflow/dags/transformation_DAG.py
[2026-09-17T11:44:32.575+0000] {processor.py:830} INFO - Processing file /opt/airflow/dags/transformation_DAG.py for tasks to queue
[2026-09-17T11:44:32.576+0000] {logging_mixin.py:188} INFO - [2026-09-17T11:44:32.575+0000] {dagbag.py:545} INFO - Filling up the DagBag from /opt/airflow/dags/transformation_DAG.py
[2026-09-17T11:44:32.847+0000] {logging_mixin.py:188} INFO - [2026-09-17T11:44:32.846+0000] {dagbag.py:355} ERROR - Failed to import: /opt/airflow/dags/transformation_DAG.py
Traceback (most recent call last):
  File "/home/airflow/.local/lib/python3.12/site-packages/airflow/models/dagbag.py", line 351, in parse
    loader.exec_module(new_module)
  File "<frozen importlib._bootstrap_external>", line 995, in exec_module
  File "<frozen importlib._bootstrap>", line 488, in _call_with_frames_removed
  File "/opt/airflow/dags/transformation_DAG.py", line 10, in <module>
    from include import transform
  File "/opt/airflow/include/transform.py", line 6
    df = pd.DataFrame(data, columns=["videoId", "title", "publishedAt", "duration", "viewCount", "likeCount", "commentCount"])    print(df)
                                                                                                                                  ^^^^^
SyntaxError: invalid syntax
[2026-09-17T11:44:32.847+0000] {processor.py:842} WARNING - No viable dags retrieved from /opt/airflow/dags/transformation_DAG.py
[2026-09-17T11:44:32.856+0000] {processor.py:183} INFO - Processing /opt/airflow/dags/transformation_DAG.py took 0.292 seconds
[2026-09-17T11:45:03.005+0000] {processor.py:161} INFO - Started process (PID=3525) to work on /opt/airflow/dags/transformation_DAG.py
[2026-09-17T11:45:03.092+0000] {processor.py:830} INFO - Processing file /opt/airflow/dags/transformation_DAG.py for tasks to queue
[2026-09-17T11:45:03.093+0000] {logging_mixin.py:188} INFO - [2026-09-17T11:45:03.093+0000] {dagbag.py:545} INFO - Filling up the DagBag from /opt/airflow/dags/transformation_DAG.py
[2026-09-17T11:45:03.373+0000] {logging_mixin.py:188} INFO - [2026-09-17T11:45:03.372+0000] {dagbag.py:355} ERROR - Failed to import: /opt/airflow/dags/transformation_DAG.py
Traceback (most recent call last):
  File "/home/airflow/.local/lib/python3.12/site-packages/airflow/models/dagbag.py", line 351, in parse
    loader.exec_module(new_module)
  File "<frozen importlib._bootstrap_external>", line 995, in exec_module
  File "<frozen importlib._bootstrap>", line 488, in _call_with_frames_removed
  File "/opt/airflow/dags/transformation_DAG.py", line 10, in <module>
    from include import transform
  File "/opt/airflow/include/transform.py", line 6
    df = pd.DataFrame(data, columns=["videoId", "title", "publishedAt", "duration", "viewCount", "likeCount", "commentCount"])    print(df)
                                                                                                                                  ^^^^^
SyntaxError: invalid syntax
[2026-09-17T11:45:03.373+0000] {processor.py:842} WARNING - No viable dags retrieved from /opt/airflow/dags/transformation_DAG.py
[2026-09-17T11:45:03.381+0000] {processor.py:183} INFO - Processing /opt/airflow/dags/transformation_DAG.py took 0.380 seconds
[2026-09-17T11:45:33.462+0000] {processor.py:161} INFO - Started process (PID=3535) to work on /opt/airflow/dags/transformation_DAG.py
[2026-09-17T11:45:33.463+0000] {processor.py:830} INFO - Processing file /opt/airflow/dags/transformation_DAG.py for tasks to queue
[2026-09-17T11:45:33.463+0000] {logging_mixin.py:188} INFO - [2026-09-17T11:45:33.463+0000] {dagbag.py:545} INFO - Filling up the DagBag from /opt/airflow/dags/transformation_DAG.py
[2026-09-17T11:45:33.739+0000] {logging_mixin.py:188} INFO - [2026-09-17T11:45:33.739+0000] {dagbag.py:355} ERROR - Failed to import: /opt/airflow/dags/transformation_DAG.py
Traceback (most recent call last):
  File "/home/airflow/.local/lib/python3.12/site-packages/airflow/models/dagbag.py", line 351, in parse
    loader.exec_module(new_module)
  File "<frozen importlib._bootstrap_external>", line 995, in exec_module
  File "<frozen importlib._bootstrap>", line 488, in _call_with_frames_removed
  File "/opt/airflow/dags/transformation_DAG.py", line 10, in <module>
    from include import transform
  File "/opt/airflow/include/transform.py", line 6
    df = pd.DataFrame(data, columns=["videoId", "title", "publishedAt", "duration", "viewCount", "likeCount", "commentCount"])    print(df)
                                                                                                                                  ^^^^^
SyntaxError: invalid syntax
[2026-09-17T11:45:33.740+0000] {processor.py:842} WARNING - No viable dags retrieved from /opt/airflow/dags/transformation_DAG.py
[2026-09-17T11:45:33.747+0000] {processor.py:183} INFO - Processing /opt/airflow/dags/transformation_DAG.py took 0.296 seconds
[2026-09-17T11:46:03.907+0000] {processor.py:161} INFO - Started process (PID=3545) to work on /opt/airflow/dags/transformation_DAG.py
[2026-09-17T11:46:03.999+0000] {processor.py:830} INFO - Processing file /opt/airflow/dags/transformation_DAG.py for tasks to queue
[2026-09-17T11:46:04.001+0000] {logging_mixin.py:188} INFO - [2026-09-17T11:46:04.000+0000] {dagbag.py:545} INFO - Filling up the DagBag from /opt/airflow/dags/transformation_DAG.py
[2026-09-17T11:46:04.282+0000] {logging_mixin.py:188} INFO - [2026-09-17T11:46:04.281+0000] {dagbag.py:355} ERROR - Failed to import: /opt/airflow/dags/transformation_DAG.py
Traceback (most recent call last):
  File "/home/airflow/.local/lib/python3.12/site-packages/airflow/models/dagbag.py", line 351, in parse
    loader.exec_module(new_module)
  File "<frozen importlib._bootstrap_external>", line 995, in exec_module
  File "<frozen importlib._bootstrap>", line 488, in _call_with_frames_removed
  File "/opt/airflow/dags/transformation_DAG.py", line 10, in <module>
    from include import transform
  File "/opt/airflow/include/transform.py", line 6
    df = pd.DataFrame(data, columns=["videoId", "title", "publishedAt", "duration", "viewCount", "likeCount", "commentCount"])    print(df)
                                                                                                                                  ^^^^^
SyntaxError: invalid syntax
[2026-09-17T11:46:04.282+0000] {processor.py:842} WARNING - No viable dags retrieved from /opt/airflow/dags/transformation_DAG.py
[2026-09-17T11:46:04.290+0000] {processor.py:183} INFO - Processing /opt/airflow/dags/transformation_DAG.py took 0.392 seconds
[2026-09-17T11:46:34.448+0000] {processor.py:161} INFO - Started process (PID=3555) to work on /opt/airflow/dags/transformation_DAG.py
[2026-09-17T11:46:34.448+0000] {processor.py:830} INFO - Processing file /opt/airflow/dags/transformation_DAG.py for tasks to queue
[2026-09-17T11:46:34.448+0000] {logging_mixin.py:188} INFO - [2026-09-17T11:46:34.448+0000] {dagbag.py:545} INFO - Filling up the DagBag from /opt/airflow/dags/transformation_DAG.py
[2026-09-17T11:46:34.725+0000] {logging_mixin.py:188} INFO - [2026-09-17T11:46:34.724+0000] {dagbag.py:355} ERROR - Failed to import: /opt/airflow/dags/transformation_DAG.py
Traceback (most recent call last):
  File "/home/airflow/.local/lib/python3.12/site-packages/airflow/models/dagbag.py", line 351, in parse
    loader.exec_module(new_module)
  File "<frozen importlib._bootstrap_external>", line 995, in exec_module
  File "<frozen importlib._bootstrap>", line 488, in _call_with_frames_removed
  File "/opt/airflow/dags/transformation_DAG.py", line 10, in <module>
    from include import transform
  File "/opt/airflow/include/transform.py", line 6
    df = pd.DataFrame(data, columns=["videoId", "title", "publishedAt", "duration", "viewCount", "likeCount", "commentCount"])    print(df)
                                                                                                                                  ^^^^^
SyntaxError: invalid syntax
[2026-09-17T11:46:34.725+0000] {processor.py:842} WARNING - No viable dags retrieved from /opt/airflow/dags/transformation_DAG.py
[2026-09-17T11:46:34.733+0000] {processor.py:183} INFO - Processing /opt/airflow/dags/transformation_DAG.py took 0.291 seconds
[2026-09-17T11:47:04.890+0000] {processor.py:161} INFO - Started process (PID=3565) to work on /opt/airflow/dags/transformation_DAG.py
[2026-09-17T11:47:04.979+0000] {processor.py:830} INFO - Processing file /opt/airflow/dags/transformation_DAG.py for tasks to queue
[2026-09-17T11:47:04.981+0000] {logging_mixin.py:188} INFO - [2026-09-17T11:47:04.980+0000] {dagbag.py:545} INFO - Filling up the DagBag from /opt/airflow/dags/transformation_DAG.py
[2026-09-17T11:47:05.268+0000] {logging_mixin.py:188} INFO - [2026-09-17T11:47:05.268+0000] {dagbag.py:355} ERROR - Failed to import: /opt/airflow/dags/transformation_DAG.py
Traceback (most recent call last):
  File "/home/airflow/.local/lib/python3.12/site-packages/airflow/models/dagbag.py", line 351, in parse
    loader.exec_module(new_module)
  File "<frozen importlib._bootstrap_external>", line 995, in exec_module
  File "<frozen importlib._bootstrap>", line 488, in _call_with_frames_removed
  File "/opt/airflow/dags/transformation_DAG.py", line 10, in <module>
    from include import transform
  File "/opt/airflow/include/transform.py", line 6
    df = pd.DataFrame(data, columns=["videoId", "title", "publishedAt", "duration", "viewCount", "likeCount", "commentCount"])    print(df)
                                                                                                                                  ^^^^^
SyntaxError: invalid syntax
[2026-09-17T11:47:05.269+0000] {processor.py:842} WARNING - No viable dags retrieved from /opt/airflow/dags/transformation_DAG.py
[2026-09-17T11:47:05.276+0000] {processor.py:183} INFO - Processing /opt/airflow/dags/transformation_DAG.py took 0.395 seconds
[2026-09-17T11:47:35.442+0000] {processor.py:161} INFO - Started process (PID=3581) to work on /opt/airflow/dags/transformation_DAG.py
[2026-09-17T11:47:35.443+0000] {processor.py:830} INFO - Processing file /opt/airflow/dags/transformation_DAG.py for tasks to queue
[2026-09-17T11:47:35.443+0000] {logging_mixin.py:188} INFO - [2026-09-17T11:47:35.443+0000] {dagbag.py:545} INFO - Filling up the DagBag from /opt/airflow/dags/transformation_DAG.py
[2026-09-17T11:47:35.721+0000] {logging_mixin.py:188} INFO - [2026-09-17T11:47:35.720+0000] {dagbag.py:355} ERROR - Failed to import: /opt/airflow/dags/transformation_DAG.py
Traceback (most recent call last):
  File "/home/airflow/.local/lib/python3.12/site-packages/airflow/models/dagbag.py", line 351, in parse
    loader.exec_module(new_module)
  File "<frozen importlib._bootstrap_external>", line 995, in exec_module
  File "<frozen importlib._bootstrap>", line 488, in _call_with_frames_removed
  File "/opt/airflow/dags/transformation_DAG.py", line 10, in <module>
    from include import transform
  File "/opt/airflow/include/transform.py", line 6
    df = pd.DataFrame(data, columns=["videoId", "title", "publishedAt", "duration", "viewCount", "likeCount", "commentCount"])    print(df)
                                                                                                                                  ^^^^^
SyntaxError: invalid syntax
[2026-09-17T11:47:35.721+0000] {processor.py:842} WARNING - No viable dags retrieved from /opt/airflow/dags/transformation_DAG.py
[2026-09-17T11:47:35.729+0000] {processor.py:183} INFO - Processing /opt/airflow/dags/transformation_DAG.py took 0.292 seconds
[2026-09-17T11:48:05.887+0000] {processor.py:161} INFO - Started process (PID=3591) to work on /opt/airflow/dags/transformation_DAG.py
[2026-09-17T11:48:05.888+0000] {processor.py:830} INFO - Processing file /opt/airflow/dags/transformation_DAG.py for tasks to queue
[2026-09-17T11:48:05.888+0000] {logging_mixin.py:188} INFO - [2026-09-17T11:48:05.888+0000] {dagbag.py:545} INFO - Filling up the DagBag from /opt/airflow/dags/transformation_DAG.py
[2026-09-17T11:48:06.162+0000] {logging_mixin.py:188} INFO - [2026-09-17T11:48:06.161+0000] {dagbag.py:355} ERROR - Failed to import: /opt/airflow/dags/transformation_DAG.py
Traceback (most recent call last):
  File "/home/airflow/.local/lib/python3.12/site-packages/airflow/models/dagbag.py", line 351, in parse
    loader.exec_module(new_module)
  File "<frozen importlib._bootstrap_external>", line 995, in exec_module
  File "<frozen importlib._bootstrap>", line 488, in _call_with_frames_removed
  File "/opt/airflow/dags/transformation_DAG.py", line 10, in <module>
    from include import transform
  File "/opt/airflow/include/transform.py", line 6
    df = pd.DataFrame(data, columns=["videoId", "title", "publishedAt", "duration", "viewCount", "likeCount", "commentCount"])    print(df)
                                                                                                                                  ^^^^^
SyntaxError: invalid syntax
[2026-09-17T11:48:06.162+0000] {processor.py:842} WARNING - No viable dags retrieved from /opt/airflow/dags/transformation_DAG.py
[2026-09-17T11:48:06.170+0000] {processor.py:183} INFO - Processing /opt/airflow/dags/transformation_DAG.py took 0.288 seconds
[2026-09-17T11:48:36.310+0000] {processor.py:161} INFO - Started process (PID=3601) to work on /opt/airflow/dags/transformation_DAG.py
[2026-09-17T11:48:36.341+0000] {processor.py:830} INFO - Processing file /opt/airflow/dags/transformation_DAG.py for tasks to queue
[2026-09-17T11:48:36.342+0000] {logging_mixin.py:188} INFO - [2026-09-17T11:48:36.342+0000] {dagbag.py:545} INFO - Filling up the DagBag from /opt/airflow/dags/transformation_DAG.py
[2026-09-17T11:48:36.626+0000] {logging_mixin.py:188} INFO - [2026-09-17T11:48:36.625+0000] {dagbag.py:355} ERROR - Failed to import: /opt/airflow/dags/transformation_DAG.py
Traceback (most recent call last):
  File "/home/airflow/.local/lib/python3.12/site-packages/airflow/models/dagbag.py", line 351, in parse
    loader.exec_module(new_module)
  File "<frozen importlib._bootstrap_external>", line 995, in exec_module
  File "<frozen importlib._bootstrap>", line 488, in _call_with_frames_removed
  File "/opt/airflow/dags/transformation_DAG.py", line 10, in <module>
    from include import transform
  File "/opt/airflow/include/transform.py", line 6
    df = pd.DataFrame(data, columns=["videoId", "title", "publishedAt", "duration", "viewCount", "likeCount", "commentCount"])    print(df)
                                                                                                                                  ^^^^^
SyntaxError: invalid syntax
[2026-09-17T11:48:36.626+0000] {processor.py:842} WARNING - No viable dags retrieved from /opt/airflow/dags/transformation_DAG.py
[2026-09-17T11:48:36.636+0000] {processor.py:183} INFO - Processing /opt/airflow/dags/transformation_DAG.py took 0.329 seconds
[2026-09-17T11:49:06.796+0000] {processor.py:161} INFO - Started process (PID=3611) to work on /opt/airflow/dags/transformation_DAG.py
[2026-09-17T11:49:06.796+0000] {processor.py:830} INFO - Processing file /opt/airflow/dags/transformation_DAG.py for tasks to queue
[2026-09-17T11:49:06.797+0000] {logging_mixin.py:188} INFO - [2026-09-17T11:49:06.797+0000] {dagbag.py:545} INFO - Filling up the DagBag from /opt/airflow/dags/transformation_DAG.py
[2026-09-17T11:49:07.091+0000] {logging_mixin.py:188} INFO - [2026-09-17T11:49:07.090+0000] {dagbag.py:355} ERROR - Failed to import: /opt/airflow/dags/transformation_DAG.py
Traceback (most recent call last):
  File "/home/airflow/.local/lib/python3.12/site-packages/airflow/models/dagbag.py", line 351, in parse
    loader.exec_module(new_module)
  File "<frozen importlib._bootstrap_external>", line 995, in exec_module
  File "<frozen importlib._bootstrap>", line 488, in _call_with_frames_removed
  File "/opt/airflow/dags/transformation_DAG.py", line 10, in <module>
    from include import transform
  File "/opt/airflow/include/transform.py", line 6
    df = pd.DataFrame(data, columns=["videoId", "title", "publishedAt", "duration", "viewCount", "likeCount", "commentCount"])    print(df)
                                                                                                                                  ^^^^^
SyntaxError: invalid syntax
[2026-09-17T11:49:07.091+0000] {processor.py:842} WARNING - No viable dags retrieved from /opt/airflow/dags/transformation_DAG.py
[2026-09-17T11:49:07.101+0000] {processor.py:183} INFO - Processing /opt/airflow/dags/transformation_DAG.py took 0.308 seconds
[2026-09-17T11:49:37.260+0000] {processor.py:161} INFO - Started process (PID=3621) to work on /opt/airflow/dags/transformation_DAG.py
[2026-09-17T11:49:37.347+0000] {processor.py:830} INFO - Processing file /opt/airflow/dags/transformation_DAG.py for tasks to queue
[2026-09-17T11:49:37.348+0000] {logging_mixin.py:188} INFO - [2026-09-17T11:49:37.348+0000] {dagbag.py:545} INFO - Filling up the DagBag from /opt/airflow/dags/transformation_DAG.py
[2026-09-17T11:49:37.635+0000] {logging_mixin.py:188} INFO - [2026-09-17T11:49:37.634+0000] {dagbag.py:355} ERROR - Failed to import: /opt/airflow/dags/transformation_DAG.py
Traceback (most recent call last):
  File "/home/airflow/.local/lib/python3.12/site-packages/airflow/models/dagbag.py", line 351, in parse
    loader.exec_module(new_module)
  File "<frozen importlib._bootstrap_external>", line 995, in exec_module
  File "<frozen importlib._bootstrap>", line 488, in _call_with_frames_removed
  File "/opt/airflow/dags/transformation_DAG.py", line 10, in <module>
    from include import transform
  File "/opt/airflow/include/transform.py", line 6
    df = pd.DataFrame(data, columns=["videoId", "title", "publishedAt", "duration", "viewCount", "likeCount", "commentCount"])    print(df)
                                                                                                                                  ^^^^^
SyntaxError: invalid syntax
[2026-09-17T11:49:37.635+0000] {processor.py:842} WARNING - No viable dags retrieved from /opt/airflow/dags/transformation_DAG.py
[2026-09-17T11:49:37.643+0000] {processor.py:183} INFO - Processing /opt/airflow/dags/transformation_DAG.py took 0.387 seconds
[2026-09-17T11:50:07.817+0000] {processor.py:161} INFO - Started process (PID=3631) to work on /opt/airflow/dags/transformation_DAG.py
[2026-09-17T11:50:07.817+0000] {processor.py:830} INFO - Processing file /opt/airflow/dags/transformation_DAG.py for tasks to queue
[2026-09-17T11:50:07.818+0000] {logging_mixin.py:188} INFO - [2026-09-17T11:50:07.817+0000] {dagbag.py:545} INFO - Filling up the DagBag from /opt/airflow/dags/transformation_DAG.py
[2026-09-17T11:50:08.115+0000] {logging_mixin.py:188} INFO - [2026-09-17T11:50:08.114+0000] {dagbag.py:355} ERROR - Failed to import: /opt/airflow/dags/transformation_DAG.py
Traceback (most recent call last):
  File "/home/airflow/.local/lib/python3.12/site-packages/airflow/models/dagbag.py", line 351, in parse
    loader.exec_module(new_module)
  File "<frozen importlib._bootstrap_external>", line 995, in exec_module
  File "<frozen importlib._bootstrap>", line 488, in _call_with_frames_removed
  File "/opt/airflow/dags/transformation_DAG.py", line 10, in <module>
    from include import transform
  File "/opt/airflow/include/transform.py", line 6
    df = pd.DataFrame(data, columns=["videoId", "title", "publishedAt", "duration", "viewCount", "likeCount", "commentCount"])    print(df)
                                                                                                                                  ^^^^^
SyntaxError: invalid syntax
[2026-09-17T11:50:08.116+0000] {processor.py:842} WARNING - No viable dags retrieved from /opt/airflow/dags/transformation_DAG.py
[2026-09-17T11:50:08.124+0000] {processor.py:183} INFO - Processing /opt/airflow/dags/transformation_DAG.py took 0.315 seconds
[2026-09-17T11:50:38.292+0000] {processor.py:161} INFO - Started process (PID=3641) to work on /opt/airflow/dags/transformation_DAG.py
[2026-09-17T11:50:38.397+0000] {processor.py:830} INFO - Processing file /opt/airflow/dags/transformation_DAG.py for tasks to queue
[2026-09-17T11:50:38.398+0000] {logging_mixin.py:188} INFO - [2026-09-17T11:50:38.398+0000] {dagbag.py:545} INFO - Filling up the DagBag from /opt/airflow/dags/transformation_DAG.py
[2026-09-17T11:50:38.688+0000] {logging_mixin.py:188} INFO - [2026-09-17T11:50:38.688+0000] {dagbag.py:355} ERROR - Failed to import: /opt/airflow/dags/transformation_DAG.py
Traceback (most recent call last):
  File "/home/airflow/.local/lib/python3.12/site-packages/airflow/models/dagbag.py", line 351, in parse
    loader.exec_module(new_module)
  File "<frozen importlib._bootstrap_external>", line 995, in exec_module
  File "<frozen importlib._bootstrap>", line 488, in _call_with_frames_removed
  File "/opt/airflow/dags/transformation_DAG.py", line 10, in <module>
    from include import transform
  File "/opt/airflow/include/transform.py", line 6
    df = pd.DataFrame(data, columns=["videoId", "title", "publishedAt", "duration", "viewCount", "likeCount", "commentCount"])    print(df)
                                                                                                                                  ^^^^^
SyntaxError: invalid syntax
[2026-09-17T11:50:38.689+0000] {processor.py:842} WARNING - No viable dags retrieved from /opt/airflow/dags/transformation_DAG.py
[2026-09-17T11:50:38.697+0000] {processor.py:183} INFO - Processing /opt/airflow/dags/transformation_DAG.py took 0.415 seconds
[2026-09-17T11:51:08.870+0000] {processor.py:161} INFO - Started process (PID=3651) to work on /opt/airflow/dags/transformation_DAG.py
[2026-09-17T11:51:08.871+0000] {processor.py:830} INFO - Processing file /opt/airflow/dags/transformation_DAG.py for tasks to queue
[2026-09-17T11:51:08.872+0000] {logging_mixin.py:188} INFO - [2026-09-17T11:51:08.871+0000] {dagbag.py:545} INFO - Filling up the DagBag from /opt/airflow/dags/transformation_DAG.py
[2026-09-17T11:51:09.143+0000] {logging_mixin.py:188} INFO - [2026-09-17T11:51:09.142+0000] {dagbag.py:355} ERROR - Failed to import: /opt/airflow/dags/transformation_DAG.py
Traceback (most recent call last):
  File "/home/airflow/.local/lib/python3.12/site-packages/airflow/models/dagbag.py", line 351, in parse
    loader.exec_module(new_module)
  File "<frozen importlib._bootstrap_external>", line 995, in exec_module
  File "<frozen importlib._bootstrap>", line 488, in _call_with_frames_removed
  File "/opt/airflow/dags/transformation_DAG.py", line 10, in <module>
    from include import transform
  File "/opt/airflow/include/transform.py", line 6
    df = pd.DataFrame(data, columns=["videoId", "title", "publishedAt", "duration", "viewCount", "likeCount", "commentCount"])    print(df)
                                                                                                                                  ^^^^^
SyntaxError: invalid syntax
[2026-09-17T11:51:09.143+0000] {processor.py:842} WARNING - No viable dags retrieved from /opt/airflow/dags/transformation_DAG.py
[2026-09-17T11:51:09.152+0000] {processor.py:183} INFO - Processing /opt/airflow/dags/transformation_DAG.py took 0.292 seconds
[2026-09-17T11:51:39.317+0000] {processor.py:161} INFO - Started process (PID=3661) to work on /opt/airflow/dags/transformation_DAG.py
[2026-09-17T11:51:39.424+0000] {processor.py:830} INFO - Processing file /opt/airflow/dags/transformation_DAG.py for tasks to queue
[2026-09-17T11:51:39.425+0000] {logging_mixin.py:188} INFO - [2026-09-17T11:51:39.424+0000] {dagbag.py:545} INFO - Filling up the DagBag from /opt/airflow/dags/transformation_DAG.py
[2026-09-17T11:51:39.722+0000] {logging_mixin.py:188} INFO - [2026-09-17T11:51:39.722+0000] {dagbag.py:355} ERROR - Failed to import: /opt/airflow/dags/transformation_DAG.py
Traceback (most recent call last):
  File "/home/airflow/.local/lib/python3.12/site-packages/airflow/models/dagbag.py", line 351, in parse
    loader.exec_module(new_module)
  File "<frozen importlib._bootstrap_external>", line 995, in exec_module
  File "<frozen importlib._bootstrap>", line 488, in _call_with_frames_removed
  File "/opt/airflow/dags/transformation_DAG.py", line 10, in <module>
    from include import transform
  File "/opt/airflow/include/transform.py", line 6
    df = pd.DataFrame(data, columns=["videoId", "title", "publishedAt", "duration", "viewCount", "likeCount", "commentCount"])    print(df)
                                                                                                                                  ^^^^^
SyntaxError: invalid syntax
[2026-09-17T11:51:39.723+0000] {processor.py:842} WARNING - No viable dags retrieved from /opt/airflow/dags/transformation_DAG.py
[2026-09-17T11:51:39.731+0000] {processor.py:183} INFO - Processing /opt/airflow/dags/transformation_DAG.py took 0.417 seconds
[2026-09-17T11:52:09.891+0000] {processor.py:161} INFO - Started process (PID=3671) to work on /opt/airflow/dags/transformation_DAG.py
[2026-09-17T11:52:09.891+0000] {processor.py:830} INFO - Processing file /opt/airflow/dags/transformation_DAG.py for tasks to queue
[2026-09-17T11:52:09.892+0000] {logging_mixin.py:188} INFO - [2026-09-17T11:52:09.892+0000] {dagbag.py:545} INFO - Filling up the DagBag from /opt/airflow/dags/transformation_DAG.py
[2026-09-17T11:52:10.164+0000] {logging_mixin.py:188} INFO - [2026-09-17T11:52:10.164+0000] {dagbag.py:355} ERROR - Failed to import: /opt/airflow/dags/transformation_DAG.py
Traceback (most recent call last):
  File "/home/airflow/.local/lib/python3.12/site-packages/airflow/models/dagbag.py", line 351, in parse
    loader.exec_module(new_module)
  File "<frozen importlib._bootstrap_external>", line 995, in exec_module
  File "<frozen importlib._bootstrap>", line 488, in _call_with_frames_removed
  File "/opt/airflow/dags/transformation_DAG.py", line 10, in <module>
    from include import transform
  File "/opt/airflow/include/transform.py", line 6
    df = pd.DataFrame(data, columns=["videoId", "title", "publishedAt", "duration", "viewCount", "likeCount", "commentCount"])    print(df)
                                                                                                                                  ^^^^^
SyntaxError: invalid syntax
[2026-09-17T11:52:10.165+0000] {processor.py:842} WARNING - No viable dags retrieved from /opt/airflow/dags/transformation_DAG.py
[2026-09-17T11:52:10.173+0000] {processor.py:183} INFO - Processing /opt/airflow/dags/transformation_DAG.py took 0.287 seconds
[2026-09-17T11:52:40.336+0000] {processor.py:161} INFO - Started process (PID=3681) to work on /opt/airflow/dags/transformation_DAG.py
[2026-09-17T11:52:40.347+0000] {processor.py:830} INFO - Processing file /opt/airflow/dags/transformation_DAG.py for tasks to queue
[2026-09-17T11:52:40.348+0000] {logging_mixin.py:188} INFO - [2026-09-17T11:52:40.348+0000] {dagbag.py:545} INFO - Filling up the DagBag from /opt/airflow/dags/transformation_DAG.py
[2026-09-17T11:52:40.631+0000] {logging_mixin.py:188} INFO - [2026-09-17T11:52:40.630+0000] {dagbag.py:355} ERROR - Failed to import: /opt/airflow/dags/transformation_DAG.py
Traceback (most recent call last):
  File "/home/airflow/.local/lib/python3.12/site-packages/airflow/models/dagbag.py", line 351, in parse
    loader.exec_module(new_module)
  File "<frozen importlib._bootstrap_external>", line 995, in exec_module
  File "<frozen importlib._bootstrap>", line 488, in _call_with_frames_removed
  File "/opt/airflow/dags/transformation_DAG.py", line 10, in <module>
    from include import transform
  File "/opt/airflow/include/transform.py", line 6
    df = pd.DataFrame(data, columns=["videoId", "title", "publishedAt", "duration", "viewCount", "likeCount", "commentCount"])    print(df)
                                                                                                                                  ^^^^^
SyntaxError: invalid syntax
[2026-09-17T11:52:40.631+0000] {processor.py:842} WARNING - No viable dags retrieved from /opt/airflow/dags/transformation_DAG.py
[2026-09-17T11:52:40.639+0000] {processor.py:183} INFO - Processing /opt/airflow/dags/transformation_DAG.py took 0.314 seconds
[2026-09-17T11:53:10.800+0000] {processor.py:161} INFO - Started process (PID=3691) to work on /opt/airflow/dags/transformation_DAG.py
[2026-09-17T11:53:10.800+0000] {processor.py:830} INFO - Processing file /opt/airflow/dags/transformation_DAG.py for tasks to queue
[2026-09-17T11:53:10.801+0000] {logging_mixin.py:188} INFO - [2026-09-17T11:53:10.801+0000] {dagbag.py:545} INFO - Filling up the DagBag from /opt/airflow/dags/transformation_DAG.py
[2026-09-17T11:53:11.071+0000] {logging_mixin.py:188} INFO - [2026-09-17T11:53:11.070+0000] {dagbag.py:355} ERROR - Failed to import: /opt/airflow/dags/transformation_DAG.py
Traceback (most recent call last):
  File "/home/airflow/.local/lib/python3.12/site-packages/airflow/models/dagbag.py", line 351, in parse
    loader.exec_module(new_module)
  File "<frozen importlib._bootstrap_external>", line 995, in exec_module
  File "<frozen importlib._bootstrap>", line 488, in _call_with_frames_removed
  File "/opt/airflow/dags/transformation_DAG.py", line 10, in <module>
    from include import transform
  File "/opt/airflow/include/transform.py", line 6
    df = pd.DataFrame(data, columns=["videoId", "title", "publishedAt", "duration", "viewCount", "likeCount", "commentCount"])    print(df)
                                                                                                                                  ^^^^^
SyntaxError: invalid syntax
[2026-09-17T11:53:11.071+0000] {processor.py:842} WARNING - No viable dags retrieved from /opt/airflow/dags/transformation_DAG.py
[2026-09-17T11:53:11.079+0000] {processor.py:183} INFO - Processing /opt/airflow/dags/transformation_DAG.py took 0.289 seconds
[2026-09-17T11:53:41.239+0000] {processor.py:161} INFO - Started process (PID=3701) to work on /opt/airflow/dags/transformation_DAG.py
[2026-09-17T11:53:41.325+0000] {processor.py:830} INFO - Processing file /opt/airflow/dags/transformation_DAG.py for tasks to queue
[2026-09-17T11:53:41.326+0000] {logging_mixin.py:188} INFO - [2026-09-17T11:53:41.326+0000] {dagbag.py:545} INFO - Filling up the DagBag from /opt/airflow/dags/transformation_DAG.py
[2026-09-17T11:53:41.613+0000] {logging_mixin.py:188} INFO - [2026-09-17T11:53:41.612+0000] {dagbag.py:355} ERROR - Failed to import: /opt/airflow/dags/transformation_DAG.py
Traceback (most recent call last):
  File "/home/airflow/.local/lib/python3.12/site-packages/airflow/models/dagbag.py", line 351, in parse
    loader.exec_module(new_module)
  File "<frozen importlib._bootstrap_external>", line 995, in exec_module
  File "<frozen importlib._bootstrap>", line 488, in _call_with_frames_removed
  File "/opt/airflow/dags/transformation_DAG.py", line 10, in <module>
    from include import transform
  File "/opt/airflow/include/transform.py", line 6
    df = pd.DataFrame(data, columns=["videoId", "title", "publishedAt", "duration", "viewCount", "likeCount", "commentCount"])    print(df)
                                                                                                                                  ^^^^^
SyntaxError: invalid syntax
[2026-09-17T11:53:41.613+0000] {processor.py:842} WARNING - No viable dags retrieved from /opt/airflow/dags/transformation_DAG.py
[2026-09-17T11:53:41.621+0000] {processor.py:183} INFO - Processing /opt/airflow/dags/transformation_DAG.py took 0.392 seconds
[2026-09-17T11:54:11.784+0000] {processor.py:161} INFO - Started process (PID=3710) to work on /opt/airflow/dags/transformation_DAG.py
[2026-09-17T11:54:11.785+0000] {processor.py:830} INFO - Processing file /opt/airflow/dags/transformation_DAG.py for tasks to queue
[2026-09-17T11:54:11.785+0000] {logging_mixin.py:188} INFO - [2026-09-17T11:54:11.785+0000] {dagbag.py:545} INFO - Filling up the DagBag from /opt/airflow/dags/transformation_DAG.py
[2026-09-17T11:54:12.062+0000] {logging_mixin.py:188} INFO - [2026-09-17T11:54:12.061+0000] {dagbag.py:355} ERROR - Failed to import: /opt/airflow/dags/transformation_DAG.py
Traceback (most recent call last):
  File "/home/airflow/.local/lib/python3.12/site-packages/airflow/models/dagbag.py", line 351, in parse
    loader.exec_module(new_module)
  File "<frozen importlib._bootstrap_external>", line 995, in exec_module
  File "<frozen importlib._bootstrap>", line 488, in _call_with_frames_removed
  File "/opt/airflow/dags/transformation_DAG.py", line 10, in <module>
    from include import transform
  File "/opt/airflow/include/transform.py", line 6
    df = pd.DataFrame(data, columns=["videoId", "title", "publishedAt", "duration", "viewCount", "likeCount", "commentCount"])    print(df)
                                                                                                                                  ^^^^^
SyntaxError: invalid syntax
[2026-09-17T11:54:12.062+0000] {processor.py:842} WARNING - No viable dags retrieved from /opt/airflow/dags/transformation_DAG.py
[2026-09-17T11:54:12.070+0000] {processor.py:183} INFO - Processing /opt/airflow/dags/transformation_DAG.py took 0.295 seconds
[2026-09-17T11:54:42.226+0000] {processor.py:161} INFO - Started process (PID=3720) to work on /opt/airflow/dags/transformation_DAG.py
[2026-09-17T11:54:42.230+0000] {processor.py:830} INFO - Processing file /opt/airflow/dags/transformation_DAG.py for tasks to queue
[2026-09-17T11:54:42.231+0000] {logging_mixin.py:188} INFO - [2026-09-17T11:54:42.230+0000] {dagbag.py:545} INFO - Filling up the DagBag from /opt/airflow/dags/transformation_DAG.py
[2026-09-17T11:54:42.509+0000] {logging_mixin.py:188} INFO - [2026-09-17T11:54:42.508+0000] {dagbag.py:355} ERROR - Failed to import: /opt/airflow/dags/transformation_DAG.py
Traceback (most recent call last):
  File "/home/airflow/.local/lib/python3.12/site-packages/airflow/models/dagbag.py", line 351, in parse
    loader.exec_module(new_module)
  File "<frozen importlib._bootstrap_external>", line 995, in exec_module
  File "<frozen importlib._bootstrap>", line 488, in _call_with_frames_removed
  File "/opt/airflow/dags/transformation_DAG.py", line 10, in <module>
    from include import transform
  File "/opt/airflow/include/transform.py", line 6
    df = pd.DataFrame(data, columns=["videoId", "title", "publishedAt", "duration", "viewCount", "likeCount", "commentCount"])    print(df)
                                                                                                                                  ^^^^^
SyntaxError: invalid syntax
[2026-09-17T11:54:42.509+0000] {processor.py:842} WARNING - No viable dags retrieved from /opt/airflow/dags/transformation_DAG.py
[2026-09-17T11:54:42.517+0000] {processor.py:183} INFO - Processing /opt/airflow/dags/transformation_DAG.py took 0.295 seconds
[2026-09-17T11:55:12.690+0000] {processor.py:161} INFO - Started process (PID=3730) to work on /opt/airflow/dags/transformation_DAG.py
[2026-09-17T11:55:12.691+0000] {processor.py:830} INFO - Processing file /opt/airflow/dags/transformation_DAG.py for tasks to queue
[2026-09-17T11:55:12.693+0000] {logging_mixin.py:188} INFO - [2026-09-17T11:55:12.692+0000] {dagbag.py:545} INFO - Filling up the DagBag from /opt/airflow/dags/transformation_DAG.py
[2026-09-17T11:55:12.976+0000] {logging_mixin.py:188} INFO - [2026-09-17T11:55:12.976+0000] {dagbag.py:355} ERROR - Failed to import: /opt/airflow/dags/transformation_DAG.py
Traceback (most recent call last):
  File "/home/airflow/.local/lib/python3.12/site-packages/airflow/models/dagbag.py", line 351, in parse
    loader.exec_module(new_module)
  File "<frozen importlib._bootstrap_external>", line 995, in exec_module
  File "<frozen importlib._bootstrap>", line 488, in _call_with_frames_removed
  File "/opt/airflow/dags/transformation_DAG.py", line 10, in <module>
    from include import transform
  File "/opt/airflow/include/transform.py", line 6
    df = pd.DataFrame(data, columns=["videoId", "title", "publishedAt", "duration", "viewCount", "likeCount", "commentCount"])    print(df)
                                                                                                                                  ^^^^^
SyntaxError: invalid syntax
[2026-09-17T11:55:12.977+0000] {processor.py:842} WARNING - No viable dags retrieved from /opt/airflow/dags/transformation_DAG.py
[2026-09-17T11:55:12.985+0000] {processor.py:183} INFO - Processing /opt/airflow/dags/transformation_DAG.py took 0.305 seconds
[2026-09-17T11:55:43.132+0000] {processor.py:161} INFO - Started process (PID=3740) to work on /opt/airflow/dags/transformation_DAG.py
[2026-09-17T11:55:43.140+0000] {processor.py:830} INFO - Processing file /opt/airflow/dags/transformation_DAG.py for tasks to queue
[2026-09-17T11:55:43.141+0000] {logging_mixin.py:188} INFO - [2026-09-17T11:55:43.141+0000] {dagbag.py:545} INFO - Filling up the DagBag from /opt/airflow/dags/transformation_DAG.py
[2026-09-17T11:55:43.412+0000] {logging_mixin.py:188} INFO - [2026-09-17T11:55:43.411+0000] {dagbag.py:355} ERROR - Failed to import: /opt/airflow/dags/transformation_DAG.py
Traceback (most recent call last):
  File "/home/airflow/.local/lib/python3.12/site-packages/airflow/models/dagbag.py", line 351, in parse
    loader.exec_module(new_module)
  File "<frozen importlib._bootstrap_external>", line 995, in exec_module
  File "<frozen importlib._bootstrap>", line 488, in _call_with_frames_removed
  File "/opt/airflow/dags/transformation_DAG.py", line 10, in <module>
    from include import transform
  File "/opt/airflow/include/transform.py", line 6
    df = pd.DataFrame(data, columns=["videoId", "title", "publishedAt", "duration", "viewCount", "likeCount", "commentCount"])    print(df)
                                                                                                                                  ^^^^^
SyntaxError: invalid syntax
[2026-09-17T11:55:43.412+0000] {processor.py:842} WARNING - No viable dags retrieved from /opt/airflow/dags/transformation_DAG.py
[2026-09-17T11:55:43.421+0000] {processor.py:183} INFO - Processing /opt/airflow/dags/transformation_DAG.py took 0.293 seconds
[2026-09-17T11:56:13.587+0000] {processor.py:161} INFO - Started process (PID=3750) to work on /opt/airflow/dags/transformation_DAG.py
[2026-09-17T11:56:13.588+0000] {processor.py:830} INFO - Processing file /opt/airflow/dags/transformation_DAG.py for tasks to queue
[2026-09-17T11:56:13.589+0000] {logging_mixin.py:188} INFO - [2026-09-17T11:56:13.589+0000] {dagbag.py:545} INFO - Filling up the DagBag from /opt/airflow/dags/transformation_DAG.py
[2026-09-17T11:56:13.865+0000] {logging_mixin.py:188} INFO - [2026-09-17T11:56:13.864+0000] {dagbag.py:355} ERROR - Failed to import: /opt/airflow/dags/transformation_DAG.py
Traceback (most recent call last):
  File "/home/airflow/.local/lib/python3.12/site-packages/airflow/models/dagbag.py", line 351, in parse
    loader.exec_module(new_module)
  File "<frozen importlib._bootstrap_external>", line 995, in exec_module
  File "<frozen importlib._bootstrap>", line 488, in _call_with_frames_removed
  File "/opt/airflow/dags/transformation_DAG.py", line 10, in <module>
    from include import transform
  File "/opt/airflow/include/transform.py", line 6
    df = pd.DataFrame(data, columns=["videoId", "title", "publishedAt", "duration", "viewCount", "likeCount", "commentCount"])    print(df)
                                                                                                                                  ^^^^^
SyntaxError: invalid syntax
[2026-09-17T11:56:13.865+0000] {processor.py:842} WARNING - No viable dags retrieved from /opt/airflow/dags/transformation_DAG.py
[2026-09-17T11:56:13.873+0000] {processor.py:183} INFO - Processing /opt/airflow/dags/transformation_DAG.py took 0.295 seconds
[2026-09-17T11:56:44.039+0000] {processor.py:161} INFO - Started process (PID=3760) to work on /opt/airflow/dags/transformation_DAG.py
[2026-09-17T11:56:44.053+0000] {processor.py:830} INFO - Processing file /opt/airflow/dags/transformation_DAG.py for tasks to queue
[2026-09-17T11:56:44.054+0000] {logging_mixin.py:188} INFO - [2026-09-17T11:56:44.054+0000] {dagbag.py:545} INFO - Filling up the DagBag from /opt/airflow/dags/transformation_DAG.py
[2026-09-17T11:56:44.331+0000] {logging_mixin.py:188} INFO - [2026-09-17T11:56:44.331+0000] {dagbag.py:355} ERROR - Failed to import: /opt/airflow/dags/transformation_DAG.py
Traceback (most recent call last):
  File "/home/airflow/.local/lib/python3.12/site-packages/airflow/models/dagbag.py", line 351, in parse
    loader.exec_module(new_module)
  File "<frozen importlib._bootstrap_external>", line 995, in exec_module
  File "<frozen importlib._bootstrap>", line 488, in _call_with_frames_removed
  File "/opt/airflow/dags/transformation_DAG.py", line 10, in <module>
    from include import transform
  File "/opt/airflow/include/transform.py", line 6
    df = pd.DataFrame(data, columns=["videoId", "title", "publishedAt", "duration", "viewCount", "likeCount", "commentCount"])    print(df)
                                                                                                                                  ^^^^^
SyntaxError: invalid syntax
[2026-09-17T11:56:44.332+0000] {processor.py:842} WARNING - No viable dags retrieved from /opt/airflow/dags/transformation_DAG.py
[2026-09-17T11:56:44.340+0000] {processor.py:183} INFO - Processing /opt/airflow/dags/transformation_DAG.py took 0.305 seconds
[2026-09-17T11:57:14.523+0000] {processor.py:161} INFO - Started process (PID=3770) to work on /opt/airflow/dags/transformation_DAG.py
[2026-09-17T11:57:14.524+0000] {processor.py:830} INFO - Processing file /opt/airflow/dags/transformation_DAG.py for tasks to queue
[2026-09-17T11:57:14.524+0000] {logging_mixin.py:188} INFO - [2026-09-17T11:57:14.524+0000] {dagbag.py:545} INFO - Filling up the DagBag from /opt/airflow/dags/transformation_DAG.py
[2026-09-17T11:57:14.799+0000] {logging_mixin.py:188} INFO - [2026-09-17T11:57:14.798+0000] {dagbag.py:355} ERROR - Failed to import: /opt/airflow/dags/transformation_DAG.py
Traceback (most recent call last):
  File "/home/airflow/.local/lib/python3.12/site-packages/airflow/models/dagbag.py", line 351, in parse
    loader.exec_module(new_module)
  File "<frozen importlib._bootstrap_external>", line 995, in exec_module
  File "<frozen importlib._bootstrap>", line 488, in _call_with_frames_removed
  File "/opt/airflow/dags/transformation_DAG.py", line 10, in <module>
    from include import transform
  File "/opt/airflow/include/transform.py", line 6
    df = pd.DataFrame(data, columns=["videoId", "title", "publishedAt", "duration", "viewCount", "likeCount", "commentCount"])    print(df)
                                                                                                                                  ^^^^^
SyntaxError: invalid syntax
[2026-09-17T11:57:14.799+0000] {processor.py:842} WARNING - No viable dags retrieved from /opt/airflow/dags/transformation_DAG.py
[2026-09-17T11:57:14.808+0000] {processor.py:183} INFO - Processing /opt/airflow/dags/transformation_DAG.py took 0.290 seconds
[2026-09-17T11:57:44.976+0000] {processor.py:161} INFO - Started process (PID=3780) to work on /opt/airflow/dags/transformation_DAG.py
[2026-09-17T11:57:45.074+0000] {processor.py:830} INFO - Processing file /opt/airflow/dags/transformation_DAG.py for tasks to queue
[2026-09-17T11:57:45.075+0000] {logging_mixin.py:188} INFO - [2026-09-17T11:57:45.075+0000] {dagbag.py:545} INFO - Filling up the DagBag from /opt/airflow/dags/transformation_DAG.py
[2026-09-17T11:57:45.360+0000] {logging_mixin.py:188} INFO - [2026-09-17T11:57:45.360+0000] {dagbag.py:355} ERROR - Failed to import: /opt/airflow/dags/transformation_DAG.py
Traceback (most recent call last):
  File "/home/airflow/.local/lib/python3.12/site-packages/airflow/models/dagbag.py", line 351, in parse
    loader.exec_module(new_module)
  File "<frozen importlib._bootstrap_external>", line 995, in exec_module
  File "<frozen importlib._bootstrap>", line 488, in _call_with_frames_removed
  File "/opt/airflow/dags/transformation_DAG.py", line 10, in <module>
    from include import transform
  File "/opt/airflow/include/transform.py", line 6
    df = pd.DataFrame(data, columns=["videoId", "title", "publishedAt", "duration", "viewCount", "likeCount", "commentCount"])    print(df)
                                                                                                                                  ^^^^^
SyntaxError: invalid syntax
[2026-09-17T11:57:45.361+0000] {processor.py:842} WARNING - No viable dags retrieved from /opt/airflow/dags/transformation_DAG.py
[2026-09-17T11:57:45.369+0000] {processor.py:183} INFO - Processing /opt/airflow/dags/transformation_DAG.py took 0.401 seconds
[2026-09-17T11:58:15.542+0000] {processor.py:161} INFO - Started process (PID=3790) to work on /opt/airflow/dags/transformation_DAG.py
[2026-09-17T11:58:15.543+0000] {processor.py:830} INFO - Processing file /opt/airflow/dags/transformation_DAG.py for tasks to queue
[2026-09-17T11:58:15.544+0000] {logging_mixin.py:188} INFO - [2026-09-17T11:58:15.543+0000] {dagbag.py:545} INFO - Filling up the DagBag from /opt/airflow/dags/transformation_DAG.py
[2026-09-17T11:58:15.814+0000] {logging_mixin.py:188} INFO - [2026-09-17T11:58:15.814+0000] {dagbag.py:355} ERROR - Failed to import: /opt/airflow/dags/transformation_DAG.py
Traceback (most recent call last):
  File "/home/airflow/.local/lib/python3.12/site-packages/airflow/models/dagbag.py", line 351, in parse
    loader.exec_module(new_module)
  File "<frozen importlib._bootstrap_external>", line 995, in exec_module
  File "<frozen importlib._bootstrap>", line 488, in _call_with_frames_removed
  File "/opt/airflow/dags/transformation_DAG.py", line 10, in <module>
    from include import transform
  File "/opt/airflow/include/transform.py", line 6
    df = pd.DataFrame(data, columns=["videoId", "title", "publishedAt", "duration", "viewCount", "likeCount", "commentCount"])    print(df)
                                                                                                                                  ^^^^^
SyntaxError: invalid syntax
[2026-09-17T11:58:15.815+0000] {processor.py:842} WARNING - No viable dags retrieved from /opt/airflow/dags/transformation_DAG.py
[2026-09-17T11:58:15.823+0000] {processor.py:183} INFO - Processing /opt/airflow/dags/transformation_DAG.py took 0.288 seconds
[2026-09-17T11:58:45.993+0000] {processor.py:161} INFO - Started process (PID=3800) to work on /opt/airflow/dags/transformation_DAG.py
[2026-09-17T11:58:46.007+0000] {processor.py:830} INFO - Processing file /opt/airflow/dags/transformation_DAG.py for tasks to queue
[2026-09-17T11:58:46.009+0000] {logging_mixin.py:188} INFO - [2026-09-17T11:58:46.008+0000] {dagbag.py:545} INFO - Filling up the DagBag from /opt/airflow/dags/transformation_DAG.py
[2026-09-17T11:58:46.296+0000] {logging_mixin.py:188} INFO - [2026-09-17T11:58:46.295+0000] {dagbag.py:355} ERROR - Failed to import: /opt/airflow/dags/transformation_DAG.py
Traceback (most recent call last):
  File "/home/airflow/.local/lib/python3.12/site-packages/airflow/models/dagbag.py", line 351, in parse
    loader.exec_module(new_module)
  File "<frozen importlib._bootstrap_external>", line 995, in exec_module
  File "<frozen importlib._bootstrap>", line 488, in _call_with_frames_removed
  File "/opt/airflow/dags/transformation_DAG.py", line 10, in <module>
    from include import transform
  File "/opt/airflow/include/transform.py", line 6
    df = pd.DataFrame(data, columns=["videoId", "title", "publishedAt", "duration", "viewCount", "likeCount", "commentCount"])    print(df)
                                                                                                                                  ^^^^^
SyntaxError: invalid syntax
[2026-09-17T11:58:46.296+0000] {processor.py:842} WARNING - No viable dags retrieved from /opt/airflow/dags/transformation_DAG.py
[2026-09-17T11:58:46.305+0000] {processor.py:183} INFO - Processing /opt/airflow/dags/transformation_DAG.py took 0.321 seconds
[2026-09-17T11:59:16.481+0000] {processor.py:161} INFO - Started process (PID=3810) to work on /opt/airflow/dags/transformation_DAG.py
[2026-09-17T11:59:16.482+0000] {processor.py:830} INFO - Processing file /opt/airflow/dags/transformation_DAG.py for tasks to queue
[2026-09-17T11:59:16.483+0000] {logging_mixin.py:188} INFO - [2026-09-17T11:59:16.482+0000] {dagbag.py:545} INFO - Filling up the DagBag from /opt/airflow/dags/transformation_DAG.py
[2026-09-17T11:59:16.758+0000] {logging_mixin.py:188} INFO - [2026-09-17T11:59:16.757+0000] {dagbag.py:355} ERROR - Failed to import: /opt/airflow/dags/transformation_DAG.py
Traceback (most recent call last):
  File "/home/airflow/.local/lib/python3.12/site-packages/airflow/models/dagbag.py", line 351, in parse
    loader.exec_module(new_module)
  File "<frozen importlib._bootstrap_external>", line 995, in exec_module
  File "<frozen importlib._bootstrap>", line 488, in _call_with_frames_removed
  File "/opt/airflow/dags/transformation_DAG.py", line 10, in <module>
    from include import transform
  File "/opt/airflow/include/transform.py", line 6
    df = pd.DataFrame(data, columns=["videoId", "title", "publishedAt", "duration", "viewCount", "likeCount", "commentCount"])    print(df)
                                                                                                                                  ^^^^^
SyntaxError: invalid syntax
[2026-09-17T11:59:16.758+0000] {processor.py:842} WARNING - No viable dags retrieved from /opt/airflow/dags/transformation_DAG.py
[2026-09-17T11:59:16.766+0000] {processor.py:183} INFO - Processing /opt/airflow/dags/transformation_DAG.py took 0.294 seconds
[2026-09-17T11:59:46.927+0000] {processor.py:161} INFO - Started process (PID=3820) to work on /opt/airflow/dags/transformation_DAG.py
[2026-09-17T11:59:47.017+0000] {processor.py:830} INFO - Processing file /opt/airflow/dags/transformation_DAG.py for tasks to queue
[2026-09-17T11:59:47.019+0000] {logging_mixin.py:188} INFO - [2026-09-17T11:59:47.018+0000] {dagbag.py:545} INFO - Filling up the DagBag from /opt/airflow/dags/transformation_DAG.py
[2026-09-17T11:59:47.301+0000] {logging_mixin.py:188} INFO - [2026-09-17T11:59:47.300+0000] {dagbag.py:355} ERROR - Failed to import: /opt/airflow/dags/transformation_DAG.py
Traceback (most recent call last):
  File "/home/airflow/.local/lib/python3.12/site-packages/airflow/models/dagbag.py", line 351, in parse
    loader.exec_module(new_module)
  File "<frozen importlib._bootstrap_external>", line 995, in exec_module
  File "<frozen importlib._bootstrap>", line 488, in _call_with_frames_removed
  File "/opt/airflow/dags/transformation_DAG.py", line 10, in <module>
    from include import transform
  File "/opt/airflow/include/transform.py", line 6
    df = pd.DataFrame(data, columns=["videoId", "title", "publishedAt", "duration", "viewCount", "likeCount", "commentCount"])    print(df)
                                                                                                                                  ^^^^^
SyntaxError: invalid syntax
[2026-09-17T11:59:47.301+0000] {processor.py:842} WARNING - No viable dags retrieved from /opt/airflow/dags/transformation_DAG.py
[2026-09-17T11:59:47.309+0000] {processor.py:183} INFO - Processing /opt/airflow/dags/transformation_DAG.py took 0.387 seconds
[2026-09-17T12:00:17.468+0000] {processor.py:161} INFO - Started process (PID=3830) to work on /opt/airflow/dags/transformation_DAG.py
[2026-09-17T12:00:17.469+0000] {processor.py:830} INFO - Processing file /opt/airflow/dags/transformation_DAG.py for tasks to queue
[2026-09-17T12:00:17.469+0000] {logging_mixin.py:188} INFO - [2026-09-17T12:00:17.469+0000] {dagbag.py:545} INFO - Filling up the DagBag from /opt/airflow/dags/transformation_DAG.py
[2026-09-17T12:00:17.745+0000] {logging_mixin.py:188} INFO - [2026-09-17T12:00:17.744+0000] {dagbag.py:355} ERROR - Failed to import: /opt/airflow/dags/transformation_DAG.py
Traceback (most recent call last):
  File "/home/airflow/.local/lib/python3.12/site-packages/airflow/models/dagbag.py", line 351, in parse
    loader.exec_module(new_module)
  File "<frozen importlib._bootstrap_external>", line 995, in exec_module
  File "<frozen importlib._bootstrap>", line 488, in _call_with_frames_removed
  File "/opt/airflow/dags/transformation_DAG.py", line 10, in <module>
    from include import transform
  File "/opt/airflow/include/transform.py", line 6
    df = pd.DataFrame(data, columns=["videoId", "title", "publishedAt", "duration", "viewCount", "likeCount", "commentCount"])    print(df)
                                                                                                                                  ^^^^^
SyntaxError: invalid syntax
[2026-09-17T12:00:17.746+0000] {processor.py:842} WARNING - No viable dags retrieved from /opt/airflow/dags/transformation_DAG.py
[2026-09-17T12:00:17.753+0000] {processor.py:183} INFO - Processing /opt/airflow/dags/transformation_DAG.py took 0.291 seconds
[2026-09-17T12:00:47.921+0000] {processor.py:161} INFO - Started process (PID=3839) to work on /opt/airflow/dags/transformation_DAG.py
[2026-09-17T12:00:48.010+0000] {processor.py:830} INFO - Processing file /opt/airflow/dags/transformation_DAG.py for tasks to queue
[2026-09-17T12:00:48.012+0000] {logging_mixin.py:188} INFO - [2026-09-17T12:00:48.011+0000] {dagbag.py:545} INFO - Filling up the DagBag from /opt/airflow/dags/transformation_DAG.py
[2026-09-17T12:00:48.316+0000] {logging_mixin.py:188} INFO - [2026-09-17T12:00:48.316+0000] {dagbag.py:355} ERROR - Failed to import: /opt/airflow/dags/transformation_DAG.py
Traceback (most recent call last):
  File "/home/airflow/.local/lib/python3.12/site-packages/airflow/models/dagbag.py", line 351, in parse
    loader.exec_module(new_module)
  File "<frozen importlib._bootstrap_external>", line 995, in exec_module
  File "<frozen importlib._bootstrap>", line 488, in _call_with_frames_removed
  File "/opt/airflow/dags/transformation_DAG.py", line 10, in <module>
    from include import transform
  File "/opt/airflow/include/transform.py", line 6
    df = pd.DataFrame(data, columns=["videoId", "title", "publishedAt", "duration", "viewCount", "likeCount", "commentCount"])    print(df)
                                                                                                                                  ^^^^^
SyntaxError: invalid syntax
[2026-09-17T12:00:48.317+0000] {processor.py:842} WARNING - No viable dags retrieved from /opt/airflow/dags/transformation_DAG.py
[2026-09-17T12:00:48.325+0000] {processor.py:183} INFO - Processing /opt/airflow/dags/transformation_DAG.py took 0.413 seconds
[2026-09-17T12:01:18.495+0000] {processor.py:161} INFO - Started process (PID=3848) to work on /opt/airflow/dags/transformation_DAG.py
[2026-09-17T12:01:18.496+0000] {processor.py:830} INFO - Processing file /opt/airflow/dags/transformation_DAG.py for tasks to queue
[2026-09-17T12:01:18.497+0000] {logging_mixin.py:188} INFO - [2026-09-17T12:01:18.497+0000] {dagbag.py:545} INFO - Filling up the DagBag from /opt/airflow/dags/transformation_DAG.py
[2026-09-17T12:01:18.771+0000] {logging_mixin.py:188} INFO - [2026-09-17T12:01:18.770+0000] {dagbag.py:355} ERROR - Failed to import: /opt/airflow/dags/transformation_DAG.py
Traceback (most recent call last):
  File "/home/airflow/.local/lib/python3.12/site-packages/airflow/models/dagbag.py", line 351, in parse
    loader.exec_module(new_module)
  File "<frozen importlib._bootstrap_external>", line 995, in exec_module
  File "<frozen importlib._bootstrap>", line 488, in _call_with_frames_removed
  File "/opt/airflow/dags/transformation_DAG.py", line 10, in <module>
    from include import transform
  File "/opt/airflow/include/transform.py", line 6
    df = pd.DataFrame(data, columns=["videoId", "title", "publishedAt", "duration", "viewCount", "likeCount", "commentCount"])    print(df)
                                                                                                                                  ^^^^^
SyntaxError: invalid syntax
[2026-09-17T12:01:18.772+0000] {processor.py:842} WARNING - No viable dags retrieved from /opt/airflow/dags/transformation_DAG.py
[2026-09-17T12:01:18.780+0000] {processor.py:183} INFO - Processing /opt/airflow/dags/transformation_DAG.py took 0.294 seconds
[2026-09-17T12:01:48.948+0000] {processor.py:161} INFO - Started process (PID=3858) to work on /opt/airflow/dags/transformation_DAG.py
[2026-09-17T12:01:49.044+0000] {processor.py:830} INFO - Processing file /opt/airflow/dags/transformation_DAG.py for tasks to queue
[2026-09-17T12:01:49.046+0000] {logging_mixin.py:188} INFO - [2026-09-17T12:01:49.045+0000] {dagbag.py:545} INFO - Filling up the DagBag from /opt/airflow/dags/transformation_DAG.py
[2026-09-17T12:01:49.330+0000] {logging_mixin.py:188} INFO - [2026-09-17T12:01:49.329+0000] {dagbag.py:355} ERROR - Failed to import: /opt/airflow/dags/transformation_DAG.py
Traceback (most recent call last):
  File "/home/airflow/.local/lib/python3.12/site-packages/airflow/models/dagbag.py", line 351, in parse
    loader.exec_module(new_module)
  File "<frozen importlib._bootstrap_external>", line 995, in exec_module
  File "<frozen importlib._bootstrap>", line 488, in _call_with_frames_removed
  File "/opt/airflow/dags/transformation_DAG.py", line 10, in <module>
    from include import transform
  File "/opt/airflow/include/transform.py", line 6
    df = pd.DataFrame(data, columns=["videoId", "title", "publishedAt", "duration", "viewCount", "likeCount", "commentCount"])    print(df)
                                                                                                                                  ^^^^^
SyntaxError: invalid syntax
[2026-09-17T12:01:49.330+0000] {processor.py:842} WARNING - No viable dags retrieved from /opt/airflow/dags/transformation_DAG.py
[2026-09-17T12:01:49.339+0000] {processor.py:183} INFO - Processing /opt/airflow/dags/transformation_DAG.py took 0.398 seconds
[2026-09-17T12:02:19.499+0000] {processor.py:161} INFO - Started process (PID=3868) to work on /opt/airflow/dags/transformation_DAG.py
[2026-09-17T12:02:19.499+0000] {processor.py:830} INFO - Processing file /opt/airflow/dags/transformation_DAG.py for tasks to queue
[2026-09-17T12:02:19.500+0000] {logging_mixin.py:188} INFO - [2026-09-17T12:02:19.499+0000] {dagbag.py:545} INFO - Filling up the DagBag from /opt/airflow/dags/transformation_DAG.py
[2026-09-17T12:02:19.823+0000] {logging_mixin.py:188} INFO - [2026-09-17T12:02:19.822+0000] {dagbag.py:355} ERROR - Failed to import: /opt/airflow/dags/transformation_DAG.py
Traceback (most recent call last):
  File "/home/airflow/.local/lib/python3.12/site-packages/airflow/models/dagbag.py", line 351, in parse
    loader.exec_module(new_module)
  File "<frozen importlib._bootstrap_external>", line 995, in exec_module
  File "<frozen importlib._bootstrap>", line 488, in _call_with_frames_removed
  File "/opt/airflow/dags/transformation_DAG.py", line 10, in <module>
    from include import transform
  File "/opt/airflow/include/transform.py", line 6
    df = pd.DataFrame(data, columns=["videoId", "title", "publishedAt", "duration", "viewCount", "likeCount", "commentCount"])    print(df)
                                                                                                                                  ^^^^^
SyntaxError: invalid syntax
[2026-09-17T12:02:19.823+0000] {processor.py:842} WARNING - No viable dags retrieved from /opt/airflow/dags/transformation_DAG.py
[2026-09-17T12:02:19.833+0000] {processor.py:183} INFO - Processing /opt/airflow/dags/transformation_DAG.py took 0.338 seconds
[2026-09-17T12:02:49.992+0000] {processor.py:161} INFO - Started process (PID=3878) to work on /opt/airflow/dags/transformation_DAG.py
[2026-09-17T12:02:50.048+0000] {processor.py:830} INFO - Processing file /opt/airflow/dags/transformation_DAG.py for tasks to queue
[2026-09-17T12:02:50.048+0000] {logging_mixin.py:188} INFO - [2026-09-17T12:02:50.048+0000] {dagbag.py:545} INFO - Filling up the DagBag from /opt/airflow/dags/transformation_DAG.py
[2026-09-17T12:02:50.330+0000] {logging_mixin.py:188} INFO - [2026-09-17T12:02:50.329+0000] {dagbag.py:355} ERROR - Failed to import: /opt/airflow/dags/transformation_DAG.py
Traceback (most recent call last):
  File "/home/airflow/.local/lib/python3.12/site-packages/airflow/models/dagbag.py", line 351, in parse
    loader.exec_module(new_module)
  File "<frozen importlib._bootstrap_external>", line 995, in exec_module
  File "<frozen importlib._bootstrap>", line 488, in _call_with_frames_removed
  File "/opt/airflow/dags/transformation_DAG.py", line 10, in <module>
    from include import transform
  File "/opt/airflow/include/transform.py", line 6
    df = pd.DataFrame(data, columns=["videoId", "title", "publishedAt", "duration", "viewCount", "likeCount", "commentCount"])    print(df)
                                                                                                                                  ^^^^^
SyntaxError: invalid syntax
[2026-09-17T12:02:50.330+0000] {processor.py:842} WARNING - No viable dags retrieved from /opt/airflow/dags/transformation_DAG.py
[2026-09-17T12:02:50.339+0000] {processor.py:183} INFO - Processing /opt/airflow/dags/transformation_DAG.py took 0.350 seconds
[2026-09-17T12:03:20.499+0000] {processor.py:161} INFO - Started process (PID=3887) to work on /opt/airflow/dags/transformation_DAG.py
[2026-09-17T12:03:20.500+0000] {processor.py:830} INFO - Processing file /opt/airflow/dags/transformation_DAG.py for tasks to queue
[2026-09-17T12:03:20.500+0000] {logging_mixin.py:188} INFO - [2026-09-17T12:03:20.500+0000] {dagbag.py:545} INFO - Filling up the DagBag from /opt/airflow/dags/transformation_DAG.py
[2026-09-17T12:03:20.778+0000] {logging_mixin.py:188} INFO - [2026-09-17T12:03:20.777+0000] {dagbag.py:355} ERROR - Failed to import: /opt/airflow/dags/transformation_DAG.py
Traceback (most recent call last):
  File "/home/airflow/.local/lib/python3.12/site-packages/airflow/models/dagbag.py", line 351, in parse
    loader.exec_module(new_module)
  File "<frozen importlib._bootstrap_external>", line 995, in exec_module
  File "<frozen importlib._bootstrap>", line 488, in _call_with_frames_removed
  File "/opt/airflow/dags/transformation_DAG.py", line 10, in <module>
    from include import transform
  File "/opt/airflow/include/transform.py", line 6
    df = pd.DataFrame(data, columns=["videoId", "title", "publishedAt", "duration", "viewCount", "likeCount", "commentCount"])    print(df)
                                                                                                                                  ^^^^^
SyntaxError: invalid syntax
[2026-09-17T12:03:20.778+0000] {processor.py:842} WARNING - No viable dags retrieved from /opt/airflow/dags/transformation_DAG.py
[2026-09-17T12:03:20.786+0000] {processor.py:183} INFO - Processing /opt/airflow/dags/transformation_DAG.py took 0.292 seconds
[2026-09-17T12:03:50.955+0000] {processor.py:161} INFO - Started process (PID=3897) to work on /opt/airflow/dags/transformation_DAG.py
[2026-09-17T12:03:50.969+0000] {processor.py:830} INFO - Processing file /opt/airflow/dags/transformation_DAG.py for tasks to queue
[2026-09-17T12:03:50.970+0000] {logging_mixin.py:188} INFO - [2026-09-17T12:03:50.970+0000] {dagbag.py:545} INFO - Filling up the DagBag from /opt/airflow/dags/transformation_DAG.py
[2026-09-17T12:03:51.257+0000] {logging_mixin.py:188} INFO - [2026-09-17T12:03:51.256+0000] {dagbag.py:355} ERROR - Failed to import: /opt/airflow/dags/transformation_DAG.py
Traceback (most recent call last):
  File "/home/airflow/.local/lib/python3.12/site-packages/airflow/models/dagbag.py", line 351, in parse
    loader.exec_module(new_module)
  File "<frozen importlib._bootstrap_external>", line 995, in exec_module
  File "<frozen importlib._bootstrap>", line 488, in _call_with_frames_removed
  File "/opt/airflow/dags/transformation_DAG.py", line 10, in <module>
    from include import transform
  File "/opt/airflow/include/transform.py", line 6
    df = pd.DataFrame(data, columns=["videoId", "title", "publishedAt", "duration", "viewCount", "likeCount", "commentCount"])    print(df)
                                                                                                                                  ^^^^^
SyntaxError: invalid syntax
[2026-09-17T12:03:51.257+0000] {processor.py:842} WARNING - No viable dags retrieved from /opt/airflow/dags/transformation_DAG.py
[2026-09-17T12:03:51.266+0000] {processor.py:183} INFO - Processing /opt/airflow/dags/transformation_DAG.py took 0.322 seconds
[2026-09-17T12:04:21.433+0000] {processor.py:161} INFO - Started process (PID=3907) to work on /opt/airflow/dags/transformation_DAG.py
[2026-09-17T12:04:21.434+0000] {processor.py:830} INFO - Processing file /opt/airflow/dags/transformation_DAG.py for tasks to queue
[2026-09-17T12:04:21.435+0000] {logging_mixin.py:188} INFO - [2026-09-17T12:04:21.434+0000] {dagbag.py:545} INFO - Filling up the DagBag from /opt/airflow/dags/transformation_DAG.py
[2026-09-17T12:04:21.711+0000] {logging_mixin.py:188} INFO - [2026-09-17T12:04:21.710+0000] {dagbag.py:355} ERROR - Failed to import: /opt/airflow/dags/transformation_DAG.py
Traceback (most recent call last):
  File "/home/airflow/.local/lib/python3.12/site-packages/airflow/models/dagbag.py", line 351, in parse
    loader.exec_module(new_module)
  File "<frozen importlib._bootstrap_external>", line 995, in exec_module
  File "<frozen importlib._bootstrap>", line 488, in _call_with_frames_removed
  File "/opt/airflow/dags/transformation_DAG.py", line 10, in <module>
    from include import transform
  File "/opt/airflow/include/transform.py", line 6
    df = pd.DataFrame(data, columns=["videoId", "title", "publishedAt", "duration", "viewCount", "likeCount", "commentCount"])    print(df)
                                                                                                                                  ^^^^^
SyntaxError: invalid syntax
[2026-09-17T12:04:21.711+0000] {processor.py:842} WARNING - No viable dags retrieved from /opt/airflow/dags/transformation_DAG.py
[2026-09-17T12:04:21.720+0000] {processor.py:183} INFO - Processing /opt/airflow/dags/transformation_DAG.py took 0.294 seconds
[2026-09-17T12:04:51.878+0000] {processor.py:161} INFO - Started process (PID=3917) to work on /opt/airflow/dags/transformation_DAG.py
[2026-09-17T12:04:51.903+0000] {processor.py:830} INFO - Processing file /opt/airflow/dags/transformation_DAG.py for tasks to queue
[2026-09-17T12:04:51.904+0000] {logging_mixin.py:188} INFO - [2026-09-17T12:04:51.904+0000] {dagbag.py:545} INFO - Filling up the DagBag from /opt/airflow/dags/transformation_DAG.py
[2026-09-17T12:04:52.194+0000] {logging_mixin.py:188} INFO - [2026-09-17T12:04:52.193+0000] {dagbag.py:355} ERROR - Failed to import: /opt/airflow/dags/transformation_DAG.py
Traceback (most recent call last):
  File "/home/airflow/.local/lib/python3.12/site-packages/airflow/models/dagbag.py", line 351, in parse
    loader.exec_module(new_module)
  File "<frozen importlib._bootstrap_external>", line 995, in exec_module
  File "<frozen importlib._bootstrap>", line 488, in _call_with_frames_removed
  File "/opt/airflow/dags/transformation_DAG.py", line 10, in <module>
    from include import transform
  File "/opt/airflow/include/transform.py", line 6
    df = pd.DataFrame(data, columns=["videoId", "title", "publishedAt", "duration", "viewCount", "likeCount", "commentCount"])    print(df)
                                                                                                                                  ^^^^^
SyntaxError: invalid syntax
[2026-09-17T12:04:52.194+0000] {processor.py:842} WARNING - No viable dags retrieved from /opt/airflow/dags/transformation_DAG.py
[2026-09-17T12:04:52.202+0000] {processor.py:183} INFO - Processing /opt/airflow/dags/transformation_DAG.py took 0.327 seconds
[2026-09-17T12:05:22.364+0000] {processor.py:161} INFO - Started process (PID=3927) to work on /opt/airflow/dags/transformation_DAG.py
[2026-09-17T12:05:22.365+0000] {processor.py:830} INFO - Processing file /opt/airflow/dags/transformation_DAG.py for tasks to queue
[2026-09-17T12:05:22.366+0000] {logging_mixin.py:188} INFO - [2026-09-17T12:05:22.366+0000] {dagbag.py:545} INFO - Filling up the DagBag from /opt/airflow/dags/transformation_DAG.py
[2026-09-17T12:05:22.647+0000] {logging_mixin.py:188} INFO - [2026-09-17T12:05:22.647+0000] {dagbag.py:355} ERROR - Failed to import: /opt/airflow/dags/transformation_DAG.py
Traceback (most recent call last):
  File "/home/airflow/.local/lib/python3.12/site-packages/airflow/models/dagbag.py", line 351, in parse
    loader.exec_module(new_module)
  File "<frozen importlib._bootstrap_external>", line 995, in exec_module
  File "<frozen importlib._bootstrap>", line 488, in _call_with_frames_removed
  File "/opt/airflow/dags/transformation_DAG.py", line 10, in <module>
    from include import transform
  File "/opt/airflow/include/transform.py", line 6
    df = pd.DataFrame(data, columns=["videoId", "title", "publishedAt", "duration", "viewCount", "likeCount", "commentCount"])    print(df)
                                                                                                                                  ^^^^^
SyntaxError: invalid syntax
[2026-09-17T12:05:22.648+0000] {processor.py:842} WARNING - No viable dags retrieved from /opt/airflow/dags/transformation_DAG.py
[2026-09-17T12:05:22.656+0000] {processor.py:183} INFO - Processing /opt/airflow/dags/transformation_DAG.py took 0.302 seconds
[2026-09-17T12:05:52.816+0000] {processor.py:161} INFO - Started process (PID=3937) to work on /opt/airflow/dags/transformation_DAG.py
[2026-09-17T12:05:52.825+0000] {processor.py:830} INFO - Processing file /opt/airflow/dags/transformation_DAG.py for tasks to queue
[2026-09-17T12:05:52.826+0000] {logging_mixin.py:188} INFO - [2026-09-17T12:05:52.826+0000] {dagbag.py:545} INFO - Filling up the DagBag from /opt/airflow/dags/transformation_DAG.py
[2026-09-17T12:05:53.135+0000] {logging_mixin.py:188} INFO - [2026-09-17T12:05:53.134+0000] {dagbag.py:355} ERROR - Failed to import: /opt/airflow/dags/transformation_DAG.py
Traceback (most recent call last):
  File "/home/airflow/.local/lib/python3.12/site-packages/airflow/models/dagbag.py", line 351, in parse
    loader.exec_module(new_module)
  File "<frozen importlib._bootstrap_external>", line 995, in exec_module
  File "<frozen importlib._bootstrap>", line 488, in _call_with_frames_removed
  File "/opt/airflow/dags/transformation_DAG.py", line 10, in <module>
    from include import transform
  File "/opt/airflow/include/transform.py", line 6
    df = pd.DataFrame(data, columns=["videoId", "title", "publishedAt", "duration", "viewCount", "likeCount", "commentCount"])    print(df)
                                                                                                                                  ^^^^^
SyntaxError: invalid syntax
[2026-09-17T12:05:53.135+0000] {processor.py:842} WARNING - No viable dags retrieved from /opt/airflow/dags/transformation_DAG.py
[2026-09-17T12:05:53.143+0000] {processor.py:183} INFO - Processing /opt/airflow/dags/transformation_DAG.py took 0.336 seconds
[2026-09-17T12:06:23.306+0000] {processor.py:161} INFO - Started process (PID=3947) to work on /opt/airflow/dags/transformation_DAG.py
[2026-09-17T12:06:23.307+0000] {processor.py:830} INFO - Processing file /opt/airflow/dags/transformation_DAG.py for tasks to queue
[2026-09-17T12:06:23.308+0000] {logging_mixin.py:188} INFO - [2026-09-17T12:06:23.308+0000] {dagbag.py:545} INFO - Filling up the DagBag from /opt/airflow/dags/transformation_DAG.py
[2026-09-17T12:06:23.582+0000] {logging_mixin.py:188} INFO - [2026-09-17T12:06:23.581+0000] {dagbag.py:355} ERROR - Failed to import: /opt/airflow/dags/transformation_DAG.py
Traceback (most recent call last):
  File "/home/airflow/.local/lib/python3.12/site-packages/airflow/models/dagbag.py", line 351, in parse
    loader.exec_module(new_module)
  File "<frozen importlib._bootstrap_external>", line 995, in exec_module
  File "<frozen importlib._bootstrap>", line 488, in _call_with_frames_removed
  File "/opt/airflow/dags/transformation_DAG.py", line 10, in <module>
    from include import transform
  File "/opt/airflow/include/transform.py", line 6
    df = pd.DataFrame(data, columns=["videoId", "title", "publishedAt", "duration", "viewCount", "likeCount", "commentCount"])    print(df)
                                                                                                                                  ^^^^^
SyntaxError: invalid syntax
[2026-09-17T12:06:23.582+0000] {processor.py:842} WARNING - No viable dags retrieved from /opt/airflow/dags/transformation_DAG.py
[2026-09-17T12:06:23.590+0000] {processor.py:183} INFO - Processing /opt/airflow/dags/transformation_DAG.py took 0.293 seconds
[2026-09-17T12:06:53.754+0000] {processor.py:161} INFO - Started process (PID=3957) to work on /opt/airflow/dags/transformation_DAG.py
[2026-09-17T12:06:53.852+0000] {processor.py:830} INFO - Processing file /opt/airflow/dags/transformation_DAG.py for tasks to queue
[2026-09-17T12:06:53.853+0000] {logging_mixin.py:188} INFO - [2026-09-17T12:06:53.853+0000] {dagbag.py:545} INFO - Filling up the DagBag from /opt/airflow/dags/transformation_DAG.py
[2026-09-17T12:06:54.135+0000] {logging_mixin.py:188} INFO - [2026-09-17T12:06:54.134+0000] {dagbag.py:355} ERROR - Failed to import: /opt/airflow/dags/transformation_DAG.py
Traceback (most recent call last):
  File "/home/airflow/.local/lib/python3.12/site-packages/airflow/models/dagbag.py", line 351, in parse
    loader.exec_module(new_module)
  File "<frozen importlib._bootstrap_external>", line 995, in exec_module
  File "<frozen importlib._bootstrap>", line 488, in _call_with_frames_removed
  File "/opt/airflow/dags/transformation_DAG.py", line 10, in <module>
    from include import transform
  File "/opt/airflow/include/transform.py", line 6
    df = pd.DataFrame(data, columns=["videoId", "title", "publishedAt", "duration", "viewCount", "likeCount", "commentCount"])    print(df)
                                                                                                                                  ^^^^^
SyntaxError: invalid syntax
[2026-09-17T12:06:54.135+0000] {processor.py:842} WARNING - No viable dags retrieved from /opt/airflow/dags/transformation_DAG.py
[2026-09-17T12:06:54.144+0000] {processor.py:183} INFO - Processing /opt/airflow/dags/transformation_DAG.py took 0.398 seconds
[2026-09-17T12:07:24.302+0000] {processor.py:161} INFO - Started process (PID=3967) to work on /opt/airflow/dags/transformation_DAG.py
[2026-09-17T12:07:24.302+0000] {processor.py:830} INFO - Processing file /opt/airflow/dags/transformation_DAG.py for tasks to queue
[2026-09-17T12:07:24.303+0000] {logging_mixin.py:188} INFO - [2026-09-17T12:07:24.303+0000] {dagbag.py:545} INFO - Filling up the DagBag from /opt/airflow/dags/transformation_DAG.py
[2026-09-17T12:07:24.573+0000] {logging_mixin.py:188} INFO - [2026-09-17T12:07:24.573+0000] {dagbag.py:355} ERROR - Failed to import: /opt/airflow/dags/transformation_DAG.py
Traceback (most recent call last):
  File "/home/airflow/.local/lib/python3.12/site-packages/airflow/models/dagbag.py", line 351, in parse
    loader.exec_module(new_module)
  File "<frozen importlib._bootstrap_external>", line 995, in exec_module
  File "<frozen importlib._bootstrap>", line 488, in _call_with_frames_removed
  File "/opt/airflow/dags/transformation_DAG.py", line 10, in <module>
    from include import transform
  File "/opt/airflow/include/transform.py", line 6
    df = pd.DataFrame(data, columns=["videoId", "title", "publishedAt", "duration", "viewCount", "likeCount", "commentCount"])    print(df)
                                                                                                                                  ^^^^^
SyntaxError: invalid syntax
[2026-09-17T12:07:24.574+0000] {processor.py:842} WARNING - No viable dags retrieved from /opt/airflow/dags/transformation_DAG.py
[2026-09-17T12:07:24.582+0000] {processor.py:183} INFO - Processing /opt/airflow/dags/transformation_DAG.py took 0.284 seconds
[2026-09-17T12:07:54.749+0000] {processor.py:161} INFO - Started process (PID=3977) to work on /opt/airflow/dags/transformation_DAG.py
[2026-09-17T12:07:54.841+0000] {processor.py:830} INFO - Processing file /opt/airflow/dags/transformation_DAG.py for tasks to queue
[2026-09-17T12:07:54.843+0000] {logging_mixin.py:188} INFO - [2026-09-17T12:07:54.842+0000] {dagbag.py:545} INFO - Filling up the DagBag from /opt/airflow/dags/transformation_DAG.py
[2026-09-17T12:07:55.124+0000] {logging_mixin.py:188} INFO - [2026-09-17T12:07:55.123+0000] {dagbag.py:355} ERROR - Failed to import: /opt/airflow/dags/transformation_DAG.py
Traceback (most recent call last):
  File "/home/airflow/.local/lib/python3.12/site-packages/airflow/models/dagbag.py", line 351, in parse
    loader.exec_module(new_module)
  File "<frozen importlib._bootstrap_external>", line 995, in exec_module
  File "<frozen importlib._bootstrap>", line 488, in _call_with_frames_removed
  File "/opt/airflow/dags/transformation_DAG.py", line 10, in <module>
    from include import transform
  File "/opt/airflow/include/transform.py", line 6
    df = pd.DataFrame(data, columns=["videoId", "title", "publishedAt", "duration", "viewCount", "likeCount", "commentCount"])    print(df)
                                                                                                                                  ^^^^^
SyntaxError: invalid syntax
[2026-09-17T12:07:55.124+0000] {processor.py:842} WARNING - No viable dags retrieved from /opt/airflow/dags/transformation_DAG.py
[2026-09-17T12:07:55.132+0000] {processor.py:183} INFO - Processing /opt/airflow/dags/transformation_DAG.py took 0.392 seconds
[2026-09-17T12:08:25.282+0000] {processor.py:161} INFO - Started process (PID=3987) to work on /opt/airflow/dags/transformation_DAG.py
[2026-09-17T12:08:25.284+0000] {processor.py:830} INFO - Processing file /opt/airflow/dags/transformation_DAG.py for tasks to queue
[2026-09-17T12:08:25.285+0000] {logging_mixin.py:188} INFO - [2026-09-17T12:08:25.284+0000] {dagbag.py:545} INFO - Filling up the DagBag from /opt/airflow/dags/transformation_DAG.py
[2026-09-17T12:08:25.561+0000] {logging_mixin.py:188} INFO - [2026-09-17T12:08:25.560+0000] {dagbag.py:355} ERROR - Failed to import: /opt/airflow/dags/transformation_DAG.py
Traceback (most recent call last):
  File "/home/airflow/.local/lib/python3.12/site-packages/airflow/models/dagbag.py", line 351, in parse
    loader.exec_module(new_module)
  File "<frozen importlib._bootstrap_external>", line 995, in exec_module
  File "<frozen importlib._bootstrap>", line 488, in _call_with_frames_removed
  File "/opt/airflow/dags/transformation_DAG.py", line 10, in <module>
    from include import transform
  File "/opt/airflow/include/transform.py", line 6
    df = pd.DataFrame(data, columns=["videoId", "title", "publishedAt", "duration", "viewCount", "likeCount", "commentCount"])    print(df)
                                                                                                                                  ^^^^^
SyntaxError: invalid syntax
[2026-09-17T12:08:25.561+0000] {processor.py:842} WARNING - No viable dags retrieved from /opt/airflow/dags/transformation_DAG.py
[2026-09-17T12:08:25.570+0000] {processor.py:183} INFO - Processing /opt/airflow/dags/transformation_DAG.py took 0.295 seconds
[2026-09-17T12:08:55.744+0000] {processor.py:161} INFO - Started process (PID=3997) to work on /opt/airflow/dags/transformation_DAG.py
[2026-09-17T12:08:55.836+0000] {processor.py:830} INFO - Processing file /opt/airflow/dags/transformation_DAG.py for tasks to queue
[2026-09-17T12:08:55.838+0000] {logging_mixin.py:188} INFO - [2026-09-17T12:08:55.837+0000] {dagbag.py:545} INFO - Filling up the DagBag from /opt/airflow/dags/transformation_DAG.py
[2026-09-17T12:08:56.133+0000] {logging_mixin.py:188} INFO - [2026-09-17T12:08:56.132+0000] {dagbag.py:355} ERROR - Failed to import: /opt/airflow/dags/transformation_DAG.py
Traceback (most recent call last):
  File "/home/airflow/.local/lib/python3.12/site-packages/airflow/models/dagbag.py", line 351, in parse
    loader.exec_module(new_module)
  File "<frozen importlib._bootstrap_external>", line 995, in exec_module
  File "<frozen importlib._bootstrap>", line 488, in _call_with_frames_removed
  File "/opt/airflow/dags/transformation_DAG.py", line 10, in <module>
    from include import transform
  File "/opt/airflow/include/transform.py", line 6
    df = pd.DataFrame(data, columns=["videoId", "title", "publishedAt", "duration", "viewCount", "likeCount", "commentCount"])    print(df)
                                                                                                                                  ^^^^^
SyntaxError: invalid syntax
[2026-09-17T12:08:56.133+0000] {processor.py:842} WARNING - No viable dags retrieved from /opt/airflow/dags/transformation_DAG.py
[2026-09-17T12:08:56.141+0000] {processor.py:183} INFO - Processing /opt/airflow/dags/transformation_DAG.py took 0.406 seconds
[2026-09-17T12:09:26.299+0000] {processor.py:161} INFO - Started process (PID=4007) to work on /opt/airflow/dags/transformation_DAG.py
[2026-09-17T12:09:26.300+0000] {processor.py:830} INFO - Processing file /opt/airflow/dags/transformation_DAG.py for tasks to queue
[2026-09-17T12:09:26.301+0000] {logging_mixin.py:188} INFO - [2026-09-17T12:09:26.301+0000] {dagbag.py:545} INFO - Filling up the DagBag from /opt/airflow/dags/transformation_DAG.py
[2026-09-17T12:09:26.579+0000] {logging_mixin.py:188} INFO - [2026-09-17T12:09:26.578+0000] {dagbag.py:355} ERROR - Failed to import: /opt/airflow/dags/transformation_DAG.py
Traceback (most recent call last):
  File "/home/airflow/.local/lib/python3.12/site-packages/airflow/models/dagbag.py", line 351, in parse
    loader.exec_module(new_module)
  File "<frozen importlib._bootstrap_external>", line 995, in exec_module
  File "<frozen importlib._bootstrap>", line 488, in _call_with_frames_removed
  File "/opt/airflow/dags/transformation_DAG.py", line 10, in <module>
    from include import transform
  File "/opt/airflow/include/transform.py", line 6
    df = pd.DataFrame(data, columns=["videoId", "title", "publishedAt", "duration", "viewCount", "likeCount", "commentCount"])    print(df)
                                                                                                                                  ^^^^^
SyntaxError: invalid syntax
[2026-09-17T12:09:26.579+0000] {processor.py:842} WARNING - No viable dags retrieved from /opt/airflow/dags/transformation_DAG.py
[2026-09-17T12:09:26.587+0000] {processor.py:183} INFO - Processing /opt/airflow/dags/transformation_DAG.py took 0.297 seconds
[2026-09-17T12:09:56.756+0000] {processor.py:161} INFO - Started process (PID=4017) to work on /opt/airflow/dags/transformation_DAG.py
[2026-09-17T12:09:56.859+0000] {processor.py:830} INFO - Processing file /opt/airflow/dags/transformation_DAG.py for tasks to queue
[2026-09-17T12:09:56.861+0000] {logging_mixin.py:188} INFO - [2026-09-17T12:09:56.860+0000] {dagbag.py:545} INFO - Filling up the DagBag from /opt/airflow/dags/transformation_DAG.py
[2026-09-17T12:09:57.143+0000] {logging_mixin.py:188} INFO - [2026-09-17T12:09:57.142+0000] {dagbag.py:355} ERROR - Failed to import: /opt/airflow/dags/transformation_DAG.py
Traceback (most recent call last):
  File "/home/airflow/.local/lib/python3.12/site-packages/airflow/models/dagbag.py", line 351, in parse
    loader.exec_module(new_module)
  File "<frozen importlib._bootstrap_external>", line 995, in exec_module
  File "<frozen importlib._bootstrap>", line 488, in _call_with_frames_removed
  File "/opt/airflow/dags/transformation_DAG.py", line 10, in <module>
    from include import transform
  File "/opt/airflow/include/transform.py", line 6
    df = pd.DataFrame(data, columns=["videoId", "title", "publishedAt", "duration", "viewCount", "likeCount", "commentCount"])    print(df)
                                                                                                                                  ^^^^^
SyntaxError: invalid syntax
[2026-09-17T12:09:57.144+0000] {processor.py:842} WARNING - No viable dags retrieved from /opt/airflow/dags/transformation_DAG.py
[2026-09-17T12:09:57.151+0000] {processor.py:183} INFO - Processing /opt/airflow/dags/transformation_DAG.py took 0.399 seconds
[2026-09-17T12:10:27.324+0000] {processor.py:161} INFO - Started process (PID=4027) to work on /opt/airflow/dags/transformation_DAG.py
[2026-09-17T12:10:27.325+0000] {processor.py:830} INFO - Processing file /opt/airflow/dags/transformation_DAG.py for tasks to queue
[2026-09-17T12:10:27.326+0000] {logging_mixin.py:188} INFO - [2026-09-17T12:10:27.326+0000] {dagbag.py:545} INFO - Filling up the DagBag from /opt/airflow/dags/transformation_DAG.py
[2026-09-17T12:10:27.601+0000] {logging_mixin.py:188} INFO - [2026-09-17T12:10:27.600+0000] {dagbag.py:355} ERROR - Failed to import: /opt/airflow/dags/transformation_DAG.py
Traceback (most recent call last):
  File "/home/airflow/.local/lib/python3.12/site-packages/airflow/models/dagbag.py", line 351, in parse
    loader.exec_module(new_module)
  File "<frozen importlib._bootstrap_external>", line 995, in exec_module
  File "<frozen importlib._bootstrap>", line 488, in _call_with_frames_removed
  File "/opt/airflow/dags/transformation_DAG.py", line 10, in <module>
    from include import transform
  File "/opt/airflow/include/transform.py", line 6
    df = pd.DataFrame(data, columns=["videoId", "title", "publishedAt", "duration", "viewCount", "likeCount", "commentCount"])    print(df)
                                                                                                                                  ^^^^^
SyntaxError: invalid syntax
[2026-09-17T12:10:27.601+0000] {processor.py:842} WARNING - No viable dags retrieved from /opt/airflow/dags/transformation_DAG.py
[2026-09-17T12:10:27.610+0000] {processor.py:183} INFO - Processing /opt/airflow/dags/transformation_DAG.py took 0.295 seconds
[2026-09-17T12:10:57.776+0000] {processor.py:161} INFO - Started process (PID=4037) to work on /opt/airflow/dags/transformation_DAG.py
[2026-09-17T12:10:57.784+0000] {processor.py:830} INFO - Processing file /opt/airflow/dags/transformation_DAG.py for tasks to queue
[2026-09-17T12:10:57.786+0000] {logging_mixin.py:188} INFO - [2026-09-17T12:10:57.785+0000] {dagbag.py:545} INFO - Filling up the DagBag from /opt/airflow/dags/transformation_DAG.py
[2026-09-17T12:10:58.072+0000] {logging_mixin.py:188} INFO - [2026-09-17T12:10:58.071+0000] {dagbag.py:355} ERROR - Failed to import: /opt/airflow/dags/transformation_DAG.py
Traceback (most recent call last):
  File "/home/airflow/.local/lib/python3.12/site-packages/airflow/models/dagbag.py", line 351, in parse
    loader.exec_module(new_module)
  File "<frozen importlib._bootstrap_external>", line 995, in exec_module
  File "<frozen importlib._bootstrap>", line 488, in _call_with_frames_removed
  File "/opt/airflow/dags/transformation_DAG.py", line 10, in <module>
    from include import transform
  File "/opt/airflow/include/transform.py", line 6
    df = pd.DataFrame(data, columns=["videoId", "title", "publishedAt", "duration", "viewCount", "likeCount", "commentCount"])    print(df)
                                                                                                                                  ^^^^^
SyntaxError: invalid syntax
[2026-09-17T12:10:58.072+0000] {processor.py:842} WARNING - No viable dags retrieved from /opt/airflow/dags/transformation_DAG.py
[2026-09-17T12:10:58.082+0000] {processor.py:183} INFO - Processing /opt/airflow/dags/transformation_DAG.py took 0.312 seconds
[2026-09-17T12:11:28.239+0000] {processor.py:161} INFO - Started process (PID=4047) to work on /opt/airflow/dags/transformation_DAG.py
[2026-09-17T12:11:28.239+0000] {processor.py:830} INFO - Processing file /opt/airflow/dags/transformation_DAG.py for tasks to queue
[2026-09-17T12:11:28.241+0000] {logging_mixin.py:188} INFO - [2026-09-17T12:11:28.240+0000] {dagbag.py:545} INFO - Filling up the DagBag from /opt/airflow/dags/transformation_DAG.py
[2026-09-17T12:11:28.517+0000] {logging_mixin.py:188} INFO - [2026-09-17T12:11:28.516+0000] {dagbag.py:355} ERROR - Failed to import: /opt/airflow/dags/transformation_DAG.py
Traceback (most recent call last):
  File "/home/airflow/.local/lib/python3.12/site-packages/airflow/models/dagbag.py", line 351, in parse
    loader.exec_module(new_module)
  File "<frozen importlib._bootstrap_external>", line 995, in exec_module
  File "<frozen importlib._bootstrap>", line 488, in _call_with_frames_removed
  File "/opt/airflow/dags/transformation_DAG.py", line 10, in <module>
    from include import transform
  File "/opt/airflow/include/transform.py", line 6
    df = pd.DataFrame(data, columns=["videoId", "title", "publishedAt", "duration", "viewCount", "likeCount", "commentCount"])    print(df)
                                                                                                                                  ^^^^^
SyntaxError: invalid syntax
[2026-09-17T12:11:28.518+0000] {processor.py:842} WARNING - No viable dags retrieved from /opt/airflow/dags/transformation_DAG.py
[2026-09-17T12:11:28.526+0000] {processor.py:183} INFO - Processing /opt/airflow/dags/transformation_DAG.py took 0.297 seconds
[2026-09-17T12:11:58.690+0000] {processor.py:161} INFO - Started process (PID=4057) to work on /opt/airflow/dags/transformation_DAG.py
[2026-09-17T12:11:58.775+0000] {processor.py:830} INFO - Processing file /opt/airflow/dags/transformation_DAG.py for tasks to queue
[2026-09-17T12:11:58.777+0000] {logging_mixin.py:188} INFO - [2026-09-17T12:11:58.776+0000] {dagbag.py:545} INFO - Filling up the DagBag from /opt/airflow/dags/transformation_DAG.py
[2026-09-17T12:11:59.063+0000] {logging_mixin.py:188} INFO - [2026-09-17T12:11:59.062+0000] {dagbag.py:355} ERROR - Failed to import: /opt/airflow/dags/transformation_DAG.py
Traceback (most recent call last):
  File "/home/airflow/.local/lib/python3.12/site-packages/airflow/models/dagbag.py", line 351, in parse
    loader.exec_module(new_module)
  File "<frozen importlib._bootstrap_external>", line 995, in exec_module
  File "<frozen importlib._bootstrap>", line 488, in _call_with_frames_removed
  File "/opt/airflow/dags/transformation_DAG.py", line 10, in <module>
    from include import transform
  File "/opt/airflow/include/transform.py", line 6
    df = pd.DataFrame(data, columns=["videoId", "title", "publishedAt", "duration", "viewCount", "likeCount", "commentCount"])    print(df)
                                                                                                                                  ^^^^^
SyntaxError: invalid syntax
[2026-09-17T12:11:59.063+0000] {processor.py:842} WARNING - No viable dags retrieved from /opt/airflow/dags/transformation_DAG.py
[2026-09-17T12:11:59.071+0000] {processor.py:183} INFO - Processing /opt/airflow/dags/transformation_DAG.py took 0.389 seconds
[2026-09-17T12:12:29.224+0000] {processor.py:161} INFO - Started process (PID=4067) to work on /opt/airflow/dags/transformation_DAG.py
[2026-09-17T12:12:29.225+0000] {processor.py:830} INFO - Processing file /opt/airflow/dags/transformation_DAG.py for tasks to queue
[2026-09-17T12:12:29.226+0000] {logging_mixin.py:188} INFO - [2026-09-17T12:12:29.225+0000] {dagbag.py:545} INFO - Filling up the DagBag from /opt/airflow/dags/transformation_DAG.py
[2026-09-17T12:12:29.497+0000] {logging_mixin.py:188} INFO - [2026-09-17T12:12:29.496+0000] {dagbag.py:355} ERROR - Failed to import: /opt/airflow/dags/transformation_DAG.py
Traceback (most recent call last):
  File "/home/airflow/.local/lib/python3.12/site-packages/airflow/models/dagbag.py", line 351, in parse
    loader.exec_module(new_module)
  File "<frozen importlib._bootstrap_external>", line 995, in exec_module
  File "<frozen importlib._bootstrap>", line 488, in _call_with_frames_removed
  File "/opt/airflow/dags/transformation_DAG.py", line 10, in <module>
    from include import transform
  File "/opt/airflow/include/transform.py", line 6
    df = pd.DataFrame(data, columns=["videoId", "title", "publishedAt", "duration", "viewCount", "likeCount", "commentCount"])    print(df)
                                                                                                                                  ^^^^^
SyntaxError: invalid syntax
[2026-09-17T12:12:29.497+0000] {processor.py:842} WARNING - No viable dags retrieved from /opt/airflow/dags/transformation_DAG.py
[2026-09-17T12:12:29.505+0000] {processor.py:183} INFO - Processing /opt/airflow/dags/transformation_DAG.py took 0.290 seconds
[2026-09-17T12:12:59.671+0000] {processor.py:161} INFO - Started process (PID=4077) to work on /opt/airflow/dags/transformation_DAG.py
[2026-09-17T12:12:59.676+0000] {processor.py:830} INFO - Processing file /opt/airflow/dags/transformation_DAG.py for tasks to queue
[2026-09-17T12:12:59.677+0000] {logging_mixin.py:188} INFO - [2026-09-17T12:12:59.677+0000] {dagbag.py:545} INFO - Filling up the DagBag from /opt/airflow/dags/transformation_DAG.py
[2026-09-17T12:12:59.957+0000] {logging_mixin.py:188} INFO - [2026-09-17T12:12:59.957+0000] {dagbag.py:355} ERROR - Failed to import: /opt/airflow/dags/transformation_DAG.py
Traceback (most recent call last):
  File "/home/airflow/.local/lib/python3.12/site-packages/airflow/models/dagbag.py", line 351, in parse
    loader.exec_module(new_module)
  File "<frozen importlib._bootstrap_external>", line 995, in exec_module
  File "<frozen importlib._bootstrap>", line 488, in _call_with_frames_removed
  File "/opt/airflow/dags/transformation_DAG.py", line 10, in <module>
    from include import transform
  File "/opt/airflow/include/transform.py", line 6
    df = pd.DataFrame(data, columns=["videoId", "title", "publishedAt", "duration", "viewCount", "likeCount", "commentCount"])    print(df)
                                                                                                                                  ^^^^^
SyntaxError: invalid syntax
[2026-09-17T12:12:59.958+0000] {processor.py:842} WARNING - No viable dags retrieved from /opt/airflow/dags/transformation_DAG.py
[2026-09-17T12:12:59.968+0000] {processor.py:183} INFO - Processing /opt/airflow/dags/transformation_DAG.py took 0.306 seconds
[2026-09-17T12:13:30.104+0000] {processor.py:161} INFO - Started process (PID=4087) to work on /opt/airflow/dags/transformation_DAG.py
[2026-09-17T12:13:30.104+0000] {processor.py:830} INFO - Processing file /opt/airflow/dags/transformation_DAG.py for tasks to queue
[2026-09-17T12:13:30.105+0000] {logging_mixin.py:188} INFO - [2026-09-17T12:13:30.105+0000] {dagbag.py:545} INFO - Filling up the DagBag from /opt/airflow/dags/transformation_DAG.py
[2026-09-17T12:13:30.395+0000] {logging_mixin.py:188} INFO - [2026-09-17T12:13:30.394+0000] {dagbag.py:355} ERROR - Failed to import: /opt/airflow/dags/transformation_DAG.py
Traceback (most recent call last):
  File "/home/airflow/.local/lib/python3.12/site-packages/airflow/models/dagbag.py", line 351, in parse
    loader.exec_module(new_module)
  File "<frozen importlib._bootstrap_external>", line 995, in exec_module
  File "<frozen importlib._bootstrap>", line 488, in _call_with_frames_removed
  File "/opt/airflow/dags/transformation_DAG.py", line 10, in <module>
    from include import transform
  File "/opt/airflow/include/transform.py", line 6
    df = pd.DataFrame(data, columns=["videoId", "title", "publishedAt", "duration", "viewCount", "likeCount", "commentCount"])    print(df)
                                                                                                                                  ^^^^^
SyntaxError: invalid syntax
[2026-09-17T12:13:30.395+0000] {processor.py:842} WARNING - No viable dags retrieved from /opt/airflow/dags/transformation_DAG.py
[2026-09-17T12:13:30.403+0000] {processor.py:183} INFO - Processing /opt/airflow/dags/transformation_DAG.py took 0.304 seconds
[2026-09-17T12:14:00.574+0000] {processor.py:161} INFO - Started process (PID=4097) to work on /opt/airflow/dags/transformation_DAG.py
[2026-09-17T12:14:00.586+0000] {processor.py:830} INFO - Processing file /opt/airflow/dags/transformation_DAG.py for tasks to queue
[2026-09-17T12:14:00.587+0000] {logging_mixin.py:188} INFO - [2026-09-17T12:14:00.587+0000] {dagbag.py:545} INFO - Filling up the DagBag from /opt/airflow/dags/transformation_DAG.py
[2026-09-17T12:14:00.870+0000] {logging_mixin.py:188} INFO - [2026-09-17T12:14:00.869+0000] {dagbag.py:355} ERROR - Failed to import: /opt/airflow/dags/transformation_DAG.py
Traceback (most recent call last):
  File "/home/airflow/.local/lib/python3.12/site-packages/airflow/models/dagbag.py", line 351, in parse
    loader.exec_module(new_module)
  File "<frozen importlib._bootstrap_external>", line 995, in exec_module
  File "<frozen importlib._bootstrap>", line 488, in _call_with_frames_removed
  File "/opt/airflow/dags/transformation_DAG.py", line 10, in <module>
    from include import transform
  File "/opt/airflow/include/transform.py", line 6
    df = pd.DataFrame(data, columns=["videoId", "title", "publishedAt", "duration", "viewCount", "likeCount", "commentCount"])    print(df)
                                                                                                                                  ^^^^^
SyntaxError: invalid syntax
[2026-09-17T12:14:00.870+0000] {processor.py:842} WARNING - No viable dags retrieved from /opt/airflow/dags/transformation_DAG.py
[2026-09-17T12:14:00.879+0000] {processor.py:183} INFO - Processing /opt/airflow/dags/transformation_DAG.py took 0.313 seconds
[2026-09-17T12:14:31.039+0000] {processor.py:161} INFO - Started process (PID=4107) to work on /opt/airflow/dags/transformation_DAG.py
[2026-09-17T12:14:31.040+0000] {processor.py:830} INFO - Processing file /opt/airflow/dags/transformation_DAG.py for tasks to queue
[2026-09-17T12:14:31.041+0000] {logging_mixin.py:188} INFO - [2026-09-17T12:14:31.040+0000] {dagbag.py:545} INFO - Filling up the DagBag from /opt/airflow/dags/transformation_DAG.py
[2026-09-17T12:14:31.325+0000] {logging_mixin.py:188} INFO - [2026-09-17T12:14:31.324+0000] {dagbag.py:355} ERROR - Failed to import: /opt/airflow/dags/transformation_DAG.py
Traceback (most recent call last):
  File "/home/airflow/.local/lib/python3.12/site-packages/airflow/models/dagbag.py", line 351, in parse
    loader.exec_module(new_module)
  File "<frozen importlib._bootstrap_external>", line 995, in exec_module
  File "<frozen importlib._bootstrap>", line 488, in _call_with_frames_removed
  File "/opt/airflow/dags/transformation_DAG.py", line 10, in <module>
    from include import transform
  File "/opt/airflow/include/transform.py", line 6
    df = pd.DataFrame(data, columns=["videoId", "title", "publishedAt", "duration", "viewCount", "likeCount", "commentCount"])    print(df)
                                                                                                                                  ^^^^^
SyntaxError: invalid syntax
[2026-09-17T12:14:31.326+0000] {processor.py:842} WARNING - No viable dags retrieved from /opt/airflow/dags/transformation_DAG.py
[2026-09-17T12:14:31.335+0000] {processor.py:183} INFO - Processing /opt/airflow/dags/transformation_DAG.py took 0.302 seconds
[2026-09-17T12:15:01.505+0000] {processor.py:161} INFO - Started process (PID=4117) to work on /opt/airflow/dags/transformation_DAG.py
[2026-09-17T12:15:01.511+0000] {processor.py:830} INFO - Processing file /opt/airflow/dags/transformation_DAG.py for tasks to queue
[2026-09-17T12:15:01.512+0000] {logging_mixin.py:188} INFO - [2026-09-17T12:15:01.512+0000] {dagbag.py:545} INFO - Filling up the DagBag from /opt/airflow/dags/transformation_DAG.py
[2026-09-17T12:15:01.790+0000] {logging_mixin.py:188} INFO - [2026-09-17T12:15:01.789+0000] {dagbag.py:355} ERROR - Failed to import: /opt/airflow/dags/transformation_DAG.py
Traceback (most recent call last):
  File "/home/airflow/.local/lib/python3.12/site-packages/airflow/models/dagbag.py", line 351, in parse
    loader.exec_module(new_module)
  File "<frozen importlib._bootstrap_external>", line 995, in exec_module
  File "<frozen importlib._bootstrap>", line 488, in _call_with_frames_removed
  File "/opt/airflow/dags/transformation_DAG.py", line 10, in <module>
    from include import transform
  File "/opt/airflow/include/transform.py", line 6
    df = pd.DataFrame(data, columns=["videoId", "title", "publishedAt", "duration", "viewCount", "likeCount", "commentCount"])    print(df)
                                                                                                                                  ^^^^^
SyntaxError: invalid syntax
[2026-09-17T12:15:01.790+0000] {processor.py:842} WARNING - No viable dags retrieved from /opt/airflow/dags/transformation_DAG.py
[2026-09-17T12:15:01.799+0000] {processor.py:183} INFO - Processing /opt/airflow/dags/transformation_DAG.py took 0.300 seconds
[2026-09-17T12:15:31.985+0000] {processor.py:161} INFO - Started process (PID=4127) to work on /opt/airflow/dags/transformation_DAG.py
[2026-09-17T12:15:31.986+0000] {processor.py:830} INFO - Processing file /opt/airflow/dags/transformation_DAG.py for tasks to queue
[2026-09-17T12:15:31.988+0000] {logging_mixin.py:188} INFO - [2026-09-17T12:15:31.987+0000] {dagbag.py:545} INFO - Filling up the DagBag from /opt/airflow/dags/transformation_DAG.py
[2026-09-17T12:15:32.266+0000] {logging_mixin.py:188} INFO - [2026-09-17T12:15:32.265+0000] {dagbag.py:355} ERROR - Failed to import: /opt/airflow/dags/transformation_DAG.py
Traceback (most recent call last):
  File "/home/airflow/.local/lib/python3.12/site-packages/airflow/models/dagbag.py", line 351, in parse
    loader.exec_module(new_module)
  File "<frozen importlib._bootstrap_external>", line 995, in exec_module
  File "<frozen importlib._bootstrap>", line 488, in _call_with_frames_removed
  File "/opt/airflow/dags/transformation_DAG.py", line 10, in <module>
    from include import transform
  File "/opt/airflow/include/transform.py", line 6
    df = pd.DataFrame(data, columns=["videoId", "title", "publishedAt", "duration", "viewCount", "likeCount", "commentCount"])    print(df)
                                                                                                                                  ^^^^^
SyntaxError: invalid syntax
[2026-09-17T12:15:32.266+0000] {processor.py:842} WARNING - No viable dags retrieved from /opt/airflow/dags/transformation_DAG.py
[2026-09-17T12:15:32.275+0000] {processor.py:183} INFO - Processing /opt/airflow/dags/transformation_DAG.py took 0.300 seconds
[2026-09-17T12:16:02.437+0000] {processor.py:161} INFO - Started process (PID=4137) to work on /opt/airflow/dags/transformation_DAG.py
[2026-09-17T12:16:02.447+0000] {processor.py:830} INFO - Processing file /opt/airflow/dags/transformation_DAG.py for tasks to queue
[2026-09-17T12:16:02.448+0000] {logging_mixin.py:188} INFO - [2026-09-17T12:16:02.448+0000] {dagbag.py:545} INFO - Filling up the DagBag from /opt/airflow/dags/transformation_DAG.py
[2026-09-17T12:16:02.730+0000] {logging_mixin.py:188} INFO - [2026-09-17T12:16:02.729+0000] {dagbag.py:355} ERROR - Failed to import: /opt/airflow/dags/transformation_DAG.py
Traceback (most recent call last):
  File "/home/airflow/.local/lib/python3.12/site-packages/airflow/models/dagbag.py", line 351, in parse
    loader.exec_module(new_module)
  File "<frozen importlib._bootstrap_external>", line 995, in exec_module
  File "<frozen importlib._bootstrap>", line 488, in _call_with_frames_removed
  File "/opt/airflow/dags/transformation_DAG.py", line 10, in <module>
    from include import transform
  File "/opt/airflow/include/transform.py", line 6
    df = pd.DataFrame(data, columns=["videoId", "title", "publishedAt", "duration", "viewCount", "likeCount", "commentCount"])    print(df)
                                                                                                                                  ^^^^^
SyntaxError: invalid syntax
[2026-09-17T12:16:02.731+0000] {processor.py:842} WARNING - No viable dags retrieved from /opt/airflow/dags/transformation_DAG.py
[2026-09-17T12:16:02.739+0000] {processor.py:183} INFO - Processing /opt/airflow/dags/transformation_DAG.py took 0.305 seconds
[2026-09-17T12:16:32.906+0000] {processor.py:161} INFO - Started process (PID=4147) to work on /opt/airflow/dags/transformation_DAG.py
[2026-09-17T12:16:32.906+0000] {processor.py:830} INFO - Processing file /opt/airflow/dags/transformation_DAG.py for tasks to queue
[2026-09-17T12:16:32.907+0000] {logging_mixin.py:188} INFO - [2026-09-17T12:16:32.907+0000] {dagbag.py:545} INFO - Filling up the DagBag from /opt/airflow/dags/transformation_DAG.py
[2026-09-17T12:16:33.207+0000] {logging_mixin.py:188} INFO - [2026-09-17T12:16:33.206+0000] {dagbag.py:355} ERROR - Failed to import: /opt/airflow/dags/transformation_DAG.py
Traceback (most recent call last):
  File "/home/airflow/.local/lib/python3.12/site-packages/airflow/models/dagbag.py", line 351, in parse
    loader.exec_module(new_module)
  File "<frozen importlib._bootstrap_external>", line 995, in exec_module
  File "<frozen importlib._bootstrap>", line 488, in _call_with_frames_removed
  File "/opt/airflow/dags/transformation_DAG.py", line 10, in <module>
    from include import transform
  File "/opt/airflow/include/transform.py", line 6
    df = pd.DataFrame(data, columns=["videoId", "title", "publishedAt", "duration", "viewCount", "likeCount", "commentCount"])    print(df)
                                                                                                                                  ^^^^^
SyntaxError: invalid syntax
[2026-09-17T12:16:33.207+0000] {processor.py:842} WARNING - No viable dags retrieved from /opt/airflow/dags/transformation_DAG.py
[2026-09-17T12:16:33.215+0000] {processor.py:183} INFO - Processing /opt/airflow/dags/transformation_DAG.py took 0.313 seconds
[2026-09-17T12:17:03.383+0000] {processor.py:161} INFO - Started process (PID=4157) to work on /opt/airflow/dags/transformation_DAG.py
[2026-09-17T12:17:03.386+0000] {processor.py:830} INFO - Processing file /opt/airflow/dags/transformation_DAG.py for tasks to queue
[2026-09-17T12:17:03.387+0000] {logging_mixin.py:188} INFO - [2026-09-17T12:17:03.387+0000] {dagbag.py:545} INFO - Filling up the DagBag from /opt/airflow/dags/transformation_DAG.py
[2026-09-17T12:17:03.661+0000] {logging_mixin.py:188} INFO - [2026-09-17T12:17:03.661+0000] {dagbag.py:355} ERROR - Failed to import: /opt/airflow/dags/transformation_DAG.py
Traceback (most recent call last):
  File "/home/airflow/.local/lib/python3.12/site-packages/airflow/models/dagbag.py", line 351, in parse
    loader.exec_module(new_module)
  File "<frozen importlib._bootstrap_external>", line 995, in exec_module
  File "<frozen importlib._bootstrap>", line 488, in _call_with_frames_removed
  File "/opt/airflow/dags/transformation_DAG.py", line 10, in <module>
    from include import transform
  File "/opt/airflow/include/transform.py", line 6
    df = pd.DataFrame(data, columns=["videoId", "title", "publishedAt", "duration", "viewCount", "likeCount", "commentCount"])    print(df)
                                                                                                                                  ^^^^^
SyntaxError: invalid syntax
[2026-09-17T12:17:03.662+0000] {processor.py:842} WARNING - No viable dags retrieved from /opt/airflow/dags/transformation_DAG.py
[2026-09-17T12:17:03.670+0000] {processor.py:183} INFO - Processing /opt/airflow/dags/transformation_DAG.py took 0.295 seconds
[2026-09-17T12:17:33.832+0000] {processor.py:161} INFO - Started process (PID=4167) to work on /opt/airflow/dags/transformation_DAG.py
[2026-09-17T12:17:33.854+0000] {processor.py:830} INFO - Processing file /opt/airflow/dags/transformation_DAG.py for tasks to queue
[2026-09-17T12:17:33.855+0000] {logging_mixin.py:188} INFO - [2026-09-17T12:17:33.855+0000] {dagbag.py:545} INFO - Filling up the DagBag from /opt/airflow/dags/transformation_DAG.py
[2026-09-17T12:17:34.137+0000] {logging_mixin.py:188} INFO - [2026-09-17T12:17:34.136+0000] {dagbag.py:355} ERROR - Failed to import: /opt/airflow/dags/transformation_DAG.py
Traceback (most recent call last):
  File "/home/airflow/.local/lib/python3.12/site-packages/airflow/models/dagbag.py", line 351, in parse
    loader.exec_module(new_module)
  File "<frozen importlib._bootstrap_external>", line 995, in exec_module
  File "<frozen importlib._bootstrap>", line 488, in _call_with_frames_removed
  File "/opt/airflow/dags/transformation_DAG.py", line 10, in <module>
    from include import transform
  File "/opt/airflow/include/transform.py", line 6
    df = pd.DataFrame(data, columns=["videoId", "title", "publishedAt", "duration", "viewCount", "likeCount", "commentCount"])    print(df)
                                                                                                                                  ^^^^^
SyntaxError: invalid syntax
[2026-09-17T12:17:34.137+0000] {processor.py:842} WARNING - No viable dags retrieved from /opt/airflow/dags/transformation_DAG.py
[2026-09-17T12:17:34.145+0000] {processor.py:183} INFO - Processing /opt/airflow/dags/transformation_DAG.py took 0.317 seconds
[2026-09-17T12:18:04.314+0000] {processor.py:161} INFO - Started process (PID=4177) to work on /opt/airflow/dags/transformation_DAG.py
[2026-09-17T12:18:04.315+0000] {processor.py:830} INFO - Processing file /opt/airflow/dags/transformation_DAG.py for tasks to queue
[2026-09-17T12:18:04.317+0000] {logging_mixin.py:188} INFO - [2026-09-17T12:18:04.316+0000] {dagbag.py:545} INFO - Filling up the DagBag from /opt/airflow/dags/transformation_DAG.py
[2026-09-17T12:18:04.611+0000] {logging_mixin.py:188} INFO - [2026-09-17T12:18:04.610+0000] {dagbag.py:355} ERROR - Failed to import: /opt/airflow/dags/transformation_DAG.py
Traceback (most recent call last):
  File "/home/airflow/.local/lib/python3.12/site-packages/airflow/models/dagbag.py", line 351, in parse
    loader.exec_module(new_module)
  File "<frozen importlib._bootstrap_external>", line 995, in exec_module
  File "<frozen importlib._bootstrap>", line 488, in _call_with_frames_removed
  File "/opt/airflow/dags/transformation_DAG.py", line 10, in <module>
    from include import transform
  File "/opt/airflow/include/transform.py", line 6
    df = pd.DataFrame(data, columns=["videoId", "title", "publishedAt", "duration", "viewCount", "likeCount", "commentCount"])    print(df)
                                                                                                                                  ^^^^^
SyntaxError: invalid syntax
[2026-09-17T12:18:04.612+0000] {processor.py:842} WARNING - No viable dags retrieved from /opt/airflow/dags/transformation_DAG.py
[2026-09-17T12:18:04.621+0000] {processor.py:183} INFO - Processing /opt/airflow/dags/transformation_DAG.py took 0.316 seconds
[2026-09-17T12:18:34.780+0000] {processor.py:161} INFO - Started process (PID=4187) to work on /opt/airflow/dags/transformation_DAG.py
[2026-09-17T12:18:34.781+0000] {processor.py:830} INFO - Processing file /opt/airflow/dags/transformation_DAG.py for tasks to queue
[2026-09-17T12:18:34.781+0000] {logging_mixin.py:188} INFO - [2026-09-17T12:18:34.781+0000] {dagbag.py:545} INFO - Filling up the DagBag from /opt/airflow/dags/transformation_DAG.py
[2026-09-17T12:18:35.053+0000] {logging_mixin.py:188} INFO - [2026-09-17T12:18:35.052+0000] {dagbag.py:355} ERROR - Failed to import: /opt/airflow/dags/transformation_DAG.py
Traceback (most recent call last):
  File "/home/airflow/.local/lib/python3.12/site-packages/airflow/models/dagbag.py", line 351, in parse
    loader.exec_module(new_module)
  File "<frozen importlib._bootstrap_external>", line 995, in exec_module
  File "<frozen importlib._bootstrap>", line 488, in _call_with_frames_removed
  File "/opt/airflow/dags/transformation_DAG.py", line 10, in <module>
    from include import transform
  File "/opt/airflow/include/transform.py", line 6
    df = pd.DataFrame(data, columns=["videoId", "title", "publishedAt", "duration", "viewCount", "likeCount", "commentCount"])    print(df)
                                                                                                                                  ^^^^^
SyntaxError: invalid syntax
[2026-09-17T12:18:35.053+0000] {processor.py:842} WARNING - No viable dags retrieved from /opt/airflow/dags/transformation_DAG.py
[2026-09-17T12:18:35.061+0000] {processor.py:183} INFO - Processing /opt/airflow/dags/transformation_DAG.py took 0.284 seconds
[2026-09-17T12:19:05.221+0000] {processor.py:161} INFO - Started process (PID=4197) to work on /opt/airflow/dags/transformation_DAG.py
[2026-09-17T12:19:05.233+0000] {processor.py:830} INFO - Processing file /opt/airflow/dags/transformation_DAG.py for tasks to queue
[2026-09-17T12:19:05.235+0000] {logging_mixin.py:188} INFO - [2026-09-17T12:19:05.234+0000] {dagbag.py:545} INFO - Filling up the DagBag from /opt/airflow/dags/transformation_DAG.py
[2026-09-17T12:19:05.513+0000] {logging_mixin.py:188} INFO - [2026-09-17T12:19:05.513+0000] {dagbag.py:355} ERROR - Failed to import: /opt/airflow/dags/transformation_DAG.py
Traceback (most recent call last):
  File "/home/airflow/.local/lib/python3.12/site-packages/airflow/models/dagbag.py", line 351, in parse
    loader.exec_module(new_module)
  File "<frozen importlib._bootstrap_external>", line 995, in exec_module
  File "<frozen importlib._bootstrap>", line 488, in _call_with_frames_removed
  File "/opt/airflow/dags/transformation_DAG.py", line 10, in <module>
    from include import transform
  File "/opt/airflow/include/transform.py", line 6
    df = pd.DataFrame(data, columns=["videoId", "title", "publishedAt", "duration", "viewCount", "likeCount", "commentCount"])    print(df)
                                                                                                                                  ^^^^^
SyntaxError: invalid syntax
[2026-09-17T12:19:05.514+0000] {processor.py:842} WARNING - No viable dags retrieved from /opt/airflow/dags/transformation_DAG.py
[2026-09-17T12:19:05.522+0000] {processor.py:183} INFO - Processing /opt/airflow/dags/transformation_DAG.py took 0.311 seconds
[2026-09-17T12:19:35.706+0000] {processor.py:161} INFO - Started process (PID=4207) to work on /opt/airflow/dags/transformation_DAG.py
[2026-09-17T12:19:35.707+0000] {processor.py:830} INFO - Processing file /opt/airflow/dags/transformation_DAG.py for tasks to queue
[2026-09-17T12:19:35.709+0000] {logging_mixin.py:188} INFO - [2026-09-17T12:19:35.708+0000] {dagbag.py:545} INFO - Filling up the DagBag from /opt/airflow/dags/transformation_DAG.py
[2026-09-17T12:19:35.990+0000] {logging_mixin.py:188} INFO - [2026-09-17T12:19:35.989+0000] {dagbag.py:355} ERROR - Failed to import: /opt/airflow/dags/transformation_DAG.py
Traceback (most recent call last):
  File "/home/airflow/.local/lib/python3.12/site-packages/airflow/models/dagbag.py", line 351, in parse
    loader.exec_module(new_module)
  File "<frozen importlib._bootstrap_external>", line 995, in exec_module
  File "<frozen importlib._bootstrap>", line 488, in _call_with_frames_removed
  File "/opt/airflow/dags/transformation_DAG.py", line 10, in <module>
    from include import transform
  File "/opt/airflow/include/transform.py", line 6
    df = pd.DataFrame(data, columns=["videoId", "title", "publishedAt", "duration", "viewCount", "likeCount", "commentCount"])    print(df)
                                                                                                                                  ^^^^^
SyntaxError: invalid syntax
[2026-09-17T12:19:35.990+0000] {processor.py:842} WARNING - No viable dags retrieved from /opt/airflow/dags/transformation_DAG.py
[2026-09-17T12:19:35.999+0000] {processor.py:183} INFO - Processing /opt/airflow/dags/transformation_DAG.py took 0.302 seconds
[2026-09-17T12:20:06.158+0000] {processor.py:161} INFO - Started process (PID=4217) to work on /opt/airflow/dags/transformation_DAG.py
[2026-09-17T12:20:06.165+0000] {processor.py:830} INFO - Processing file /opt/airflow/dags/transformation_DAG.py for tasks to queue
[2026-09-17T12:20:06.168+0000] {logging_mixin.py:188} INFO - [2026-09-17T12:20:06.167+0000] {dagbag.py:545} INFO - Filling up the DagBag from /opt/airflow/dags/transformation_DAG.py
[2026-09-17T12:20:06.441+0000] {logging_mixin.py:188} INFO - [2026-09-17T12:20:06.440+0000] {dagbag.py:355} ERROR - Failed to import: /opt/airflow/dags/transformation_DAG.py
Traceback (most recent call last):
  File "/home/airflow/.local/lib/python3.12/site-packages/airflow/models/dagbag.py", line 351, in parse
    loader.exec_module(new_module)
  File "<frozen importlib._bootstrap_external>", line 995, in exec_module
  File "<frozen importlib._bootstrap>", line 488, in _call_with_frames_removed
  File "/opt/airflow/dags/transformation_DAG.py", line 10, in <module>
    from include import transform
  File "/opt/airflow/include/transform.py", line 6
    df = pd.DataFrame(data, columns=["videoId", "title", "publishedAt", "duration", "viewCount", "likeCount", "commentCount"])    print(df)
                                                                                                                                  ^^^^^
SyntaxError: invalid syntax
[2026-09-17T12:20:06.441+0000] {processor.py:842} WARNING - No viable dags retrieved from /opt/airflow/dags/transformation_DAG.py
[2026-09-17T12:20:06.449+0000] {processor.py:183} INFO - Processing /opt/airflow/dags/transformation_DAG.py took 0.294 seconds
[2026-09-17T12:20:36.614+0000] {processor.py:161} INFO - Started process (PID=4227) to work on /opt/airflow/dags/transformation_DAG.py
[2026-09-17T12:20:36.614+0000] {processor.py:830} INFO - Processing file /opt/airflow/dags/transformation_DAG.py for tasks to queue
[2026-09-17T12:20:36.615+0000] {logging_mixin.py:188} INFO - [2026-09-17T12:20:36.615+0000] {dagbag.py:545} INFO - Filling up the DagBag from /opt/airflow/dags/transformation_DAG.py
[2026-09-17T12:20:36.887+0000] {logging_mixin.py:188} INFO - [2026-09-17T12:20:36.886+0000] {dagbag.py:355} ERROR - Failed to import: /opt/airflow/dags/transformation_DAG.py
Traceback (most recent call last):
  File "/home/airflow/.local/lib/python3.12/site-packages/airflow/models/dagbag.py", line 351, in parse
    loader.exec_module(new_module)
  File "<frozen importlib._bootstrap_external>", line 995, in exec_module
  File "<frozen importlib._bootstrap>", line 488, in _call_with_frames_removed
  File "/opt/airflow/dags/transformation_DAG.py", line 10, in <module>
    from include import transform
  File "/opt/airflow/include/transform.py", line 6
    df = pd.DataFrame(data, columns=["videoId", "title", "publishedAt", "duration", "viewCount", "likeCount", "commentCount"])    print(df)
                                                                                                                                  ^^^^^
SyntaxError: invalid syntax
[2026-09-17T12:20:36.887+0000] {processor.py:842} WARNING - No viable dags retrieved from /opt/airflow/dags/transformation_DAG.py
[2026-09-17T12:20:36.895+0000] {processor.py:183} INFO - Processing /opt/airflow/dags/transformation_DAG.py took 0.289 seconds
[2026-09-17T12:21:07.053+0000] {processor.py:161} INFO - Started process (PID=4237) to work on /opt/airflow/dags/transformation_DAG.py
[2026-09-17T12:21:07.142+0000] {processor.py:830} INFO - Processing file /opt/airflow/dags/transformation_DAG.py for tasks to queue
[2026-09-17T12:21:07.144+0000] {logging_mixin.py:188} INFO - [2026-09-17T12:21:07.144+0000] {dagbag.py:545} INFO - Filling up the DagBag from /opt/airflow/dags/transformation_DAG.py
[2026-09-17T12:21:07.425+0000] {logging_mixin.py:188} INFO - [2026-09-17T12:21:07.424+0000] {dagbag.py:355} ERROR - Failed to import: /opt/airflow/dags/transformation_DAG.py
Traceback (most recent call last):
  File "/home/airflow/.local/lib/python3.12/site-packages/airflow/models/dagbag.py", line 351, in parse
    loader.exec_module(new_module)
  File "<frozen importlib._bootstrap_external>", line 995, in exec_module
  File "<frozen importlib._bootstrap>", line 488, in _call_with_frames_removed
  File "/opt/airflow/dags/transformation_DAG.py", line 10, in <module>
    from include import transform
  File "/opt/airflow/include/transform.py", line 6
    df = pd.DataFrame(data, columns=["videoId", "title", "publishedAt", "duration", "viewCount", "likeCount", "commentCount"])    print(df)
                                                                                                                                  ^^^^^
SyntaxError: invalid syntax
[2026-09-17T12:21:07.425+0000] {processor.py:842} WARNING - No viable dags retrieved from /opt/airflow/dags/transformation_DAG.py
[2026-09-17T12:21:07.433+0000] {processor.py:183} INFO - Processing /opt/airflow/dags/transformation_DAG.py took 0.384 seconds
[2026-09-17T12:21:37.598+0000] {processor.py:161} INFO - Started process (PID=4253) to work on /opt/airflow/dags/transformation_DAG.py
[2026-09-17T12:21:37.599+0000] {processor.py:830} INFO - Processing file /opt/airflow/dags/transformation_DAG.py for tasks to queue
[2026-09-17T12:21:37.600+0000] {logging_mixin.py:188} INFO - [2026-09-17T12:21:37.600+0000] {dagbag.py:545} INFO - Filling up the DagBag from /opt/airflow/dags/transformation_DAG.py
[2026-09-17T12:21:37.873+0000] {logging_mixin.py:188} INFO - [2026-09-17T12:21:37.872+0000] {dagbag.py:355} ERROR - Failed to import: /opt/airflow/dags/transformation_DAG.py
Traceback (most recent call last):
  File "/home/airflow/.local/lib/python3.12/site-packages/airflow/models/dagbag.py", line 351, in parse
    loader.exec_module(new_module)
  File "<frozen importlib._bootstrap_external>", line 995, in exec_module
  File "<frozen importlib._bootstrap>", line 488, in _call_with_frames_removed
  File "/opt/airflow/dags/transformation_DAG.py", line 10, in <module>
    from include import transform
  File "/opt/airflow/include/transform.py", line 6
    df = pd.DataFrame(data, columns=["videoId", "title", "publishedAt", "duration", "viewCount", "likeCount", "commentCount"])    print(df)
                                                                                                                                  ^^^^^
SyntaxError: invalid syntax
[2026-09-17T12:21:37.873+0000] {processor.py:842} WARNING - No viable dags retrieved from /opt/airflow/dags/transformation_DAG.py
[2026-09-17T12:21:37.882+0000] {processor.py:183} INFO - Processing /opt/airflow/dags/transformation_DAG.py took 0.292 seconds
[2026-09-17T12:22:08.042+0000] {processor.py:161} INFO - Started process (PID=4263) to work on /opt/airflow/dags/transformation_DAG.py
[2026-09-17T12:22:08.046+0000] {processor.py:830} INFO - Processing file /opt/airflow/dags/transformation_DAG.py for tasks to queue
[2026-09-17T12:22:08.048+0000] {logging_mixin.py:188} INFO - [2026-09-17T12:22:08.047+0000] {dagbag.py:545} INFO - Filling up the DagBag from /opt/airflow/dags/transformation_DAG.py
[2026-09-17T12:22:08.348+0000] {logging_mixin.py:188} INFO - [2026-09-17T12:22:08.347+0000] {dagbag.py:355} ERROR - Failed to import: /opt/airflow/dags/transformation_DAG.py
Traceback (most recent call last):
  File "/home/airflow/.local/lib/python3.12/site-packages/airflow/models/dagbag.py", line 351, in parse
    loader.exec_module(new_module)
  File "<frozen importlib._bootstrap_external>", line 995, in exec_module
  File "<frozen importlib._bootstrap>", line 488, in _call_with_frames_removed
  File "/opt/airflow/dags/transformation_DAG.py", line 10, in <module>
    from include import transform
  File "/opt/airflow/include/transform.py", line 6
    df = pd.DataFrame(data, columns=["videoId", "title", "publishedAt", "duration", "viewCount", "likeCount", "commentCount"])    print(df)
                                                                                                                                  ^^^^^
SyntaxError: invalid syntax
[2026-09-17T12:22:08.349+0000] {processor.py:842} WARNING - No viable dags retrieved from /opt/airflow/dags/transformation_DAG.py
[2026-09-17T12:22:08.357+0000] {processor.py:183} INFO - Processing /opt/airflow/dags/transformation_DAG.py took 0.324 seconds
[2026-09-17T12:22:38.526+0000] {processor.py:161} INFO - Started process (PID=4273) to work on /opt/airflow/dags/transformation_DAG.py
[2026-09-17T12:22:38.527+0000] {processor.py:830} INFO - Processing file /opt/airflow/dags/transformation_DAG.py for tasks to queue
[2026-09-17T12:22:38.527+0000] {logging_mixin.py:188} INFO - [2026-09-17T12:22:38.527+0000] {dagbag.py:545} INFO - Filling up the DagBag from /opt/airflow/dags/transformation_DAG.py
[2026-09-17T12:22:38.801+0000] {logging_mixin.py:188} INFO - [2026-09-17T12:22:38.801+0000] {dagbag.py:355} ERROR - Failed to import: /opt/airflow/dags/transformation_DAG.py
Traceback (most recent call last):
  File "/home/airflow/.local/lib/python3.12/site-packages/airflow/models/dagbag.py", line 351, in parse
    loader.exec_module(new_module)
  File "<frozen importlib._bootstrap_external>", line 995, in exec_module
  File "<frozen importlib._bootstrap>", line 488, in _call_with_frames_removed
  File "/opt/airflow/dags/transformation_DAG.py", line 10, in <module>
    from include import transform
  File "/opt/airflow/include/transform.py", line 6
    df = pd.DataFrame(data, columns=["videoId", "title", "publishedAt", "duration", "viewCount", "likeCount", "commentCount"])    print(df)
                                                                                                                                  ^^^^^
SyntaxError: invalid syntax
[2026-09-17T12:22:38.802+0000] {processor.py:842} WARNING - No viable dags retrieved from /opt/airflow/dags/transformation_DAG.py
[2026-09-17T12:22:38.810+0000] {processor.py:183} INFO - Processing /opt/airflow/dags/transformation_DAG.py took 0.293 seconds
[2026-09-17T12:23:08.978+0000] {processor.py:161} INFO - Started process (PID=4283) to work on /opt/airflow/dags/transformation_DAG.py
[2026-09-17T12:23:08.979+0000] {processor.py:830} INFO - Processing file /opt/airflow/dags/transformation_DAG.py for tasks to queue
[2026-09-17T12:23:08.980+0000] {logging_mixin.py:188} INFO - [2026-09-17T12:23:08.979+0000] {dagbag.py:545} INFO - Filling up the DagBag from /opt/airflow/dags/transformation_DAG.py
[2026-09-17T12:23:09.282+0000] {logging_mixin.py:188} INFO - [2026-09-17T12:23:09.281+0000] {dagbag.py:355} ERROR - Failed to import: /opt/airflow/dags/transformation_DAG.py
Traceback (most recent call last):
  File "/home/airflow/.local/lib/python3.12/site-packages/airflow/models/dagbag.py", line 351, in parse
    loader.exec_module(new_module)
  File "<frozen importlib._bootstrap_external>", line 995, in exec_module
  File "<frozen importlib._bootstrap>", line 488, in _call_with_frames_removed
  File "/opt/airflow/dags/transformation_DAG.py", line 10, in <module>
    from include import transform
  File "/opt/airflow/include/transform.py", line 6
    df = pd.DataFrame(data, columns=["videoId", "title", "publishedAt", "duration", "viewCount", "likeCount", "commentCount"])    print(df)
                                                                                                                                  ^^^^^
SyntaxError: invalid syntax
[2026-09-17T12:23:09.282+0000] {processor.py:842} WARNING - No viable dags retrieved from /opt/airflow/dags/transformation_DAG.py
[2026-09-17T12:23:09.290+0000] {processor.py:183} INFO - Processing /opt/airflow/dags/transformation_DAG.py took 0.322 seconds
[2026-09-17T12:23:39.462+0000] {processor.py:161} INFO - Started process (PID=4293) to work on /opt/airflow/dags/transformation_DAG.py
[2026-09-17T12:23:39.462+0000] {processor.py:830} INFO - Processing file /opt/airflow/dags/transformation_DAG.py for tasks to queue
[2026-09-17T12:23:39.463+0000] {logging_mixin.py:188} INFO - [2026-09-17T12:23:39.463+0000] {dagbag.py:545} INFO - Filling up the DagBag from /opt/airflow/dags/transformation_DAG.py
[2026-09-17T12:23:39.734+0000] {logging_mixin.py:188} INFO - [2026-09-17T12:23:39.733+0000] {dagbag.py:355} ERROR - Failed to import: /opt/airflow/dags/transformation_DAG.py
Traceback (most recent call last):
  File "/home/airflow/.local/lib/python3.12/site-packages/airflow/models/dagbag.py", line 351, in parse
    loader.exec_module(new_module)
  File "<frozen importlib._bootstrap_external>", line 995, in exec_module
  File "<frozen importlib._bootstrap>", line 488, in _call_with_frames_removed
  File "/opt/airflow/dags/transformation_DAG.py", line 10, in <module>
    from include import transform
  File "/opt/airflow/include/transform.py", line 6
    df = pd.DataFrame(data, columns=["videoId", "title", "publishedAt", "duration", "viewCount", "likeCount", "commentCount"])    print(df)
                                                                                                                                  ^^^^^
SyntaxError: invalid syntax
[2026-09-17T12:23:39.734+0000] {processor.py:842} WARNING - No viable dags retrieved from /opt/airflow/dags/transformation_DAG.py
[2026-09-17T12:23:39.743+0000] {processor.py:183} INFO - Processing /opt/airflow/dags/transformation_DAG.py took 0.284 seconds
[2026-09-17T12:24:09.916+0000] {processor.py:161} INFO - Started process (PID=4303) to work on /opt/airflow/dags/transformation_DAG.py
[2026-09-17T12:24:09.924+0000] {processor.py:830} INFO - Processing file /opt/airflow/dags/transformation_DAG.py for tasks to queue
[2026-09-17T12:24:09.925+0000] {logging_mixin.py:188} INFO - [2026-09-17T12:24:09.925+0000] {dagbag.py:545} INFO - Filling up the DagBag from /opt/airflow/dags/transformation_DAG.py
[2026-09-17T12:24:10.204+0000] {logging_mixin.py:188} INFO - [2026-09-17T12:24:10.204+0000] {dagbag.py:355} ERROR - Failed to import: /opt/airflow/dags/transformation_DAG.py
Traceback (most recent call last):
  File "/home/airflow/.local/lib/python3.12/site-packages/airflow/models/dagbag.py", line 351, in parse
    loader.exec_module(new_module)
  File "<frozen importlib._bootstrap_external>", line 995, in exec_module
  File "<frozen importlib._bootstrap>", line 488, in _call_with_frames_removed
  File "/opt/airflow/dags/transformation_DAG.py", line 10, in <module>
    from include import transform
  File "/opt/airflow/include/transform.py", line 6
    df = pd.DataFrame(data, columns=["videoId", "title", "publishedAt", "duration", "viewCount", "likeCount", "commentCount"])    print(df)
                                                                                                                                  ^^^^^
SyntaxError: invalid syntax
[2026-09-17T12:24:10.205+0000] {processor.py:842} WARNING - No viable dags retrieved from /opt/airflow/dags/transformation_DAG.py
[2026-09-17T12:24:10.214+0000] {processor.py:183} INFO - Processing /opt/airflow/dags/transformation_DAG.py took 0.307 seconds
[2026-09-17T12:24:40.374+0000] {processor.py:161} INFO - Started process (PID=4313) to work on /opt/airflow/dags/transformation_DAG.py
[2026-09-17T12:24:40.374+0000] {processor.py:830} INFO - Processing file /opt/airflow/dags/transformation_DAG.py for tasks to queue
[2026-09-17T12:24:40.375+0000] {logging_mixin.py:188} INFO - [2026-09-17T12:24:40.375+0000] {dagbag.py:545} INFO - Filling up the DagBag from /opt/airflow/dags/transformation_DAG.py
[2026-09-17T12:24:40.646+0000] {logging_mixin.py:188} INFO - [2026-09-17T12:24:40.645+0000] {dagbag.py:355} ERROR - Failed to import: /opt/airflow/dags/transformation_DAG.py
Traceback (most recent call last):
  File "/home/airflow/.local/lib/python3.12/site-packages/airflow/models/dagbag.py", line 351, in parse
    loader.exec_module(new_module)
  File "<frozen importlib._bootstrap_external>", line 995, in exec_module
  File "<frozen importlib._bootstrap>", line 488, in _call_with_frames_removed
  File "/opt/airflow/dags/transformation_DAG.py", line 10, in <module>
    from include import transform
  File "/opt/airflow/include/transform.py", line 6
    df = pd.DataFrame(data, columns=["videoId", "title", "publishedAt", "duration", "viewCount", "likeCount", "commentCount"])    print(df)
                                                                                                                                  ^^^^^
SyntaxError: invalid syntax
[2026-09-17T12:24:40.646+0000] {processor.py:842} WARNING - No viable dags retrieved from /opt/airflow/dags/transformation_DAG.py
[2026-09-17T12:24:40.654+0000] {processor.py:183} INFO - Processing /opt/airflow/dags/transformation_DAG.py took 0.284 seconds
[2026-09-17T12:25:10.816+0000] {processor.py:161} INFO - Started process (PID=4323) to work on /opt/airflow/dags/transformation_DAG.py
[2026-09-17T12:25:10.817+0000] {processor.py:830} INFO - Processing file /opt/airflow/dags/transformation_DAG.py for tasks to queue
[2026-09-17T12:25:10.817+0000] {logging_mixin.py:188} INFO - [2026-09-17T12:25:10.817+0000] {dagbag.py:545} INFO - Filling up the DagBag from /opt/airflow/dags/transformation_DAG.py
[2026-09-17T12:25:11.095+0000] {logging_mixin.py:188} INFO - [2026-09-17T12:25:11.094+0000] {dagbag.py:355} ERROR - Failed to import: /opt/airflow/dags/transformation_DAG.py
Traceback (most recent call last):
  File "/home/airflow/.local/lib/python3.12/site-packages/airflow/models/dagbag.py", line 351, in parse
    loader.exec_module(new_module)
  File "<frozen importlib._bootstrap_external>", line 995, in exec_module
  File "<frozen importlib._bootstrap>", line 488, in _call_with_frames_removed
  File "/opt/airflow/dags/transformation_DAG.py", line 10, in <module>
    from include import transform
  File "/opt/airflow/include/transform.py", line 6
    df = pd.DataFrame(data, columns=["videoId", "title", "publishedAt", "duration", "viewCount", "likeCount", "commentCount"])    print(df)
                                                                                                                                  ^^^^^
SyntaxError: invalid syntax
[2026-09-17T12:25:11.095+0000] {processor.py:842} WARNING - No viable dags retrieved from /opt/airflow/dags/transformation_DAG.py
[2026-09-17T12:25:11.103+0000] {processor.py:183} INFO - Processing /opt/airflow/dags/transformation_DAG.py took 0.292 seconds
[2026-09-17T12:25:41.264+0000] {processor.py:161} INFO - Started process (PID=4333) to work on /opt/airflow/dags/transformation_DAG.py
[2026-09-17T12:25:41.269+0000] {processor.py:830} INFO - Processing file /opt/airflow/dags/transformation_DAG.py for tasks to queue
[2026-09-17T12:25:41.270+0000] {logging_mixin.py:188} INFO - [2026-09-17T12:25:41.269+0000] {dagbag.py:545} INFO - Filling up the DagBag from /opt/airflow/dags/transformation_DAG.py
[2026-09-17T12:25:41.543+0000] {logging_mixin.py:188} INFO - [2026-09-17T12:25:41.542+0000] {dagbag.py:355} ERROR - Failed to import: /opt/airflow/dags/transformation_DAG.py
Traceback (most recent call last):
  File "/home/airflow/.local/lib/python3.12/site-packages/airflow/models/dagbag.py", line 351, in parse
    loader.exec_module(new_module)
  File "<frozen importlib._bootstrap_external>", line 995, in exec_module
  File "<frozen importlib._bootstrap>", line 488, in _call_with_frames_removed
  File "/opt/airflow/dags/transformation_DAG.py", line 10, in <module>
    from include import transform
  File "/opt/airflow/include/transform.py", line 6
    df = pd.DataFrame(data, columns=["videoId", "title", "publishedAt", "duration", "viewCount", "likeCount", "commentCount"])    print(df)
                                                                                                                                  ^^^^^
SyntaxError: invalid syntax
[2026-09-17T12:25:41.544+0000] {processor.py:842} WARNING - No viable dags retrieved from /opt/airflow/dags/transformation_DAG.py
[2026-09-17T12:25:41.551+0000] {processor.py:183} INFO - Processing /opt/airflow/dags/transformation_DAG.py took 0.297 seconds
[2026-09-17T12:26:12.400+0000] {processor.py:161} INFO - Started process (PID=4343) to work on /opt/airflow/dags/transformation_DAG.py
[2026-09-17T12:26:12.400+0000] {processor.py:830} INFO - Processing file /opt/airflow/dags/transformation_DAG.py for tasks to queue
[2026-09-17T12:26:12.401+0000] {logging_mixin.py:188} INFO - [2026-09-17T12:26:12.401+0000] {dagbag.py:545} INFO - Filling up the DagBag from /opt/airflow/dags/transformation_DAG.py
[2026-09-17T12:26:12.667+0000] {logging_mixin.py:188} INFO - [2026-09-17T12:26:12.666+0000] {dagbag.py:355} ERROR - Failed to import: /opt/airflow/dags/transformation_DAG.py
Traceback (most recent call last):
  File "/home/airflow/.local/lib/python3.12/site-packages/airflow/models/dagbag.py", line 351, in parse
    loader.exec_module(new_module)
  File "<frozen importlib._bootstrap_external>", line 995, in exec_module
  File "<frozen importlib._bootstrap>", line 488, in _call_with_frames_removed
  File "/opt/airflow/dags/transformation_DAG.py", line 10, in <module>
    from include import transform
  File "/opt/airflow/include/transform.py", line 6
    df = pd.DataFrame(data, columns=["videoId", "title", "publishedAt", "duration", "viewCount", "likeCount", "commentCount"])    print(df)
                                                                                                                                  ^^^^^
SyntaxError: invalid syntax
[2026-09-17T12:26:12.667+0000] {processor.py:842} WARNING - No viable dags retrieved from /opt/airflow/dags/transformation_DAG.py
[2026-09-17T12:26:12.675+0000] {processor.py:183} INFO - Processing /opt/airflow/dags/transformation_DAG.py took 0.279 seconds
[2026-09-17T12:26:42.835+0000] {processor.py:161} INFO - Started process (PID=4353) to work on /opt/airflow/dags/transformation_DAG.py
[2026-09-17T12:26:42.846+0000] {processor.py:830} INFO - Processing file /opt/airflow/dags/transformation_DAG.py for tasks to queue
[2026-09-17T12:26:42.847+0000] {logging_mixin.py:188} INFO - [2026-09-17T12:26:42.847+0000] {dagbag.py:545} INFO - Filling up the DagBag from /opt/airflow/dags/transformation_DAG.py
[2026-09-17T12:26:43.131+0000] {logging_mixin.py:188} INFO - [2026-09-17T12:26:43.130+0000] {dagbag.py:355} ERROR - Failed to import: /opt/airflow/dags/transformation_DAG.py
Traceback (most recent call last):
  File "/home/airflow/.local/lib/python3.12/site-packages/airflow/models/dagbag.py", line 351, in parse
    loader.exec_module(new_module)
  File "<frozen importlib._bootstrap_external>", line 995, in exec_module
  File "<frozen importlib._bootstrap>", line 488, in _call_with_frames_removed
  File "/opt/airflow/dags/transformation_DAG.py", line 10, in <module>
    from include import transform
  File "/opt/airflow/include/transform.py", line 6
    df = pd.DataFrame(data, columns=["videoId", "title", "publishedAt", "duration", "viewCount", "likeCount", "commentCount"])    print(df)
                                                                                                                                  ^^^^^
SyntaxError: invalid syntax
[2026-09-17T12:26:43.131+0000] {processor.py:842} WARNING - No viable dags retrieved from /opt/airflow/dags/transformation_DAG.py
[2026-09-17T12:26:43.140+0000] {processor.py:183} INFO - Processing /opt/airflow/dags/transformation_DAG.py took 0.309 seconds
[2026-09-17T12:27:13.318+0000] {processor.py:161} INFO - Started process (PID=4363) to work on /opt/airflow/dags/transformation_DAG.py
[2026-09-17T12:27:13.319+0000] {processor.py:830} INFO - Processing file /opt/airflow/dags/transformation_DAG.py for tasks to queue
[2026-09-17T12:27:13.320+0000] {logging_mixin.py:188} INFO - [2026-09-17T12:27:13.319+0000] {dagbag.py:545} INFO - Filling up the DagBag from /opt/airflow/dags/transformation_DAG.py
[2026-09-17T12:27:13.592+0000] {logging_mixin.py:188} INFO - [2026-09-17T12:27:13.591+0000] {dagbag.py:355} ERROR - Failed to import: /opt/airflow/dags/transformation_DAG.py
Traceback (most recent call last):
  File "/home/airflow/.local/lib/python3.12/site-packages/airflow/models/dagbag.py", line 351, in parse
    loader.exec_module(new_module)
  File "<frozen importlib._bootstrap_external>", line 995, in exec_module
  File "<frozen importlib._bootstrap>", line 488, in _call_with_frames_removed
  File "/opt/airflow/dags/transformation_DAG.py", line 10, in <module>
    from include import transform
  File "/opt/airflow/include/transform.py", line 6
    df = pd.DataFrame(data, columns=["videoId", "title", "publishedAt", "duration", "viewCount", "likeCount", "commentCount"])    print(df)
                                                                                                                                  ^^^^^
SyntaxError: invalid syntax
[2026-09-17T12:27:13.592+0000] {processor.py:842} WARNING - No viable dags retrieved from /opt/airflow/dags/transformation_DAG.py
[2026-09-17T12:27:13.601+0000] {processor.py:183} INFO - Processing /opt/airflow/dags/transformation_DAG.py took 0.292 seconds
[2026-09-17T12:27:43.767+0000] {processor.py:161} INFO - Started process (PID=4373) to work on /opt/airflow/dags/transformation_DAG.py
[2026-09-17T12:27:43.889+0000] {processor.py:830} INFO - Processing file /opt/airflow/dags/transformation_DAG.py for tasks to queue
[2026-09-17T12:27:43.891+0000] {logging_mixin.py:188} INFO - [2026-09-17T12:27:43.890+0000] {dagbag.py:545} INFO - Filling up the DagBag from /opt/airflow/dags/transformation_DAG.py
[2026-09-17T12:27:44.177+0000] {logging_mixin.py:188} INFO - [2026-09-17T12:27:44.176+0000] {dagbag.py:355} ERROR - Failed to import: /opt/airflow/dags/transformation_DAG.py
Traceback (most recent call last):
  File "/home/airflow/.local/lib/python3.12/site-packages/airflow/models/dagbag.py", line 351, in parse
    loader.exec_module(new_module)
  File "<frozen importlib._bootstrap_external>", line 995, in exec_module
  File "<frozen importlib._bootstrap>", line 488, in _call_with_frames_removed
  File "/opt/airflow/dags/transformation_DAG.py", line 10, in <module>
    from include import transform
  File "/opt/airflow/include/transform.py", line 6
    df = pd.DataFrame(data, columns=["videoId", "title", "publishedAt", "duration", "viewCount", "likeCount", "commentCount"])    print(df)
                                                                                                                                  ^^^^^
SyntaxError: invalid syntax
[2026-09-17T12:27:44.177+0000] {processor.py:842} WARNING - No viable dags retrieved from /opt/airflow/dags/transformation_DAG.py
[2026-09-17T12:27:44.186+0000] {processor.py:183} INFO - Processing /opt/airflow/dags/transformation_DAG.py took 0.428 seconds
[2026-09-17T12:28:14.335+0000] {processor.py:161} INFO - Started process (PID=4383) to work on /opt/airflow/dags/transformation_DAG.py
[2026-09-17T12:28:14.336+0000] {processor.py:830} INFO - Processing file /opt/airflow/dags/transformation_DAG.py for tasks to queue
[2026-09-17T12:28:14.337+0000] {logging_mixin.py:188} INFO - [2026-09-17T12:28:14.336+0000] {dagbag.py:545} INFO - Filling up the DagBag from /opt/airflow/dags/transformation_DAG.py
[2026-09-17T12:28:14.614+0000] {logging_mixin.py:188} INFO - [2026-09-17T12:28:14.614+0000] {dagbag.py:355} ERROR - Failed to import: /opt/airflow/dags/transformation_DAG.py
Traceback (most recent call last):
  File "/home/airflow/.local/lib/python3.12/site-packages/airflow/models/dagbag.py", line 351, in parse
    loader.exec_module(new_module)
  File "<frozen importlib._bootstrap_external>", line 995, in exec_module
  File "<frozen importlib._bootstrap>", line 488, in _call_with_frames_removed
  File "/opt/airflow/dags/transformation_DAG.py", line 10, in <module>
    from include import transform
  File "/opt/airflow/include/transform.py", line 6
    df = pd.DataFrame(data, columns=["videoId", "title", "publishedAt", "duration", "viewCount", "likeCount", "commentCount"])    print(df)
                                                                                                                                  ^^^^^
SyntaxError: invalid syntax
[2026-09-17T12:28:14.615+0000] {processor.py:842} WARNING - No viable dags retrieved from /opt/airflow/dags/transformation_DAG.py
[2026-09-17T12:28:14.623+0000] {processor.py:183} INFO - Processing /opt/airflow/dags/transformation_DAG.py took 0.293 seconds
[2026-09-17T12:28:44.774+0000] {processor.py:161} INFO - Started process (PID=4393) to work on /opt/airflow/dags/transformation_DAG.py
[2026-09-17T12:28:44.871+0000] {processor.py:830} INFO - Processing file /opt/airflow/dags/transformation_DAG.py for tasks to queue
[2026-09-17T12:28:44.872+0000] {logging_mixin.py:188} INFO - [2026-09-17T12:28:44.871+0000] {dagbag.py:545} INFO - Filling up the DagBag from /opt/airflow/dags/transformation_DAG.py
[2026-09-17T12:28:45.155+0000] {logging_mixin.py:188} INFO - [2026-09-17T12:28:45.155+0000] {dagbag.py:355} ERROR - Failed to import: /opt/airflow/dags/transformation_DAG.py
Traceback (most recent call last):
  File "/home/airflow/.local/lib/python3.12/site-packages/airflow/models/dagbag.py", line 351, in parse
    loader.exec_module(new_module)
  File "<frozen importlib._bootstrap_external>", line 995, in exec_module
  File "<frozen importlib._bootstrap>", line 488, in _call_with_frames_removed
  File "/opt/airflow/dags/transformation_DAG.py", line 10, in <module>
    from include import transform
  File "/opt/airflow/include/transform.py", line 6
    df = pd.DataFrame(data, columns=["videoId", "title", "publishedAt", "duration", "viewCount", "likeCount", "commentCount"])    print(df)
                                                                                                                                  ^^^^^
SyntaxError: invalid syntax
[2026-09-17T12:28:45.156+0000] {processor.py:842} WARNING - No viable dags retrieved from /opt/airflow/dags/transformation_DAG.py
[2026-09-17T12:28:45.163+0000] {processor.py:183} INFO - Processing /opt/airflow/dags/transformation_DAG.py took 0.394 seconds
[2026-09-17T12:29:15.300+0000] {processor.py:161} INFO - Started process (PID=4403) to work on /opt/airflow/dags/transformation_DAG.py
[2026-09-17T12:29:15.300+0000] {processor.py:830} INFO - Processing file /opt/airflow/dags/transformation_DAG.py for tasks to queue
[2026-09-17T12:29:15.301+0000] {logging_mixin.py:188} INFO - [2026-09-17T12:29:15.300+0000] {dagbag.py:545} INFO - Filling up the DagBag from /opt/airflow/dags/transformation_DAG.py
[2026-09-17T12:29:15.597+0000] {logging_mixin.py:188} INFO - [2026-09-17T12:29:15.596+0000] {dagbag.py:355} ERROR - Failed to import: /opt/airflow/dags/transformation_DAG.py
Traceback (most recent call last):
  File "/home/airflow/.local/lib/python3.12/site-packages/airflow/models/dagbag.py", line 351, in parse
    loader.exec_module(new_module)
  File "<frozen importlib._bootstrap_external>", line 995, in exec_module
  File "<frozen importlib._bootstrap>", line 488, in _call_with_frames_removed
  File "/opt/airflow/dags/transformation_DAG.py", line 10, in <module>
    from include import transform
  File "/opt/airflow/include/transform.py", line 6
    df = pd.DataFrame(data, columns=["videoId", "title", "publishedAt", "duration", "viewCount", "likeCount", "commentCount"])    print(df)
                                                                                                                                  ^^^^^
SyntaxError: invalid syntax
[2026-09-17T12:29:15.597+0000] {processor.py:842} WARNING - No viable dags retrieved from /opt/airflow/dags/transformation_DAG.py
[2026-09-17T12:29:15.605+0000] {processor.py:183} INFO - Processing /opt/airflow/dags/transformation_DAG.py took 0.310 seconds
[2026-09-17T12:29:45.766+0000] {processor.py:161} INFO - Started process (PID=4413) to work on /opt/airflow/dags/transformation_DAG.py
[2026-09-17T12:29:45.855+0000] {processor.py:830} INFO - Processing file /opt/airflow/dags/transformation_DAG.py for tasks to queue
[2026-09-17T12:29:45.856+0000] {logging_mixin.py:188} INFO - [2026-09-17T12:29:45.855+0000] {dagbag.py:545} INFO - Filling up the DagBag from /opt/airflow/dags/transformation_DAG.py
[2026-09-17T12:29:46.136+0000] {logging_mixin.py:188} INFO - [2026-09-17T12:29:46.135+0000] {dagbag.py:355} ERROR - Failed to import: /opt/airflow/dags/transformation_DAG.py
Traceback (most recent call last):
  File "/home/airflow/.local/lib/python3.12/site-packages/airflow/models/dagbag.py", line 351, in parse
    loader.exec_module(new_module)
  File "<frozen importlib._bootstrap_external>", line 995, in exec_module
  File "<frozen importlib._bootstrap>", line 488, in _call_with_frames_removed
  File "/opt/airflow/dags/transformation_DAG.py", line 10, in <module>
    from include import transform
  File "/opt/airflow/include/transform.py", line 6
    df = pd.DataFrame(data, columns=["videoId", "title", "publishedAt", "duration", "viewCount", "likeCount", "commentCount"])    print(df)
                                                                                                                                  ^^^^^
SyntaxError: invalid syntax
[2026-09-17T12:29:46.136+0000] {processor.py:842} WARNING - No viable dags retrieved from /opt/airflow/dags/transformation_DAG.py
[2026-09-17T12:29:46.144+0000] {processor.py:183} INFO - Processing /opt/airflow/dags/transformation_DAG.py took 0.382 seconds
[2026-09-17T12:30:16.286+0000] {processor.py:161} INFO - Started process (PID=4423) to work on /opt/airflow/dags/transformation_DAG.py
[2026-09-17T12:30:16.288+0000] {processor.py:830} INFO - Processing file /opt/airflow/dags/transformation_DAG.py for tasks to queue
[2026-09-17T12:30:16.289+0000] {logging_mixin.py:188} INFO - [2026-09-17T12:30:16.289+0000] {dagbag.py:545} INFO - Filling up the DagBag from /opt/airflow/dags/transformation_DAG.py
[2026-09-17T12:30:16.561+0000] {logging_mixin.py:188} INFO - [2026-09-17T12:30:16.561+0000] {dagbag.py:355} ERROR - Failed to import: /opt/airflow/dags/transformation_DAG.py
Traceback (most recent call last):
  File "/home/airflow/.local/lib/python3.12/site-packages/airflow/models/dagbag.py", line 351, in parse
    loader.exec_module(new_module)
  File "<frozen importlib._bootstrap_external>", line 995, in exec_module
  File "<frozen importlib._bootstrap>", line 488, in _call_with_frames_removed
  File "/opt/airflow/dags/transformation_DAG.py", line 10, in <module>
    from include import transform
  File "/opt/airflow/include/transform.py", line 6
    df = pd.DataFrame(data, columns=["videoId", "title", "publishedAt", "duration", "viewCount", "likeCount", "commentCount"])    print(df)
                                                                                                                                  ^^^^^
SyntaxError: invalid syntax
[2026-09-17T12:30:16.562+0000] {processor.py:842} WARNING - No viable dags retrieved from /opt/airflow/dags/transformation_DAG.py
[2026-09-17T12:30:16.569+0000] {processor.py:183} INFO - Processing /opt/airflow/dags/transformation_DAG.py took 0.288 seconds
[2026-09-17T12:30:46.728+0000] {processor.py:161} INFO - Started process (PID=4433) to work on /opt/airflow/dags/transformation_DAG.py
[2026-09-17T12:30:46.810+0000] {processor.py:830} INFO - Processing file /opt/airflow/dags/transformation_DAG.py for tasks to queue
[2026-09-17T12:30:46.812+0000] {logging_mixin.py:188} INFO - [2026-09-17T12:30:46.811+0000] {dagbag.py:545} INFO - Filling up the DagBag from /opt/airflow/dags/transformation_DAG.py
[2026-09-17T12:30:47.093+0000] {logging_mixin.py:188} INFO - [2026-09-17T12:30:47.092+0000] {dagbag.py:355} ERROR - Failed to import: /opt/airflow/dags/transformation_DAG.py
Traceback (most recent call last):
  File "/home/airflow/.local/lib/python3.12/site-packages/airflow/models/dagbag.py", line 351, in parse
    loader.exec_module(new_module)
  File "<frozen importlib._bootstrap_external>", line 995, in exec_module
  File "<frozen importlib._bootstrap>", line 488, in _call_with_frames_removed
  File "/opt/airflow/dags/transformation_DAG.py", line 10, in <module>
    from include import transform
  File "/opt/airflow/include/transform.py", line 6
    df = pd.DataFrame(data, columns=["videoId", "title", "publishedAt", "duration", "viewCount", "likeCount", "commentCount"])    print(df)
                                                                                                                                  ^^^^^
SyntaxError: invalid syntax
[2026-09-17T12:30:47.093+0000] {processor.py:842} WARNING - No viable dags retrieved from /opt/airflow/dags/transformation_DAG.py
[2026-09-17T12:30:47.101+0000] {processor.py:183} INFO - Processing /opt/airflow/dags/transformation_DAG.py took 0.376 seconds
[2026-09-17T12:31:17.247+0000] {processor.py:161} INFO - Started process (PID=4443) to work on /opt/airflow/dags/transformation_DAG.py
[2026-09-17T12:31:17.248+0000] {processor.py:830} INFO - Processing file /opt/airflow/dags/transformation_DAG.py for tasks to queue
[2026-09-17T12:31:17.249+0000] {logging_mixin.py:188} INFO - [2026-09-17T12:31:17.249+0000] {dagbag.py:545} INFO - Filling up the DagBag from /opt/airflow/dags/transformation_DAG.py
[2026-09-17T12:31:17.527+0000] {logging_mixin.py:188} INFO - [2026-09-17T12:31:17.526+0000] {dagbag.py:355} ERROR - Failed to import: /opt/airflow/dags/transformation_DAG.py
Traceback (most recent call last):
  File "/home/airflow/.local/lib/python3.12/site-packages/airflow/models/dagbag.py", line 351, in parse
    loader.exec_module(new_module)
  File "<frozen importlib._bootstrap_external>", line 995, in exec_module
  File "<frozen importlib._bootstrap>", line 488, in _call_with_frames_removed
  File "/opt/airflow/dags/transformation_DAG.py", line 10, in <module>
    from include import transform
  File "/opt/airflow/include/transform.py", line 6
    df = pd.DataFrame(data, columns=["videoId", "title", "publishedAt", "duration", "viewCount", "likeCount", "commentCount"])    print(df)
                                                                                                                                  ^^^^^
SyntaxError: invalid syntax
[2026-09-17T12:31:17.527+0000] {processor.py:842} WARNING - No viable dags retrieved from /opt/airflow/dags/transformation_DAG.py
[2026-09-17T12:31:17.537+0000] {processor.py:183} INFO - Processing /opt/airflow/dags/transformation_DAG.py took 0.299 seconds
[2026-09-17T12:31:47.694+0000] {processor.py:161} INFO - Started process (PID=4453) to work on /opt/airflow/dags/transformation_DAG.py
[2026-09-17T12:31:47.796+0000] {processor.py:830} INFO - Processing file /opt/airflow/dags/transformation_DAG.py for tasks to queue
[2026-09-17T12:31:47.798+0000] {logging_mixin.py:188} INFO - [2026-09-17T12:31:47.797+0000] {dagbag.py:545} INFO - Filling up the DagBag from /opt/airflow/dags/transformation_DAG.py
[2026-09-17T12:31:48.082+0000] {logging_mixin.py:188} INFO - [2026-09-17T12:31:48.081+0000] {dagbag.py:355} ERROR - Failed to import: /opt/airflow/dags/transformation_DAG.py
Traceback (most recent call last):
  File "/home/airflow/.local/lib/python3.12/site-packages/airflow/models/dagbag.py", line 351, in parse
    loader.exec_module(new_module)
  File "<frozen importlib._bootstrap_external>", line 995, in exec_module
  File "<frozen importlib._bootstrap>", line 488, in _call_with_frames_removed
  File "/opt/airflow/dags/transformation_DAG.py", line 10, in <module>
    from include import transform
  File "/opt/airflow/include/transform.py", line 6
    df = pd.DataFrame(data, columns=["videoId", "title", "publishedAt", "duration", "viewCount", "likeCount", "commentCount"])    print(df)
                                                                                                                                  ^^^^^
SyntaxError: invalid syntax
[2026-09-17T12:31:48.082+0000] {processor.py:842} WARNING - No viable dags retrieved from /opt/airflow/dags/transformation_DAG.py
[2026-09-17T12:31:48.090+0000] {processor.py:183} INFO - Processing /opt/airflow/dags/transformation_DAG.py took 0.399 seconds
[2026-09-17T12:32:18.247+0000] {processor.py:161} INFO - Started process (PID=4463) to work on /opt/airflow/dags/transformation_DAG.py
[2026-09-17T12:32:18.248+0000] {processor.py:830} INFO - Processing file /opt/airflow/dags/transformation_DAG.py for tasks to queue
[2026-09-17T12:32:18.248+0000] {logging_mixin.py:188} INFO - [2026-09-17T12:32:18.248+0000] {dagbag.py:545} INFO - Filling up the DagBag from /opt/airflow/dags/transformation_DAG.py
[2026-09-17T12:32:18.529+0000] {logging_mixin.py:188} INFO - [2026-09-17T12:32:18.528+0000] {dagbag.py:355} ERROR - Failed to import: /opt/airflow/dags/transformation_DAG.py
Traceback (most recent call last):
  File "/home/airflow/.local/lib/python3.12/site-packages/airflow/models/dagbag.py", line 351, in parse
    loader.exec_module(new_module)
  File "<frozen importlib._bootstrap_external>", line 995, in exec_module
  File "<frozen importlib._bootstrap>", line 488, in _call_with_frames_removed
  File "/opt/airflow/dags/transformation_DAG.py", line 10, in <module>
    from include import transform
  File "/opt/airflow/include/transform.py", line 6
    df = pd.DataFrame(data, columns=["videoId", "title", "publishedAt", "duration", "viewCount", "likeCount", "commentCount"])    print(df)
                                                                                                                                  ^^^^^
SyntaxError: invalid syntax
[2026-09-17T12:32:18.529+0000] {processor.py:842} WARNING - No viable dags retrieved from /opt/airflow/dags/transformation_DAG.py
[2026-09-17T12:32:18.538+0000] {processor.py:183} INFO - Processing /opt/airflow/dags/transformation_DAG.py took 0.295 seconds
[2026-09-17T12:32:48.692+0000] {processor.py:161} INFO - Started process (PID=4473) to work on /opt/airflow/dags/transformation_DAG.py
[2026-09-17T12:32:48.793+0000] {processor.py:830} INFO - Processing file /opt/airflow/dags/transformation_DAG.py for tasks to queue
[2026-09-17T12:32:48.794+0000] {logging_mixin.py:188} INFO - [2026-09-17T12:32:48.793+0000] {dagbag.py:545} INFO - Filling up the DagBag from /opt/airflow/dags/transformation_DAG.py
[2026-09-17T12:32:49.080+0000] {logging_mixin.py:188} INFO - [2026-09-17T12:32:49.079+0000] {dagbag.py:355} ERROR - Failed to import: /opt/airflow/dags/transformation_DAG.py
Traceback (most recent call last):
  File "/home/airflow/.local/lib/python3.12/site-packages/airflow/models/dagbag.py", line 351, in parse
    loader.exec_module(new_module)
  File "<frozen importlib._bootstrap_external>", line 995, in exec_module
  File "<frozen importlib._bootstrap>", line 488, in _call_with_frames_removed
  File "/opt/airflow/dags/transformation_DAG.py", line 10, in <module>
    from include import transform
  File "/opt/airflow/include/transform.py", line 6
    df = pd.DataFrame(data, columns=["videoId", "title", "publishedAt", "duration", "viewCount", "likeCount", "commentCount"])    print(df)
                                                                                                                                  ^^^^^
SyntaxError: invalid syntax
[2026-09-17T12:32:49.080+0000] {processor.py:842} WARNING - No viable dags retrieved from /opt/airflow/dags/transformation_DAG.py
[2026-09-17T12:32:49.087+0000] {processor.py:183} INFO - Processing /opt/airflow/dags/transformation_DAG.py took 0.404 seconds
[2026-09-17T12:33:19.239+0000] {processor.py:161} INFO - Started process (PID=4483) to work on /opt/airflow/dags/transformation_DAG.py
[2026-09-17T12:33:19.240+0000] {processor.py:830} INFO - Processing file /opt/airflow/dags/transformation_DAG.py for tasks to queue
[2026-09-17T12:33:19.241+0000] {logging_mixin.py:188} INFO - [2026-09-17T12:33:19.240+0000] {dagbag.py:545} INFO - Filling up the DagBag from /opt/airflow/dags/transformation_DAG.py
[2026-09-17T12:33:19.517+0000] {logging_mixin.py:188} INFO - [2026-09-17T12:33:19.516+0000] {dagbag.py:355} ERROR - Failed to import: /opt/airflow/dags/transformation_DAG.py
Traceback (most recent call last):
  File "/home/airflow/.local/lib/python3.12/site-packages/airflow/models/dagbag.py", line 351, in parse
    loader.exec_module(new_module)
  File "<frozen importlib._bootstrap_external>", line 995, in exec_module
  File "<frozen importlib._bootstrap>", line 488, in _call_with_frames_removed
  File "/opt/airflow/dags/transformation_DAG.py", line 10, in <module>
    from include import transform
  File "/opt/airflow/include/transform.py", line 6
    df = pd.DataFrame(data, columns=["videoId", "title", "publishedAt", "duration", "viewCount", "likeCount", "commentCount"])    print(df)
                                                                                                                                  ^^^^^
SyntaxError: invalid syntax
[2026-09-17T12:33:19.517+0000] {processor.py:842} WARNING - No viable dags retrieved from /opt/airflow/dags/transformation_DAG.py
[2026-09-17T12:33:19.525+0000] {processor.py:183} INFO - Processing /opt/airflow/dags/transformation_DAG.py took 0.294 seconds
[2026-09-17T12:33:49.682+0000] {processor.py:161} INFO - Started process (PID=4493) to work on /opt/airflow/dags/transformation_DAG.py
[2026-09-17T12:33:49.772+0000] {processor.py:830} INFO - Processing file /opt/airflow/dags/transformation_DAG.py for tasks to queue
[2026-09-17T12:33:49.774+0000] {logging_mixin.py:188} INFO - [2026-09-17T12:33:49.773+0000] {dagbag.py:545} INFO - Filling up the DagBag from /opt/airflow/dags/transformation_DAG.py
[2026-09-17T12:33:50.062+0000] {logging_mixin.py:188} INFO - [2026-09-17T12:33:50.061+0000] {dagbag.py:355} ERROR - Failed to import: /opt/airflow/dags/transformation_DAG.py
Traceback (most recent call last):
  File "/home/airflow/.local/lib/python3.12/site-packages/airflow/models/dagbag.py", line 351, in parse
    loader.exec_module(new_module)
  File "<frozen importlib._bootstrap_external>", line 995, in exec_module
  File "<frozen importlib._bootstrap>", line 488, in _call_with_frames_removed
  File "/opt/airflow/dags/transformation_DAG.py", line 10, in <module>
    from include import transform
  File "/opt/airflow/include/transform.py", line 6
    df = pd.DataFrame(data, columns=["videoId", "title", "publishedAt", "duration", "viewCount", "likeCount", "commentCount"])    print(df)
                                                                                                                                  ^^^^^
SyntaxError: invalid syntax
[2026-09-17T12:33:50.063+0000] {processor.py:842} WARNING - No viable dags retrieved from /opt/airflow/dags/transformation_DAG.py
[2026-09-17T12:33:50.071+0000] {processor.py:183} INFO - Processing /opt/airflow/dags/transformation_DAG.py took 0.394 seconds
[2026-09-17T12:34:20.233+0000] {processor.py:161} INFO - Started process (PID=4503) to work on /opt/airflow/dags/transformation_DAG.py
[2026-09-17T12:34:20.234+0000] {processor.py:830} INFO - Processing file /opt/airflow/dags/transformation_DAG.py for tasks to queue
[2026-09-17T12:34:20.235+0000] {logging_mixin.py:188} INFO - [2026-09-17T12:34:20.235+0000] {dagbag.py:545} INFO - Filling up the DagBag from /opt/airflow/dags/transformation_DAG.py
[2026-09-17T12:34:20.506+0000] {logging_mixin.py:188} INFO - [2026-09-17T12:34:20.505+0000] {dagbag.py:355} ERROR - Failed to import: /opt/airflow/dags/transformation_DAG.py
Traceback (most recent call last):
  File "/home/airflow/.local/lib/python3.12/site-packages/airflow/models/dagbag.py", line 351, in parse
    loader.exec_module(new_module)
  File "<frozen importlib._bootstrap_external>", line 995, in exec_module
  File "<frozen importlib._bootstrap>", line 488, in _call_with_frames_removed
  File "/opt/airflow/dags/transformation_DAG.py", line 10, in <module>
    from include import transform
  File "/opt/airflow/include/transform.py", line 6
    df = pd.DataFrame(data, columns=["videoId", "title", "publishedAt", "duration", "viewCount", "likeCount", "commentCount"])    print(df)
                                                                                                                                  ^^^^^
SyntaxError: invalid syntax
[2026-09-17T12:34:20.506+0000] {processor.py:842} WARNING - No viable dags retrieved from /opt/airflow/dags/transformation_DAG.py
[2026-09-17T12:34:20.515+0000] {processor.py:183} INFO - Processing /opt/airflow/dags/transformation_DAG.py took 0.291 seconds
[2026-09-17T12:34:50.696+0000] {processor.py:161} INFO - Started process (PID=4513) to work on /opt/airflow/dags/transformation_DAG.py
[2026-09-17T12:34:50.790+0000] {processor.py:830} INFO - Processing file /opt/airflow/dags/transformation_DAG.py for tasks to queue
[2026-09-17T12:34:50.792+0000] {logging_mixin.py:188} INFO - [2026-09-17T12:34:50.791+0000] {dagbag.py:545} INFO - Filling up the DagBag from /opt/airflow/dags/transformation_DAG.py
[2026-09-17T12:34:51.078+0000] {logging_mixin.py:188} INFO - [2026-09-17T12:34:51.077+0000] {dagbag.py:355} ERROR - Failed to import: /opt/airflow/dags/transformation_DAG.py
Traceback (most recent call last):
  File "/home/airflow/.local/lib/python3.12/site-packages/airflow/models/dagbag.py", line 351, in parse
    loader.exec_module(new_module)
  File "<frozen importlib._bootstrap_external>", line 995, in exec_module
  File "<frozen importlib._bootstrap>", line 488, in _call_with_frames_removed
  File "/opt/airflow/dags/transformation_DAG.py", line 10, in <module>
    from include import transform
  File "/opt/airflow/include/transform.py", line 6
    df = pd.DataFrame(data, columns=["videoId", "title", "publishedAt", "duration", "viewCount", "likeCount", "commentCount"])    print(df)
                                                                                                                                  ^^^^^
SyntaxError: invalid syntax
[2026-09-17T12:34:51.078+0000] {processor.py:842} WARNING - No viable dags retrieved from /opt/airflow/dags/transformation_DAG.py
[2026-09-17T12:34:51.086+0000] {processor.py:183} INFO - Processing /opt/airflow/dags/transformation_DAG.py took 0.399 seconds
[2026-09-17T12:35:21.226+0000] {processor.py:161} INFO - Started process (PID=4523) to work on /opt/airflow/dags/transformation_DAG.py
[2026-09-17T12:35:21.227+0000] {processor.py:830} INFO - Processing file /opt/airflow/dags/transformation_DAG.py for tasks to queue
[2026-09-17T12:35:21.228+0000] {logging_mixin.py:188} INFO - [2026-09-17T12:35:21.227+0000] {dagbag.py:545} INFO - Filling up the DagBag from /opt/airflow/dags/transformation_DAG.py
[2026-09-17T12:35:21.498+0000] {logging_mixin.py:188} INFO - [2026-09-17T12:35:21.497+0000] {dagbag.py:355} ERROR - Failed to import: /opt/airflow/dags/transformation_DAG.py
Traceback (most recent call last):
  File "/home/airflow/.local/lib/python3.12/site-packages/airflow/models/dagbag.py", line 351, in parse
    loader.exec_module(new_module)
  File "<frozen importlib._bootstrap_external>", line 995, in exec_module
  File "<frozen importlib._bootstrap>", line 488, in _call_with_frames_removed
  File "/opt/airflow/dags/transformation_DAG.py", line 10, in <module>
    from include import transform
  File "/opt/airflow/include/transform.py", line 6
    df = pd.DataFrame(data, columns=["videoId", "title", "publishedAt", "duration", "viewCount", "likeCount", "commentCount"])    print(df)
                                                                                                                                  ^^^^^
SyntaxError: invalid syntax
[2026-09-17T12:35:21.498+0000] {processor.py:842} WARNING - No viable dags retrieved from /opt/airflow/dags/transformation_DAG.py
[2026-09-17T12:35:21.508+0000] {processor.py:183} INFO - Processing /opt/airflow/dags/transformation_DAG.py took 0.289 seconds
[2026-09-17T12:35:51.673+0000] {processor.py:161} INFO - Started process (PID=4533) to work on /opt/airflow/dags/transformation_DAG.py
[2026-09-17T12:35:51.757+0000] {processor.py:830} INFO - Processing file /opt/airflow/dags/transformation_DAG.py for tasks to queue
[2026-09-17T12:35:51.758+0000] {logging_mixin.py:188} INFO - [2026-09-17T12:35:51.757+0000] {dagbag.py:545} INFO - Filling up the DagBag from /opt/airflow/dags/transformation_DAG.py
[2026-09-17T12:35:52.045+0000] {logging_mixin.py:188} INFO - [2026-09-17T12:35:52.045+0000] {dagbag.py:355} ERROR - Failed to import: /opt/airflow/dags/transformation_DAG.py
Traceback (most recent call last):
  File "/home/airflow/.local/lib/python3.12/site-packages/airflow/models/dagbag.py", line 351, in parse
    loader.exec_module(new_module)
  File "<frozen importlib._bootstrap_external>", line 995, in exec_module
  File "<frozen importlib._bootstrap>", line 488, in _call_with_frames_removed
  File "/opt/airflow/dags/transformation_DAG.py", line 10, in <module>
    from include import transform
  File "/opt/airflow/include/transform.py", line 6
    df = pd.DataFrame(data, columns=["videoId", "title", "publishedAt", "duration", "viewCount", "likeCount", "commentCount"])    print(df)
                                                                                                                                  ^^^^^
SyntaxError: invalid syntax
[2026-09-17T12:35:52.046+0000] {processor.py:842} WARNING - No viable dags retrieved from /opt/airflow/dags/transformation_DAG.py
[2026-09-17T12:35:52.053+0000] {processor.py:183} INFO - Processing /opt/airflow/dags/transformation_DAG.py took 0.384 seconds
[2026-09-17T12:36:22.211+0000] {processor.py:161} INFO - Started process (PID=4543) to work on /opt/airflow/dags/transformation_DAG.py
[2026-09-17T12:36:22.211+0000] {processor.py:830} INFO - Processing file /opt/airflow/dags/transformation_DAG.py for tasks to queue
[2026-09-17T12:36:22.212+0000] {logging_mixin.py:188} INFO - [2026-09-17T12:36:22.211+0000] {dagbag.py:545} INFO - Filling up the DagBag from /opt/airflow/dags/transformation_DAG.py
[2026-09-17T12:36:22.482+0000] {logging_mixin.py:188} INFO - [2026-09-17T12:36:22.481+0000] {dagbag.py:355} ERROR - Failed to import: /opt/airflow/dags/transformation_DAG.py
Traceback (most recent call last):
  File "/home/airflow/.local/lib/python3.12/site-packages/airflow/models/dagbag.py", line 351, in parse
    loader.exec_module(new_module)
  File "<frozen importlib._bootstrap_external>", line 995, in exec_module
  File "<frozen importlib._bootstrap>", line 488, in _call_with_frames_removed
  File "/opt/airflow/dags/transformation_DAG.py", line 10, in <module>
    from include import transform
  File "/opt/airflow/include/transform.py", line 6
    df = pd.DataFrame(data, columns=["videoId", "title", "publishedAt", "duration", "viewCount", "likeCount", "commentCount"])    print(df)
                                                                                                                                  ^^^^^
SyntaxError: invalid syntax
[2026-09-17T12:36:22.482+0000] {processor.py:842} WARNING - No viable dags retrieved from /opt/airflow/dags/transformation_DAG.py
[2026-09-17T12:36:22.490+0000] {processor.py:183} INFO - Processing /opt/airflow/dags/transformation_DAG.py took 0.286 seconds
[2026-09-17T12:36:52.664+0000] {processor.py:161} INFO - Started process (PID=4553) to work on /opt/airflow/dags/transformation_DAG.py
[2026-09-17T12:36:52.779+0000] {processor.py:830} INFO - Processing file /opt/airflow/dags/transformation_DAG.py for tasks to queue
[2026-09-17T12:36:52.780+0000] {logging_mixin.py:188} INFO - [2026-09-17T12:36:52.779+0000] {dagbag.py:545} INFO - Filling up the DagBag from /opt/airflow/dags/transformation_DAG.py
[2026-09-17T12:36:53.067+0000] {logging_mixin.py:188} INFO - [2026-09-17T12:36:53.067+0000] {dagbag.py:355} ERROR - Failed to import: /opt/airflow/dags/transformation_DAG.py
Traceback (most recent call last):
  File "/home/airflow/.local/lib/python3.12/site-packages/airflow/models/dagbag.py", line 351, in parse
    loader.exec_module(new_module)
  File "<frozen importlib._bootstrap_external>", line 995, in exec_module
  File "<frozen importlib._bootstrap>", line 488, in _call_with_frames_removed
  File "/opt/airflow/dags/transformation_DAG.py", line 10, in <module>
    from include import transform
  File "/opt/airflow/include/transform.py", line 6
    df = pd.DataFrame(data, columns=["videoId", "title", "publishedAt", "duration", "viewCount", "likeCount", "commentCount"])    print(df)
                                                                                                                                  ^^^^^
SyntaxError: invalid syntax
[2026-09-17T12:36:53.068+0000] {processor.py:842} WARNING - No viable dags retrieved from /opt/airflow/dags/transformation_DAG.py
[2026-09-17T12:36:53.077+0000] {processor.py:183} INFO - Processing /opt/airflow/dags/transformation_DAG.py took 0.418 seconds
[2026-09-17T12:37:23.223+0000] {processor.py:161} INFO - Started process (PID=4563) to work on /opt/airflow/dags/transformation_DAG.py
[2026-09-17T12:37:23.223+0000] {processor.py:830} INFO - Processing file /opt/airflow/dags/transformation_DAG.py for tasks to queue
[2026-09-17T12:37:23.224+0000] {logging_mixin.py:188} INFO - [2026-09-17T12:37:23.224+0000] {dagbag.py:545} INFO - Filling up the DagBag from /opt/airflow/dags/transformation_DAG.py
[2026-09-17T12:37:23.514+0000] {logging_mixin.py:188} INFO - [2026-09-17T12:37:23.513+0000] {dagbag.py:355} ERROR - Failed to import: /opt/airflow/dags/transformation_DAG.py
Traceback (most recent call last):
  File "/home/airflow/.local/lib/python3.12/site-packages/airflow/models/dagbag.py", line 351, in parse
    loader.exec_module(new_module)
  File "<frozen importlib._bootstrap_external>", line 995, in exec_module
  File "<frozen importlib._bootstrap>", line 488, in _call_with_frames_removed
  File "/opt/airflow/dags/transformation_DAG.py", line 10, in <module>
    from include import transform
  File "/opt/airflow/include/transform.py", line 6
    df = pd.DataFrame(data, columns=["videoId", "title", "publishedAt", "duration", "viewCount", "likeCount", "commentCount"])    print(df)
                                                                                                                                  ^^^^^
SyntaxError: invalid syntax
[2026-09-17T12:37:23.514+0000] {processor.py:842} WARNING - No viable dags retrieved from /opt/airflow/dags/transformation_DAG.py
[2026-09-17T12:37:23.522+0000] {processor.py:183} INFO - Processing /opt/airflow/dags/transformation_DAG.py took 0.303 seconds
[2026-09-17T12:37:53.679+0000] {processor.py:161} INFO - Started process (PID=4573) to work on /opt/airflow/dags/transformation_DAG.py
[2026-09-17T12:37:53.685+0000] {processor.py:830} INFO - Processing file /opt/airflow/dags/transformation_DAG.py for tasks to queue
[2026-09-17T12:37:53.686+0000] {logging_mixin.py:188} INFO - [2026-09-17T12:37:53.686+0000] {dagbag.py:545} INFO - Filling up the DagBag from /opt/airflow/dags/transformation_DAG.py
[2026-09-17T12:37:53.960+0000] {logging_mixin.py:188} INFO - [2026-09-17T12:37:53.959+0000] {dagbag.py:355} ERROR - Failed to import: /opt/airflow/dags/transformation_DAG.py
Traceback (most recent call last):
  File "/home/airflow/.local/lib/python3.12/site-packages/airflow/models/dagbag.py", line 351, in parse
    loader.exec_module(new_module)
  File "<frozen importlib._bootstrap_external>", line 995, in exec_module
  File "<frozen importlib._bootstrap>", line 488, in _call_with_frames_removed
  File "/opt/airflow/dags/transformation_DAG.py", line 10, in <module>
    from include import transform
  File "/opt/airflow/include/transform.py", line 6
    df = pd.DataFrame(data, columns=["videoId", "title", "publishedAt", "duration", "viewCount", "likeCount", "commentCount"])    print(df)
                                                                                                                                  ^^^^^
SyntaxError: invalid syntax
[2026-09-17T12:37:53.960+0000] {processor.py:842} WARNING - No viable dags retrieved from /opt/airflow/dags/transformation_DAG.py
[2026-09-17T12:37:53.968+0000] {processor.py:183} INFO - Processing /opt/airflow/dags/transformation_DAG.py took 0.299 seconds
[2026-09-17T12:38:24.134+0000] {processor.py:161} INFO - Started process (PID=4583) to work on /opt/airflow/dags/transformation_DAG.py
[2026-09-17T12:38:24.135+0000] {processor.py:830} INFO - Processing file /opt/airflow/dags/transformation_DAG.py for tasks to queue
[2026-09-17T12:38:24.136+0000] {logging_mixin.py:188} INFO - [2026-09-17T12:38:24.136+0000] {dagbag.py:545} INFO - Filling up the DagBag from /opt/airflow/dags/transformation_DAG.py
[2026-09-17T12:38:24.405+0000] {logging_mixin.py:188} INFO - [2026-09-17T12:38:24.404+0000] {dagbag.py:355} ERROR - Failed to import: /opt/airflow/dags/transformation_DAG.py
Traceback (most recent call last):
  File "/home/airflow/.local/lib/python3.12/site-packages/airflow/models/dagbag.py", line 351, in parse
    loader.exec_module(new_module)
  File "<frozen importlib._bootstrap_external>", line 995, in exec_module
  File "<frozen importlib._bootstrap>", line 488, in _call_with_frames_removed
  File "/opt/airflow/dags/transformation_DAG.py", line 10, in <module>
    from include import transform
  File "/opt/airflow/include/transform.py", line 6
    df = pd.DataFrame(data, columns=["videoId", "title", "publishedAt", "duration", "viewCount", "likeCount", "commentCount"])    print(df)
                                                                                                                                  ^^^^^
SyntaxError: invalid syntax
[2026-09-17T12:38:24.405+0000] {processor.py:842} WARNING - No viable dags retrieved from /opt/airflow/dags/transformation_DAG.py
[2026-09-17T12:38:24.413+0000] {processor.py:183} INFO - Processing /opt/airflow/dags/transformation_DAG.py took 0.289 seconds
[2026-09-17T12:38:54.571+0000] {processor.py:161} INFO - Started process (PID=4593) to work on /opt/airflow/dags/transformation_DAG.py
[2026-09-17T12:38:54.669+0000] {processor.py:830} INFO - Processing file /opt/airflow/dags/transformation_DAG.py for tasks to queue
[2026-09-17T12:38:54.670+0000] {logging_mixin.py:188} INFO - [2026-09-17T12:38:54.670+0000] {dagbag.py:545} INFO - Filling up the DagBag from /opt/airflow/dags/transformation_DAG.py
[2026-09-17T12:38:54.949+0000] {logging_mixin.py:188} INFO - [2026-09-17T12:38:54.948+0000] {dagbag.py:355} ERROR - Failed to import: /opt/airflow/dags/transformation_DAG.py
Traceback (most recent call last):
  File "/home/airflow/.local/lib/python3.12/site-packages/airflow/models/dagbag.py", line 351, in parse
    loader.exec_module(new_module)
  File "<frozen importlib._bootstrap_external>", line 995, in exec_module
  File "<frozen importlib._bootstrap>", line 488, in _call_with_frames_removed
  File "/opt/airflow/dags/transformation_DAG.py", line 10, in <module>
    from include import transform
  File "/opt/airflow/include/transform.py", line 6
    df = pd.DataFrame(data, columns=["videoId", "title", "publishedAt", "duration", "viewCount", "likeCount", "commentCount"])    print(df)
                                                                                                                                  ^^^^^
SyntaxError: invalid syntax
[2026-09-17T12:38:54.949+0000] {processor.py:842} WARNING - No viable dags retrieved from /opt/airflow/dags/transformation_DAG.py
[2026-09-17T12:38:54.958+0000] {processor.py:183} INFO - Processing /opt/airflow/dags/transformation_DAG.py took 0.390 seconds
[2026-09-17T12:39:25.108+0000] {processor.py:161} INFO - Started process (PID=4603) to work on /opt/airflow/dags/transformation_DAG.py
[2026-09-17T12:39:25.109+0000] {processor.py:830} INFO - Processing file /opt/airflow/dags/transformation_DAG.py for tasks to queue
[2026-09-17T12:39:25.109+0000] {logging_mixin.py:188} INFO - [2026-09-17T12:39:25.109+0000] {dagbag.py:545} INFO - Filling up the DagBag from /opt/airflow/dags/transformation_DAG.py
[2026-09-17T12:39:25.388+0000] {logging_mixin.py:188} INFO - [2026-09-17T12:39:25.387+0000] {dagbag.py:355} ERROR - Failed to import: /opt/airflow/dags/transformation_DAG.py
Traceback (most recent call last):
  File "/home/airflow/.local/lib/python3.12/site-packages/airflow/models/dagbag.py", line 351, in parse
    loader.exec_module(new_module)
  File "<frozen importlib._bootstrap_external>", line 995, in exec_module
  File "<frozen importlib._bootstrap>", line 488, in _call_with_frames_removed
  File "/opt/airflow/dags/transformation_DAG.py", line 10, in <module>
    from include import transform
  File "/opt/airflow/include/transform.py", line 6
    df = pd.DataFrame(data, columns=["videoId", "title", "publishedAt", "duration", "viewCount", "likeCount", "commentCount"])    print(df)
                                                                                                                                  ^^^^^
SyntaxError: invalid syntax
[2026-09-17T12:39:25.388+0000] {processor.py:842} WARNING - No viable dags retrieved from /opt/airflow/dags/transformation_DAG.py
[2026-09-17T12:39:25.397+0000] {processor.py:183} INFO - Processing /opt/airflow/dags/transformation_DAG.py took 0.294 seconds
[2026-09-17T12:39:55.557+0000] {processor.py:161} INFO - Started process (PID=4613) to work on /opt/airflow/dags/transformation_DAG.py
[2026-09-17T12:39:55.651+0000] {processor.py:830} INFO - Processing file /opt/airflow/dags/transformation_DAG.py for tasks to queue
[2026-09-17T12:39:55.652+0000] {logging_mixin.py:188} INFO - [2026-09-17T12:39:55.652+0000] {dagbag.py:545} INFO - Filling up the DagBag from /opt/airflow/dags/transformation_DAG.py
[2026-09-17T12:39:55.936+0000] {logging_mixin.py:188} INFO - [2026-09-17T12:39:55.935+0000] {dagbag.py:355} ERROR - Failed to import: /opt/airflow/dags/transformation_DAG.py
Traceback (most recent call last):
  File "/home/airflow/.local/lib/python3.12/site-packages/airflow/models/dagbag.py", line 351, in parse
    loader.exec_module(new_module)
  File "<frozen importlib._bootstrap_external>", line 995, in exec_module
  File "<frozen importlib._bootstrap>", line 488, in _call_with_frames_removed
  File "/opt/airflow/dags/transformation_DAG.py", line 10, in <module>
    from include import transform
  File "/opt/airflow/include/transform.py", line 6
    df = pd.DataFrame(data, columns=["videoId", "title", "publishedAt", "duration", "viewCount", "likeCount", "commentCount"])    print(df)
                                                                                                                                  ^^^^^
SyntaxError: invalid syntax
[2026-09-17T12:39:55.936+0000] {processor.py:842} WARNING - No viable dags retrieved from /opt/airflow/dags/transformation_DAG.py
[2026-09-17T12:39:55.945+0000] {processor.py:183} INFO - Processing /opt/airflow/dags/transformation_DAG.py took 0.393 seconds
[2026-09-17T12:40:26.088+0000] {processor.py:161} INFO - Started process (PID=4623) to work on /opt/airflow/dags/transformation_DAG.py
[2026-09-17T12:40:26.088+0000] {processor.py:830} INFO - Processing file /opt/airflow/dags/transformation_DAG.py for tasks to queue
[2026-09-17T12:40:26.089+0000] {logging_mixin.py:188} INFO - [2026-09-17T12:40:26.088+0000] {dagbag.py:545} INFO - Filling up the DagBag from /opt/airflow/dags/transformation_DAG.py
[2026-09-17T12:40:26.365+0000] {logging_mixin.py:188} INFO - [2026-09-17T12:40:26.364+0000] {dagbag.py:355} ERROR - Failed to import: /opt/airflow/dags/transformation_DAG.py
Traceback (most recent call last):
  File "/home/airflow/.local/lib/python3.12/site-packages/airflow/models/dagbag.py", line 351, in parse
    loader.exec_module(new_module)
  File "<frozen importlib._bootstrap_external>", line 995, in exec_module
  File "<frozen importlib._bootstrap>", line 488, in _call_with_frames_removed
  File "/opt/airflow/dags/transformation_DAG.py", line 10, in <module>
    from include import transform
  File "/opt/airflow/include/transform.py", line 6
    df = pd.DataFrame(data, columns=["videoId", "title", "publishedAt", "duration", "viewCount", "likeCount", "commentCount"])    print(df)
                                                                                                                                  ^^^^^
SyntaxError: invalid syntax
[2026-09-17T12:40:26.365+0000] {processor.py:842} WARNING - No viable dags retrieved from /opt/airflow/dags/transformation_DAG.py
[2026-09-17T12:40:26.373+0000] {processor.py:183} INFO - Processing /opt/airflow/dags/transformation_DAG.py took 0.290 seconds
[2026-09-17T12:40:56.537+0000] {processor.py:161} INFO - Started process (PID=4633) to work on /opt/airflow/dags/transformation_DAG.py
[2026-09-17T12:40:56.637+0000] {processor.py:830} INFO - Processing file /opt/airflow/dags/transformation_DAG.py for tasks to queue
[2026-09-17T12:40:56.638+0000] {logging_mixin.py:188} INFO - [2026-09-17T12:40:56.638+0000] {dagbag.py:545} INFO - Filling up the DagBag from /opt/airflow/dags/transformation_DAG.py
[2026-09-17T12:40:56.920+0000] {logging_mixin.py:188} INFO - [2026-09-17T12:40:56.920+0000] {dagbag.py:355} ERROR - Failed to import: /opt/airflow/dags/transformation_DAG.py
Traceback (most recent call last):
  File "/home/airflow/.local/lib/python3.12/site-packages/airflow/models/dagbag.py", line 351, in parse
    loader.exec_module(new_module)
  File "<frozen importlib._bootstrap_external>", line 995, in exec_module
  File "<frozen importlib._bootstrap>", line 488, in _call_with_frames_removed
  File "/opt/airflow/dags/transformation_DAG.py", line 10, in <module>
    from include import transform
  File "/opt/airflow/include/transform.py", line 6
    df = pd.DataFrame(data, columns=["videoId", "title", "publishedAt", "duration", "viewCount", "likeCount", "commentCount"])    print(df)
                                                                                                                                  ^^^^^
SyntaxError: invalid syntax
[2026-09-17T12:40:56.921+0000] {processor.py:842} WARNING - No viable dags retrieved from /opt/airflow/dags/transformation_DAG.py
[2026-09-17T12:40:56.929+0000] {processor.py:183} INFO - Processing /opt/airflow/dags/transformation_DAG.py took 0.398 seconds
[2026-09-17T12:41:27.076+0000] {processor.py:161} INFO - Started process (PID=4643) to work on /opt/airflow/dags/transformation_DAG.py
[2026-09-17T12:41:27.077+0000] {processor.py:830} INFO - Processing file /opt/airflow/dags/transformation_DAG.py for tasks to queue
[2026-09-17T12:41:27.078+0000] {logging_mixin.py:188} INFO - [2026-09-17T12:41:27.078+0000] {dagbag.py:545} INFO - Filling up the DagBag from /opt/airflow/dags/transformation_DAG.py
[2026-09-17T12:41:27.357+0000] {logging_mixin.py:188} INFO - [2026-09-17T12:41:27.356+0000] {dagbag.py:355} ERROR - Failed to import: /opt/airflow/dags/transformation_DAG.py
Traceback (most recent call last):
  File "/home/airflow/.local/lib/python3.12/site-packages/airflow/models/dagbag.py", line 351, in parse
    loader.exec_module(new_module)
  File "<frozen importlib._bootstrap_external>", line 995, in exec_module
  File "<frozen importlib._bootstrap>", line 488, in _call_with_frames_removed
  File "/opt/airflow/dags/transformation_DAG.py", line 10, in <module>
    from include import transform
  File "/opt/airflow/include/transform.py", line 6
    df = pd.DataFrame(data, columns=["videoId", "title", "publishedAt", "duration", "viewCount", "likeCount", "commentCount"])    print(df)
                                                                                                                                  ^^^^^
SyntaxError: invalid syntax
[2026-09-17T12:41:27.357+0000] {processor.py:842} WARNING - No viable dags retrieved from /opt/airflow/dags/transformation_DAG.py
[2026-09-17T12:41:27.365+0000] {processor.py:183} INFO - Processing /opt/airflow/dags/transformation_DAG.py took 0.298 seconds
[2026-09-17T12:41:57.522+0000] {processor.py:161} INFO - Started process (PID=4653) to work on /opt/airflow/dags/transformation_DAG.py
[2026-09-17T12:41:57.634+0000] {processor.py:830} INFO - Processing file /opt/airflow/dags/transformation_DAG.py for tasks to queue
[2026-09-17T12:41:57.636+0000] {logging_mixin.py:188} INFO - [2026-09-17T12:41:57.635+0000] {dagbag.py:545} INFO - Filling up the DagBag from /opt/airflow/dags/transformation_DAG.py
[2026-09-17T12:41:57.918+0000] {logging_mixin.py:188} INFO - [2026-09-17T12:41:57.917+0000] {dagbag.py:355} ERROR - Failed to import: /opt/airflow/dags/transformation_DAG.py
Traceback (most recent call last):
  File "/home/airflow/.local/lib/python3.12/site-packages/airflow/models/dagbag.py", line 351, in parse
    loader.exec_module(new_module)
  File "<frozen importlib._bootstrap_external>", line 995, in exec_module
  File "<frozen importlib._bootstrap>", line 488, in _call_with_frames_removed
  File "/opt/airflow/dags/transformation_DAG.py", line 10, in <module>
    from include import transform
  File "/opt/airflow/include/transform.py", line 6
    df = pd.DataFrame(data, columns=["videoId", "title", "publishedAt", "duration", "viewCount", "likeCount", "commentCount"])    print(df)
                                                                                                                                  ^^^^^
SyntaxError: invalid syntax
[2026-09-17T12:41:57.918+0000] {processor.py:842} WARNING - No viable dags retrieved from /opt/airflow/dags/transformation_DAG.py
[2026-09-17T12:41:57.927+0000] {processor.py:183} INFO - Processing /opt/airflow/dags/transformation_DAG.py took 0.410 seconds
[2026-09-17T12:42:28.083+0000] {processor.py:161} INFO - Started process (PID=4663) to work on /opt/airflow/dags/transformation_DAG.py
[2026-09-17T12:42:28.084+0000] {processor.py:830} INFO - Processing file /opt/airflow/dags/transformation_DAG.py for tasks to queue
[2026-09-17T12:42:28.084+0000] {logging_mixin.py:188} INFO - [2026-09-17T12:42:28.084+0000] {dagbag.py:545} INFO - Filling up the DagBag from /opt/airflow/dags/transformation_DAG.py
[2026-09-17T12:42:28.387+0000] {logging_mixin.py:188} INFO - [2026-09-17T12:42:28.386+0000] {dagbag.py:355} ERROR - Failed to import: /opt/airflow/dags/transformation_DAG.py
Traceback (most recent call last):
  File "/home/airflow/.local/lib/python3.12/site-packages/airflow/models/dagbag.py", line 351, in parse
    loader.exec_module(new_module)
  File "<frozen importlib._bootstrap_external>", line 995, in exec_module
  File "<frozen importlib._bootstrap>", line 488, in _call_with_frames_removed
  File "/opt/airflow/dags/transformation_DAG.py", line 10, in <module>
    from include import transform
  File "/opt/airflow/include/transform.py", line 6
    df = pd.DataFrame(data, columns=["videoId", "title", "publishedAt", "duration", "viewCount", "likeCount", "commentCount"])    print(df)
                                                                                                                                  ^^^^^
SyntaxError: invalid syntax
[2026-09-17T12:42:28.387+0000] {processor.py:842} WARNING - No viable dags retrieved from /opt/airflow/dags/transformation_DAG.py
[2026-09-17T12:42:28.395+0000] {processor.py:183} INFO - Processing /opt/airflow/dags/transformation_DAG.py took 0.316 seconds
[2026-09-17T12:42:58.542+0000] {processor.py:161} INFO - Started process (PID=4673) to work on /opt/airflow/dags/transformation_DAG.py
[2026-09-17T12:42:58.552+0000] {processor.py:830} INFO - Processing file /opt/airflow/dags/transformation_DAG.py for tasks to queue
[2026-09-17T12:42:58.553+0000] {logging_mixin.py:188} INFO - [2026-09-17T12:42:58.552+0000] {dagbag.py:545} INFO - Filling up the DagBag from /opt/airflow/dags/transformation_DAG.py
[2026-09-17T12:42:58.838+0000] {logging_mixin.py:188} INFO - [2026-09-17T12:42:58.837+0000] {dagbag.py:355} ERROR - Failed to import: /opt/airflow/dags/transformation_DAG.py
Traceback (most recent call last):
  File "/home/airflow/.local/lib/python3.12/site-packages/airflow/models/dagbag.py", line 351, in parse
    loader.exec_module(new_module)
  File "<frozen importlib._bootstrap_external>", line 995, in exec_module
  File "<frozen importlib._bootstrap>", line 488, in _call_with_frames_removed
  File "/opt/airflow/dags/transformation_DAG.py", line 10, in <module>
    from include import transform
  File "/opt/airflow/include/transform.py", line 6
    df = pd.DataFrame(data, columns=["videoId", "title", "publishedAt", "duration", "viewCount", "likeCount", "commentCount"])    print(df)
                                                                                                                                  ^^^^^
SyntaxError: invalid syntax
[2026-09-17T12:42:58.838+0000] {processor.py:842} WARNING - No viable dags retrieved from /opt/airflow/dags/transformation_DAG.py
[2026-09-17T12:42:58.848+0000] {processor.py:183} INFO - Processing /opt/airflow/dags/transformation_DAG.py took 0.309 seconds
[2026-09-17T12:43:29.015+0000] {processor.py:161} INFO - Started process (PID=4683) to work on /opt/airflow/dags/transformation_DAG.py
[2026-09-17T12:43:29.107+0000] {processor.py:830} INFO - Processing file /opt/airflow/dags/transformation_DAG.py for tasks to queue
[2026-09-17T12:43:29.107+0000] {logging_mixin.py:188} INFO - [2026-09-17T12:43:29.107+0000] {dagbag.py:545} INFO - Filling up the DagBag from /opt/airflow/dags/transformation_DAG.py
[2026-09-17T12:43:29.392+0000] {logging_mixin.py:188} INFO - [2026-09-17T12:43:29.391+0000] {dagbag.py:355} ERROR - Failed to import: /opt/airflow/dags/transformation_DAG.py
Traceback (most recent call last):
  File "/home/airflow/.local/lib/python3.12/site-packages/airflow/models/dagbag.py", line 351, in parse
    loader.exec_module(new_module)
  File "<frozen importlib._bootstrap_external>", line 995, in exec_module
  File "<frozen importlib._bootstrap>", line 488, in _call_with_frames_removed
  File "/opt/airflow/dags/transformation_DAG.py", line 10, in <module>
    from include import transform
  File "/opt/airflow/include/transform.py", line 6
    df = pd.DataFrame(data, columns=["videoId", "title", "publishedAt", "duration", "viewCount", "likeCount", "commentCount"])    print(df)
                                                                                                                                  ^^^^^
SyntaxError: invalid syntax
[2026-09-17T12:43:29.393+0000] {processor.py:842} WARNING - No viable dags retrieved from /opt/airflow/dags/transformation_DAG.py
[2026-09-17T12:43:29.401+0000] {processor.py:183} INFO - Processing /opt/airflow/dags/transformation_DAG.py took 0.395 seconds
[2026-09-17T12:43:59.559+0000] {processor.py:161} INFO - Started process (PID=4693) to work on /opt/airflow/dags/transformation_DAG.py
[2026-09-17T12:43:59.560+0000] {processor.py:830} INFO - Processing file /opt/airflow/dags/transformation_DAG.py for tasks to queue
[2026-09-17T12:43:59.561+0000] {logging_mixin.py:188} INFO - [2026-09-17T12:43:59.560+0000] {dagbag.py:545} INFO - Filling up the DagBag from /opt/airflow/dags/transformation_DAG.py
[2026-09-17T12:43:59.833+0000] {logging_mixin.py:188} INFO - [2026-09-17T12:43:59.832+0000] {dagbag.py:355} ERROR - Failed to import: /opt/airflow/dags/transformation_DAG.py
Traceback (most recent call last):
  File "/home/airflow/.local/lib/python3.12/site-packages/airflow/models/dagbag.py", line 351, in parse
    loader.exec_module(new_module)
  File "<frozen importlib._bootstrap_external>", line 995, in exec_module
  File "<frozen importlib._bootstrap>", line 488, in _call_with_frames_removed
  File "/opt/airflow/dags/transformation_DAG.py", line 10, in <module>
    from include import transform
  File "/opt/airflow/include/transform.py", line 6
    df = pd.DataFrame(data, columns=["videoId", "title", "publishedAt", "duration", "viewCount", "likeCount", "commentCount"])    print(df)
                                                                                                                                  ^^^^^
SyntaxError: invalid syntax
[2026-09-17T12:43:59.833+0000] {processor.py:842} WARNING - No viable dags retrieved from /opt/airflow/dags/transformation_DAG.py
[2026-09-17T12:43:59.841+0000] {processor.py:183} INFO - Processing /opt/airflow/dags/transformation_DAG.py took 0.290 seconds
[2026-09-17T12:44:29.994+0000] {processor.py:161} INFO - Started process (PID=4703) to work on /opt/airflow/dags/transformation_DAG.py
[2026-09-17T12:44:30.084+0000] {processor.py:830} INFO - Processing file /opt/airflow/dags/transformation_DAG.py for tasks to queue
[2026-09-17T12:44:30.085+0000] {logging_mixin.py:188} INFO - [2026-09-17T12:44:30.085+0000] {dagbag.py:545} INFO - Filling up the DagBag from /opt/airflow/dags/transformation_DAG.py
[2026-09-17T12:44:30.372+0000] {logging_mixin.py:188} INFO - [2026-09-17T12:44:30.371+0000] {dagbag.py:355} ERROR - Failed to import: /opt/airflow/dags/transformation_DAG.py
Traceback (most recent call last):
  File "/home/airflow/.local/lib/python3.12/site-packages/airflow/models/dagbag.py", line 351, in parse
    loader.exec_module(new_module)
  File "<frozen importlib._bootstrap_external>", line 995, in exec_module
  File "<frozen importlib._bootstrap>", line 488, in _call_with_frames_removed
  File "/opt/airflow/dags/transformation_DAG.py", line 10, in <module>
    from include import transform
  File "/opt/airflow/include/transform.py", line 6
    df = pd.DataFrame(data, columns=["videoId", "title", "publishedAt", "duration", "viewCount", "likeCount", "commentCount"])    print(df)
                                                                                                                                  ^^^^^
SyntaxError: invalid syntax
[2026-09-17T12:44:30.372+0000] {processor.py:842} WARNING - No viable dags retrieved from /opt/airflow/dags/transformation_DAG.py
[2026-09-17T12:44:30.382+0000] {processor.py:183} INFO - Processing /opt/airflow/dags/transformation_DAG.py took 0.393 seconds
[2026-09-17T12:45:00.545+0000] {processor.py:161} INFO - Started process (PID=4713) to work on /opt/airflow/dags/transformation_DAG.py
[2026-09-17T12:45:00.546+0000] {processor.py:830} INFO - Processing file /opt/airflow/dags/transformation_DAG.py for tasks to queue
[2026-09-17T12:45:00.547+0000] {logging_mixin.py:188} INFO - [2026-09-17T12:45:00.546+0000] {dagbag.py:545} INFO - Filling up the DagBag from /opt/airflow/dags/transformation_DAG.py
[2026-09-17T12:45:00.818+0000] {logging_mixin.py:188} INFO - [2026-09-17T12:45:00.817+0000] {dagbag.py:355} ERROR - Failed to import: /opt/airflow/dags/transformation_DAG.py
Traceback (most recent call last):
  File "/home/airflow/.local/lib/python3.12/site-packages/airflow/models/dagbag.py", line 351, in parse
    loader.exec_module(new_module)
  File "<frozen importlib._bootstrap_external>", line 995, in exec_module
  File "<frozen importlib._bootstrap>", line 488, in _call_with_frames_removed
  File "/opt/airflow/dags/transformation_DAG.py", line 10, in <module>
    from include import transform
  File "/opt/airflow/include/transform.py", line 6
    df = pd.DataFrame(data, columns=["videoId", "title", "publishedAt", "duration", "viewCount", "likeCount", "commentCount"])    print(df)
                                                                                                                                  ^^^^^
SyntaxError: invalid syntax
[2026-09-17T12:45:00.818+0000] {processor.py:842} WARNING - No viable dags retrieved from /opt/airflow/dags/transformation_DAG.py
[2026-09-17T12:45:00.827+0000] {processor.py:183} INFO - Processing /opt/airflow/dags/transformation_DAG.py took 0.291 seconds
[2026-09-17T12:45:30.986+0000] {processor.py:161} INFO - Started process (PID=4723) to work on /opt/airflow/dags/transformation_DAG.py
[2026-09-17T12:45:30.996+0000] {processor.py:830} INFO - Processing file /opt/airflow/dags/transformation_DAG.py for tasks to queue
[2026-09-17T12:45:30.997+0000] {logging_mixin.py:188} INFO - [2026-09-17T12:45:30.997+0000] {dagbag.py:545} INFO - Filling up the DagBag from /opt/airflow/dags/transformation_DAG.py
[2026-09-17T12:45:31.282+0000] {logging_mixin.py:188} INFO - [2026-09-17T12:45:31.281+0000] {dagbag.py:355} ERROR - Failed to import: /opt/airflow/dags/transformation_DAG.py
Traceback (most recent call last):
  File "/home/airflow/.local/lib/python3.12/site-packages/airflow/models/dagbag.py", line 351, in parse
    loader.exec_module(new_module)
  File "<frozen importlib._bootstrap_external>", line 995, in exec_module
  File "<frozen importlib._bootstrap>", line 488, in _call_with_frames_removed
  File "/opt/airflow/dags/transformation_DAG.py", line 10, in <module>
    from include import transform
  File "/opt/airflow/include/transform.py", line 6
    df = pd.DataFrame(data, columns=["videoId", "title", "publishedAt", "duration", "viewCount", "likeCount", "commentCount"])    print(df)
                                                                                                                                  ^^^^^
SyntaxError: invalid syntax
[2026-09-17T12:45:31.282+0000] {processor.py:842} WARNING - No viable dags retrieved from /opt/airflow/dags/transformation_DAG.py
[2026-09-17T12:45:31.290+0000] {processor.py:183} INFO - Processing /opt/airflow/dags/transformation_DAG.py took 0.310 seconds
[2026-09-17T12:46:01.433+0000] {processor.py:161} INFO - Started process (PID=4733) to work on /opt/airflow/dags/transformation_DAG.py
[2026-09-17T12:46:01.434+0000] {processor.py:830} INFO - Processing file /opt/airflow/dags/transformation_DAG.py for tasks to queue
[2026-09-17T12:46:01.434+0000] {logging_mixin.py:188} INFO - [2026-09-17T12:46:01.434+0000] {dagbag.py:545} INFO - Filling up the DagBag from /opt/airflow/dags/transformation_DAG.py
[2026-09-17T12:46:01.707+0000] {logging_mixin.py:188} INFO - [2026-09-17T12:46:01.706+0000] {dagbag.py:355} ERROR - Failed to import: /opt/airflow/dags/transformation_DAG.py
Traceback (most recent call last):
  File "/home/airflow/.local/lib/python3.12/site-packages/airflow/models/dagbag.py", line 351, in parse
    loader.exec_module(new_module)
  File "<frozen importlib._bootstrap_external>", line 995, in exec_module
  File "<frozen importlib._bootstrap>", line 488, in _call_with_frames_removed
  File "/opt/airflow/dags/transformation_DAG.py", line 10, in <module>
    from include import transform
  File "/opt/airflow/include/transform.py", line 6
    df = pd.DataFrame(data, columns=["videoId", "title", "publishedAt", "duration", "viewCount", "likeCount", "commentCount"])    print(df)
                                                                                                                                  ^^^^^
SyntaxError: invalid syntax
[2026-09-17T12:46:01.707+0000] {processor.py:842} WARNING - No viable dags retrieved from /opt/airflow/dags/transformation_DAG.py
[2026-09-17T12:46:01.715+0000] {processor.py:183} INFO - Processing /opt/airflow/dags/transformation_DAG.py took 0.287 seconds
[2026-09-17T12:46:31.877+0000] {processor.py:161} INFO - Started process (PID=4743) to work on /opt/airflow/dags/transformation_DAG.py
[2026-09-17T12:46:31.883+0000] {processor.py:830} INFO - Processing file /opt/airflow/dags/transformation_DAG.py for tasks to queue
[2026-09-17T12:46:31.884+0000] {logging_mixin.py:188} INFO - [2026-09-17T12:46:31.884+0000] {dagbag.py:545} INFO - Filling up the DagBag from /opt/airflow/dags/transformation_DAG.py
[2026-09-17T12:46:32.158+0000] {logging_mixin.py:188} INFO - [2026-09-17T12:46:32.157+0000] {dagbag.py:355} ERROR - Failed to import: /opt/airflow/dags/transformation_DAG.py
Traceback (most recent call last):
  File "/home/airflow/.local/lib/python3.12/site-packages/airflow/models/dagbag.py", line 351, in parse
    loader.exec_module(new_module)
  File "<frozen importlib._bootstrap_external>", line 995, in exec_module
  File "<frozen importlib._bootstrap>", line 488, in _call_with_frames_removed
  File "/opt/airflow/dags/transformation_DAG.py", line 10, in <module>
    from include import transform
  File "/opt/airflow/include/transform.py", line 6
    df = pd.DataFrame(data, columns=["videoId", "title", "publishedAt", "duration", "viewCount", "likeCount", "commentCount"])    print(df)
                                                                                                                                  ^^^^^
SyntaxError: invalid syntax
[2026-09-17T12:46:32.158+0000] {processor.py:842} WARNING - No viable dags retrieved from /opt/airflow/dags/transformation_DAG.py
[2026-09-17T12:46:32.168+0000] {processor.py:183} INFO - Processing /opt/airflow/dags/transformation_DAG.py took 0.295 seconds
[2026-09-17T12:47:02.314+0000] {processor.py:161} INFO - Started process (PID=4753) to work on /opt/airflow/dags/transformation_DAG.py
[2026-09-17T12:47:02.314+0000] {processor.py:830} INFO - Processing file /opt/airflow/dags/transformation_DAG.py for tasks to queue
[2026-09-17T12:47:02.315+0000] {logging_mixin.py:188} INFO - [2026-09-17T12:47:02.315+0000] {dagbag.py:545} INFO - Filling up the DagBag from /opt/airflow/dags/transformation_DAG.py
[2026-09-17T12:47:02.586+0000] {logging_mixin.py:188} INFO - [2026-09-17T12:47:02.585+0000] {dagbag.py:355} ERROR - Failed to import: /opt/airflow/dags/transformation_DAG.py
Traceback (most recent call last):
  File "/home/airflow/.local/lib/python3.12/site-packages/airflow/models/dagbag.py", line 351, in parse
    loader.exec_module(new_module)
  File "<frozen importlib._bootstrap_external>", line 995, in exec_module
  File "<frozen importlib._bootstrap>", line 488, in _call_with_frames_removed
  File "/opt/airflow/dags/transformation_DAG.py", line 10, in <module>
    from include import transform
  File "/opt/airflow/include/transform.py", line 6
    df = pd.DataFrame(data, columns=["videoId", "title", "publishedAt", "duration", "viewCount", "likeCount", "commentCount"])    print(df)
                                                                                                                                  ^^^^^
SyntaxError: invalid syntax
[2026-09-17T12:47:02.586+0000] {processor.py:842} WARNING - No viable dags retrieved from /opt/airflow/dags/transformation_DAG.py
[2026-09-17T12:47:02.594+0000] {processor.py:183} INFO - Processing /opt/airflow/dags/transformation_DAG.py took 0.284 seconds
[2026-09-17T12:47:32.768+0000] {processor.py:161} INFO - Started process (PID=4763) to work on /opt/airflow/dags/transformation_DAG.py
[2026-09-17T12:47:32.857+0000] {processor.py:830} INFO - Processing file /opt/airflow/dags/transformation_DAG.py for tasks to queue
[2026-09-17T12:47:32.858+0000] {logging_mixin.py:188} INFO - [2026-09-17T12:47:32.858+0000] {dagbag.py:545} INFO - Filling up the DagBag from /opt/airflow/dags/transformation_DAG.py
[2026-09-17T12:47:33.137+0000] {logging_mixin.py:188} INFO - [2026-09-17T12:47:33.136+0000] {dagbag.py:355} ERROR - Failed to import: /opt/airflow/dags/transformation_DAG.py
Traceback (most recent call last):
  File "/home/airflow/.local/lib/python3.12/site-packages/airflow/models/dagbag.py", line 351, in parse
    loader.exec_module(new_module)
  File "<frozen importlib._bootstrap_external>", line 995, in exec_module
  File "<frozen importlib._bootstrap>", line 488, in _call_with_frames_removed
  File "/opt/airflow/dags/transformation_DAG.py", line 10, in <module>
    from include import transform
  File "/opt/airflow/include/transform.py", line 6
    df = pd.DataFrame(data, columns=["videoId", "title", "publishedAt", "duration", "viewCount", "likeCount", "commentCount"])    print(df)
                                                                                                                                  ^^^^^
SyntaxError: invalid syntax
[2026-09-17T12:47:33.137+0000] {processor.py:842} WARNING - No viable dags retrieved from /opt/airflow/dags/transformation_DAG.py
[2026-09-17T12:47:33.145+0000] {processor.py:183} INFO - Processing /opt/airflow/dags/transformation_DAG.py took 0.385 seconds
[2026-09-17T12:48:03.294+0000] {processor.py:161} INFO - Started process (PID=4773) to work on /opt/airflow/dags/transformation_DAG.py
[2026-09-17T12:48:03.295+0000] {processor.py:830} INFO - Processing file /opt/airflow/dags/transformation_DAG.py for tasks to queue
[2026-09-17T12:48:03.295+0000] {logging_mixin.py:188} INFO - [2026-09-17T12:48:03.295+0000] {dagbag.py:545} INFO - Filling up the DagBag from /opt/airflow/dags/transformation_DAG.py
[2026-09-17T12:48:03.578+0000] {logging_mixin.py:188} INFO - [2026-09-17T12:48:03.577+0000] {dagbag.py:355} ERROR - Failed to import: /opt/airflow/dags/transformation_DAG.py
Traceback (most recent call last):
  File "/home/airflow/.local/lib/python3.12/site-packages/airflow/models/dagbag.py", line 351, in parse
    loader.exec_module(new_module)
  File "<frozen importlib._bootstrap_external>", line 995, in exec_module
  File "<frozen importlib._bootstrap>", line 488, in _call_with_frames_removed
  File "/opt/airflow/dags/transformation_DAG.py", line 10, in <module>
    from include import transform
  File "/opt/airflow/include/transform.py", line 6
    df = pd.DataFrame(data, columns=["videoId", "title", "publishedAt", "duration", "viewCount", "likeCount", "commentCount"])    print(df)
                                                                                                                                  ^^^^^
SyntaxError: invalid syntax
[2026-09-17T12:48:03.578+0000] {processor.py:842} WARNING - No viable dags retrieved from /opt/airflow/dags/transformation_DAG.py
[2026-09-17T12:48:03.587+0000] {processor.py:183} INFO - Processing /opt/airflow/dags/transformation_DAG.py took 0.297 seconds
[2026-09-17T12:48:33.747+0000] {processor.py:161} INFO - Started process (PID=4783) to work on /opt/airflow/dags/transformation_DAG.py
[2026-09-17T12:48:33.848+0000] {processor.py:830} INFO - Processing file /opt/airflow/dags/transformation_DAG.py for tasks to queue
[2026-09-17T12:48:33.850+0000] {logging_mixin.py:188} INFO - [2026-09-17T12:48:33.849+0000] {dagbag.py:545} INFO - Filling up the DagBag from /opt/airflow/dags/transformation_DAG.py
[2026-09-17T12:48:34.142+0000] {logging_mixin.py:188} INFO - [2026-09-17T12:48:34.142+0000] {dagbag.py:355} ERROR - Failed to import: /opt/airflow/dags/transformation_DAG.py
Traceback (most recent call last):
  File "/home/airflow/.local/lib/python3.12/site-packages/airflow/models/dagbag.py", line 351, in parse
    loader.exec_module(new_module)
  File "<frozen importlib._bootstrap_external>", line 995, in exec_module
  File "<frozen importlib._bootstrap>", line 488, in _call_with_frames_removed
  File "/opt/airflow/dags/transformation_DAG.py", line 10, in <module>
    from include import transform
  File "/opt/airflow/include/transform.py", line 6
    df = pd.DataFrame(data, columns=["videoId", "title", "publishedAt", "duration", "viewCount", "likeCount", "commentCount"])    print(df)
                                                                                                                                  ^^^^^
SyntaxError: invalid syntax
[2026-09-17T12:48:34.143+0000] {processor.py:842} WARNING - No viable dags retrieved from /opt/airflow/dags/transformation_DAG.py
[2026-09-17T12:48:34.152+0000] {processor.py:183} INFO - Processing /opt/airflow/dags/transformation_DAG.py took 0.413 seconds
[2026-09-17T12:49:04.301+0000] {processor.py:161} INFO - Started process (PID=4793) to work on /opt/airflow/dags/transformation_DAG.py
[2026-09-17T12:49:04.302+0000] {processor.py:830} INFO - Processing file /opt/airflow/dags/transformation_DAG.py for tasks to queue
[2026-09-17T12:49:04.303+0000] {logging_mixin.py:188} INFO - [2026-09-17T12:49:04.302+0000] {dagbag.py:545} INFO - Filling up the DagBag from /opt/airflow/dags/transformation_DAG.py
[2026-09-17T12:49:04.577+0000] {logging_mixin.py:188} INFO - [2026-09-17T12:49:04.576+0000] {dagbag.py:355} ERROR - Failed to import: /opt/airflow/dags/transformation_DAG.py
Traceback (most recent call last):
  File "/home/airflow/.local/lib/python3.12/site-packages/airflow/models/dagbag.py", line 351, in parse
    loader.exec_module(new_module)
  File "<frozen importlib._bootstrap_external>", line 995, in exec_module
  File "<frozen importlib._bootstrap>", line 488, in _call_with_frames_removed
  File "/opt/airflow/dags/transformation_DAG.py", line 10, in <module>
    from include import transform
  File "/opt/airflow/include/transform.py", line 6
    df = pd.DataFrame(data, columns=["videoId", "title", "publishedAt", "duration", "viewCount", "likeCount", "commentCount"])    print(df)
                                                                                                                                  ^^^^^
SyntaxError: invalid syntax
[2026-09-17T12:49:04.577+0000] {processor.py:842} WARNING - No viable dags retrieved from /opt/airflow/dags/transformation_DAG.py
[2026-09-17T12:49:04.585+0000] {processor.py:183} INFO - Processing /opt/airflow/dags/transformation_DAG.py took 0.291 seconds
[2026-09-17T12:49:34.754+0000] {processor.py:161} INFO - Started process (PID=4802) to work on /opt/airflow/dags/transformation_DAG.py
[2026-09-17T12:49:34.867+0000] {processor.py:830} INFO - Processing file /opt/airflow/dags/transformation_DAG.py for tasks to queue
[2026-09-17T12:49:34.868+0000] {logging_mixin.py:188} INFO - [2026-09-17T12:49:34.868+0000] {dagbag.py:545} INFO - Filling up the DagBag from /opt/airflow/dags/transformation_DAG.py
[2026-09-17T12:49:35.144+0000] {logging_mixin.py:188} INFO - [2026-09-17T12:49:35.143+0000] {dagbag.py:355} ERROR - Failed to import: /opt/airflow/dags/transformation_DAG.py
Traceback (most recent call last):
  File "/home/airflow/.local/lib/python3.12/site-packages/airflow/models/dagbag.py", line 351, in parse
    loader.exec_module(new_module)
  File "<frozen importlib._bootstrap_external>", line 995, in exec_module
  File "<frozen importlib._bootstrap>", line 488, in _call_with_frames_removed
  File "/opt/airflow/dags/transformation_DAG.py", line 10, in <module>
    from include import transform
  File "/opt/airflow/include/transform.py", line 6
    df = pd.DataFrame(data, columns=["videoId", "title", "publishedAt", "duration", "viewCount", "likeCount", "commentCount"])    print(df)
                                                                                                                                  ^^^^^
SyntaxError: invalid syntax
[2026-09-17T12:49:35.145+0000] {processor.py:842} WARNING - No viable dags retrieved from /opt/airflow/dags/transformation_DAG.py
[2026-09-17T12:49:35.153+0000] {processor.py:183} INFO - Processing /opt/airflow/dags/transformation_DAG.py took 0.409 seconds
[2026-09-17T12:50:05.312+0000] {processor.py:161} INFO - Started process (PID=4812) to work on /opt/airflow/dags/transformation_DAG.py
[2026-09-17T12:50:05.313+0000] {processor.py:830} INFO - Processing file /opt/airflow/dags/transformation_DAG.py for tasks to queue
[2026-09-17T12:50:05.315+0000] {logging_mixin.py:188} INFO - [2026-09-17T12:50:05.314+0000] {dagbag.py:545} INFO - Filling up the DagBag from /opt/airflow/dags/transformation_DAG.py
[2026-09-17T12:50:05.586+0000] {logging_mixin.py:188} INFO - [2026-09-17T12:50:05.585+0000] {dagbag.py:355} ERROR - Failed to import: /opt/airflow/dags/transformation_DAG.py
Traceback (most recent call last):
  File "/home/airflow/.local/lib/python3.12/site-packages/airflow/models/dagbag.py", line 351, in parse
    loader.exec_module(new_module)
  File "<frozen importlib._bootstrap_external>", line 995, in exec_module
  File "<frozen importlib._bootstrap>", line 488, in _call_with_frames_removed
  File "/opt/airflow/dags/transformation_DAG.py", line 10, in <module>
    from include import transform
  File "/opt/airflow/include/transform.py", line 6
    df = pd.DataFrame(data, columns=["videoId", "title", "publishedAt", "duration", "viewCount", "likeCount", "commentCount"])    print(df)
                                                                                                                                  ^^^^^
SyntaxError: invalid syntax
[2026-09-17T12:50:05.586+0000] {processor.py:842} WARNING - No viable dags retrieved from /opt/airflow/dags/transformation_DAG.py
[2026-09-17T12:50:05.595+0000] {processor.py:183} INFO - Processing /opt/airflow/dags/transformation_DAG.py took 0.292 seconds
[2026-09-17T12:50:35.762+0000] {processor.py:161} INFO - Started process (PID=4822) to work on /opt/airflow/dags/transformation_DAG.py
[2026-09-17T12:50:35.855+0000] {processor.py:830} INFO - Processing file /opt/airflow/dags/transformation_DAG.py for tasks to queue
[2026-09-17T12:50:35.857+0000] {logging_mixin.py:188} INFO - [2026-09-17T12:50:35.856+0000] {dagbag.py:545} INFO - Filling up the DagBag from /opt/airflow/dags/transformation_DAG.py
[2026-09-17T12:50:36.138+0000] {logging_mixin.py:188} INFO - [2026-09-17T12:50:36.137+0000] {dagbag.py:355} ERROR - Failed to import: /opt/airflow/dags/transformation_DAG.py
Traceback (most recent call last):
  File "/home/airflow/.local/lib/python3.12/site-packages/airflow/models/dagbag.py", line 351, in parse
    loader.exec_module(new_module)
  File "<frozen importlib._bootstrap_external>", line 995, in exec_module
  File "<frozen importlib._bootstrap>", line 488, in _call_with_frames_removed
  File "/opt/airflow/dags/transformation_DAG.py", line 10, in <module>
    from include import transform
  File "/opt/airflow/include/transform.py", line 6
    df = pd.DataFrame(data, columns=["videoId", "title", "publishedAt", "duration", "viewCount", "likeCount", "commentCount"])    print(df)
                                                                                                                                  ^^^^^
SyntaxError: invalid syntax
[2026-09-17T12:50:36.138+0000] {processor.py:842} WARNING - No viable dags retrieved from /opt/airflow/dags/transformation_DAG.py
[2026-09-17T12:50:36.146+0000] {processor.py:183} INFO - Processing /opt/airflow/dags/transformation_DAG.py took 0.392 seconds
[2026-09-17T12:51:06.306+0000] {processor.py:161} INFO - Started process (PID=4832) to work on /opt/airflow/dags/transformation_DAG.py
[2026-09-17T12:51:06.307+0000] {processor.py:830} INFO - Processing file /opt/airflow/dags/transformation_DAG.py for tasks to queue
[2026-09-17T12:51:06.308+0000] {logging_mixin.py:188} INFO - [2026-09-17T12:51:06.308+0000] {dagbag.py:545} INFO - Filling up the DagBag from /opt/airflow/dags/transformation_DAG.py
[2026-09-17T12:51:06.579+0000] {logging_mixin.py:188} INFO - [2026-09-17T12:51:06.578+0000] {dagbag.py:355} ERROR - Failed to import: /opt/airflow/dags/transformation_DAG.py
Traceback (most recent call last):
  File "/home/airflow/.local/lib/python3.12/site-packages/airflow/models/dagbag.py", line 351, in parse
    loader.exec_module(new_module)
  File "<frozen importlib._bootstrap_external>", line 995, in exec_module
  File "<frozen importlib._bootstrap>", line 488, in _call_with_frames_removed
  File "/opt/airflow/dags/transformation_DAG.py", line 10, in <module>
    from include import transform
  File "/opt/airflow/include/transform.py", line 6
    df = pd.DataFrame(data, columns=["videoId", "title", "publishedAt", "duration", "viewCount", "likeCount", "commentCount"])    print(df)
                                                                                                                                  ^^^^^
SyntaxError: invalid syntax
[2026-09-17T12:51:06.580+0000] {processor.py:842} WARNING - No viable dags retrieved from /opt/airflow/dags/transformation_DAG.py
[2026-09-17T12:51:06.588+0000] {processor.py:183} INFO - Processing /opt/airflow/dags/transformation_DAG.py took 0.292 seconds
[2026-09-17T12:51:36.758+0000] {processor.py:161} INFO - Started process (PID=4842) to work on /opt/airflow/dags/transformation_DAG.py
[2026-09-17T12:51:36.845+0000] {processor.py:830} INFO - Processing file /opt/airflow/dags/transformation_DAG.py for tasks to queue
[2026-09-17T12:51:36.847+0000] {logging_mixin.py:188} INFO - [2026-09-17T12:51:36.846+0000] {dagbag.py:545} INFO - Filling up the DagBag from /opt/airflow/dags/transformation_DAG.py
[2026-09-17T12:51:37.131+0000] {logging_mixin.py:188} INFO - [2026-09-17T12:51:37.130+0000] {dagbag.py:355} ERROR - Failed to import: /opt/airflow/dags/transformation_DAG.py
Traceback (most recent call last):
  File "/home/airflow/.local/lib/python3.12/site-packages/airflow/models/dagbag.py", line 351, in parse
    loader.exec_module(new_module)
  File "<frozen importlib._bootstrap_external>", line 995, in exec_module
  File "<frozen importlib._bootstrap>", line 488, in _call_with_frames_removed
  File "/opt/airflow/dags/transformation_DAG.py", line 10, in <module>
    from include import transform
  File "/opt/airflow/include/transform.py", line 6
    df = pd.DataFrame(data, columns=["videoId", "title", "publishedAt", "duration", "viewCount", "likeCount", "commentCount"])    print(df)
                                                                                                                                  ^^^^^
SyntaxError: invalid syntax
[2026-09-17T12:51:37.131+0000] {processor.py:842} WARNING - No viable dags retrieved from /opt/airflow/dags/transformation_DAG.py
[2026-09-17T12:51:37.140+0000] {processor.py:183} INFO - Processing /opt/airflow/dags/transformation_DAG.py took 0.391 seconds
[2026-09-17T12:52:07.298+0000] {processor.py:161} INFO - Started process (PID=4852) to work on /opt/airflow/dags/transformation_DAG.py
[2026-09-17T12:52:07.298+0000] {processor.py:830} INFO - Processing file /opt/airflow/dags/transformation_DAG.py for tasks to queue
[2026-09-17T12:52:07.299+0000] {logging_mixin.py:188} INFO - [2026-09-17T12:52:07.299+0000] {dagbag.py:545} INFO - Filling up the DagBag from /opt/airflow/dags/transformation_DAG.py
[2026-09-17T12:52:07.569+0000] {logging_mixin.py:188} INFO - [2026-09-17T12:52:07.568+0000] {dagbag.py:355} ERROR - Failed to import: /opt/airflow/dags/transformation_DAG.py
Traceback (most recent call last):
  File "/home/airflow/.local/lib/python3.12/site-packages/airflow/models/dagbag.py", line 351, in parse
    loader.exec_module(new_module)
  File "<frozen importlib._bootstrap_external>", line 995, in exec_module
  File "<frozen importlib._bootstrap>", line 488, in _call_with_frames_removed
  File "/opt/airflow/dags/transformation_DAG.py", line 10, in <module>
    from include import transform
  File "/opt/airflow/include/transform.py", line 6
    df = pd.DataFrame(data, columns=["videoId", "title", "publishedAt", "duration", "viewCount", "likeCount", "commentCount"])    print(df)
                                                                                                                                  ^^^^^
SyntaxError: invalid syntax
[2026-09-17T12:52:07.569+0000] {processor.py:842} WARNING - No viable dags retrieved from /opt/airflow/dags/transformation_DAG.py
[2026-09-17T12:52:07.578+0000] {processor.py:183} INFO - Processing /opt/airflow/dags/transformation_DAG.py took 0.289 seconds
[2026-09-17T12:52:37.747+0000] {processor.py:161} INFO - Started process (PID=4862) to work on /opt/airflow/dags/transformation_DAG.py
[2026-09-17T12:52:37.861+0000] {processor.py:830} INFO - Processing file /opt/airflow/dags/transformation_DAG.py for tasks to queue
[2026-09-17T12:52:37.862+0000] {logging_mixin.py:188} INFO - [2026-09-17T12:52:37.862+0000] {dagbag.py:545} INFO - Filling up the DagBag from /opt/airflow/dags/transformation_DAG.py
[2026-09-17T12:52:38.163+0000] {logging_mixin.py:188} INFO - [2026-09-17T12:52:38.162+0000] {dagbag.py:355} ERROR - Failed to import: /opt/airflow/dags/transformation_DAG.py
Traceback (most recent call last):
  File "/home/airflow/.local/lib/python3.12/site-packages/airflow/models/dagbag.py", line 351, in parse
    loader.exec_module(new_module)
  File "<frozen importlib._bootstrap_external>", line 995, in exec_module
  File "<frozen importlib._bootstrap>", line 488, in _call_with_frames_removed
  File "/opt/airflow/dags/transformation_DAG.py", line 10, in <module>
    from include import transform
  File "/opt/airflow/include/transform.py", line 6
    df = pd.DataFrame(data, columns=["videoId", "title", "publishedAt", "duration", "viewCount", "likeCount", "commentCount"])    print(df)
                                                                                                                                  ^^^^^
SyntaxError: invalid syntax
[2026-09-17T12:52:38.163+0000] {processor.py:842} WARNING - No viable dags retrieved from /opt/airflow/dags/transformation_DAG.py
[2026-09-17T12:52:38.171+0000] {processor.py:183} INFO - Processing /opt/airflow/dags/transformation_DAG.py took 0.430 seconds
[2026-09-17T12:53:08.308+0000] {processor.py:161} INFO - Started process (PID=4872) to work on /opt/airflow/dags/transformation_DAG.py
[2026-09-17T12:53:08.309+0000] {processor.py:830} INFO - Processing file /opt/airflow/dags/transformation_DAG.py for tasks to queue
[2026-09-17T12:53:08.310+0000] {logging_mixin.py:188} INFO - [2026-09-17T12:53:08.309+0000] {dagbag.py:545} INFO - Filling up the DagBag from /opt/airflow/dags/transformation_DAG.py
[2026-09-17T12:53:08.592+0000] {logging_mixin.py:188} INFO - [2026-09-17T12:53:08.591+0000] {dagbag.py:355} ERROR - Failed to import: /opt/airflow/dags/transformation_DAG.py
Traceback (most recent call last):
  File "/home/airflow/.local/lib/python3.12/site-packages/airflow/models/dagbag.py", line 351, in parse
    loader.exec_module(new_module)
  File "<frozen importlib._bootstrap_external>", line 995, in exec_module
  File "<frozen importlib._bootstrap>", line 488, in _call_with_frames_removed
  File "/opt/airflow/dags/transformation_DAG.py", line 10, in <module>
    from include import transform
  File "/opt/airflow/include/transform.py", line 6
    df = pd.DataFrame(data, columns=["videoId", "title", "publishedAt", "duration", "viewCount", "likeCount", "commentCount"])    print(df)
                                                                                                                                  ^^^^^
SyntaxError: invalid syntax
[2026-09-17T12:53:08.592+0000] {processor.py:842} WARNING - No viable dags retrieved from /opt/airflow/dags/transformation_DAG.py
[2026-09-17T12:53:08.601+0000] {processor.py:183} INFO - Processing /opt/airflow/dags/transformation_DAG.py took 0.297 seconds
[2026-09-17T12:53:38.769+0000] {processor.py:161} INFO - Started process (PID=4882) to work on /opt/airflow/dags/transformation_DAG.py
[2026-09-17T12:53:38.862+0000] {processor.py:830} INFO - Processing file /opt/airflow/dags/transformation_DAG.py for tasks to queue
[2026-09-17T12:53:38.864+0000] {logging_mixin.py:188} INFO - [2026-09-17T12:53:38.863+0000] {dagbag.py:545} INFO - Filling up the DagBag from /opt/airflow/dags/transformation_DAG.py
[2026-09-17T12:53:39.152+0000] {logging_mixin.py:188} INFO - [2026-09-17T12:53:39.151+0000] {dagbag.py:355} ERROR - Failed to import: /opt/airflow/dags/transformation_DAG.py
Traceback (most recent call last):
  File "/home/airflow/.local/lib/python3.12/site-packages/airflow/models/dagbag.py", line 351, in parse
    loader.exec_module(new_module)
  File "<frozen importlib._bootstrap_external>", line 995, in exec_module
  File "<frozen importlib._bootstrap>", line 488, in _call_with_frames_removed
  File "/opt/airflow/dags/transformation_DAG.py", line 10, in <module>
    from include import transform
  File "/opt/airflow/include/transform.py", line 6
    df = pd.DataFrame(data, columns=["videoId", "title", "publishedAt", "duration", "viewCount", "likeCount", "commentCount"])    print(df)
                                                                                                                                  ^^^^^
SyntaxError: invalid syntax
[2026-09-17T12:53:39.152+0000] {processor.py:842} WARNING - No viable dags retrieved from /opt/airflow/dags/transformation_DAG.py
[2026-09-17T12:53:39.160+0000] {processor.py:183} INFO - Processing /opt/airflow/dags/transformation_DAG.py took 0.399 seconds
[2026-09-17T12:54:09.318+0000] {processor.py:161} INFO - Started process (PID=4892) to work on /opt/airflow/dags/transformation_DAG.py
[2026-09-17T12:54:09.319+0000] {processor.py:830} INFO - Processing file /opt/airflow/dags/transformation_DAG.py for tasks to queue
[2026-09-17T12:54:09.320+0000] {logging_mixin.py:188} INFO - [2026-09-17T12:54:09.320+0000] {dagbag.py:545} INFO - Filling up the DagBag from /opt/airflow/dags/transformation_DAG.py
[2026-09-17T12:54:09.596+0000] {logging_mixin.py:188} INFO - [2026-09-17T12:54:09.595+0000] {dagbag.py:355} ERROR - Failed to import: /opt/airflow/dags/transformation_DAG.py
Traceback (most recent call last):
  File "/home/airflow/.local/lib/python3.12/site-packages/airflow/models/dagbag.py", line 351, in parse
    loader.exec_module(new_module)
  File "<frozen importlib._bootstrap_external>", line 995, in exec_module
  File "<frozen importlib._bootstrap>", line 488, in _call_with_frames_removed
  File "/opt/airflow/dags/transformation_DAG.py", line 10, in <module>
    from include import transform
  File "/opt/airflow/include/transform.py", line 6
    df = pd.DataFrame(data, columns=["videoId", "title", "publishedAt", "duration", "viewCount", "likeCount", "commentCount"])    print(df)
                                                                                                                                  ^^^^^
SyntaxError: invalid syntax
[2026-09-17T12:54:09.596+0000] {processor.py:842} WARNING - No viable dags retrieved from /opt/airflow/dags/transformation_DAG.py
[2026-09-17T12:54:09.604+0000] {processor.py:183} INFO - Processing /opt/airflow/dags/transformation_DAG.py took 0.294 seconds
[2026-09-17T12:54:39.764+0000] {processor.py:161} INFO - Started process (PID=4908) to work on /opt/airflow/dags/transformation_DAG.py
[2026-09-17T12:54:39.764+0000] {processor.py:830} INFO - Processing file /opt/airflow/dags/transformation_DAG.py for tasks to queue
[2026-09-17T12:54:39.765+0000] {logging_mixin.py:188} INFO - [2026-09-17T12:54:39.765+0000] {dagbag.py:545} INFO - Filling up the DagBag from /opt/airflow/dags/transformation_DAG.py
[2026-09-17T12:54:40.037+0000] {logging_mixin.py:188} INFO - [2026-09-17T12:54:40.036+0000] {dagbag.py:355} ERROR - Failed to import: /opt/airflow/dags/transformation_DAG.py
Traceback (most recent call last):
  File "/home/airflow/.local/lib/python3.12/site-packages/airflow/models/dagbag.py", line 351, in parse
    loader.exec_module(new_module)
  File "<frozen importlib._bootstrap_external>", line 995, in exec_module
  File "<frozen importlib._bootstrap>", line 488, in _call_with_frames_removed
  File "/opt/airflow/dags/transformation_DAG.py", line 10, in <module>
    from include import transform
  File "/opt/airflow/include/transform.py", line 6
    df = pd.DataFrame(data, columns=["videoId", "title", "publishedAt", "duration", "viewCount", "likeCount", "commentCount"])    print(df)
                                                                                                                                  ^^^^^
SyntaxError: invalid syntax
[2026-09-17T12:54:40.037+0000] {processor.py:842} WARNING - No viable dags retrieved from /opt/airflow/dags/transformation_DAG.py
[2026-09-17T12:54:40.045+0000] {processor.py:183} INFO - Processing /opt/airflow/dags/transformation_DAG.py took 0.291 seconds
[2026-09-17T12:55:10.211+0000] {processor.py:161} INFO - Started process (PID=4918) to work on /opt/airflow/dags/transformation_DAG.py
[2026-09-17T12:55:10.307+0000] {processor.py:830} INFO - Processing file /opt/airflow/dags/transformation_DAG.py for tasks to queue
[2026-09-17T12:55:10.308+0000] {logging_mixin.py:188} INFO - [2026-09-17T12:55:10.308+0000] {dagbag.py:545} INFO - Filling up the DagBag from /opt/airflow/dags/transformation_DAG.py
[2026-09-17T12:55:10.598+0000] {logging_mixin.py:188} INFO - [2026-09-17T12:55:10.597+0000] {dagbag.py:355} ERROR - Failed to import: /opt/airflow/dags/transformation_DAG.py
Traceback (most recent call last):
  File "/home/airflow/.local/lib/python3.12/site-packages/airflow/models/dagbag.py", line 351, in parse
    loader.exec_module(new_module)
  File "<frozen importlib._bootstrap_external>", line 995, in exec_module
  File "<frozen importlib._bootstrap>", line 488, in _call_with_frames_removed
  File "/opt/airflow/dags/transformation_DAG.py", line 10, in <module>
    from include import transform
  File "/opt/airflow/include/transform.py", line 6
    df = pd.DataFrame(data, columns=["videoId", "title", "publishedAt", "duration", "viewCount", "likeCount", "commentCount"])    print(df)
                                                                                                                                  ^^^^^
SyntaxError: invalid syntax
[2026-09-17T12:55:10.598+0000] {processor.py:842} WARNING - No viable dags retrieved from /opt/airflow/dags/transformation_DAG.py
[2026-09-17T12:55:10.606+0000] {processor.py:183} INFO - Processing /opt/airflow/dags/transformation_DAG.py took 0.401 seconds
[2026-09-17T12:55:40.783+0000] {processor.py:161} INFO - Started process (PID=4928) to work on /opt/airflow/dags/transformation_DAG.py
[2026-09-17T12:55:40.784+0000] {processor.py:830} INFO - Processing file /opt/airflow/dags/transformation_DAG.py for tasks to queue
[2026-09-17T12:55:40.785+0000] {logging_mixin.py:188} INFO - [2026-09-17T12:55:40.785+0000] {dagbag.py:545} INFO - Filling up the DagBag from /opt/airflow/dags/transformation_DAG.py
[2026-09-17T12:55:41.058+0000] {logging_mixin.py:188} INFO - [2026-09-17T12:55:41.057+0000] {dagbag.py:355} ERROR - Failed to import: /opt/airflow/dags/transformation_DAG.py
Traceback (most recent call last):
  File "/home/airflow/.local/lib/python3.12/site-packages/airflow/models/dagbag.py", line 351, in parse
    loader.exec_module(new_module)
  File "<frozen importlib._bootstrap_external>", line 995, in exec_module
  File "<frozen importlib._bootstrap>", line 488, in _call_with_frames_removed
  File "/opt/airflow/dags/transformation_DAG.py", line 10, in <module>
    from include import transform
  File "/opt/airflow/include/transform.py", line 6
    df = pd.DataFrame(data, columns=["videoId", "title", "publishedAt", "duration", "viewCount", "likeCount", "commentCount"])    print(df)
                                                                                                                                  ^^^^^
SyntaxError: invalid syntax
[2026-09-17T12:55:41.059+0000] {processor.py:842} WARNING - No viable dags retrieved from /opt/airflow/dags/transformation_DAG.py
[2026-09-17T12:55:41.067+0000] {processor.py:183} INFO - Processing /opt/airflow/dags/transformation_DAG.py took 0.293 seconds
[2026-09-17T12:56:11.225+0000] {processor.py:161} INFO - Started process (PID=4938) to work on /opt/airflow/dags/transformation_DAG.py
[2026-09-17T12:56:11.315+0000] {processor.py:830} INFO - Processing file /opt/airflow/dags/transformation_DAG.py for tasks to queue
[2026-09-17T12:56:11.318+0000] {logging_mixin.py:188} INFO - [2026-09-17T12:56:11.318+0000] {dagbag.py:545} INFO - Filling up the DagBag from /opt/airflow/dags/transformation_DAG.py
[2026-09-17T12:56:11.604+0000] {logging_mixin.py:188} INFO - [2026-09-17T12:56:11.603+0000] {dagbag.py:355} ERROR - Failed to import: /opt/airflow/dags/transformation_DAG.py
Traceback (most recent call last):
  File "/home/airflow/.local/lib/python3.12/site-packages/airflow/models/dagbag.py", line 351, in parse
    loader.exec_module(new_module)
  File "<frozen importlib._bootstrap_external>", line 995, in exec_module
  File "<frozen importlib._bootstrap>", line 488, in _call_with_frames_removed
  File "/opt/airflow/dags/transformation_DAG.py", line 10, in <module>
    from include import transform
  File "/opt/airflow/include/transform.py", line 6
    df = pd.DataFrame(data, columns=["videoId", "title", "publishedAt", "duration", "viewCount", "likeCount", "commentCount"])    print(df)
                                                                                                                                  ^^^^^
SyntaxError: invalid syntax
[2026-09-17T12:56:11.604+0000] {processor.py:842} WARNING - No viable dags retrieved from /opt/airflow/dags/transformation_DAG.py
[2026-09-17T12:56:11.612+0000] {processor.py:183} INFO - Processing /opt/airflow/dags/transformation_DAG.py took 0.394 seconds
[2026-09-17T12:56:41.766+0000] {processor.py:161} INFO - Started process (PID=4948) to work on /opt/airflow/dags/transformation_DAG.py
[2026-09-17T12:56:41.767+0000] {processor.py:830} INFO - Processing file /opt/airflow/dags/transformation_DAG.py for tasks to queue
[2026-09-17T12:56:41.767+0000] {logging_mixin.py:188} INFO - [2026-09-17T12:56:41.767+0000] {dagbag.py:545} INFO - Filling up the DagBag from /opt/airflow/dags/transformation_DAG.py
[2026-09-17T12:56:42.054+0000] {logging_mixin.py:188} INFO - [2026-09-17T12:56:42.053+0000] {dagbag.py:355} ERROR - Failed to import: /opt/airflow/dags/transformation_DAG.py
Traceback (most recent call last):
  File "/home/airflow/.local/lib/python3.12/site-packages/airflow/models/dagbag.py", line 351, in parse
    loader.exec_module(new_module)
  File "<frozen importlib._bootstrap_external>", line 995, in exec_module
  File "<frozen importlib._bootstrap>", line 488, in _call_with_frames_removed
  File "/opt/airflow/dags/transformation_DAG.py", line 10, in <module>
    from include import transform
  File "/opt/airflow/include/transform.py", line 6
    df = pd.DataFrame(data, columns=["videoId", "title", "publishedAt", "duration", "viewCount", "likeCount", "commentCount"])    print(df)
                                                                                                                                  ^^^^^
SyntaxError: invalid syntax
[2026-09-17T12:56:42.054+0000] {processor.py:842} WARNING - No viable dags retrieved from /opt/airflow/dags/transformation_DAG.py
[2026-09-17T12:56:42.063+0000] {processor.py:183} INFO - Processing /opt/airflow/dags/transformation_DAG.py took 0.300 seconds
[2026-09-17T12:57:12.221+0000] {processor.py:161} INFO - Started process (PID=4958) to work on /opt/airflow/dags/transformation_DAG.py
[2026-09-17T12:57:12.309+0000] {processor.py:830} INFO - Processing file /opt/airflow/dags/transformation_DAG.py for tasks to queue
[2026-09-17T12:57:12.311+0000] {logging_mixin.py:188} INFO - [2026-09-17T12:57:12.310+0000] {dagbag.py:545} INFO - Filling up the DagBag from /opt/airflow/dags/transformation_DAG.py
[2026-09-17T12:57:12.597+0000] {logging_mixin.py:188} INFO - [2026-09-17T12:57:12.596+0000] {dagbag.py:355} ERROR - Failed to import: /opt/airflow/dags/transformation_DAG.py
Traceback (most recent call last):
  File "/home/airflow/.local/lib/python3.12/site-packages/airflow/models/dagbag.py", line 351, in parse
    loader.exec_module(new_module)
  File "<frozen importlib._bootstrap_external>", line 995, in exec_module
  File "<frozen importlib._bootstrap>", line 488, in _call_with_frames_removed
  File "/opt/airflow/dags/transformation_DAG.py", line 10, in <module>
    from include import transform
  File "/opt/airflow/include/transform.py", line 6
    df = pd.DataFrame(data, columns=["videoId", "title", "publishedAt", "duration", "viewCount", "likeCount", "commentCount"])    print(df)
                                                                                                                                  ^^^^^
SyntaxError: invalid syntax
[2026-09-17T12:57:12.598+0000] {processor.py:842} WARNING - No viable dags retrieved from /opt/airflow/dags/transformation_DAG.py
[2026-09-17T12:57:12.606+0000] {processor.py:183} INFO - Processing /opt/airflow/dags/transformation_DAG.py took 0.390 seconds
[2026-09-17T12:57:42.768+0000] {processor.py:161} INFO - Started process (PID=4968) to work on /opt/airflow/dags/transformation_DAG.py
[2026-09-17T12:57:42.769+0000] {processor.py:830} INFO - Processing file /opt/airflow/dags/transformation_DAG.py for tasks to queue
[2026-09-17T12:57:42.770+0000] {logging_mixin.py:188} INFO - [2026-09-17T12:57:42.769+0000] {dagbag.py:545} INFO - Filling up the DagBag from /opt/airflow/dags/transformation_DAG.py
[2026-09-17T12:57:43.043+0000] {logging_mixin.py:188} INFO - [2026-09-17T12:57:43.042+0000] {dagbag.py:355} ERROR - Failed to import: /opt/airflow/dags/transformation_DAG.py
Traceback (most recent call last):
  File "/home/airflow/.local/lib/python3.12/site-packages/airflow/models/dagbag.py", line 351, in parse
    loader.exec_module(new_module)
  File "<frozen importlib._bootstrap_external>", line 995, in exec_module
  File "<frozen importlib._bootstrap>", line 488, in _call_with_frames_removed
  File "/opt/airflow/dags/transformation_DAG.py", line 10, in <module>
    from include import transform
  File "/opt/airflow/include/transform.py", line 6
    df = pd.DataFrame(data, columns=["videoId", "title", "publishedAt", "duration", "viewCount", "likeCount", "commentCount"])    print(df)
                                                                                                                                  ^^^^^
SyntaxError: invalid syntax
[2026-09-17T12:57:43.043+0000] {processor.py:842} WARNING - No viable dags retrieved from /opt/airflow/dags/transformation_DAG.py
[2026-09-17T12:57:43.052+0000] {processor.py:183} INFO - Processing /opt/airflow/dags/transformation_DAG.py took 0.293 seconds
[2026-09-17T12:58:13.208+0000] {processor.py:161} INFO - Started process (PID=4978) to work on /opt/airflow/dags/transformation_DAG.py
[2026-09-17T12:58:13.305+0000] {processor.py:830} INFO - Processing file /opt/airflow/dags/transformation_DAG.py for tasks to queue
[2026-09-17T12:58:13.305+0000] {logging_mixin.py:188} INFO - [2026-09-17T12:58:13.305+0000] {dagbag.py:545} INFO - Filling up the DagBag from /opt/airflow/dags/transformation_DAG.py
[2026-09-17T12:58:13.594+0000] {logging_mixin.py:188} INFO - [2026-09-17T12:58:13.593+0000] {dagbag.py:355} ERROR - Failed to import: /opt/airflow/dags/transformation_DAG.py
Traceback (most recent call last):
  File "/home/airflow/.local/lib/python3.12/site-packages/airflow/models/dagbag.py", line 351, in parse
    loader.exec_module(new_module)
  File "<frozen importlib._bootstrap_external>", line 995, in exec_module
  File "<frozen importlib._bootstrap>", line 488, in _call_with_frames_removed
  File "/opt/airflow/dags/transformation_DAG.py", line 10, in <module>
    from include import transform
  File "/opt/airflow/include/transform.py", line 6
    df = pd.DataFrame(data, columns=["videoId", "title", "publishedAt", "duration", "viewCount", "likeCount", "commentCount"])    print(df)
                                                                                                                                  ^^^^^
SyntaxError: invalid syntax
[2026-09-17T12:58:13.594+0000] {processor.py:842} WARNING - No viable dags retrieved from /opt/airflow/dags/transformation_DAG.py
[2026-09-17T12:58:13.602+0000] {processor.py:183} INFO - Processing /opt/airflow/dags/transformation_DAG.py took 0.399 seconds
[2026-09-17T12:58:43.759+0000] {processor.py:161} INFO - Started process (PID=4988) to work on /opt/airflow/dags/transformation_DAG.py
[2026-09-17T12:58:43.760+0000] {processor.py:830} INFO - Processing file /opt/airflow/dags/transformation_DAG.py for tasks to queue
[2026-09-17T12:58:43.761+0000] {logging_mixin.py:188} INFO - [2026-09-17T12:58:43.760+0000] {dagbag.py:545} INFO - Filling up the DagBag from /opt/airflow/dags/transformation_DAG.py
[2026-09-17T12:58:44.033+0000] {logging_mixin.py:188} INFO - [2026-09-17T12:58:44.032+0000] {dagbag.py:355} ERROR - Failed to import: /opt/airflow/dags/transformation_DAG.py
Traceback (most recent call last):
  File "/home/airflow/.local/lib/python3.12/site-packages/airflow/models/dagbag.py", line 351, in parse
    loader.exec_module(new_module)
  File "<frozen importlib._bootstrap_external>", line 995, in exec_module
  File "<frozen importlib._bootstrap>", line 488, in _call_with_frames_removed
  File "/opt/airflow/dags/transformation_DAG.py", line 10, in <module>
    from include import transform
  File "/opt/airflow/include/transform.py", line 6
    df = pd.DataFrame(data, columns=["videoId", "title", "publishedAt", "duration", "viewCount", "likeCount", "commentCount"])    print(df)
                                                                                                                                  ^^^^^
SyntaxError: invalid syntax
[2026-09-17T12:58:44.033+0000] {processor.py:842} WARNING - No viable dags retrieved from /opt/airflow/dags/transformation_DAG.py
[2026-09-17T12:58:44.043+0000] {processor.py:183} INFO - Processing /opt/airflow/dags/transformation_DAG.py took 0.293 seconds
[2026-09-17T12:59:14.205+0000] {processor.py:161} INFO - Started process (PID=4998) to work on /opt/airflow/dags/transformation_DAG.py
[2026-09-17T12:59:14.286+0000] {processor.py:830} INFO - Processing file /opt/airflow/dags/transformation_DAG.py for tasks to queue
[2026-09-17T12:59:14.287+0000] {logging_mixin.py:188} INFO - [2026-09-17T12:59:14.287+0000] {dagbag.py:545} INFO - Filling up the DagBag from /opt/airflow/dags/transformation_DAG.py
[2026-09-17T12:59:14.583+0000] {logging_mixin.py:188} INFO - [2026-09-17T12:59:14.582+0000] {dagbag.py:355} ERROR - Failed to import: /opt/airflow/dags/transformation_DAG.py
Traceback (most recent call last):
  File "/home/airflow/.local/lib/python3.12/site-packages/airflow/models/dagbag.py", line 351, in parse
    loader.exec_module(new_module)
  File "<frozen importlib._bootstrap_external>", line 995, in exec_module
  File "<frozen importlib._bootstrap>", line 488, in _call_with_frames_removed
  File "/opt/airflow/dags/transformation_DAG.py", line 10, in <module>
    from include import transform
  File "/opt/airflow/include/transform.py", line 6
    df = pd.DataFrame(data, columns=["videoId", "title", "publishedAt", "duration", "viewCount", "likeCount", "commentCount"])    print(df)
                                                                                                                                  ^^^^^
SyntaxError: invalid syntax
[2026-09-17T12:59:14.583+0000] {processor.py:842} WARNING - No viable dags retrieved from /opt/airflow/dags/transformation_DAG.py
[2026-09-17T12:59:14.591+0000] {processor.py:183} INFO - Processing /opt/airflow/dags/transformation_DAG.py took 0.390 seconds
[2026-09-17T12:59:44.755+0000] {processor.py:161} INFO - Started process (PID=5008) to work on /opt/airflow/dags/transformation_DAG.py
[2026-09-17T12:59:44.756+0000] {processor.py:830} INFO - Processing file /opt/airflow/dags/transformation_DAG.py for tasks to queue
[2026-09-17T12:59:44.757+0000] {logging_mixin.py:188} INFO - [2026-09-17T12:59:44.756+0000] {dagbag.py:545} INFO - Filling up the DagBag from /opt/airflow/dags/transformation_DAG.py
[2026-09-17T12:59:45.041+0000] {logging_mixin.py:188} INFO - [2026-09-17T12:59:45.040+0000] {dagbag.py:355} ERROR - Failed to import: /opt/airflow/dags/transformation_DAG.py
Traceback (most recent call last):
  File "/home/airflow/.local/lib/python3.12/site-packages/airflow/models/dagbag.py", line 351, in parse
    loader.exec_module(new_module)
  File "<frozen importlib._bootstrap_external>", line 995, in exec_module
  File "<frozen importlib._bootstrap>", line 488, in _call_with_frames_removed
  File "/opt/airflow/dags/transformation_DAG.py", line 10, in <module>
    from include import transform
  File "/opt/airflow/include/transform.py", line 6
    df = pd.DataFrame(data, columns=["videoId", "title", "publishedAt", "duration", "viewCount", "likeCount", "commentCount"])    print(df)
                                                                                                                                  ^^^^^
SyntaxError: invalid syntax
[2026-09-17T12:59:45.041+0000] {processor.py:842} WARNING - No viable dags retrieved from /opt/airflow/dags/transformation_DAG.py
[2026-09-17T12:59:45.049+0000] {processor.py:183} INFO - Processing /opt/airflow/dags/transformation_DAG.py took 0.304 seconds
[2026-09-17T13:00:15.216+0000] {processor.py:161} INFO - Started process (PID=5017) to work on /opt/airflow/dags/transformation_DAG.py
[2026-09-17T13:00:15.309+0000] {processor.py:830} INFO - Processing file /opt/airflow/dags/transformation_DAG.py for tasks to queue
[2026-09-17T13:00:15.310+0000] {logging_mixin.py:188} INFO - [2026-09-17T13:00:15.310+0000] {dagbag.py:545} INFO - Filling up the DagBag from /opt/airflow/dags/transformation_DAG.py
[2026-09-17T13:00:15.584+0000] {logging_mixin.py:188} INFO - [2026-09-17T13:00:15.583+0000] {dagbag.py:355} ERROR - Failed to import: /opt/airflow/dags/transformation_DAG.py
Traceback (most recent call last):
  File "/home/airflow/.local/lib/python3.12/site-packages/airflow/models/dagbag.py", line 351, in parse
    loader.exec_module(new_module)
  File "<frozen importlib._bootstrap_external>", line 995, in exec_module
  File "<frozen importlib._bootstrap>", line 488, in _call_with_frames_removed
  File "/opt/airflow/dags/transformation_DAG.py", line 10, in <module>
    from include import transform
  File "/opt/airflow/include/transform.py", line 6
    df = pd.DataFrame(data, columns=["videoId", "title", "publishedAt", "duration", "viewCount", "likeCount", "commentCount"])    print(df)
                                                                                                                                  ^^^^^
SyntaxError: invalid syntax
[2026-09-17T13:00:15.585+0000] {processor.py:842} WARNING - No viable dags retrieved from /opt/airflow/dags/transformation_DAG.py
[2026-09-17T13:00:15.594+0000] {processor.py:183} INFO - Processing /opt/airflow/dags/transformation_DAG.py took 0.387 seconds
[2026-09-17T13:00:45.756+0000] {processor.py:161} INFO - Started process (PID=5027) to work on /opt/airflow/dags/transformation_DAG.py
[2026-09-17T13:00:45.757+0000] {processor.py:830} INFO - Processing file /opt/airflow/dags/transformation_DAG.py for tasks to queue
[2026-09-17T13:00:45.757+0000] {logging_mixin.py:188} INFO - [2026-09-17T13:00:45.757+0000] {dagbag.py:545} INFO - Filling up the DagBag from /opt/airflow/dags/transformation_DAG.py
[2026-09-17T13:00:46.033+0000] {logging_mixin.py:188} INFO - [2026-09-17T13:00:46.032+0000] {dagbag.py:355} ERROR - Failed to import: /opt/airflow/dags/transformation_DAG.py
Traceback (most recent call last):
  File "/home/airflow/.local/lib/python3.12/site-packages/airflow/models/dagbag.py", line 351, in parse
    loader.exec_module(new_module)
  File "<frozen importlib._bootstrap_external>", line 995, in exec_module
  File "<frozen importlib._bootstrap>", line 488, in _call_with_frames_removed
  File "/opt/airflow/dags/transformation_DAG.py", line 10, in <module>
    from include import transform
  File "/opt/airflow/include/transform.py", line 6
    df = pd.DataFrame(data, columns=["videoId", "title", "publishedAt", "duration", "viewCount", "likeCount", "commentCount"])    print(df)
                                                                                                                                  ^^^^^
SyntaxError: invalid syntax
[2026-09-17T13:00:46.033+0000] {processor.py:842} WARNING - No viable dags retrieved from /opt/airflow/dags/transformation_DAG.py
[2026-09-17T13:00:46.040+0000] {processor.py:183} INFO - Processing /opt/airflow/dags/transformation_DAG.py took 0.294 seconds
[2026-09-17T13:01:16.233+0000] {processor.py:161} INFO - Started process (PID=5037) to work on /opt/airflow/dags/transformation_DAG.py
[2026-09-17T13:01:16.236+0000] {processor.py:830} INFO - Processing file /opt/airflow/dags/transformation_DAG.py for tasks to queue
[2026-09-17T13:01:16.237+0000] {logging_mixin.py:188} INFO - [2026-09-17T13:01:16.237+0000] {dagbag.py:545} INFO - Filling up the DagBag from /opt/airflow/dags/transformation_DAG.py
[2026-09-17T13:01:16.517+0000] {logging_mixin.py:188} INFO - [2026-09-17T13:01:16.516+0000] {dagbag.py:355} ERROR - Failed to import: /opt/airflow/dags/transformation_DAG.py
Traceback (most recent call last):
  File "/home/airflow/.local/lib/python3.12/site-packages/airflow/models/dagbag.py", line 351, in parse
    loader.exec_module(new_module)
  File "<frozen importlib._bootstrap_external>", line 995, in exec_module
  File "<frozen importlib._bootstrap>", line 488, in _call_with_frames_removed
  File "/opt/airflow/dags/transformation_DAG.py", line 10, in <module>
    from include import transform
  File "/opt/airflow/include/transform.py", line 6
    df = pd.DataFrame(data, columns=["videoId", "title", "publishedAt", "duration", "viewCount", "likeCount", "commentCount"])    print(df)
                                                                                                                                  ^^^^^
SyntaxError: invalid syntax
[2026-09-17T13:01:16.518+0000] {processor.py:842} WARNING - No viable dags retrieved from /opt/airflow/dags/transformation_DAG.py
[2026-09-17T13:01:16.525+0000] {processor.py:183} INFO - Processing /opt/airflow/dags/transformation_DAG.py took 0.299 seconds
[2026-09-17T13:01:46.697+0000] {processor.py:161} INFO - Started process (PID=5047) to work on /opt/airflow/dags/transformation_DAG.py
[2026-09-17T13:01:46.698+0000] {processor.py:830} INFO - Processing file /opt/airflow/dags/transformation_DAG.py for tasks to queue
[2026-09-17T13:01:46.699+0000] {logging_mixin.py:188} INFO - [2026-09-17T13:01:46.699+0000] {dagbag.py:545} INFO - Filling up the DagBag from /opt/airflow/dags/transformation_DAG.py
[2026-09-17T13:01:46.971+0000] {logging_mixin.py:188} INFO - [2026-09-17T13:01:46.970+0000] {dagbag.py:355} ERROR - Failed to import: /opt/airflow/dags/transformation_DAG.py
Traceback (most recent call last):
  File "/home/airflow/.local/lib/python3.12/site-packages/airflow/models/dagbag.py", line 351, in parse
    loader.exec_module(new_module)
  File "<frozen importlib._bootstrap_external>", line 995, in exec_module
  File "<frozen importlib._bootstrap>", line 488, in _call_with_frames_removed
  File "/opt/airflow/dags/transformation_DAG.py", line 10, in <module>
    from include import transform
  File "/opt/airflow/include/transform.py", line 6
    df = pd.DataFrame(data, columns=["videoId", "title", "publishedAt", "duration", "viewCount", "likeCount", "commentCount"])    print(df)
                                                                                                                                  ^^^^^
SyntaxError: invalid syntax
[2026-09-17T13:01:46.971+0000] {processor.py:842} WARNING - No viable dags retrieved from /opt/airflow/dags/transformation_DAG.py
[2026-09-17T13:01:46.979+0000] {processor.py:183} INFO - Processing /opt/airflow/dags/transformation_DAG.py took 0.291 seconds
[2026-09-17T13:02:17.167+0000] {processor.py:161} INFO - Started process (PID=5057) to work on /opt/airflow/dags/transformation_DAG.py
[2026-09-17T13:02:17.175+0000] {processor.py:830} INFO - Processing file /opt/airflow/dags/transformation_DAG.py for tasks to queue
[2026-09-17T13:02:17.176+0000] {logging_mixin.py:188} INFO - [2026-09-17T13:02:17.176+0000] {dagbag.py:545} INFO - Filling up the DagBag from /opt/airflow/dags/transformation_DAG.py
[2026-09-17T13:02:17.452+0000] {logging_mixin.py:188} INFO - [2026-09-17T13:02:17.451+0000] {dagbag.py:355} ERROR - Failed to import: /opt/airflow/dags/transformation_DAG.py
Traceback (most recent call last):
  File "/home/airflow/.local/lib/python3.12/site-packages/airflow/models/dagbag.py", line 351, in parse
    loader.exec_module(new_module)
  File "<frozen importlib._bootstrap_external>", line 995, in exec_module
  File "<frozen importlib._bootstrap>", line 488, in _call_with_frames_removed
  File "/opt/airflow/dags/transformation_DAG.py", line 10, in <module>
    from include import transform
  File "/opt/airflow/include/transform.py", line 6
    df = pd.DataFrame(data, columns=["videoId", "title", "publishedAt", "duration", "viewCount", "likeCount", "commentCount"])    print(df)
                                                                                                                                  ^^^^^
SyntaxError: invalid syntax
[2026-09-17T13:02:17.453+0000] {processor.py:842} WARNING - No viable dags retrieved from /opt/airflow/dags/transformation_DAG.py
[2026-09-17T13:02:17.460+0000] {processor.py:183} INFO - Processing /opt/airflow/dags/transformation_DAG.py took 0.303 seconds
[2026-09-17T13:02:47.622+0000] {processor.py:161} INFO - Started process (PID=5067) to work on /opt/airflow/dags/transformation_DAG.py
[2026-09-17T13:02:47.622+0000] {processor.py:830} INFO - Processing file /opt/airflow/dags/transformation_DAG.py for tasks to queue
[2026-09-17T13:02:47.623+0000] {logging_mixin.py:188} INFO - [2026-09-17T13:02:47.622+0000] {dagbag.py:545} INFO - Filling up the DagBag from /opt/airflow/dags/transformation_DAG.py
[2026-09-17T13:02:47.895+0000] {logging_mixin.py:188} INFO - [2026-09-17T13:02:47.894+0000] {dagbag.py:355} ERROR - Failed to import: /opt/airflow/dags/transformation_DAG.py
Traceback (most recent call last):
  File "/home/airflow/.local/lib/python3.12/site-packages/airflow/models/dagbag.py", line 351, in parse
    loader.exec_module(new_module)
  File "<frozen importlib._bootstrap_external>", line 995, in exec_module
  File "<frozen importlib._bootstrap>", line 488, in _call_with_frames_removed
  File "/opt/airflow/dags/transformation_DAG.py", line 10, in <module>
    from include import transform
  File "/opt/airflow/include/transform.py", line 6
    df = pd.DataFrame(data, columns=["videoId", "title", "publishedAt", "duration", "viewCount", "likeCount", "commentCount"])    print(df)
                                                                                                                                  ^^^^^
SyntaxError: invalid syntax
[2026-09-17T13:02:47.895+0000] {processor.py:842} WARNING - No viable dags retrieved from /opt/airflow/dags/transformation_DAG.py
[2026-09-17T13:02:47.903+0000] {processor.py:183} INFO - Processing /opt/airflow/dags/transformation_DAG.py took 0.287 seconds
[2026-09-17T13:03:18.059+0000] {processor.py:161} INFO - Started process (PID=5077) to work on /opt/airflow/dags/transformation_DAG.py
[2026-09-17T13:03:18.071+0000] {processor.py:830} INFO - Processing file /opt/airflow/dags/transformation_DAG.py for tasks to queue
[2026-09-17T13:03:18.073+0000] {logging_mixin.py:188} INFO - [2026-09-17T13:03:18.072+0000] {dagbag.py:545} INFO - Filling up the DagBag from /opt/airflow/dags/transformation_DAG.py
[2026-09-17T13:03:18.382+0000] {logging_mixin.py:188} INFO - [2026-09-17T13:03:18.381+0000] {dagbag.py:355} ERROR - Failed to import: /opt/airflow/dags/transformation_DAG.py
Traceback (most recent call last):
  File "/home/airflow/.local/lib/python3.12/site-packages/airflow/models/dagbag.py", line 351, in parse
    loader.exec_module(new_module)
  File "<frozen importlib._bootstrap_external>", line 995, in exec_module
  File "<frozen importlib._bootstrap>", line 488, in _call_with_frames_removed
  File "/opt/airflow/dags/transformation_DAG.py", line 10, in <module>
    from include import transform
  File "/opt/airflow/include/transform.py", line 6
    df = pd.DataFrame(data, columns=["videoId", "title", "publishedAt", "duration", "viewCount", "likeCount", "commentCount"])    print(df)
                                                                                                                                  ^^^^^
SyntaxError: invalid syntax
[2026-09-17T13:03:18.382+0000] {processor.py:842} WARNING - No viable dags retrieved from /opt/airflow/dags/transformation_DAG.py
[2026-09-17T13:03:18.391+0000] {processor.py:183} INFO - Processing /opt/airflow/dags/transformation_DAG.py took 0.337 seconds
[2026-09-17T13:03:48.577+0000] {processor.py:161} INFO - Started process (PID=5087) to work on /opt/airflow/dags/transformation_DAG.py
[2026-09-17T13:03:48.578+0000] {processor.py:830} INFO - Processing file /opt/airflow/dags/transformation_DAG.py for tasks to queue
[2026-09-17T13:03:48.579+0000] {logging_mixin.py:188} INFO - [2026-09-17T13:03:48.579+0000] {dagbag.py:545} INFO - Filling up the DagBag from /opt/airflow/dags/transformation_DAG.py
[2026-09-17T13:03:48.850+0000] {logging_mixin.py:188} INFO - [2026-09-17T13:03:48.850+0000] {dagbag.py:355} ERROR - Failed to import: /opt/airflow/dags/transformation_DAG.py
Traceback (most recent call last):
  File "/home/airflow/.local/lib/python3.12/site-packages/airflow/models/dagbag.py", line 351, in parse
    loader.exec_module(new_module)
  File "<frozen importlib._bootstrap_external>", line 995, in exec_module
  File "<frozen importlib._bootstrap>", line 488, in _call_with_frames_removed
  File "/opt/airflow/dags/transformation_DAG.py", line 10, in <module>
    from include import transform
  File "/opt/airflow/include/transform.py", line 6
    df = pd.DataFrame(data, columns=["videoId", "title", "publishedAt", "duration", "viewCount", "likeCount", "commentCount"])    print(df)
                                                                                                                                  ^^^^^
SyntaxError: invalid syntax
[2026-09-17T13:03:48.851+0000] {processor.py:842} WARNING - No viable dags retrieved from /opt/airflow/dags/transformation_DAG.py
[2026-09-17T13:03:48.858+0000] {processor.py:183} INFO - Processing /opt/airflow/dags/transformation_DAG.py took 0.291 seconds
[2026-09-17T13:04:19.021+0000] {processor.py:161} INFO - Started process (PID=5098) to work on /opt/airflow/dags/transformation_DAG.py
[2026-09-17T13:04:19.029+0000] {processor.py:830} INFO - Processing file /opt/airflow/dags/transformation_DAG.py for tasks to queue
[2026-09-17T13:04:19.030+0000] {logging_mixin.py:188} INFO - [2026-09-17T13:04:19.030+0000] {dagbag.py:545} INFO - Filling up the DagBag from /opt/airflow/dags/transformation_DAG.py
[2026-09-17T13:04:19.305+0000] {logging_mixin.py:188} INFO - [2026-09-17T13:04:19.304+0000] {dagbag.py:355} ERROR - Failed to import: /opt/airflow/dags/transformation_DAG.py
Traceback (most recent call last):
  File "/home/airflow/.local/lib/python3.12/site-packages/airflow/models/dagbag.py", line 351, in parse
    loader.exec_module(new_module)
  File "<frozen importlib._bootstrap_external>", line 995, in exec_module
  File "<frozen importlib._bootstrap>", line 488, in _call_with_frames_removed
  File "/opt/airflow/dags/transformation_DAG.py", line 10, in <module>
    from include import transform
  File "/opt/airflow/include/transform.py", line 6
    df = pd.DataFrame(data, columns=["videoId", "title", "publishedAt", "duration", "viewCount", "likeCount", "commentCount"])    print(df)
                                                                                                                                  ^^^^^
SyntaxError: invalid syntax
[2026-09-17T13:04:19.305+0000] {processor.py:842} WARNING - No viable dags retrieved from /opt/airflow/dags/transformation_DAG.py
[2026-09-17T13:04:19.313+0000] {processor.py:183} INFO - Processing /opt/airflow/dags/transformation_DAG.py took 0.298 seconds
[2026-09-17T13:04:49.468+0000] {processor.py:161} INFO - Started process (PID=5108) to work on /opt/airflow/dags/transformation_DAG.py
[2026-09-17T13:04:49.468+0000] {processor.py:830} INFO - Processing file /opt/airflow/dags/transformation_DAG.py for tasks to queue
[2026-09-17T13:04:49.469+0000] {logging_mixin.py:188} INFO - [2026-09-17T13:04:49.468+0000] {dagbag.py:545} INFO - Filling up the DagBag from /opt/airflow/dags/transformation_DAG.py
[2026-09-17T13:04:49.736+0000] {logging_mixin.py:188} INFO - [2026-09-17T13:04:49.735+0000] {dagbag.py:355} ERROR - Failed to import: /opt/airflow/dags/transformation_DAG.py
Traceback (most recent call last):
  File "/home/airflow/.local/lib/python3.12/site-packages/airflow/models/dagbag.py", line 351, in parse
    loader.exec_module(new_module)
  File "<frozen importlib._bootstrap_external>", line 995, in exec_module
  File "<frozen importlib._bootstrap>", line 488, in _call_with_frames_removed
  File "/opt/airflow/dags/transformation_DAG.py", line 10, in <module>
    from include import transform
  File "/opt/airflow/include/transform.py", line 6
    df = pd.DataFrame(data, columns=["videoId", "title", "publishedAt", "duration", "viewCount", "likeCount", "commentCount"])    print(df)
                                                                                                                                  ^^^^^
SyntaxError: invalid syntax
[2026-09-17T13:04:49.736+0000] {processor.py:842} WARNING - No viable dags retrieved from /opt/airflow/dags/transformation_DAG.py
[2026-09-17T13:04:49.744+0000] {processor.py:183} INFO - Processing /opt/airflow/dags/transformation_DAG.py took 0.282 seconds
[2026-09-17T13:05:19.915+0000] {processor.py:161} INFO - Started process (PID=5118) to work on /opt/airflow/dags/transformation_DAG.py
[2026-09-17T13:05:20.000+0000] {processor.py:830} INFO - Processing file /opt/airflow/dags/transformation_DAG.py for tasks to queue
[2026-09-17T13:05:20.002+0000] {logging_mixin.py:188} INFO - [2026-09-17T13:05:20.001+0000] {dagbag.py:545} INFO - Filling up the DagBag from /opt/airflow/dags/transformation_DAG.py
[2026-09-17T13:05:20.282+0000] {logging_mixin.py:188} INFO - [2026-09-17T13:05:20.282+0000] {dagbag.py:355} ERROR - Failed to import: /opt/airflow/dags/transformation_DAG.py
Traceback (most recent call last):
  File "/home/airflow/.local/lib/python3.12/site-packages/airflow/models/dagbag.py", line 351, in parse
    loader.exec_module(new_module)
  File "<frozen importlib._bootstrap_external>", line 995, in exec_module
  File "<frozen importlib._bootstrap>", line 488, in _call_with_frames_removed
  File "/opt/airflow/dags/transformation_DAG.py", line 10, in <module>
    from include import transform
  File "/opt/airflow/include/transform.py", line 6
    df = pd.DataFrame(data, columns=["videoId", "title", "publishedAt", "duration", "viewCount", "likeCount", "commentCount"])    print(df)
                                                                                                                                  ^^^^^
SyntaxError: invalid syntax
[2026-09-17T13:05:20.283+0000] {processor.py:842} WARNING - No viable dags retrieved from /opt/airflow/dags/transformation_DAG.py
[2026-09-17T13:05:20.293+0000] {processor.py:183} INFO - Processing /opt/airflow/dags/transformation_DAG.py took 0.385 seconds
[2026-09-17T13:05:50.440+0000] {processor.py:161} INFO - Started process (PID=5128) to work on /opt/airflow/dags/transformation_DAG.py
[2026-09-17T13:05:50.441+0000] {processor.py:830} INFO - Processing file /opt/airflow/dags/transformation_DAG.py for tasks to queue
[2026-09-17T13:05:50.441+0000] {logging_mixin.py:188} INFO - [2026-09-17T13:05:50.441+0000] {dagbag.py:545} INFO - Filling up the DagBag from /opt/airflow/dags/transformation_DAG.py
[2026-09-17T13:05:50.710+0000] {logging_mixin.py:188} INFO - [2026-09-17T13:05:50.709+0000] {dagbag.py:355} ERROR - Failed to import: /opt/airflow/dags/transformation_DAG.py
Traceback (most recent call last):
  File "/home/airflow/.local/lib/python3.12/site-packages/airflow/models/dagbag.py", line 351, in parse
    loader.exec_module(new_module)
  File "<frozen importlib._bootstrap_external>", line 995, in exec_module
  File "<frozen importlib._bootstrap>", line 488, in _call_with_frames_removed
  File "/opt/airflow/dags/transformation_DAG.py", line 10, in <module>
    from include import transform
  File "/opt/airflow/include/transform.py", line 6
    df = pd.DataFrame(data, columns=["videoId", "title", "publishedAt", "duration", "viewCount", "likeCount", "commentCount"])    print(df)
                                                                                                                                  ^^^^^
SyntaxError: invalid syntax
[2026-09-17T13:05:50.710+0000] {processor.py:842} WARNING - No viable dags retrieved from /opt/airflow/dags/transformation_DAG.py
[2026-09-17T13:05:50.718+0000] {processor.py:183} INFO - Processing /opt/airflow/dags/transformation_DAG.py took 0.281 seconds
[2026-09-17T13:06:20.873+0000] {processor.py:161} INFO - Started process (PID=5138) to work on /opt/airflow/dags/transformation_DAG.py
[2026-09-17T13:06:20.961+0000] {processor.py:830} INFO - Processing file /opt/airflow/dags/transformation_DAG.py for tasks to queue
[2026-09-17T13:06:20.963+0000] {logging_mixin.py:188} INFO - [2026-09-17T13:06:20.962+0000] {dagbag.py:545} INFO - Filling up the DagBag from /opt/airflow/dags/transformation_DAG.py
[2026-09-17T13:06:21.250+0000] {logging_mixin.py:188} INFO - [2026-09-17T13:06:21.249+0000] {dagbag.py:355} ERROR - Failed to import: /opt/airflow/dags/transformation_DAG.py
Traceback (most recent call last):
  File "/home/airflow/.local/lib/python3.12/site-packages/airflow/models/dagbag.py", line 351, in parse
    loader.exec_module(new_module)
  File "<frozen importlib._bootstrap_external>", line 995, in exec_module
  File "<frozen importlib._bootstrap>", line 488, in _call_with_frames_removed
  File "/opt/airflow/dags/transformation_DAG.py", line 10, in <module>
    from include import transform
  File "/opt/airflow/include/transform.py", line 6
    df = pd.DataFrame(data, columns=["videoId", "title", "publishedAt", "duration", "viewCount", "likeCount", "commentCount"])    print(df)
                                                                                                                                  ^^^^^
SyntaxError: invalid syntax
[2026-09-17T13:06:21.250+0000] {processor.py:842} WARNING - No viable dags retrieved from /opt/airflow/dags/transformation_DAG.py
[2026-09-17T13:06:21.258+0000] {processor.py:183} INFO - Processing /opt/airflow/dags/transformation_DAG.py took 0.391 seconds
[2026-09-17T13:06:51.401+0000] {processor.py:161} INFO - Started process (PID=5148) to work on /opt/airflow/dags/transformation_DAG.py
[2026-09-17T13:06:51.401+0000] {processor.py:830} INFO - Processing file /opt/airflow/dags/transformation_DAG.py for tasks to queue
[2026-09-17T13:06:51.402+0000] {logging_mixin.py:188} INFO - [2026-09-17T13:06:51.402+0000] {dagbag.py:545} INFO - Filling up the DagBag from /opt/airflow/dags/transformation_DAG.py
[2026-09-17T13:06:51.672+0000] {logging_mixin.py:188} INFO - [2026-09-17T13:06:51.671+0000] {dagbag.py:355} ERROR - Failed to import: /opt/airflow/dags/transformation_DAG.py
Traceback (most recent call last):
  File "/home/airflow/.local/lib/python3.12/site-packages/airflow/models/dagbag.py", line 351, in parse
    loader.exec_module(new_module)
  File "<frozen importlib._bootstrap_external>", line 995, in exec_module
  File "<frozen importlib._bootstrap>", line 488, in _call_with_frames_removed
  File "/opt/airflow/dags/transformation_DAG.py", line 10, in <module>
    from include import transform
  File "/opt/airflow/include/transform.py", line 6
    df = pd.DataFrame(data, columns=["videoId", "title", "publishedAt", "duration", "viewCount", "likeCount", "commentCount"])    print(df)
                                                                                                                                  ^^^^^
SyntaxError: invalid syntax
[2026-09-17T13:06:51.672+0000] {processor.py:842} WARNING - No viable dags retrieved from /opt/airflow/dags/transformation_DAG.py
[2026-09-17T13:06:51.680+0000] {processor.py:183} INFO - Processing /opt/airflow/dags/transformation_DAG.py took 0.283 seconds
[2026-09-17T13:07:21.843+0000] {processor.py:161} INFO - Started process (PID=5158) to work on /opt/airflow/dags/transformation_DAG.py
[2026-09-17T13:07:21.871+0000] {processor.py:830} INFO - Processing file /opt/airflow/dags/transformation_DAG.py for tasks to queue
[2026-09-17T13:07:21.872+0000] {logging_mixin.py:188} INFO - [2026-09-17T13:07:21.872+0000] {dagbag.py:545} INFO - Filling up the DagBag from /opt/airflow/dags/transformation_DAG.py
[2026-09-17T13:07:22.152+0000] {logging_mixin.py:188} INFO - [2026-09-17T13:07:22.151+0000] {dagbag.py:355} ERROR - Failed to import: /opt/airflow/dags/transformation_DAG.py
Traceback (most recent call last):
  File "/home/airflow/.local/lib/python3.12/site-packages/airflow/models/dagbag.py", line 351, in parse
    loader.exec_module(new_module)
  File "<frozen importlib._bootstrap_external>", line 995, in exec_module
  File "<frozen importlib._bootstrap>", line 488, in _call_with_frames_removed
  File "/opt/airflow/dags/transformation_DAG.py", line 10, in <module>
    from include import transform
  File "/opt/airflow/include/transform.py", line 6
    df = pd.DataFrame(data, columns=["videoId", "title", "publishedAt", "duration", "viewCount", "likeCount", "commentCount"])    print(df)
                                                                                                                                  ^^^^^
SyntaxError: invalid syntax
[2026-09-17T13:07:22.153+0000] {processor.py:842} WARNING - No viable dags retrieved from /opt/airflow/dags/transformation_DAG.py
[2026-09-17T13:07:22.162+0000] {processor.py:183} INFO - Processing /opt/airflow/dags/transformation_DAG.py took 0.326 seconds
[2026-09-17T13:07:52.308+0000] {processor.py:161} INFO - Started process (PID=5168) to work on /opt/airflow/dags/transformation_DAG.py
[2026-09-17T13:07:52.309+0000] {processor.py:830} INFO - Processing file /opt/airflow/dags/transformation_DAG.py for tasks to queue
[2026-09-17T13:07:52.310+0000] {logging_mixin.py:188} INFO - [2026-09-17T13:07:52.309+0000] {dagbag.py:545} INFO - Filling up the DagBag from /opt/airflow/dags/transformation_DAG.py
[2026-09-17T13:07:52.641+0000] {logging_mixin.py:188} INFO - [2026-09-17T13:07:52.640+0000] {dagbag.py:355} ERROR - Failed to import: /opt/airflow/dags/transformation_DAG.py
Traceback (most recent call last):
  File "/home/airflow/.local/lib/python3.12/site-packages/airflow/models/dagbag.py", line 351, in parse
    loader.exec_module(new_module)
  File "<frozen importlib._bootstrap_external>", line 995, in exec_module
  File "<frozen importlib._bootstrap>", line 488, in _call_with_frames_removed
  File "/opt/airflow/dags/transformation_DAG.py", line 10, in <module>
    from include import transform
  File "/opt/airflow/include/transform.py", line 6
    df = pd.DataFrame(data, columns=["videoId", "title", "publishedAt", "duration", "viewCount", "likeCount", "commentCount"])    print(df)
                                                                                                                                  ^^^^^
SyntaxError: invalid syntax
[2026-09-17T13:07:52.641+0000] {processor.py:842} WARNING - No viable dags retrieved from /opt/airflow/dags/transformation_DAG.py
[2026-09-17T13:07:52.650+0000] {processor.py:183} INFO - Processing /opt/airflow/dags/transformation_DAG.py took 0.346 seconds
[2026-09-17T13:08:22.768+0000] {processor.py:161} INFO - Started process (PID=5178) to work on /opt/airflow/dags/transformation_DAG.py
[2026-09-17T13:08:22.861+0000] {processor.py:830} INFO - Processing file /opt/airflow/dags/transformation_DAG.py for tasks to queue
[2026-09-17T13:08:22.862+0000] {logging_mixin.py:188} INFO - [2026-09-17T13:08:22.862+0000] {dagbag.py:545} INFO - Filling up the DagBag from /opt/airflow/dags/transformation_DAG.py
[2026-09-17T13:08:23.165+0000] {processor.py:840} INFO - DAG(s) 'load_transform_data_DAG' retrieved from /opt/airflow/dags/transformation_DAG.py
[2026-09-17T13:08:23.218+0000] {logging_mixin.py:188} INFO - [2026-09-17T13:08:23.218+0000] {dag.py:3096} INFO - Sync 1 DAGs
[2026-09-17T13:08:23.223+0000] {logging_mixin.py:188} INFO - [2026-09-17T13:08:23.223+0000] {dag.py:3954} INFO - Setting next_dagrun for load_transform_data_DAG to None, run_after=None
[2026-09-17T13:08:23.233+0000] {processor.py:183} INFO - Processing /opt/airflow/dags/transformation_DAG.py took 0.469 seconds
[2026-09-17T13:08:53.344+0000] {processor.py:161} INFO - Started process (PID=5188) to work on /opt/airflow/dags/transformation_DAG.py
[2026-09-17T13:08:53.345+0000] {processor.py:830} INFO - Processing file /opt/airflow/dags/transformation_DAG.py for tasks to queue
[2026-09-17T13:08:53.345+0000] {logging_mixin.py:188} INFO - [2026-09-17T13:08:53.345+0000] {dagbag.py:545} INFO - Filling up the DagBag from /opt/airflow/dags/transformation_DAG.py
[2026-09-17T13:08:53.656+0000] {processor.py:840} INFO - DAG(s) 'load_transform_data_DAG' retrieved from /opt/airflow/dags/transformation_DAG.py
[2026-09-17T13:08:53.667+0000] {logging_mixin.py:188} INFO - [2026-09-17T13:08:53.667+0000] {dag.py:3096} INFO - Sync 1 DAGs
[2026-09-17T13:08:53.673+0000] {logging_mixin.py:188} INFO - [2026-09-17T13:08:53.673+0000] {dag.py:3954} INFO - Setting next_dagrun for load_transform_data_DAG to None, run_after=None
[2026-09-17T13:08:53.682+0000] {processor.py:183} INFO - Processing /opt/airflow/dags/transformation_DAG.py took 0.343 seconds
[2026-09-17T13:09:23.814+0000] {processor.py:161} INFO - Started process (PID=5198) to work on /opt/airflow/dags/transformation_DAG.py
[2026-09-17T13:09:23.835+0000] {processor.py:830} INFO - Processing file /opt/airflow/dags/transformation_DAG.py for tasks to queue
[2026-09-17T13:09:23.837+0000] {logging_mixin.py:188} INFO - [2026-09-17T13:09:23.836+0000] {dagbag.py:545} INFO - Filling up the DagBag from /opt/airflow/dags/transformation_DAG.py
[2026-09-17T13:09:24.179+0000] {processor.py:840} INFO - DAG(s) 'load_transform_data_DAG' retrieved from /opt/airflow/dags/transformation_DAG.py
[2026-09-17T13:09:24.192+0000] {logging_mixin.py:188} INFO - [2026-09-17T13:09:24.192+0000] {dag.py:3096} INFO - Sync 1 DAGs
[2026-09-17T13:09:24.198+0000] {logging_mixin.py:188} INFO - [2026-09-17T13:09:24.198+0000] {dag.py:3954} INFO - Setting next_dagrun for load_transform_data_DAG to None, run_after=None
[2026-09-17T13:09:24.207+0000] {processor.py:183} INFO - Processing /opt/airflow/dags/transformation_DAG.py took 0.397 seconds
[2026-09-17T13:09:54.338+0000] {processor.py:161} INFO - Started process (PID=5207) to work on /opt/airflow/dags/transformation_DAG.py
[2026-09-17T13:09:54.338+0000] {processor.py:830} INFO - Processing file /opt/airflow/dags/transformation_DAG.py for tasks to queue
[2026-09-17T13:09:54.339+0000] {logging_mixin.py:188} INFO - [2026-09-17T13:09:54.339+0000] {dagbag.py:545} INFO - Filling up the DagBag from /opt/airflow/dags/transformation_DAG.py
[2026-09-17T13:09:54.651+0000] {processor.py:840} INFO - DAG(s) 'load_transform_data_DAG' retrieved from /opt/airflow/dags/transformation_DAG.py
[2026-09-17T13:09:54.664+0000] {logging_mixin.py:188} INFO - [2026-09-17T13:09:54.663+0000] {dag.py:3096} INFO - Sync 1 DAGs
[2026-09-17T13:09:54.670+0000] {logging_mixin.py:188} INFO - [2026-09-17T13:09:54.670+0000] {dag.py:3954} INFO - Setting next_dagrun for load_transform_data_DAG to None, run_after=None
[2026-09-17T13:09:54.681+0000] {processor.py:183} INFO - Processing /opt/airflow/dags/transformation_DAG.py took 0.347 seconds
[2026-09-17T13:10:24.807+0000] {processor.py:161} INFO - Started process (PID=5217) to work on /opt/airflow/dags/transformation_DAG.py
[2026-09-17T13:10:24.817+0000] {processor.py:830} INFO - Processing file /opt/airflow/dags/transformation_DAG.py for tasks to queue
[2026-09-17T13:10:24.818+0000] {logging_mixin.py:188} INFO - [2026-09-17T13:10:24.818+0000] {dagbag.py:545} INFO - Filling up the DagBag from /opt/airflow/dags/transformation_DAG.py
[2026-09-17T13:10:25.136+0000] {processor.py:840} INFO - DAG(s) 'load_transform_data_DAG' retrieved from /opt/airflow/dags/transformation_DAG.py
[2026-09-17T13:10:25.146+0000] {logging_mixin.py:188} INFO - [2026-09-17T13:10:25.146+0000] {dag.py:3096} INFO - Sync 1 DAGs
[2026-09-17T13:10:25.153+0000] {logging_mixin.py:188} INFO - [2026-09-17T13:10:25.153+0000] {dag.py:3954} INFO - Setting next_dagrun for load_transform_data_DAG to None, run_after=None
[2026-09-17T13:10:25.161+0000] {processor.py:183} INFO - Processing /opt/airflow/dags/transformation_DAG.py took 0.364 seconds
[2026-09-17T13:10:55.278+0000] {processor.py:161} INFO - Started process (PID=5227) to work on /opt/airflow/dags/transformation_DAG.py
[2026-09-17T13:10:55.278+0000] {processor.py:830} INFO - Processing file /opt/airflow/dags/transformation_DAG.py for tasks to queue
[2026-09-17T13:10:55.279+0000] {logging_mixin.py:188} INFO - [2026-09-17T13:10:55.278+0000] {dagbag.py:545} INFO - Filling up the DagBag from /opt/airflow/dags/transformation_DAG.py
[2026-09-17T13:10:55.565+0000] {processor.py:840} INFO - DAG(s) 'load_transform_data_DAG' retrieved from /opt/airflow/dags/transformation_DAG.py
[2026-09-17T13:10:55.577+0000] {logging_mixin.py:188} INFO - [2026-09-17T13:10:55.576+0000] {dag.py:3096} INFO - Sync 1 DAGs
[2026-09-17T13:10:55.583+0000] {logging_mixin.py:188} INFO - [2026-09-17T13:10:55.583+0000] {dag.py:3954} INFO - Setting next_dagrun for load_transform_data_DAG to None, run_after=None
[2026-09-17T13:10:55.592+0000] {processor.py:183} INFO - Processing /opt/airflow/dags/transformation_DAG.py took 0.319 seconds
[2026-09-17T13:11:25.755+0000] {processor.py:161} INFO - Started process (PID=5237) to work on /opt/airflow/dags/transformation_DAG.py
[2026-09-17T13:11:25.768+0000] {processor.py:830} INFO - Processing file /opt/airflow/dags/transformation_DAG.py for tasks to queue
[2026-09-17T13:11:25.770+0000] {logging_mixin.py:188} INFO - [2026-09-17T13:11:25.769+0000] {dagbag.py:545} INFO - Filling up the DagBag from /opt/airflow/dags/transformation_DAG.py
[2026-09-17T13:11:26.057+0000] {processor.py:840} INFO - DAG(s) 'load_transform_data_DAG' retrieved from /opt/airflow/dags/transformation_DAG.py
[2026-09-17T13:11:26.068+0000] {logging_mixin.py:188} INFO - [2026-09-17T13:11:26.068+0000] {dag.py:3096} INFO - Sync 1 DAGs
[2026-09-17T13:11:26.074+0000] {logging_mixin.py:188} INFO - [2026-09-17T13:11:26.074+0000] {dag.py:3954} INFO - Setting next_dagrun for load_transform_data_DAG to None, run_after=None
[2026-09-17T13:11:26.082+0000] {processor.py:183} INFO - Processing /opt/airflow/dags/transformation_DAG.py took 0.336 seconds
[2026-09-17T13:11:56.207+0000] {processor.py:161} INFO - Started process (PID=5247) to work on /opt/airflow/dags/transformation_DAG.py
[2026-09-17T13:11:56.207+0000] {processor.py:830} INFO - Processing file /opt/airflow/dags/transformation_DAG.py for tasks to queue
[2026-09-17T13:11:56.208+0000] {logging_mixin.py:188} INFO - [2026-09-17T13:11:56.208+0000] {dagbag.py:545} INFO - Filling up the DagBag from /opt/airflow/dags/transformation_DAG.py
[2026-09-17T13:11:56.501+0000] {processor.py:840} INFO - DAG(s) 'load_transform_data_DAG' retrieved from /opt/airflow/dags/transformation_DAG.py
[2026-09-17T13:11:56.512+0000] {logging_mixin.py:188} INFO - [2026-09-17T13:11:56.512+0000] {dag.py:3096} INFO - Sync 1 DAGs
[2026-09-17T13:11:56.518+0000] {logging_mixin.py:188} INFO - [2026-09-17T13:11:56.518+0000] {dag.py:3954} INFO - Setting next_dagrun for load_transform_data_DAG to None, run_after=None
[2026-09-17T13:11:56.527+0000] {processor.py:183} INFO - Processing /opt/airflow/dags/transformation_DAG.py took 0.326 seconds
[2026-09-17T13:12:26.682+0000] {processor.py:161} INFO - Started process (PID=5257) to work on /opt/airflow/dags/transformation_DAG.py
[2026-09-17T13:12:26.774+0000] {processor.py:830} INFO - Processing file /opt/airflow/dags/transformation_DAG.py for tasks to queue
[2026-09-17T13:12:26.774+0000] {logging_mixin.py:188} INFO - [2026-09-17T13:12:26.774+0000] {dagbag.py:545} INFO - Filling up the DagBag from /opt/airflow/dags/transformation_DAG.py
[2026-09-17T13:12:27.095+0000] {processor.py:840} INFO - DAG(s) 'load_transform_data_DAG' retrieved from /opt/airflow/dags/transformation_DAG.py
[2026-09-17T13:12:27.108+0000] {logging_mixin.py:188} INFO - [2026-09-17T13:12:27.108+0000] {dag.py:3096} INFO - Sync 1 DAGs
[2026-09-17T13:12:27.115+0000] {logging_mixin.py:188} INFO - [2026-09-17T13:12:27.114+0000] {dag.py:3954} INFO - Setting next_dagrun for load_transform_data_DAG to None, run_after=None
[2026-09-17T13:12:27.126+0000] {processor.py:183} INFO - Processing /opt/airflow/dags/transformation_DAG.py took 0.452 seconds
[2026-09-17T13:12:57.254+0000] {processor.py:161} INFO - Started process (PID=5267) to work on /opt/airflow/dags/transformation_DAG.py
[2026-09-17T13:12:57.255+0000] {processor.py:830} INFO - Processing file /opt/airflow/dags/transformation_DAG.py for tasks to queue
[2026-09-17T13:12:57.256+0000] {logging_mixin.py:188} INFO - [2026-09-17T13:12:57.256+0000] {dagbag.py:545} INFO - Filling up the DagBag from /opt/airflow/dags/transformation_DAG.py
[2026-09-17T13:12:57.542+0000] {processor.py:840} INFO - DAG(s) 'load_transform_data_DAG' retrieved from /opt/airflow/dags/transformation_DAG.py
[2026-09-17T13:12:57.554+0000] {logging_mixin.py:188} INFO - [2026-09-17T13:12:57.554+0000] {dag.py:3096} INFO - Sync 1 DAGs
[2026-09-17T13:12:57.561+0000] {logging_mixin.py:188} INFO - [2026-09-17T13:12:57.561+0000] {dag.py:3954} INFO - Setting next_dagrun for load_transform_data_DAG to None, run_after=None
[2026-09-17T13:12:57.571+0000] {processor.py:183} INFO - Processing /opt/airflow/dags/transformation_DAG.py took 0.326 seconds
[2026-09-17T13:13:27.685+0000] {processor.py:161} INFO - Started process (PID=5277) to work on /opt/airflow/dags/transformation_DAG.py
[2026-09-17T13:13:27.686+0000] {processor.py:830} INFO - Processing file /opt/airflow/dags/transformation_DAG.py for tasks to queue
[2026-09-17T13:13:27.686+0000] {logging_mixin.py:188} INFO - [2026-09-17T13:13:27.686+0000] {dagbag.py:545} INFO - Filling up the DagBag from /opt/airflow/dags/transformation_DAG.py
[2026-09-17T13:13:27.989+0000] {processor.py:840} INFO - DAG(s) 'load_transform_data_DAG' retrieved from /opt/airflow/dags/transformation_DAG.py
[2026-09-17T13:13:28.001+0000] {logging_mixin.py:188} INFO - [2026-09-17T13:13:28.000+0000] {dag.py:3096} INFO - Sync 1 DAGs
[2026-09-17T13:13:28.009+0000] {logging_mixin.py:188} INFO - [2026-09-17T13:13:28.008+0000] {dag.py:3954} INFO - Setting next_dagrun for load_transform_data_DAG to None, run_after=None
[2026-09-17T13:13:28.018+0000] {processor.py:183} INFO - Processing /opt/airflow/dags/transformation_DAG.py took 0.336 seconds
[2026-09-17T13:13:58.122+0000] {processor.py:161} INFO - Started process (PID=5287) to work on /opt/airflow/dags/transformation_DAG.py
[2026-09-17T13:13:58.122+0000] {processor.py:830} INFO - Processing file /opt/airflow/dags/transformation_DAG.py for tasks to queue
[2026-09-17T13:13:58.123+0000] {logging_mixin.py:188} INFO - [2026-09-17T13:13:58.123+0000] {dagbag.py:545} INFO - Filling up the DagBag from /opt/airflow/dags/transformation_DAG.py
[2026-09-17T13:13:58.489+0000] {processor.py:840} INFO - DAG(s) 'load_transform_data_DAG' retrieved from /opt/airflow/dags/transformation_DAG.py
[2026-09-17T13:13:58.501+0000] {logging_mixin.py:188} INFO - [2026-09-17T13:13:58.501+0000] {dag.py:3096} INFO - Sync 1 DAGs
[2026-09-17T13:13:58.508+0000] {logging_mixin.py:188} INFO - [2026-09-17T13:13:58.508+0000] {dag.py:3954} INFO - Setting next_dagrun for load_transform_data_DAG to None, run_after=None
[2026-09-17T13:13:58.518+0000] {processor.py:183} INFO - Processing /opt/airflow/dags/transformation_DAG.py took 0.400 seconds
[2026-09-17T13:14:28.658+0000] {processor.py:161} INFO - Started process (PID=5297) to work on /opt/airflow/dags/transformation_DAG.py
[2026-09-17T13:14:28.659+0000] {processor.py:830} INFO - Processing file /opt/airflow/dags/transformation_DAG.py for tasks to queue
[2026-09-17T13:14:28.660+0000] {logging_mixin.py:188} INFO - [2026-09-17T13:14:28.659+0000] {dagbag.py:545} INFO - Filling up the DagBag from /opt/airflow/dags/transformation_DAG.py
[2026-09-17T13:14:28.987+0000] {processor.py:840} INFO - DAG(s) 'load_transform_data_DAG' retrieved from /opt/airflow/dags/transformation_DAG.py
[2026-09-17T13:14:28.999+0000] {logging_mixin.py:188} INFO - [2026-09-17T13:14:28.999+0000] {dag.py:3096} INFO - Sync 1 DAGs
[2026-09-17T13:14:29.007+0000] {logging_mixin.py:188} INFO - [2026-09-17T13:14:29.007+0000] {dag.py:3954} INFO - Setting next_dagrun for load_transform_data_DAG to None, run_after=None
[2026-09-17T13:14:29.016+0000] {processor.py:183} INFO - Processing /opt/airflow/dags/transformation_DAG.py took 0.366 seconds
[2026-09-17T13:14:59.134+0000] {processor.py:161} INFO - Started process (PID=5307) to work on /opt/airflow/dags/transformation_DAG.py
[2026-09-17T13:14:59.327+0000] {processor.py:830} INFO - Processing file /opt/airflow/dags/transformation_DAG.py for tasks to queue
[2026-09-17T13:14:59.328+0000] {logging_mixin.py:188} INFO - [2026-09-17T13:14:59.328+0000] {dagbag.py:545} INFO - Filling up the DagBag from /opt/airflow/dags/transformation_DAG.py
[2026-09-17T13:14:59.630+0000] {processor.py:840} INFO - DAG(s) 'load_transform_data_DAG' retrieved from /opt/airflow/dags/transformation_DAG.py
[2026-09-17T13:14:59.641+0000] {logging_mixin.py:188} INFO - [2026-09-17T13:14:59.641+0000] {dag.py:3096} INFO - Sync 1 DAGs
[2026-09-17T13:14:59.648+0000] {logging_mixin.py:188} INFO - [2026-09-17T13:14:59.648+0000] {dag.py:3954} INFO - Setting next_dagrun for load_transform_data_DAG to None, run_after=None
[2026-09-17T13:14:59.658+0000] {processor.py:183} INFO - Processing /opt/airflow/dags/transformation_DAG.py took 0.528 seconds
[2026-09-17T13:15:29.759+0000] {processor.py:161} INFO - Started process (PID=5317) to work on /opt/airflow/dags/transformation_DAG.py
[2026-09-17T13:15:29.759+0000] {processor.py:830} INFO - Processing file /opt/airflow/dags/transformation_DAG.py for tasks to queue
[2026-09-17T13:15:29.759+0000] {logging_mixin.py:188} INFO - [2026-09-17T13:15:29.759+0000] {dagbag.py:545} INFO - Filling up the DagBag from /opt/airflow/dags/transformation_DAG.py
[2026-09-17T13:15:30.069+0000] {processor.py:840} INFO - DAG(s) 'load_transform_data_DAG' retrieved from /opt/airflow/dags/transformation_DAG.py
[2026-09-17T13:15:30.081+0000] {logging_mixin.py:188} INFO - [2026-09-17T13:15:30.080+0000] {dag.py:3096} INFO - Sync 1 DAGs
[2026-09-17T13:15:30.088+0000] {logging_mixin.py:188} INFO - [2026-09-17T13:15:30.088+0000] {dag.py:3954} INFO - Setting next_dagrun for load_transform_data_DAG to None, run_after=None
[2026-09-17T13:15:30.096+0000] {processor.py:183} INFO - Processing /opt/airflow/dags/transformation_DAG.py took 0.341 seconds
[2026-09-17T13:16:00.215+0000] {processor.py:161} INFO - Started process (PID=5327) to work on /opt/airflow/dags/transformation_DAG.py
[2026-09-17T13:16:00.225+0000] {processor.py:830} INFO - Processing file /opt/airflow/dags/transformation_DAG.py for tasks to queue
[2026-09-17T13:16:00.226+0000] {logging_mixin.py:188} INFO - [2026-09-17T13:16:00.226+0000] {dagbag.py:545} INFO - Filling up the DagBag from /opt/airflow/dags/transformation_DAG.py
[2026-09-17T13:16:00.533+0000] {processor.py:840} INFO - DAG(s) 'load_transform_data_DAG' retrieved from /opt/airflow/dags/transformation_DAG.py
[2026-09-17T13:16:00.543+0000] {logging_mixin.py:188} INFO - [2026-09-17T13:16:00.543+0000] {dag.py:3096} INFO - Sync 1 DAGs
[2026-09-17T13:16:00.549+0000] {logging_mixin.py:188} INFO - [2026-09-17T13:16:00.549+0000] {dag.py:3954} INFO - Setting next_dagrun for load_transform_data_DAG to None, run_after=None
[2026-09-17T13:16:00.559+0000] {processor.py:183} INFO - Processing /opt/airflow/dags/transformation_DAG.py took 0.350 seconds
[2026-09-17T13:16:30.670+0000] {processor.py:161} INFO - Started process (PID=5337) to work on /opt/airflow/dags/transformation_DAG.py
[2026-09-17T13:16:30.671+0000] {processor.py:830} INFO - Processing file /opt/airflow/dags/transformation_DAG.py for tasks to queue
[2026-09-17T13:16:30.671+0000] {logging_mixin.py:188} INFO - [2026-09-17T13:16:30.671+0000] {dagbag.py:545} INFO - Filling up the DagBag from /opt/airflow/dags/transformation_DAG.py
[2026-09-17T13:16:30.996+0000] {processor.py:840} INFO - DAG(s) 'load_transform_data_DAG' retrieved from /opt/airflow/dags/transformation_DAG.py
[2026-09-17T13:16:31.008+0000] {logging_mixin.py:188} INFO - [2026-09-17T13:16:31.008+0000] {dag.py:3096} INFO - Sync 1 DAGs
[2026-09-17T13:16:31.016+0000] {logging_mixin.py:188} INFO - [2026-09-17T13:16:31.016+0000] {dag.py:3954} INFO - Setting next_dagrun for load_transform_data_DAG to None, run_after=None
[2026-09-17T13:16:31.027+0000] {processor.py:183} INFO - Processing /opt/airflow/dags/transformation_DAG.py took 0.361 seconds
[2026-09-17T13:17:01.146+0000] {processor.py:161} INFO - Started process (PID=5347) to work on /opt/airflow/dags/transformation_DAG.py
[2026-09-17T13:17:01.156+0000] {processor.py:830} INFO - Processing file /opt/airflow/dags/transformation_DAG.py for tasks to queue
[2026-09-17T13:17:01.157+0000] {logging_mixin.py:188} INFO - [2026-09-17T13:17:01.157+0000] {dagbag.py:545} INFO - Filling up the DagBag from /opt/airflow/dags/transformation_DAG.py
[2026-09-17T13:17:01.452+0000] {logging_mixin.py:188} INFO - [2026-09-17T13:17:01.451+0000] {dagbag.py:355} ERROR - Failed to import: /opt/airflow/dags/transformation_DAG.py
Traceback (most recent call last):
  File "/home/airflow/.local/lib/python3.12/site-packages/airflow/models/dagbag.py", line 351, in parse
    loader.exec_module(new_module)
  File "<frozen importlib._bootstrap_external>", line 995, in exec_module
  File "<frozen importlib._bootstrap>", line 488, in _call_with_frames_removed
  File "/opt/airflow/dags/transformation_DAG.py", line 10, in <module>
    from include import transform
  File "/opt/airflow/include/transform.py", line 9
    df["duration"] = dt.
                        ^
SyntaxError: invalid syntax
[2026-09-17T13:17:01.452+0000] {processor.py:842} WARNING - No viable dags retrieved from /opt/airflow/dags/transformation_DAG.py
[2026-09-17T13:17:01.460+0000] {processor.py:183} INFO - Processing /opt/airflow/dags/transformation_DAG.py took 0.318 seconds
[2026-09-17T13:17:31.586+0000] {processor.py:161} INFO - Started process (PID=5357) to work on /opt/airflow/dags/transformation_DAG.py
[2026-09-17T13:17:31.587+0000] {processor.py:830} INFO - Processing file /opt/airflow/dags/transformation_DAG.py for tasks to queue
[2026-09-17T13:17:31.587+0000] {logging_mixin.py:188} INFO - [2026-09-17T13:17:31.587+0000] {dagbag.py:545} INFO - Filling up the DagBag from /opt/airflow/dags/transformation_DAG.py
[2026-09-17T13:17:31.878+0000] {logging_mixin.py:188} INFO - [2026-09-17T13:17:31.877+0000] {dagbag.py:355} ERROR - Failed to import: /opt/airflow/dags/transformation_DAG.py
Traceback (most recent call last):
  File "/home/airflow/.local/lib/python3.12/site-packages/airflow/models/dagbag.py", line 351, in parse
    loader.exec_module(new_module)
  File "<frozen importlib._bootstrap_external>", line 995, in exec_module
  File "<frozen importlib._bootstrap>", line 488, in _call_with_frames_removed
  File "/opt/airflow/dags/transformation_DAG.py", line 10, in <module>
    from include import transform
  File "/opt/airflow/include/transform.py", line 9
    df["duration"] = dt.
                        ^
SyntaxError: invalid syntax
[2026-09-17T13:17:31.878+0000] {processor.py:842} WARNING - No viable dags retrieved from /opt/airflow/dags/transformation_DAG.py
[2026-09-17T13:17:31.886+0000] {processor.py:183} INFO - Processing /opt/airflow/dags/transformation_DAG.py took 0.304 seconds
[2026-09-17T13:18:02.034+0000] {processor.py:161} INFO - Started process (PID=5367) to work on /opt/airflow/dags/transformation_DAG.py
[2026-09-17T13:18:02.121+0000] {processor.py:830} INFO - Processing file /opt/airflow/dags/transformation_DAG.py for tasks to queue
[2026-09-17T13:18:02.143+0000] {logging_mixin.py:188} INFO - [2026-09-17T13:18:02.142+0000] {dagbag.py:545} INFO - Filling up the DagBag from /opt/airflow/dags/transformation_DAG.py
[2026-09-17T13:18:02.451+0000] {logging_mixin.py:188} INFO - [2026-09-17T13:18:02.450+0000] {dagbag.py:355} ERROR - Failed to import: /opt/airflow/dags/transformation_DAG.py
Traceback (most recent call last):
  File "/home/airflow/.local/lib/python3.12/site-packages/airflow/models/dagbag.py", line 351, in parse
    loader.exec_module(new_module)
  File "<frozen importlib._bootstrap_external>", line 995, in exec_module
  File "<frozen importlib._bootstrap>", line 488, in _call_with_frames_removed
  File "/opt/airflow/dags/transformation_DAG.py", line 10, in <module>
    from include import transform
  File "/opt/airflow/include/transform.py", line 9
    df["duration"] = dt.
                        ^
SyntaxError: invalid syntax
[2026-09-17T13:18:02.451+0000] {processor.py:842} WARNING - No viable dags retrieved from /opt/airflow/dags/transformation_DAG.py
[2026-09-17T13:18:02.460+0000] {processor.py:183} INFO - Processing /opt/airflow/dags/transformation_DAG.py took 0.433 seconds
[2026-09-17T13:18:32.606+0000] {processor.py:161} INFO - Started process (PID=5377) to work on /opt/airflow/dags/transformation_DAG.py
[2026-09-17T13:18:32.607+0000] {processor.py:830} INFO - Processing file /opt/airflow/dags/transformation_DAG.py for tasks to queue
[2026-09-17T13:18:32.608+0000] {logging_mixin.py:188} INFO - [2026-09-17T13:18:32.607+0000] {dagbag.py:545} INFO - Filling up the DagBag from /opt/airflow/dags/transformation_DAG.py
[2026-09-17T13:18:32.899+0000] {logging_mixin.py:188} INFO - [2026-09-17T13:18:32.898+0000] {dagbag.py:355} ERROR - Failed to import: /opt/airflow/dags/transformation_DAG.py
Traceback (most recent call last):
  File "/home/airflow/.local/lib/python3.12/site-packages/airflow/models/dagbag.py", line 351, in parse
    loader.exec_module(new_module)
  File "<frozen importlib._bootstrap_external>", line 995, in exec_module
  File "<frozen importlib._bootstrap>", line 488, in _call_with_frames_removed
  File "/opt/airflow/dags/transformation_DAG.py", line 10, in <module>
    from include import transform
  File "/opt/airflow/include/transform.py", line 9
    df["duration"] = dt.
                        ^
SyntaxError: invalid syntax
[2026-09-17T13:18:32.899+0000] {processor.py:842} WARNING - No viable dags retrieved from /opt/airflow/dags/transformation_DAG.py
[2026-09-17T13:18:32.907+0000] {processor.py:183} INFO - Processing /opt/airflow/dags/transformation_DAG.py took 0.311 seconds
[2026-09-17T13:19:03.038+0000] {processor.py:161} INFO - Started process (PID=5387) to work on /opt/airflow/dags/transformation_DAG.py
[2026-09-17T13:19:03.129+0000] {processor.py:830} INFO - Processing file /opt/airflow/dags/transformation_DAG.py for tasks to queue
[2026-09-17T13:19:03.130+0000] {logging_mixin.py:188} INFO - [2026-09-17T13:19:03.130+0000] {dagbag.py:545} INFO - Filling up the DagBag from /opt/airflow/dags/transformation_DAG.py
[2026-09-17T13:19:03.458+0000] {logging_mixin.py:188} INFO - [2026-09-17T13:19:03.457+0000] {dagbag.py:355} ERROR - Failed to import: /opt/airflow/dags/transformation_DAG.py
Traceback (most recent call last):
  File "/home/airflow/.local/lib/python3.12/site-packages/airflow/models/dagbag.py", line 351, in parse
    loader.exec_module(new_module)
  File "<frozen importlib._bootstrap_external>", line 995, in exec_module
  File "<frozen importlib._bootstrap>", line 488, in _call_with_frames_removed
  File "/opt/airflow/dags/transformation_DAG.py", line 10, in <module>
    from include import transform
  File "/opt/airflow/include/transform.py", line 9
    df["duration"] = dt.
                        ^
SyntaxError: invalid syntax
[2026-09-17T13:19:03.459+0000] {processor.py:842} WARNING - No viable dags retrieved from /opt/airflow/dags/transformation_DAG.py
[2026-09-17T13:19:03.467+0000] {processor.py:183} INFO - Processing /opt/airflow/dags/transformation_DAG.py took 0.433 seconds
[2026-09-17T13:19:33.571+0000] {processor.py:161} INFO - Started process (PID=5397) to work on /opt/airflow/dags/transformation_DAG.py
[2026-09-17T13:19:33.571+0000] {processor.py:830} INFO - Processing file /opt/airflow/dags/transformation_DAG.py for tasks to queue
[2026-09-17T13:19:33.572+0000] {logging_mixin.py:188} INFO - [2026-09-17T13:19:33.572+0000] {dagbag.py:545} INFO - Filling up the DagBag from /opt/airflow/dags/transformation_DAG.py
[2026-09-17T13:19:33.871+0000] {logging_mixin.py:188} INFO - [2026-09-17T13:19:33.871+0000] {dagbag.py:355} ERROR - Failed to import: /opt/airflow/dags/transformation_DAG.py
Traceback (most recent call last):
  File "/home/airflow/.local/lib/python3.12/site-packages/airflow/models/dagbag.py", line 351, in parse
    loader.exec_module(new_module)
  File "<frozen importlib._bootstrap_external>", line 995, in exec_module
  File "<frozen importlib._bootstrap>", line 488, in _call_with_frames_removed
  File "/opt/airflow/dags/transformation_DAG.py", line 10, in <module>
    from include import transform
  File "/opt/airflow/include/transform.py", line 9
    df["duration"] = dt.
                        ^
SyntaxError: invalid syntax
[2026-09-17T13:19:33.872+0000] {processor.py:842} WARNING - No viable dags retrieved from /opt/airflow/dags/transformation_DAG.py
[2026-09-17T13:19:33.880+0000] {processor.py:183} INFO - Processing /opt/airflow/dags/transformation_DAG.py took 0.313 seconds
[2026-09-17T13:20:03.979+0000] {processor.py:161} INFO - Started process (PID=5406) to work on /opt/airflow/dags/transformation_DAG.py
[2026-09-17T13:20:03.989+0000] {processor.py:830} INFO - Processing file /opt/airflow/dags/transformation_DAG.py for tasks to queue
[2026-09-17T13:20:03.990+0000] {logging_mixin.py:188} INFO - [2026-09-17T13:20:03.989+0000] {dagbag.py:545} INFO - Filling up the DagBag from /opt/airflow/dags/transformation_DAG.py
[2026-09-17T13:20:04.291+0000] {logging_mixin.py:188} INFO - [2026-09-17T13:20:04.290+0000] {dagbag.py:355} ERROR - Failed to import: /opt/airflow/dags/transformation_DAG.py
Traceback (most recent call last):
  File "/home/airflow/.local/lib/python3.12/site-packages/airflow/models/dagbag.py", line 351, in parse
    loader.exec_module(new_module)
  File "<frozen importlib._bootstrap_external>", line 995, in exec_module
  File "<frozen importlib._bootstrap>", line 488, in _call_with_frames_removed
  File "/opt/airflow/dags/transformation_DAG.py", line 10, in <module>
    from include import transform
  File "/opt/airflow/include/transform.py", line 9
    df["duration"] = dt.
                        ^
SyntaxError: invalid syntax
[2026-09-17T13:20:04.291+0000] {processor.py:842} WARNING - No viable dags retrieved from /opt/airflow/dags/transformation_DAG.py
[2026-09-17T13:20:04.300+0000] {processor.py:183} INFO - Processing /opt/airflow/dags/transformation_DAG.py took 0.327 seconds
[2026-09-17T13:20:34.396+0000] {processor.py:161} INFO - Started process (PID=5416) to work on /opt/airflow/dags/transformation_DAG.py
[2026-09-17T13:20:34.396+0000] {processor.py:830} INFO - Processing file /opt/airflow/dags/transformation_DAG.py for tasks to queue
[2026-09-17T13:20:34.397+0000] {logging_mixin.py:188} INFO - [2026-09-17T13:20:34.397+0000] {dagbag.py:545} INFO - Filling up the DagBag from /opt/airflow/dags/transformation_DAG.py
[2026-09-17T13:20:34.695+0000] {logging_mixin.py:188} INFO - [2026-09-17T13:20:34.694+0000] {dagbag.py:355} ERROR - Failed to import: /opt/airflow/dags/transformation_DAG.py
Traceback (most recent call last):
  File "/home/airflow/.local/lib/python3.12/site-packages/airflow/models/dagbag.py", line 351, in parse
    loader.exec_module(new_module)
  File "<frozen importlib._bootstrap_external>", line 995, in exec_module
  File "<frozen importlib._bootstrap>", line 488, in _call_with_frames_removed
  File "/opt/airflow/dags/transformation_DAG.py", line 10, in <module>
    from include import transform
  File "/opt/airflow/include/transform.py", line 9
    df["duration"] = dt.
                        ^
SyntaxError: invalid syntax
[2026-09-17T13:20:34.695+0000] {processor.py:842} WARNING - No viable dags retrieved from /opt/airflow/dags/transformation_DAG.py
[2026-09-17T13:20:34.704+0000] {processor.py:183} INFO - Processing /opt/airflow/dags/transformation_DAG.py took 0.312 seconds
[2026-09-17T13:21:04.819+0000] {processor.py:161} INFO - Started process (PID=5426) to work on /opt/airflow/dags/transformation_DAG.py
[2026-09-17T13:21:04.830+0000] {processor.py:830} INFO - Processing file /opt/airflow/dags/transformation_DAG.py for tasks to queue
[2026-09-17T13:21:04.831+0000] {logging_mixin.py:188} INFO - [2026-09-17T13:21:04.831+0000] {dagbag.py:545} INFO - Filling up the DagBag from /opt/airflow/dags/transformation_DAG.py
[2026-09-17T13:21:05.132+0000] {logging_mixin.py:188} INFO - [2026-09-17T13:21:05.131+0000] {dagbag.py:355} ERROR - Failed to import: /opt/airflow/dags/transformation_DAG.py
Traceback (most recent call last):
  File "/home/airflow/.local/lib/python3.12/site-packages/airflow/models/dagbag.py", line 351, in parse
    loader.exec_module(new_module)
  File "<frozen importlib._bootstrap_external>", line 995, in exec_module
  File "<frozen importlib._bootstrap>", line 488, in _call_with_frames_removed
  File "/opt/airflow/dags/transformation_DAG.py", line 10, in <module>
    from include import transform
  File "/opt/airflow/include/transform.py", line 9
    df["duration"] = dt.
                        ^
SyntaxError: invalid syntax
[2026-09-17T13:21:05.133+0000] {processor.py:842} WARNING - No viable dags retrieved from /opt/airflow/dags/transformation_DAG.py
[2026-09-17T13:21:05.141+0000] {processor.py:183} INFO - Processing /opt/airflow/dags/transformation_DAG.py took 0.326 seconds
[2026-09-17T13:21:35.267+0000] {processor.py:161} INFO - Started process (PID=5436) to work on /opt/airflow/dags/transformation_DAG.py
[2026-09-17T13:21:35.268+0000] {processor.py:830} INFO - Processing file /opt/airflow/dags/transformation_DAG.py for tasks to queue
[2026-09-17T13:21:35.268+0000] {logging_mixin.py:188} INFO - [2026-09-17T13:21:35.268+0000] {dagbag.py:545} INFO - Filling up the DagBag from /opt/airflow/dags/transformation_DAG.py
[2026-09-17T13:21:35.566+0000] {logging_mixin.py:188} INFO - [2026-09-17T13:21:35.565+0000] {dagbag.py:355} ERROR - Failed to import: /opt/airflow/dags/transformation_DAG.py
Traceback (most recent call last):
  File "/home/airflow/.local/lib/python3.12/site-packages/airflow/models/dagbag.py", line 351, in parse
    loader.exec_module(new_module)
  File "<frozen importlib._bootstrap_external>", line 995, in exec_module
  File "<frozen importlib._bootstrap>", line 488, in _call_with_frames_removed
  File "/opt/airflow/dags/transformation_DAG.py", line 10, in <module>
    from include import transform
  File "/opt/airflow/include/transform.py", line 9
    df["duration"] = dt.
                        ^
SyntaxError: invalid syntax
[2026-09-17T13:21:35.567+0000] {processor.py:842} WARNING - No viable dags retrieved from /opt/airflow/dags/transformation_DAG.py
[2026-09-17T13:21:35.576+0000] {processor.py:183} INFO - Processing /opt/airflow/dags/transformation_DAG.py took 0.313 seconds
[2026-09-17T13:22:05.693+0000] {processor.py:161} INFO - Started process (PID=5446) to work on /opt/airflow/dags/transformation_DAG.py
[2026-09-17T13:22:05.702+0000] {processor.py:830} INFO - Processing file /opt/airflow/dags/transformation_DAG.py for tasks to queue
[2026-09-17T13:22:05.703+0000] {logging_mixin.py:188} INFO - [2026-09-17T13:22:05.703+0000] {dagbag.py:545} INFO - Filling up the DagBag from /opt/airflow/dags/transformation_DAG.py
[2026-09-17T13:22:06.018+0000] {logging_mixin.py:188} INFO - [2026-09-17T13:22:06.017+0000] {dagbag.py:355} ERROR - Failed to import: /opt/airflow/dags/transformation_DAG.py
Traceback (most recent call last):
  File "/home/airflow/.local/lib/python3.12/site-packages/airflow/models/dagbag.py", line 351, in parse
    loader.exec_module(new_module)
  File "<frozen importlib._bootstrap_external>", line 995, in exec_module
  File "<frozen importlib._bootstrap>", line 488, in _call_with_frames_removed
  File "/opt/airflow/dags/transformation_DAG.py", line 10, in <module>
    from include import transform
  File "/opt/airflow/include/transform.py", line 9
    df["duration"] = dt.
                        ^
SyntaxError: invalid syntax
[2026-09-17T13:22:06.019+0000] {processor.py:842} WARNING - No viable dags retrieved from /opt/airflow/dags/transformation_DAG.py
[2026-09-17T13:22:06.028+0000] {processor.py:183} INFO - Processing /opt/airflow/dags/transformation_DAG.py took 0.346 seconds
[2026-09-17T13:22:36.173+0000] {processor.py:161} INFO - Started process (PID=5456) to work on /opt/airflow/dags/transformation_DAG.py
[2026-09-17T13:22:36.174+0000] {processor.py:830} INFO - Processing file /opt/airflow/dags/transformation_DAG.py for tasks to queue
[2026-09-17T13:22:36.175+0000] {logging_mixin.py:188} INFO - [2026-09-17T13:22:36.174+0000] {dagbag.py:545} INFO - Filling up the DagBag from /opt/airflow/dags/transformation_DAG.py
[2026-09-17T13:22:36.470+0000] {logging_mixin.py:188} INFO - [2026-09-17T13:22:36.469+0000] {dagbag.py:355} ERROR - Failed to import: /opt/airflow/dags/transformation_DAG.py
Traceback (most recent call last):
  File "/home/airflow/.local/lib/python3.12/site-packages/airflow/models/dagbag.py", line 351, in parse
    loader.exec_module(new_module)
  File "<frozen importlib._bootstrap_external>", line 995, in exec_module
  File "<frozen importlib._bootstrap>", line 488, in _call_with_frames_removed
  File "/opt/airflow/dags/transformation_DAG.py", line 10, in <module>
    from include import transform
  File "/opt/airflow/include/transform.py", line 10
    df["duration"] = dt.
                        ^
SyntaxError: invalid syntax
[2026-09-17T13:22:36.470+0000] {processor.py:842} WARNING - No viable dags retrieved from /opt/airflow/dags/transformation_DAG.py
[2026-09-17T13:22:36.479+0000] {processor.py:183} INFO - Processing /opt/airflow/dags/transformation_DAG.py took 0.315 seconds
[2026-09-17T13:23:06.602+0000] {processor.py:161} INFO - Started process (PID=5466) to work on /opt/airflow/dags/transformation_DAG.py
[2026-09-17T13:23:06.702+0000] {processor.py:830} INFO - Processing file /opt/airflow/dags/transformation_DAG.py for tasks to queue
[2026-09-17T13:23:06.703+0000] {logging_mixin.py:188} INFO - [2026-09-17T13:23:06.702+0000] {dagbag.py:545} INFO - Filling up the DagBag from /opt/airflow/dags/transformation_DAG.py
[2026-09-17T13:23:07.005+0000] {logging_mixin.py:188} INFO - [2026-09-17T13:23:07.004+0000] {dagbag.py:355} ERROR - Failed to import: /opt/airflow/dags/transformation_DAG.py
Traceback (most recent call last):
  File "/home/airflow/.local/lib/python3.12/site-packages/airflow/models/dagbag.py", line 351, in parse
    loader.exec_module(new_module)
  File "<frozen importlib._bootstrap_external>", line 995, in exec_module
  File "<frozen importlib._bootstrap>", line 488, in _call_with_frames_removed
  File "/opt/airflow/dags/transformation_DAG.py", line 10, in <module>
    from include import transform
  File "/opt/airflow/include/transform.py", line 10
    df["duration"] = dt.
                        ^
SyntaxError: invalid syntax
[2026-09-17T13:23:07.005+0000] {processor.py:842} WARNING - No viable dags retrieved from /opt/airflow/dags/transformation_DAG.py
[2026-09-17T13:23:07.013+0000] {processor.py:183} INFO - Processing /opt/airflow/dags/transformation_DAG.py took 0.415 seconds
[2026-09-17T13:23:37.124+0000] {processor.py:161} INFO - Started process (PID=5476) to work on /opt/airflow/dags/transformation_DAG.py
[2026-09-17T13:23:37.124+0000] {processor.py:830} INFO - Processing file /opt/airflow/dags/transformation_DAG.py for tasks to queue
[2026-09-17T13:23:37.125+0000] {logging_mixin.py:188} INFO - [2026-09-17T13:23:37.125+0000] {dagbag.py:545} INFO - Filling up the DagBag from /opt/airflow/dags/transformation_DAG.py
[2026-09-17T13:23:37.416+0000] {logging_mixin.py:188} INFO - [2026-09-17T13:23:37.415+0000] {dagbag.py:355} ERROR - Failed to import: /opt/airflow/dags/transformation_DAG.py
Traceback (most recent call last):
  File "/home/airflow/.local/lib/python3.12/site-packages/airflow/models/dagbag.py", line 351, in parse
    loader.exec_module(new_module)
  File "<frozen importlib._bootstrap_external>", line 995, in exec_module
  File "<frozen importlib._bootstrap>", line 488, in _call_with_frames_removed
  File "/opt/airflow/dags/transformation_DAG.py", line 10, in <module>
    from include import transform
  File "/opt/airflow/include/transform.py", line 10
    df["duration"] = dt.
                        ^
SyntaxError: invalid syntax
[2026-09-17T13:23:37.417+0000] {processor.py:842} WARNING - No viable dags retrieved from /opt/airflow/dags/transformation_DAG.py
[2026-09-17T13:23:37.426+0000] {processor.py:183} INFO - Processing /opt/airflow/dags/transformation_DAG.py took 0.306 seconds
[2026-09-17T13:24:07.535+0000] {processor.py:161} INFO - Started process (PID=5486) to work on /opt/airflow/dags/transformation_DAG.py
[2026-09-17T13:24:07.629+0000] {processor.py:830} INFO - Processing file /opt/airflow/dags/transformation_DAG.py for tasks to queue
[2026-09-17T13:24:07.629+0000] {logging_mixin.py:188} INFO - [2026-09-17T13:24:07.629+0000] {dagbag.py:545} INFO - Filling up the DagBag from /opt/airflow/dags/transformation_DAG.py
[2026-09-17T13:24:07.924+0000] {logging_mixin.py:188} INFO - [2026-09-17T13:24:07.923+0000] {dagbag.py:355} ERROR - Failed to import: /opt/airflow/dags/transformation_DAG.py
Traceback (most recent call last):
  File "/home/airflow/.local/lib/python3.12/site-packages/airflow/models/dagbag.py", line 351, in parse
    loader.exec_module(new_module)
  File "<frozen importlib._bootstrap_external>", line 995, in exec_module
  File "<frozen importlib._bootstrap>", line 488, in _call_with_frames_removed
  File "/opt/airflow/dags/transformation_DAG.py", line 10, in <module>
    from include import transform
  File "/opt/airflow/include/transform.py", line 10
    df["duration"] = dt.
                        ^
SyntaxError: invalid syntax
[2026-09-17T13:24:07.924+0000] {processor.py:842} WARNING - No viable dags retrieved from /opt/airflow/dags/transformation_DAG.py
[2026-09-17T13:24:07.932+0000] {processor.py:183} INFO - Processing /opt/airflow/dags/transformation_DAG.py took 0.401 seconds
[2026-09-17T13:24:38.029+0000] {processor.py:161} INFO - Started process (PID=5496) to work on /opt/airflow/dags/transformation_DAG.py
[2026-09-17T13:24:38.029+0000] {processor.py:830} INFO - Processing file /opt/airflow/dags/transformation_DAG.py for tasks to queue
[2026-09-17T13:24:38.030+0000] {logging_mixin.py:188} INFO - [2026-09-17T13:24:38.030+0000] {dagbag.py:545} INFO - Filling up the DagBag from /opt/airflow/dags/transformation_DAG.py
[2026-09-17T13:24:38.340+0000] {logging_mixin.py:188} INFO - [2026-09-17T13:24:38.339+0000] {dagbag.py:355} ERROR - Failed to import: /opt/airflow/dags/transformation_DAG.py
Traceback (most recent call last):
  File "/home/airflow/.local/lib/python3.12/site-packages/airflow/models/dagbag.py", line 351, in parse
    loader.exec_module(new_module)
  File "<frozen importlib._bootstrap_external>", line 995, in exec_module
  File "<frozen importlib._bootstrap>", line 488, in _call_with_frames_removed
  File "/opt/airflow/dags/transformation_DAG.py", line 10, in <module>
    from include import transform
  File "/opt/airflow/include/transform.py", line 10
    df["duration"] = dt.
                        ^
SyntaxError: invalid syntax
[2026-09-17T13:24:38.341+0000] {processor.py:842} WARNING - No viable dags retrieved from /opt/airflow/dags/transformation_DAG.py
[2026-09-17T13:24:38.352+0000] {processor.py:183} INFO - Processing /opt/airflow/dags/transformation_DAG.py took 0.328 seconds
[2026-09-17T13:25:08.471+0000] {processor.py:161} INFO - Started process (PID=5506) to work on /opt/airflow/dags/transformation_DAG.py
[2026-09-17T13:25:08.481+0000] {processor.py:830} INFO - Processing file /opt/airflow/dags/transformation_DAG.py for tasks to queue
[2026-09-17T13:25:08.482+0000] {logging_mixin.py:188} INFO - [2026-09-17T13:25:08.481+0000] {dagbag.py:545} INFO - Filling up the DagBag from /opt/airflow/dags/transformation_DAG.py
[2026-09-17T13:25:08.775+0000] {logging_mixin.py:188} INFO - [2026-09-17T13:25:08.774+0000] {dagbag.py:355} ERROR - Failed to import: /opt/airflow/dags/transformation_DAG.py
Traceback (most recent call last):
  File "/home/airflow/.local/lib/python3.12/site-packages/airflow/models/dagbag.py", line 351, in parse
    loader.exec_module(new_module)
  File "<frozen importlib._bootstrap_external>", line 995, in exec_module
  File "<frozen importlib._bootstrap>", line 488, in _call_with_frames_removed
  File "/opt/airflow/dags/transformation_DAG.py", line 10, in <module>
    from include import transform
  File "/opt/airflow/include/transform.py", line 10
    df["duration"] = dt.
                        ^
SyntaxError: invalid syntax
[2026-09-17T13:25:08.775+0000] {processor.py:842} WARNING - No viable dags retrieved from /opt/airflow/dags/transformation_DAG.py
[2026-09-17T13:25:08.783+0000] {processor.py:183} INFO - Processing /opt/airflow/dags/transformation_DAG.py took 0.317 seconds
[2026-09-17T13:25:38.885+0000] {processor.py:161} INFO - Started process (PID=5516) to work on /opt/airflow/dags/transformation_DAG.py
[2026-09-17T13:25:38.885+0000] {processor.py:830} INFO - Processing file /opt/airflow/dags/transformation_DAG.py for tasks to queue
[2026-09-17T13:25:38.886+0000] {logging_mixin.py:188} INFO - [2026-09-17T13:25:38.885+0000] {dagbag.py:545} INFO - Filling up the DagBag from /opt/airflow/dags/transformation_DAG.py
[2026-09-17T13:25:39.181+0000] {logging_mixin.py:188} INFO - [2026-09-17T13:25:39.180+0000] {dagbag.py:355} ERROR - Failed to import: /opt/airflow/dags/transformation_DAG.py
Traceback (most recent call last):
  File "/home/airflow/.local/lib/python3.12/site-packages/airflow/models/dagbag.py", line 351, in parse
    loader.exec_module(new_module)
  File "<frozen importlib._bootstrap_external>", line 995, in exec_module
  File "<frozen importlib._bootstrap>", line 488, in _call_with_frames_removed
  File "/opt/airflow/dags/transformation_DAG.py", line 10, in <module>
    from include import transform
  File "/opt/airflow/include/transform.py", line 10
    df["duration"] = dt.
                        ^
SyntaxError: invalid syntax
[2026-09-17T13:25:39.181+0000] {processor.py:842} WARNING - No viable dags retrieved from /opt/airflow/dags/transformation_DAG.py
[2026-09-17T13:25:39.191+0000] {processor.py:183} INFO - Processing /opt/airflow/dags/transformation_DAG.py took 0.310 seconds
[2026-09-17T13:26:09.306+0000] {processor.py:161} INFO - Started process (PID=5526) to work on /opt/airflow/dags/transformation_DAG.py
[2026-09-17T13:26:09.390+0000] {processor.py:830} INFO - Processing file /opt/airflow/dags/transformation_DAG.py for tasks to queue
[2026-09-17T13:26:09.392+0000] {logging_mixin.py:188} INFO - [2026-09-17T13:26:09.391+0000] {dagbag.py:545} INFO - Filling up the DagBag from /opt/airflow/dags/transformation_DAG.py
[2026-09-17T13:26:09.699+0000] {logging_mixin.py:188} INFO - [2026-09-17T13:26:09.698+0000] {dagbag.py:355} ERROR - Failed to import: /opt/airflow/dags/transformation_DAG.py
Traceback (most recent call last):
  File "/home/airflow/.local/lib/python3.12/site-packages/airflow/models/dagbag.py", line 351, in parse
    loader.exec_module(new_module)
  File "<frozen importlib._bootstrap_external>", line 995, in exec_module
  File "<frozen importlib._bootstrap>", line 488, in _call_with_frames_removed
  File "/opt/airflow/dags/transformation_DAG.py", line 10, in <module>
    from include import transform
  File "/opt/airflow/include/transform.py", line 10
    df["duration"] = dt.
                        ^
SyntaxError: invalid syntax
[2026-09-17T13:26:09.699+0000] {processor.py:842} WARNING - No viable dags retrieved from /opt/airflow/dags/transformation_DAG.py
[2026-09-17T13:26:09.708+0000] {processor.py:183} INFO - Processing /opt/airflow/dags/transformation_DAG.py took 0.407 seconds
[2026-09-17T13:26:39.834+0000] {processor.py:161} INFO - Started process (PID=5536) to work on /opt/airflow/dags/transformation_DAG.py
[2026-09-17T13:26:39.834+0000] {processor.py:830} INFO - Processing file /opt/airflow/dags/transformation_DAG.py for tasks to queue
[2026-09-17T13:26:39.835+0000] {logging_mixin.py:188} INFO - [2026-09-17T13:26:39.835+0000] {dagbag.py:545} INFO - Filling up the DagBag from /opt/airflow/dags/transformation_DAG.py
[2026-09-17T13:26:40.128+0000] {logging_mixin.py:188} INFO - [2026-09-17T13:26:40.127+0000] {dagbag.py:355} ERROR - Failed to import: /opt/airflow/dags/transformation_DAG.py
Traceback (most recent call last):
  File "/home/airflow/.local/lib/python3.12/site-packages/airflow/models/dagbag.py", line 351, in parse
    loader.exec_module(new_module)
  File "<frozen importlib._bootstrap_external>", line 995, in exec_module
  File "<frozen importlib._bootstrap>", line 488, in _call_with_frames_removed
  File "/opt/airflow/dags/transformation_DAG.py", line 10, in <module>
    from include import transform
  File "/opt/airflow/include/transform.py", line 10
    df["duration"] = dt.
                        ^
SyntaxError: invalid syntax
[2026-09-17T13:26:40.128+0000] {processor.py:842} WARNING - No viable dags retrieved from /opt/airflow/dags/transformation_DAG.py
[2026-09-17T13:26:40.137+0000] {processor.py:183} INFO - Processing /opt/airflow/dags/transformation_DAG.py took 0.310 seconds
[2026-09-17T13:27:10.277+0000] {processor.py:161} INFO - Started process (PID=5546) to work on /opt/airflow/dags/transformation_DAG.py
[2026-09-17T13:27:10.373+0000] {processor.py:830} INFO - Processing file /opt/airflow/dags/transformation_DAG.py for tasks to queue
[2026-09-17T13:27:10.374+0000] {logging_mixin.py:188} INFO - [2026-09-17T13:27:10.374+0000] {dagbag.py:545} INFO - Filling up the DagBag from /opt/airflow/dags/transformation_DAG.py
[2026-09-17T13:27:10.675+0000] {logging_mixin.py:188} INFO - [2026-09-17T13:27:10.674+0000] {dagbag.py:355} ERROR - Failed to import: /opt/airflow/dags/transformation_DAG.py
Traceback (most recent call last):
  File "/home/airflow/.local/lib/python3.12/site-packages/airflow/models/dagbag.py", line 351, in parse
    loader.exec_module(new_module)
  File "<frozen importlib._bootstrap_external>", line 995, in exec_module
  File "<frozen importlib._bootstrap>", line 488, in _call_with_frames_removed
  File "/opt/airflow/dags/transformation_DAG.py", line 10, in <module>
    from include import transform
  File "/opt/airflow/include/transform.py", line 10
    df["duration"] = dt.
                        ^
SyntaxError: invalid syntax
[2026-09-17T13:27:10.675+0000] {processor.py:842} WARNING - No viable dags retrieved from /opt/airflow/dags/transformation_DAG.py
[2026-09-17T13:27:10.683+0000] {processor.py:183} INFO - Processing /opt/airflow/dags/transformation_DAG.py took 0.415 seconds
[2026-09-17T13:27:40.826+0000] {processor.py:161} INFO - Started process (PID=5556) to work on /opt/airflow/dags/transformation_DAG.py
[2026-09-17T13:27:40.827+0000] {processor.py:830} INFO - Processing file /opt/airflow/dags/transformation_DAG.py for tasks to queue
[2026-09-17T13:27:40.829+0000] {logging_mixin.py:188} INFO - [2026-09-17T13:27:40.828+0000] {dagbag.py:545} INFO - Filling up the DagBag from /opt/airflow/dags/transformation_DAG.py
[2026-09-17T13:27:41.130+0000] {logging_mixin.py:188} INFO - [2026-09-17T13:27:41.129+0000] {dagbag.py:355} ERROR - Failed to import: /opt/airflow/dags/transformation_DAG.py
Traceback (most recent call last):
  File "/home/airflow/.local/lib/python3.12/site-packages/airflow/models/dagbag.py", line 351, in parse
    loader.exec_module(new_module)
  File "<frozen importlib._bootstrap_external>", line 995, in exec_module
  File "<frozen importlib._bootstrap>", line 488, in _call_with_frames_removed
  File "/opt/airflow/dags/transformation_DAG.py", line 10, in <module>
    from include import transform
  File "/opt/airflow/include/transform.py", line 10
    df["duration"] = dt.
                        ^
SyntaxError: invalid syntax
[2026-09-17T13:27:41.130+0000] {processor.py:842} WARNING - No viable dags retrieved from /opt/airflow/dags/transformation_DAG.py
[2026-09-17T13:27:41.138+0000] {processor.py:183} INFO - Processing /opt/airflow/dags/transformation_DAG.py took 0.320 seconds
[2026-09-17T13:28:11.283+0000] {processor.py:161} INFO - Started process (PID=5566) to work on /opt/airflow/dags/transformation_DAG.py
[2026-09-17T13:28:11.289+0000] {processor.py:830} INFO - Processing file /opt/airflow/dags/transformation_DAG.py for tasks to queue
[2026-09-17T13:28:11.290+0000] {logging_mixin.py:188} INFO - [2026-09-17T13:28:11.289+0000] {dagbag.py:545} INFO - Filling up the DagBag from /opt/airflow/dags/transformation_DAG.py
[2026-09-17T13:28:11.580+0000] {logging_mixin.py:188} INFO - [2026-09-17T13:28:11.579+0000] {dagbag.py:355} ERROR - Failed to import: /opt/airflow/dags/transformation_DAG.py
Traceback (most recent call last):
  File "/home/airflow/.local/lib/python3.12/site-packages/airflow/models/dagbag.py", line 351, in parse
    loader.exec_module(new_module)
  File "<frozen importlib._bootstrap_external>", line 995, in exec_module
  File "<frozen importlib._bootstrap>", line 488, in _call_with_frames_removed
  File "/opt/airflow/dags/transformation_DAG.py", line 10, in <module>
    from include import transform
  File "/opt/airflow/include/transform.py", line 10
    df["duration"] = dt.
                        ^
SyntaxError: invalid syntax
[2026-09-17T13:28:11.580+0000] {processor.py:842} WARNING - No viable dags retrieved from /opt/airflow/dags/transformation_DAG.py
[2026-09-17T13:28:11.588+0000] {processor.py:183} INFO - Processing /opt/airflow/dags/transformation_DAG.py took 0.312 seconds
[2026-09-17T13:28:41.761+0000] {processor.py:161} INFO - Started process (PID=5576) to work on /opt/airflow/dags/transformation_DAG.py
[2026-09-17T13:28:41.761+0000] {processor.py:830} INFO - Processing file /opt/airflow/dags/transformation_DAG.py for tasks to queue
[2026-09-17T13:28:41.762+0000] {logging_mixin.py:188} INFO - [2026-09-17T13:28:41.762+0000] {dagbag.py:545} INFO - Filling up the DagBag from /opt/airflow/dags/transformation_DAG.py
[2026-09-17T13:28:42.062+0000] {logging_mixin.py:188} INFO - [2026-09-17T13:28:42.061+0000] {dagbag.py:355} ERROR - Failed to import: /opt/airflow/dags/transformation_DAG.py
Traceback (most recent call last):
  File "/home/airflow/.local/lib/python3.12/site-packages/airflow/models/dagbag.py", line 351, in parse
    loader.exec_module(new_module)
  File "<frozen importlib._bootstrap_external>", line 995, in exec_module
  File "<frozen importlib._bootstrap>", line 488, in _call_with_frames_removed
  File "/opt/airflow/dags/transformation_DAG.py", line 10, in <module>
    from include import transform
  File "/opt/airflow/include/transform.py", line 10
    df["duration"] = dt.
                        ^
SyntaxError: invalid syntax
[2026-09-17T13:28:42.063+0000] {processor.py:842} WARNING - No viable dags retrieved from /opt/airflow/dags/transformation_DAG.py
[2026-09-17T13:28:42.071+0000] {processor.py:183} INFO - Processing /opt/airflow/dags/transformation_DAG.py took 0.319 seconds
[2026-09-17T13:29:12.219+0000] {processor.py:161} INFO - Started process (PID=5592) to work on /opt/airflow/dags/transformation_DAG.py
[2026-09-17T13:29:12.228+0000] {processor.py:830} INFO - Processing file /opt/airflow/dags/transformation_DAG.py for tasks to queue
[2026-09-17T13:29:12.229+0000] {logging_mixin.py:188} INFO - [2026-09-17T13:29:12.229+0000] {dagbag.py:545} INFO - Filling up the DagBag from /opt/airflow/dags/transformation_DAG.py
[2026-09-17T13:29:12.523+0000] {logging_mixin.py:188} INFO - [2026-09-17T13:29:12.522+0000] {dagbag.py:355} ERROR - Failed to import: /opt/airflow/dags/transformation_DAG.py
Traceback (most recent call last):
  File "/home/airflow/.local/lib/python3.12/site-packages/airflow/models/dagbag.py", line 351, in parse
    loader.exec_module(new_module)
  File "<frozen importlib._bootstrap_external>", line 995, in exec_module
  File "<frozen importlib._bootstrap>", line 488, in _call_with_frames_removed
  File "/opt/airflow/dags/transformation_DAG.py", line 10, in <module>
    from include import transform
  File "/opt/airflow/include/transform.py", line 10
    df["duration"] = dt.
                        ^
SyntaxError: invalid syntax
[2026-09-17T13:29:12.523+0000] {processor.py:842} WARNING - No viable dags retrieved from /opt/airflow/dags/transformation_DAG.py
[2026-09-17T13:29:12.532+0000] {processor.py:183} INFO - Processing /opt/airflow/dags/transformation_DAG.py took 0.319 seconds
[2026-09-17T13:29:42.703+0000] {processor.py:161} INFO - Started process (PID=5602) to work on /opt/airflow/dags/transformation_DAG.py
[2026-09-17T13:29:42.703+0000] {processor.py:830} INFO - Processing file /opt/airflow/dags/transformation_DAG.py for tasks to queue
[2026-09-17T13:29:42.704+0000] {logging_mixin.py:188} INFO - [2026-09-17T13:29:42.704+0000] {dagbag.py:545} INFO - Filling up the DagBag from /opt/airflow/dags/transformation_DAG.py
[2026-09-17T13:29:42.996+0000] {logging_mixin.py:188} INFO - [2026-09-17T13:29:42.996+0000] {dagbag.py:355} ERROR - Failed to import: /opt/airflow/dags/transformation_DAG.py
Traceback (most recent call last):
  File "/home/airflow/.local/lib/python3.12/site-packages/airflow/models/dagbag.py", line 351, in parse
    loader.exec_module(new_module)
  File "<frozen importlib._bootstrap_external>", line 995, in exec_module
  File "<frozen importlib._bootstrap>", line 488, in _call_with_frames_removed
  File "/opt/airflow/dags/transformation_DAG.py", line 10, in <module>
    from include import transform
  File "/opt/airflow/include/transform.py", line 10
    df["duration"] = dt.
                        ^
SyntaxError: invalid syntax
[2026-09-17T13:29:42.997+0000] {processor.py:842} WARNING - No viable dags retrieved from /opt/airflow/dags/transformation_DAG.py
[2026-09-17T13:29:43.007+0000] {processor.py:183} INFO - Processing /opt/airflow/dags/transformation_DAG.py took 0.314 seconds
[2026-09-17T13:30:13.169+0000] {processor.py:161} INFO - Started process (PID=5612) to work on /opt/airflow/dags/transformation_DAG.py
[2026-09-17T13:30:13.255+0000] {processor.py:830} INFO - Processing file /opt/airflow/dags/transformation_DAG.py for tasks to queue
[2026-09-17T13:30:13.257+0000] {logging_mixin.py:188} INFO - [2026-09-17T13:30:13.256+0000] {dagbag.py:545} INFO - Filling up the DagBag from /opt/airflow/dags/transformation_DAG.py
[2026-09-17T13:30:13.585+0000] {logging_mixin.py:188} INFO - [2026-09-17T13:30:13.584+0000] {dagbag.py:355} ERROR - Failed to import: /opt/airflow/dags/transformation_DAG.py
Traceback (most recent call last):
  File "/home/airflow/.local/lib/python3.12/site-packages/airflow/models/dagbag.py", line 351, in parse
    loader.exec_module(new_module)
  File "<frozen importlib._bootstrap_external>", line 995, in exec_module
  File "<frozen importlib._bootstrap>", line 488, in _call_with_frames_removed
  File "/opt/airflow/dags/transformation_DAG.py", line 10, in <module>
    from include import transform
  File "/opt/airflow/include/transform.py", line 10
    df["duration"] = dt.
                        ^
SyntaxError: invalid syntax
[2026-09-17T13:30:13.585+0000] {processor.py:842} WARNING - No viable dags retrieved from /opt/airflow/dags/transformation_DAG.py
[2026-09-17T13:30:13.594+0000] {processor.py:183} INFO - Processing /opt/airflow/dags/transformation_DAG.py took 0.433 seconds
[2026-09-17T13:30:43.744+0000] {processor.py:161} INFO - Started process (PID=5622) to work on /opt/airflow/dags/transformation_DAG.py
[2026-09-17T13:30:43.745+0000] {processor.py:830} INFO - Processing file /opt/airflow/dags/transformation_DAG.py for tasks to queue
[2026-09-17T13:30:43.745+0000] {logging_mixin.py:188} INFO - [2026-09-17T13:30:43.745+0000] {dagbag.py:545} INFO - Filling up the DagBag from /opt/airflow/dags/transformation_DAG.py
[2026-09-17T13:30:44.049+0000] {logging_mixin.py:188} INFO - [2026-09-17T13:30:44.048+0000] {dagbag.py:355} ERROR - Failed to import: /opt/airflow/dags/transformation_DAG.py
Traceback (most recent call last):
  File "/home/airflow/.local/lib/python3.12/site-packages/airflow/models/dagbag.py", line 351, in parse
    loader.exec_module(new_module)
  File "<frozen importlib._bootstrap_external>", line 995, in exec_module
  File "<frozen importlib._bootstrap>", line 488, in _call_with_frames_removed
  File "/opt/airflow/dags/transformation_DAG.py", line 10, in <module>
    from include import transform
  File "/opt/airflow/include/transform.py", line 10
    df["duration"] = dt.
                        ^
SyntaxError: invalid syntax
[2026-09-17T13:30:44.049+0000] {processor.py:842} WARNING - No viable dags retrieved from /opt/airflow/dags/transformation_DAG.py
[2026-09-17T13:30:44.058+0000] {processor.py:183} INFO - Processing /opt/airflow/dags/transformation_DAG.py took 0.322 seconds
[2026-09-17T13:31:14.215+0000] {processor.py:161} INFO - Started process (PID=5632) to work on /opt/airflow/dags/transformation_DAG.py
[2026-09-17T13:31:14.308+0000] {processor.py:830} INFO - Processing file /opt/airflow/dags/transformation_DAG.py for tasks to queue
[2026-09-17T13:31:14.311+0000] {logging_mixin.py:188} INFO - [2026-09-17T13:31:14.310+0000] {dagbag.py:545} INFO - Filling up the DagBag from /opt/airflow/dags/transformation_DAG.py
[2026-09-17T13:31:14.618+0000] {logging_mixin.py:188} INFO - [2026-09-17T13:31:14.618+0000] {dagbag.py:355} ERROR - Failed to import: /opt/airflow/dags/transformation_DAG.py
Traceback (most recent call last):
  File "/home/airflow/.local/lib/python3.12/site-packages/airflow/models/dagbag.py", line 351, in parse
    loader.exec_module(new_module)
  File "<frozen importlib._bootstrap_external>", line 995, in exec_module
  File "<frozen importlib._bootstrap>", line 488, in _call_with_frames_removed
  File "/opt/airflow/dags/transformation_DAG.py", line 10, in <module>
    from include import transform
  File "/opt/airflow/include/transform.py", line 10
    df["duration"] = dt.
                        ^
SyntaxError: invalid syntax
[2026-09-17T13:31:14.619+0000] {processor.py:842} WARNING - No viable dags retrieved from /opt/airflow/dags/transformation_DAG.py
[2026-09-17T13:31:14.627+0000] {processor.py:183} INFO - Processing /opt/airflow/dags/transformation_DAG.py took 0.420 seconds
[2026-09-17T13:31:44.764+0000] {processor.py:161} INFO - Started process (PID=5642) to work on /opt/airflow/dags/transformation_DAG.py
[2026-09-17T13:31:44.765+0000] {processor.py:830} INFO - Processing file /opt/airflow/dags/transformation_DAG.py for tasks to queue
[2026-09-17T13:31:44.765+0000] {logging_mixin.py:188} INFO - [2026-09-17T13:31:44.765+0000] {dagbag.py:545} INFO - Filling up the DagBag from /opt/airflow/dags/transformation_DAG.py
[2026-09-17T13:31:45.056+0000] {logging_mixin.py:188} INFO - [2026-09-17T13:31:45.055+0000] {dagbag.py:355} ERROR - Failed to import: /opt/airflow/dags/transformation_DAG.py
Traceback (most recent call last):
  File "/home/airflow/.local/lib/python3.12/site-packages/airflow/models/dagbag.py", line 351, in parse
    loader.exec_module(new_module)
  File "<frozen importlib._bootstrap_external>", line 995, in exec_module
  File "<frozen importlib._bootstrap>", line 488, in _call_with_frames_removed
  File "/opt/airflow/dags/transformation_DAG.py", line 10, in <module>
    from include import transform
  File "/opt/airflow/include/transform.py", line 10
    df["duration"] = dt.
                        ^
SyntaxError: invalid syntax
[2026-09-17T13:31:45.056+0000] {processor.py:842} WARNING - No viable dags retrieved from /opt/airflow/dags/transformation_DAG.py
[2026-09-17T13:31:45.064+0000] {processor.py:183} INFO - Processing /opt/airflow/dags/transformation_DAG.py took 0.309 seconds
[2026-09-17T13:32:15.201+0000] {processor.py:161} INFO - Started process (PID=5652) to work on /opt/airflow/dags/transformation_DAG.py
[2026-09-17T13:32:15.298+0000] {processor.py:830} INFO - Processing file /opt/airflow/dags/transformation_DAG.py for tasks to queue
[2026-09-17T13:32:15.300+0000] {logging_mixin.py:188} INFO - [2026-09-17T13:32:15.299+0000] {dagbag.py:545} INFO - Filling up the DagBag from /opt/airflow/dags/transformation_DAG.py
[2026-09-17T13:32:15.593+0000] {processor.py:840} INFO - DAG(s) 'load_transform_data_DAG' retrieved from /opt/airflow/dags/transformation_DAG.py
[2026-09-17T13:32:15.646+0000] {logging_mixin.py:188} INFO - [2026-09-17T13:32:15.646+0000] {dag.py:3096} INFO - Sync 1 DAGs
[2026-09-17T13:32:15.652+0000] {logging_mixin.py:188} INFO - [2026-09-17T13:32:15.652+0000] {dag.py:3954} INFO - Setting next_dagrun for load_transform_data_DAG to None, run_after=None
[2026-09-17T13:32:15.662+0000] {processor.py:183} INFO - Processing /opt/airflow/dags/transformation_DAG.py took 0.471 seconds
[2026-09-17T13:32:45.807+0000] {processor.py:161} INFO - Started process (PID=5662) to work on /opt/airflow/dags/transformation_DAG.py
[2026-09-17T13:32:45.808+0000] {processor.py:830} INFO - Processing file /opt/airflow/dags/transformation_DAG.py for tasks to queue
[2026-09-17T13:32:45.809+0000] {logging_mixin.py:188} INFO - [2026-09-17T13:32:45.809+0000] {dagbag.py:545} INFO - Filling up the DagBag from /opt/airflow/dags/transformation_DAG.py
[2026-09-17T13:32:46.217+0000] {logging_mixin.py:188} INFO - [2026-09-17T13:32:46.216+0000] {dagbag.py:355} ERROR - Failed to import: /opt/airflow/dags/transformation_DAG.py
Traceback (most recent call last):
  File "/home/airflow/.local/lib/python3.12/site-packages/airflow/models/dagbag.py", line 351, in parse
    loader.exec_module(new_module)
  File "<frozen importlib._bootstrap_external>", line 995, in exec_module
  File "<frozen importlib._bootstrap>", line 488, in _call_with_frames_removed
  File "/opt/airflow/dags/transformation_DAG.py", line 10, in <module>
    from include import transform
  File "/opt/airflow/include/transform.py", line 9
    df.
       ^
SyntaxError: invalid syntax
[2026-09-17T13:32:46.218+0000] {processor.py:842} WARNING - No viable dags retrieved from /opt/airflow/dags/transformation_DAG.py
[2026-09-17T13:32:46.227+0000] {processor.py:183} INFO - Processing /opt/airflow/dags/transformation_DAG.py took 0.426 seconds
[2026-09-17T13:33:16.346+0000] {processor.py:161} INFO - Started process (PID=5672) to work on /opt/airflow/dags/transformation_DAG.py
[2026-09-17T13:33:16.379+0000] {processor.py:830} INFO - Processing file /opt/airflow/dags/transformation_DAG.py for tasks to queue
[2026-09-17T13:33:16.380+0000] {logging_mixin.py:188} INFO - [2026-09-17T13:33:16.379+0000] {dagbag.py:545} INFO - Filling up the DagBag from /opt/airflow/dags/transformation_DAG.py
[2026-09-17T13:33:16.692+0000] {processor.py:840} INFO - DAG(s) 'load_transform_data_DAG' retrieved from /opt/airflow/dags/transformation_DAG.py
[2026-09-17T13:33:16.704+0000] {logging_mixin.py:188} INFO - [2026-09-17T13:33:16.704+0000] {dag.py:3096} INFO - Sync 1 DAGs
[2026-09-17T13:33:16.711+0000] {logging_mixin.py:188} INFO - [2026-09-17T13:33:16.710+0000] {dag.py:3954} INFO - Setting next_dagrun for load_transform_data_DAG to None, run_after=None
[2026-09-17T13:33:16.722+0000] {processor.py:183} INFO - Processing /opt/airflow/dags/transformation_DAG.py took 0.380 seconds
[2026-09-17T13:33:46.820+0000] {processor.py:161} INFO - Started process (PID=5682) to work on /opt/airflow/dags/transformation_DAG.py
[2026-09-17T13:33:46.821+0000] {processor.py:830} INFO - Processing file /opt/airflow/dags/transformation_DAG.py for tasks to queue
[2026-09-17T13:33:46.822+0000] {logging_mixin.py:188} INFO - [2026-09-17T13:33:46.821+0000] {dagbag.py:545} INFO - Filling up the DagBag from /opt/airflow/dags/transformation_DAG.py
[2026-09-17T13:33:47.162+0000] {processor.py:840} INFO - DAG(s) 'load_transform_data_DAG' retrieved from /opt/airflow/dags/transformation_DAG.py
[2026-09-17T13:33:47.173+0000] {logging_mixin.py:188} INFO - [2026-09-17T13:33:47.172+0000] {dag.py:3096} INFO - Sync 1 DAGs
[2026-09-17T13:33:47.181+0000] {logging_mixin.py:188} INFO - [2026-09-17T13:33:47.181+0000] {dag.py:3954} INFO - Setting next_dagrun for load_transform_data_DAG to None, run_after=None
[2026-09-17T13:33:47.192+0000] {processor.py:183} INFO - Processing /opt/airflow/dags/transformation_DAG.py took 0.381 seconds
[2026-09-17T13:34:17.303+0000] {processor.py:161} INFO - Started process (PID=5692) to work on /opt/airflow/dags/transformation_DAG.py
[2026-09-17T13:34:17.316+0000] {processor.py:830} INFO - Processing file /opt/airflow/dags/transformation_DAG.py for tasks to queue
[2026-09-17T13:34:17.317+0000] {logging_mixin.py:188} INFO - [2026-09-17T13:34:17.316+0000] {dagbag.py:545} INFO - Filling up the DagBag from /opt/airflow/dags/transformation_DAG.py
[2026-09-17T13:34:17.613+0000] {logging_mixin.py:188} INFO - [2026-09-17T13:34:17.611+0000] {dagbag.py:355} ERROR - Failed to import: /opt/airflow/dags/transformation_DAG.py
Traceback (most recent call last):
  File "/home/airflow/.local/lib/python3.12/site-packages/airflow/models/dagbag.py", line 351, in parse
    loader.exec_module(new_module)
  File "<frozen importlib._bootstrap_external>", line 995, in exec_module
  File "<frozen importlib._bootstrap>", line 488, in _call_with_frames_removed
  File "/opt/airflow/dags/transformation_DAG.py", line 10, in <module>
    from include import transform
  File "/opt/airflow/include/transform.py", line 9
    df[["viewCount", "likeCount", "commentCount"]]ast
                                                  ^^^
SyntaxError: invalid syntax
[2026-09-17T13:34:17.613+0000] {processor.py:842} WARNING - No viable dags retrieved from /opt/airflow/dags/transformation_DAG.py
[2026-09-17T13:34:17.621+0000] {processor.py:183} INFO - Processing /opt/airflow/dags/transformation_DAG.py took 0.325 seconds
[2026-09-17T13:34:47.740+0000] {processor.py:161} INFO - Started process (PID=5702) to work on /opt/airflow/dags/transformation_DAG.py
[2026-09-17T13:34:47.741+0000] {processor.py:830} INFO - Processing file /opt/airflow/dags/transformation_DAG.py for tasks to queue
[2026-09-17T13:34:47.741+0000] {logging_mixin.py:188} INFO - [2026-09-17T13:34:47.741+0000] {dagbag.py:545} INFO - Filling up the DagBag from /opt/airflow/dags/transformation_DAG.py
[2026-09-17T13:34:48.061+0000] {processor.py:840} INFO - DAG(s) 'load_transform_data_DAG' retrieved from /opt/airflow/dags/transformation_DAG.py
[2026-09-17T13:34:48.075+0000] {logging_mixin.py:188} INFO - [2026-09-17T13:34:48.075+0000] {dag.py:3096} INFO - Sync 1 DAGs
[2026-09-17T13:34:48.081+0000] {logging_mixin.py:188} INFO - [2026-09-17T13:34:48.081+0000] {dag.py:3954} INFO - Setting next_dagrun for load_transform_data_DAG to None, run_after=None
[2026-09-17T13:34:48.092+0000] {processor.py:183} INFO - Processing /opt/airflow/dags/transformation_DAG.py took 0.355 seconds
[2026-09-17T13:35:18.219+0000] {processor.py:161} INFO - Started process (PID=5712) to work on /opt/airflow/dags/transformation_DAG.py
[2026-09-17T13:35:18.318+0000] {processor.py:830} INFO - Processing file /opt/airflow/dags/transformation_DAG.py for tasks to queue
[2026-09-17T13:35:18.320+0000] {logging_mixin.py:188} INFO - [2026-09-17T13:35:18.319+0000] {dagbag.py:545} INFO - Filling up the DagBag from /opt/airflow/dags/transformation_DAG.py
[2026-09-17T13:35:18.627+0000] {processor.py:840} INFO - DAG(s) 'load_transform_data_DAG' retrieved from /opt/airflow/dags/transformation_DAG.py
[2026-09-17T13:35:18.638+0000] {logging_mixin.py:188} INFO - [2026-09-17T13:35:18.638+0000] {dag.py:3096} INFO - Sync 1 DAGs
[2026-09-17T13:35:18.644+0000] {logging_mixin.py:188} INFO - [2026-09-17T13:35:18.644+0000] {dag.py:3954} INFO - Setting next_dagrun for load_transform_data_DAG to None, run_after=None
[2026-09-17T13:35:18.652+0000] {processor.py:183} INFO - Processing /opt/airflow/dags/transformation_DAG.py took 0.442 seconds
[2026-09-17T13:35:48.713+0000] {processor.py:161} INFO - Started process (PID=5722) to work on /opt/airflow/dags/transformation_DAG.py
[2026-09-17T13:35:48.714+0000] {processor.py:830} INFO - Processing file /opt/airflow/dags/transformation_DAG.py for tasks to queue
[2026-09-17T13:35:48.715+0000] {logging_mixin.py:188} INFO - [2026-09-17T13:35:48.715+0000] {dagbag.py:545} INFO - Filling up the DagBag from /opt/airflow/dags/transformation_DAG.py
[2026-09-17T13:35:49.018+0000] {processor.py:840} INFO - DAG(s) 'load_transform_data_DAG' retrieved from /opt/airflow/dags/transformation_DAG.py
[2026-09-17T13:35:49.029+0000] {logging_mixin.py:188} INFO - [2026-09-17T13:35:49.029+0000] {dag.py:3096} INFO - Sync 1 DAGs
[2026-09-17T13:35:49.036+0000] {logging_mixin.py:188} INFO - [2026-09-17T13:35:49.036+0000] {dag.py:3954} INFO - Setting next_dagrun for load_transform_data_DAG to None, run_after=None
[2026-09-17T13:35:49.045+0000] {processor.py:183} INFO - Processing /opt/airflow/dags/transformation_DAG.py took 0.341 seconds
[2026-09-17T13:36:19.165+0000] {processor.py:161} INFO - Started process (PID=5732) to work on /opt/airflow/dags/transformation_DAG.py
[2026-09-17T13:36:19.177+0000] {processor.py:830} INFO - Processing file /opt/airflow/dags/transformation_DAG.py for tasks to queue
[2026-09-17T13:36:19.178+0000] {logging_mixin.py:188} INFO - [2026-09-17T13:36:19.178+0000] {dagbag.py:545} INFO - Filling up the DagBag from /opt/airflow/dags/transformation_DAG.py
[2026-09-17T13:36:19.472+0000] {processor.py:840} INFO - DAG(s) 'load_transform_data_DAG' retrieved from /opt/airflow/dags/transformation_DAG.py
[2026-09-17T13:36:19.483+0000] {logging_mixin.py:188} INFO - [2026-09-17T13:36:19.482+0000] {dag.py:3096} INFO - Sync 1 DAGs
[2026-09-17T13:36:19.489+0000] {logging_mixin.py:188} INFO - [2026-09-17T13:36:19.489+0000] {dag.py:3954} INFO - Setting next_dagrun for load_transform_data_DAG to None, run_after=None
[2026-09-17T13:36:19.499+0000] {processor.py:183} INFO - Processing /opt/airflow/dags/transformation_DAG.py took 0.336 seconds
[2026-09-17T13:36:49.621+0000] {processor.py:161} INFO - Started process (PID=5742) to work on /opt/airflow/dags/transformation_DAG.py
[2026-09-17T13:36:49.622+0000] {processor.py:830} INFO - Processing file /opt/airflow/dags/transformation_DAG.py for tasks to queue
[2026-09-17T13:36:49.622+0000] {logging_mixin.py:188} INFO - [2026-09-17T13:36:49.622+0000] {dagbag.py:545} INFO - Filling up the DagBag from /opt/airflow/dags/transformation_DAG.py
[2026-09-17T13:36:49.914+0000] {logging_mixin.py:188} INFO - [2026-09-17T13:36:49.913+0000] {dagbag.py:355} ERROR - Failed to import: /opt/airflow/dags/transformation_DAG.py
Traceback (most recent call last):
  File "/home/airflow/.local/lib/python3.12/site-packages/airflow/models/dagbag.py", line 351, in parse
    loader.exec_module(new_module)
  File "<frozen importlib._bootstrap_external>", line 995, in exec_module
  File "<frozen importlib._bootstrap>", line 488, in _call_with_frames_removed
  File "/opt/airflow/dags/transformation_DAG.py", line 10, in <module>
    from include import transform
  File "/opt/airflow/include/transform.py", line 15
    
    ^
IndentationError: expected an indented block after function definition on line 14
[2026-09-17T13:36:49.914+0000] {processor.py:842} WARNING - No viable dags retrieved from /opt/airflow/dags/transformation_DAG.py
[2026-09-17T13:36:49.922+0000] {processor.py:183} INFO - Processing /opt/airflow/dags/transformation_DAG.py took 0.305 seconds
[2026-09-17T13:37:20.037+0000] {processor.py:161} INFO - Started process (PID=5752) to work on /opt/airflow/dags/transformation_DAG.py
[2026-09-17T13:37:20.045+0000] {processor.py:830} INFO - Processing file /opt/airflow/dags/transformation_DAG.py for tasks to queue
[2026-09-17T13:37:20.046+0000] {logging_mixin.py:188} INFO - [2026-09-17T13:37:20.046+0000] {dagbag.py:545} INFO - Filling up the DagBag from /opt/airflow/dags/transformation_DAG.py
[2026-09-17T13:37:20.361+0000] {logging_mixin.py:188} INFO - [2026-09-17T13:37:20.360+0000] {dagbag.py:355} ERROR - Failed to import: /opt/airflow/dags/transformation_DAG.py
Traceback (most recent call last):
  File "/home/airflow/.local/lib/python3.12/site-packages/airflow/models/dagbag.py", line 351, in parse
    loader.exec_module(new_module)
  File "<frozen importlib._bootstrap_external>", line 995, in exec_module
  File "<frozen importlib._bootstrap>", line 488, in _call_with_frames_removed
  File "/opt/airflow/dags/transformation_DAG.py", line 10, in <module>
    from include import transform
  File "/opt/airflow/include/transform.py", line 15
    
    ^
IndentationError: expected an indented block after function definition on line 14
[2026-09-17T13:37:20.361+0000] {processor.py:842} WARNING - No viable dags retrieved from /opt/airflow/dags/transformation_DAG.py
[2026-09-17T13:37:20.370+0000] {processor.py:183} INFO - Processing /opt/airflow/dags/transformation_DAG.py took 0.337 seconds
[2026-09-17T13:37:50.495+0000] {processor.py:161} INFO - Started process (PID=5762) to work on /opt/airflow/dags/transformation_DAG.py
[2026-09-17T13:37:50.496+0000] {processor.py:830} INFO - Processing file /opt/airflow/dags/transformation_DAG.py for tasks to queue
[2026-09-17T13:37:50.497+0000] {logging_mixin.py:188} INFO - [2026-09-17T13:37:50.497+0000] {dagbag.py:545} INFO - Filling up the DagBag from /opt/airflow/dags/transformation_DAG.py
[2026-09-17T13:37:50.815+0000] {logging_mixin.py:188} INFO - [2026-09-17T13:37:50.814+0000] {dagbag.py:355} ERROR - Failed to import: /opt/airflow/dags/transformation_DAG.py
Traceback (most recent call last):
  File "/home/airflow/.local/lib/python3.12/site-packages/airflow/models/dagbag.py", line 351, in parse
    loader.exec_module(new_module)
  File "<frozen importlib._bootstrap_external>", line 995, in exec_module
  File "<frozen importlib._bootstrap>", line 488, in _call_with_frames_removed
  File "/opt/airflow/dags/transformation_DAG.py", line 10, in <module>
    from include import transform
  File "/opt/airflow/include/transform.py", line 15
    
    ^
IndentationError: expected an indented block after function definition on line 14
[2026-09-17T13:37:50.816+0000] {processor.py:842} WARNING - No viable dags retrieved from /opt/airflow/dags/transformation_DAG.py
[2026-09-17T13:37:50.825+0000] {processor.py:183} INFO - Processing /opt/airflow/dags/transformation_DAG.py took 0.338 seconds
[2026-09-17T13:38:20.926+0000] {processor.py:161} INFO - Started process (PID=5772) to work on /opt/airflow/dags/transformation_DAG.py
[2026-09-17T13:38:20.926+0000] {processor.py:830} INFO - Processing file /opt/airflow/dags/transformation_DAG.py for tasks to queue
[2026-09-17T13:38:20.927+0000] {logging_mixin.py:188} INFO - [2026-09-17T13:38:20.927+0000] {dagbag.py:545} INFO - Filling up the DagBag from /opt/airflow/dags/transformation_DAG.py
[2026-09-17T13:38:21.249+0000] {logging_mixin.py:188} INFO - [2026-09-17T13:38:21.248+0000] {dagbag.py:355} ERROR - Failed to import: /opt/airflow/dags/transformation_DAG.py
Traceback (most recent call last):
  File "/home/airflow/.local/lib/python3.12/site-packages/airflow/models/dagbag.py", line 351, in parse
    loader.exec_module(new_module)
  File "<frozen importlib._bootstrap_external>", line 995, in exec_module
  File "<frozen importlib._bootstrap>", line 488, in _call_with_frames_removed
  File "/opt/airflow/dags/transformation_DAG.py", line 10, in <module>
    from include import transform
  File "/opt/airflow/include/transform.py", line 15
    
    ^
IndentationError: expected an indented block after function definition on line 14
[2026-09-17T13:38:21.249+0000] {processor.py:842} WARNING - No viable dags retrieved from /opt/airflow/dags/transformation_DAG.py
[2026-09-17T13:38:21.258+0000] {processor.py:183} INFO - Processing /opt/airflow/dags/transformation_DAG.py took 0.337 seconds
[2026-09-17T13:38:51.366+0000] {processor.py:161} INFO - Started process (PID=5782) to work on /opt/airflow/dags/transformation_DAG.py
[2026-09-17T13:38:51.366+0000] {processor.py:830} INFO - Processing file /opt/airflow/dags/transformation_DAG.py for tasks to queue
[2026-09-17T13:38:51.367+0000] {logging_mixin.py:188} INFO - [2026-09-17T13:38:51.367+0000] {dagbag.py:545} INFO - Filling up the DagBag from /opt/airflow/dags/transformation_DAG.py
[2026-09-17T13:38:51.680+0000] {logging_mixin.py:188} INFO - [2026-09-17T13:38:51.679+0000] {dagbag.py:355} ERROR - Failed to import: /opt/airflow/dags/transformation_DAG.py
Traceback (most recent call last):
  File "/home/airflow/.local/lib/python3.12/site-packages/airflow/models/dagbag.py", line 351, in parse
    loader.exec_module(new_module)
  File "<frozen importlib._bootstrap_external>", line 995, in exec_module
  File "<frozen importlib._bootstrap>", line 488, in _call_with_frames_removed
  File "/opt/airflow/dags/transformation_DAG.py", line 10, in <module>
    from include import transform
  File "/opt/airflow/include/transform.py", line 15
    
    ^
IndentationError: expected an indented block after function definition on line 14
[2026-09-17T13:38:51.681+0000] {processor.py:842} WARNING - No viable dags retrieved from /opt/airflow/dags/transformation_DAG.py
[2026-09-17T13:38:51.689+0000] {processor.py:183} INFO - Processing /opt/airflow/dags/transformation_DAG.py took 0.332 seconds
[2026-09-17T13:39:21.794+0000] {processor.py:161} INFO - Started process (PID=5792) to work on /opt/airflow/dags/transformation_DAG.py
[2026-09-17T13:39:21.970+0000] {processor.py:830} INFO - Processing file /opt/airflow/dags/transformation_DAG.py for tasks to queue
[2026-09-17T13:39:21.972+0000] {logging_mixin.py:188} INFO - [2026-09-17T13:39:21.971+0000] {dagbag.py:545} INFO - Filling up the DagBag from /opt/airflow/dags/transformation_DAG.py
[2026-09-17T13:39:22.291+0000] {logging_mixin.py:188} INFO - [2026-09-17T13:39:22.290+0000] {dagbag.py:355} ERROR - Failed to import: /opt/airflow/dags/transformation_DAG.py
Traceback (most recent call last):
  File "/home/airflow/.local/lib/python3.12/site-packages/airflow/models/dagbag.py", line 351, in parse
    loader.exec_module(new_module)
  File "<frozen importlib._bootstrap_external>", line 995, in exec_module
  File "<frozen importlib._bootstrap>", line 488, in _call_with_frames_removed
  File "/opt/airflow/dags/transformation_DAG.py", line 10, in <module>
    from include import transform
  File "/opt/airflow/include/transform.py", line 15
    
    ^
IndentationError: expected an indented block after function definition on line 14
[2026-09-17T13:39:22.291+0000] {processor.py:842} WARNING - No viable dags retrieved from /opt/airflow/dags/transformation_DAG.py
[2026-09-17T13:39:22.300+0000] {processor.py:183} INFO - Processing /opt/airflow/dags/transformation_DAG.py took 0.511 seconds
[2026-09-17T13:39:52.407+0000] {processor.py:161} INFO - Started process (PID=5802) to work on /opt/airflow/dags/transformation_DAG.py
[2026-09-17T13:39:52.407+0000] {processor.py:830} INFO - Processing file /opt/airflow/dags/transformation_DAG.py for tasks to queue
[2026-09-17T13:39:52.408+0000] {logging_mixin.py:188} INFO - [2026-09-17T13:39:52.407+0000] {dagbag.py:545} INFO - Filling up the DagBag from /opt/airflow/dags/transformation_DAG.py
[2026-09-17T13:39:52.715+0000] {logging_mixin.py:188} INFO - [2026-09-17T13:39:52.714+0000] {dagbag.py:355} ERROR - Failed to import: /opt/airflow/dags/transformation_DAG.py
Traceback (most recent call last):
  File "/home/airflow/.local/lib/python3.12/site-packages/airflow/models/dagbag.py", line 351, in parse
    loader.exec_module(new_module)
  File "<frozen importlib._bootstrap_external>", line 995, in exec_module
  File "<frozen importlib._bootstrap>", line 488, in _call_with_frames_removed
  File "/opt/airflow/dags/transformation_DAG.py", line 10, in <module>
    from include import transform
  File "/opt/airflow/include/transform.py", line 15
    
    ^
IndentationError: expected an indented block after function definition on line 14
[2026-09-17T13:39:52.715+0000] {processor.py:842} WARNING - No viable dags retrieved from /opt/airflow/dags/transformation_DAG.py
[2026-09-17T13:39:52.726+0000] {processor.py:183} INFO - Processing /opt/airflow/dags/transformation_DAG.py took 0.324 seconds
[2026-09-17T13:40:22.855+0000] {processor.py:161} INFO - Started process (PID=5812) to work on /opt/airflow/dags/transformation_DAG.py
[2026-09-17T13:40:22.859+0000] {processor.py:830} INFO - Processing file /opt/airflow/dags/transformation_DAG.py for tasks to queue
[2026-09-17T13:40:22.860+0000] {logging_mixin.py:188} INFO - [2026-09-17T13:40:22.859+0000] {dagbag.py:545} INFO - Filling up the DagBag from /opt/airflow/dags/transformation_DAG.py
[2026-09-17T13:40:23.172+0000] {logging_mixin.py:188} INFO - [2026-09-17T13:40:23.171+0000] {dagbag.py:355} ERROR - Failed to import: /opt/airflow/dags/transformation_DAG.py
Traceback (most recent call last):
  File "/home/airflow/.local/lib/python3.12/site-packages/airflow/models/dagbag.py", line 351, in parse
    loader.exec_module(new_module)
  File "<frozen importlib._bootstrap_external>", line 995, in exec_module
  File "<frozen importlib._bootstrap>", line 488, in _call_with_frames_removed
  File "/opt/airflow/dags/transformation_DAG.py", line 10, in <module>
    from include import transform
  File "/opt/airflow/include/transform.py", line 15
    
    ^
IndentationError: expected an indented block after function definition on line 14
[2026-09-17T13:40:23.172+0000] {processor.py:842} WARNING - No viable dags retrieved from /opt/airflow/dags/transformation_DAG.py
[2026-09-17T13:40:23.182+0000] {processor.py:183} INFO - Processing /opt/airflow/dags/transformation_DAG.py took 0.333 seconds
[2026-09-17T13:40:53.311+0000] {processor.py:161} INFO - Started process (PID=5822) to work on /opt/airflow/dags/transformation_DAG.py
[2026-09-17T13:40:53.312+0000] {processor.py:830} INFO - Processing file /opt/airflow/dags/transformation_DAG.py for tasks to queue
[2026-09-17T13:40:53.313+0000] {logging_mixin.py:188} INFO - [2026-09-17T13:40:53.312+0000] {dagbag.py:545} INFO - Filling up the DagBag from /opt/airflow/dags/transformation_DAG.py
[2026-09-17T13:40:53.642+0000] {logging_mixin.py:188} INFO - [2026-09-17T13:40:53.641+0000] {dagbag.py:355} ERROR - Failed to import: /opt/airflow/dags/transformation_DAG.py
Traceback (most recent call last):
  File "/home/airflow/.local/lib/python3.12/site-packages/airflow/models/dagbag.py", line 351, in parse
    loader.exec_module(new_module)
  File "<frozen importlib._bootstrap_external>", line 995, in exec_module
  File "<frozen importlib._bootstrap>", line 488, in _call_with_frames_removed
  File "/opt/airflow/dags/transformation_DAG.py", line 10, in <module>
    from include import transform
  File "/opt/airflow/include/transform.py", line 15
    
    ^
IndentationError: expected an indented block after function definition on line 14
[2026-09-17T13:40:53.642+0000] {processor.py:842} WARNING - No viable dags retrieved from /opt/airflow/dags/transformation_DAG.py
[2026-09-17T13:40:53.651+0000] {processor.py:183} INFO - Processing /opt/airflow/dags/transformation_DAG.py took 0.347 seconds
[2026-09-17T13:41:23.794+0000] {processor.py:161} INFO - Started process (PID=5832) to work on /opt/airflow/dags/transformation_DAG.py
[2026-09-17T13:41:23.828+0000] {processor.py:830} INFO - Processing file /opt/airflow/dags/transformation_DAG.py for tasks to queue
[2026-09-17T13:41:23.828+0000] {logging_mixin.py:188} INFO - [2026-09-17T13:41:23.828+0000] {dagbag.py:545} INFO - Filling up the DagBag from /opt/airflow/dags/transformation_DAG.py
[2026-09-17T13:41:24.134+0000] {logging_mixin.py:188} INFO - [2026-09-17T13:41:24.133+0000] {dagbag.py:355} ERROR - Failed to import: /opt/airflow/dags/transformation_DAG.py
Traceback (most recent call last):
  File "/home/airflow/.local/lib/python3.12/site-packages/airflow/models/dagbag.py", line 351, in parse
    loader.exec_module(new_module)
  File "<frozen importlib._bootstrap_external>", line 995, in exec_module
  File "<frozen importlib._bootstrap>", line 488, in _call_with_frames_removed
  File "/opt/airflow/dags/transformation_DAG.py", line 10, in <module>
    from include import transform
  File "/opt/airflow/include/transform.py", line 15
    
    ^
IndentationError: expected an indented block after function definition on line 14
[2026-09-17T13:41:24.134+0000] {processor.py:842} WARNING - No viable dags retrieved from /opt/airflow/dags/transformation_DAG.py
[2026-09-17T13:41:24.144+0000] {processor.py:183} INFO - Processing /opt/airflow/dags/transformation_DAG.py took 0.360 seconds
[2026-09-17T13:41:54.295+0000] {processor.py:161} INFO - Started process (PID=5842) to work on /opt/airflow/dags/transformation_DAG.py
[2026-09-17T13:41:54.304+0000] {processor.py:830} INFO - Processing file /opt/airflow/dags/transformation_DAG.py for tasks to queue
[2026-09-17T13:41:54.305+0000] {logging_mixin.py:188} INFO - [2026-09-17T13:41:54.305+0000] {dagbag.py:545} INFO - Filling up the DagBag from /opt/airflow/dags/transformation_DAG.py
[2026-09-17T13:41:54.601+0000] {logging_mixin.py:188} INFO - [2026-09-17T13:41:54.600+0000] {dagbag.py:355} ERROR - Failed to import: /opt/airflow/dags/transformation_DAG.py
Traceback (most recent call last):
  File "/home/airflow/.local/lib/python3.12/site-packages/airflow/models/dagbag.py", line 351, in parse
    loader.exec_module(new_module)
  File "<frozen importlib._bootstrap_external>", line 995, in exec_module
  File "<frozen importlib._bootstrap>", line 488, in _call_with_frames_removed
  File "/opt/airflow/dags/transformation_DAG.py", line 10, in <module>
    from include import transform
  File "/opt/airflow/include/transform.py", line 15
    
    ^
IndentationError: expected an indented block after function definition on line 14
[2026-09-17T13:41:54.601+0000] {processor.py:842} WARNING - No viable dags retrieved from /opt/airflow/dags/transformation_DAG.py
[2026-09-17T13:41:54.610+0000] {processor.py:183} INFO - Processing /opt/airflow/dags/transformation_DAG.py took 0.324 seconds
[2026-09-17T13:42:24.728+0000] {processor.py:161} INFO - Started process (PID=5852) to work on /opt/airflow/dags/transformation_DAG.py
[2026-09-17T13:42:24.728+0000] {processor.py:830} INFO - Processing file /opt/airflow/dags/transformation_DAG.py for tasks to queue
[2026-09-17T13:42:24.729+0000] {logging_mixin.py:188} INFO - [2026-09-17T13:42:24.729+0000] {dagbag.py:545} INFO - Filling up the DagBag from /opt/airflow/dags/transformation_DAG.py
[2026-09-17T13:42:25.031+0000] {logging_mixin.py:188} INFO - [2026-09-17T13:42:25.030+0000] {dagbag.py:355} ERROR - Failed to import: /opt/airflow/dags/transformation_DAG.py
Traceback (most recent call last):
  File "/home/airflow/.local/lib/python3.12/site-packages/airflow/models/dagbag.py", line 351, in parse
    loader.exec_module(new_module)
  File "<frozen importlib._bootstrap_external>", line 995, in exec_module
  File "<frozen importlib._bootstrap>", line 488, in _call_with_frames_removed
  File "/opt/airflow/dags/transformation_DAG.py", line 10, in <module>
    from include import transform
  File "/opt/airflow/include/transform.py", line 15
    
    ^
IndentationError: expected an indented block after function definition on line 14
[2026-09-17T13:42:25.032+0000] {processor.py:842} WARNING - No viable dags retrieved from /opt/airflow/dags/transformation_DAG.py
[2026-09-17T13:42:25.040+0000] {processor.py:183} INFO - Processing /opt/airflow/dags/transformation_DAG.py took 0.316 seconds
[2026-09-17T13:42:55.167+0000] {processor.py:161} INFO - Started process (PID=5862) to work on /opt/airflow/dags/transformation_DAG.py
[2026-09-17T13:42:55.251+0000] {processor.py:830} INFO - Processing file /opt/airflow/dags/transformation_DAG.py for tasks to queue
[2026-09-17T13:42:55.252+0000] {logging_mixin.py:188} INFO - [2026-09-17T13:42:55.251+0000] {dagbag.py:545} INFO - Filling up the DagBag from /opt/airflow/dags/transformation_DAG.py
[2026-09-17T13:42:55.576+0000] {logging_mixin.py:188} INFO - [2026-09-17T13:42:55.575+0000] {dagbag.py:355} ERROR - Failed to import: /opt/airflow/dags/transformation_DAG.py
Traceback (most recent call last):
  File "/home/airflow/.local/lib/python3.12/site-packages/airflow/models/dagbag.py", line 351, in parse
    loader.exec_module(new_module)
  File "<frozen importlib._bootstrap_external>", line 995, in exec_module
  File "<frozen importlib._bootstrap>", line 488, in _call_with_frames_removed
  File "/opt/airflow/dags/transformation_DAG.py", line 10, in <module>
    from include import transform
  File "/opt/airflow/include/transform.py", line 15
    
    ^
IndentationError: expected an indented block after function definition on line 14
[2026-09-17T13:42:55.576+0000] {processor.py:842} WARNING - No viable dags retrieved from /opt/airflow/dags/transformation_DAG.py
[2026-09-17T13:42:55.584+0000] {processor.py:183} INFO - Processing /opt/airflow/dags/transformation_DAG.py took 0.421 seconds
[2026-09-17T13:43:25.722+0000] {processor.py:161} INFO - Started process (PID=5872) to work on /opt/airflow/dags/transformation_DAG.py
[2026-09-17T13:43:25.723+0000] {processor.py:830} INFO - Processing file /opt/airflow/dags/transformation_DAG.py for tasks to queue
[2026-09-17T13:43:25.723+0000] {logging_mixin.py:188} INFO - [2026-09-17T13:43:25.723+0000] {dagbag.py:545} INFO - Filling up the DagBag from /opt/airflow/dags/transformation_DAG.py
[2026-09-17T13:43:26.026+0000] {logging_mixin.py:188} INFO - [2026-09-17T13:43:26.025+0000] {dagbag.py:355} ERROR - Failed to import: /opt/airflow/dags/transformation_DAG.py
Traceback (most recent call last):
  File "/home/airflow/.local/lib/python3.12/site-packages/airflow/models/dagbag.py", line 351, in parse
    loader.exec_module(new_module)
  File "<frozen importlib._bootstrap_external>", line 995, in exec_module
  File "<frozen importlib._bootstrap>", line 488, in _call_with_frames_removed
  File "/opt/airflow/dags/transformation_DAG.py", line 10, in <module>
    from include import transform
  File "/opt/airflow/include/transform.py", line 15
    
    ^
IndentationError: expected an indented block after function definition on line 14
[2026-09-17T13:43:26.026+0000] {processor.py:842} WARNING - No viable dags retrieved from /opt/airflow/dags/transformation_DAG.py
[2026-09-17T13:43:26.034+0000] {processor.py:183} INFO - Processing /opt/airflow/dags/transformation_DAG.py took 0.316 seconds
[2026-09-17T13:43:56.153+0000] {processor.py:161} INFO - Started process (PID=5882) to work on /opt/airflow/dags/transformation_DAG.py
[2026-09-17T13:43:56.158+0000] {processor.py:830} INFO - Processing file /opt/airflow/dags/transformation_DAG.py for tasks to queue
[2026-09-17T13:43:56.158+0000] {logging_mixin.py:188} INFO - [2026-09-17T13:43:56.158+0000] {dagbag.py:545} INFO - Filling up the DagBag from /opt/airflow/dags/transformation_DAG.py
[2026-09-17T13:43:56.491+0000] {logging_mixin.py:188} INFO - [2026-09-17T13:43:56.490+0000] {dagbag.py:355} ERROR - Failed to import: /opt/airflow/dags/transformation_DAG.py
Traceback (most recent call last):
  File "/home/airflow/.local/lib/python3.12/site-packages/airflow/models/dagbag.py", line 351, in parse
    loader.exec_module(new_module)
  File "<frozen importlib._bootstrap_external>", line 995, in exec_module
  File "<frozen importlib._bootstrap>", line 488, in _call_with_frames_removed
  File "/opt/airflow/dags/transformation_DAG.py", line 10, in <module>
    from include import transform
  File "/opt/airflow/include/transform.py", line 15
    
    ^
IndentationError: expected an indented block after function definition on line 14
[2026-09-17T13:43:56.491+0000] {processor.py:842} WARNING - No viable dags retrieved from /opt/airflow/dags/transformation_DAG.py
[2026-09-17T13:43:56.500+0000] {processor.py:183} INFO - Processing /opt/airflow/dags/transformation_DAG.py took 0.351 seconds
[2026-09-17T13:44:26.617+0000] {processor.py:161} INFO - Started process (PID=5892) to work on /opt/airflow/dags/transformation_DAG.py
[2026-09-17T13:44:26.618+0000] {processor.py:830} INFO - Processing file /opt/airflow/dags/transformation_DAG.py for tasks to queue
[2026-09-17T13:44:26.618+0000] {logging_mixin.py:188} INFO - [2026-09-17T13:44:26.618+0000] {dagbag.py:545} INFO - Filling up the DagBag from /opt/airflow/dags/transformation_DAG.py
[2026-09-17T13:44:26.943+0000] {logging_mixin.py:188} INFO - [2026-09-17T13:44:26.942+0000] {dagbag.py:355} ERROR - Failed to import: /opt/airflow/dags/transformation_DAG.py
Traceback (most recent call last):
  File "/home/airflow/.local/lib/python3.12/site-packages/airflow/models/dagbag.py", line 351, in parse
    loader.exec_module(new_module)
  File "<frozen importlib._bootstrap_external>", line 995, in exec_module
  File "<frozen importlib._bootstrap>", line 488, in _call_with_frames_removed
  File "/opt/airflow/dags/transformation_DAG.py", line 10, in <module>
    from include import transform
  File "/opt/airflow/include/transform.py", line 15
    
    ^
IndentationError: expected an indented block after function definition on line 14
[2026-09-17T13:44:26.943+0000] {processor.py:842} WARNING - No viable dags retrieved from /opt/airflow/dags/transformation_DAG.py
[2026-09-17T13:44:26.952+0000] {processor.py:183} INFO - Processing /opt/airflow/dags/transformation_DAG.py took 0.339 seconds
[2026-09-17T13:44:57.072+0000] {processor.py:161} INFO - Started process (PID=5902) to work on /opt/airflow/dags/transformation_DAG.py
[2026-09-17T13:44:57.088+0000] {processor.py:830} INFO - Processing file /opt/airflow/dags/transformation_DAG.py for tasks to queue
[2026-09-17T13:44:57.089+0000] {logging_mixin.py:188} INFO - [2026-09-17T13:44:57.089+0000] {dagbag.py:545} INFO - Filling up the DagBag from /opt/airflow/dags/transformation_DAG.py
[2026-09-17T13:44:57.404+0000] {logging_mixin.py:188} INFO - [2026-09-17T13:44:57.403+0000] {dagbag.py:355} ERROR - Failed to import: /opt/airflow/dags/transformation_DAG.py
Traceback (most recent call last):
  File "/home/airflow/.local/lib/python3.12/site-packages/airflow/models/dagbag.py", line 351, in parse
    loader.exec_module(new_module)
  File "<frozen importlib._bootstrap_external>", line 995, in exec_module
  File "<frozen importlib._bootstrap>", line 488, in _call_with_frames_removed
  File "/opt/airflow/dags/transformation_DAG.py", line 10, in <module>
    from include import transform
  File "/opt/airflow/include/transform.py", line 15
    
    ^
IndentationError: expected an indented block after function definition on line 14
[2026-09-17T13:44:57.404+0000] {processor.py:842} WARNING - No viable dags retrieved from /opt/airflow/dags/transformation_DAG.py
[2026-09-17T13:44:57.414+0000] {processor.py:183} INFO - Processing /opt/airflow/dags/transformation_DAG.py took 0.345 seconds
[2026-09-17T13:45:27.523+0000] {processor.py:161} INFO - Started process (PID=5912) to work on /opt/airflow/dags/transformation_DAG.py
[2026-09-17T13:45:27.524+0000] {processor.py:830} INFO - Processing file /opt/airflow/dags/transformation_DAG.py for tasks to queue
[2026-09-17T13:45:27.524+0000] {logging_mixin.py:188} INFO - [2026-09-17T13:45:27.524+0000] {dagbag.py:545} INFO - Filling up the DagBag from /opt/airflow/dags/transformation_DAG.py
[2026-09-17T13:45:27.843+0000] {logging_mixin.py:188} INFO - [2026-09-17T13:45:27.843+0000] {dagbag.py:355} ERROR - Failed to import: /opt/airflow/dags/transformation_DAG.py
Traceback (most recent call last):
  File "/home/airflow/.local/lib/python3.12/site-packages/airflow/models/dagbag.py", line 351, in parse
    loader.exec_module(new_module)
  File "<frozen importlib._bootstrap_external>", line 995, in exec_module
  File "<frozen importlib._bootstrap>", line 488, in _call_with_frames_removed
  File "/opt/airflow/dags/transformation_DAG.py", line 10, in <module>
    from include import transform
  File "/opt/airflow/include/transform.py", line 15
    
    ^
IndentationError: expected an indented block after function definition on line 14
[2026-09-17T13:45:27.844+0000] {processor.py:842} WARNING - No viable dags retrieved from /opt/airflow/dags/transformation_DAG.py
[2026-09-17T13:45:27.853+0000] {processor.py:183} INFO - Processing /opt/airflow/dags/transformation_DAG.py took 0.333 seconds
[2026-09-17T13:45:57.988+0000] {processor.py:161} INFO - Started process (PID=5922) to work on /opt/airflow/dags/transformation_DAG.py
[2026-09-17T13:45:58.009+0000] {processor.py:830} INFO - Processing file /opt/airflow/dags/transformation_DAG.py for tasks to queue
[2026-09-17T13:45:58.009+0000] {logging_mixin.py:188} INFO - [2026-09-17T13:45:58.009+0000] {dagbag.py:545} INFO - Filling up the DagBag from /opt/airflow/dags/transformation_DAG.py
[2026-09-17T13:45:58.321+0000] {logging_mixin.py:188} INFO - [2026-09-17T13:45:58.320+0000] {dagbag.py:355} ERROR - Failed to import: /opt/airflow/dags/transformation_DAG.py
Traceback (most recent call last):
  File "/home/airflow/.local/lib/python3.12/site-packages/airflow/models/dagbag.py", line 351, in parse
    loader.exec_module(new_module)
  File "<frozen importlib._bootstrap_external>", line 995, in exec_module
  File "<frozen importlib._bootstrap>", line 488, in _call_with_frames_removed
  File "/opt/airflow/dags/transformation_DAG.py", line 10, in <module>
    from include import transform
  File "/opt/airflow/include/transform.py", line 15
    
    ^
IndentationError: expected an indented block after function definition on line 14
[2026-09-17T13:45:58.322+0000] {processor.py:842} WARNING - No viable dags retrieved from /opt/airflow/dags/transformation_DAG.py
[2026-09-17T13:45:58.330+0000] {processor.py:183} INFO - Processing /opt/airflow/dags/transformation_DAG.py took 0.349 seconds
[2026-09-17T13:46:28.462+0000] {processor.py:161} INFO - Started process (PID=5932) to work on /opt/airflow/dags/transformation_DAG.py
[2026-09-17T13:46:28.475+0000] {processor.py:830} INFO - Processing file /opt/airflow/dags/transformation_DAG.py for tasks to queue
[2026-09-17T13:46:28.476+0000] {logging_mixin.py:188} INFO - [2026-09-17T13:46:28.476+0000] {dagbag.py:545} INFO - Filling up the DagBag from /opt/airflow/dags/transformation_DAG.py
[2026-09-17T13:46:28.785+0000] {logging_mixin.py:188} INFO - [2026-09-17T13:46:28.784+0000] {dagbag.py:355} ERROR - Failed to import: /opt/airflow/dags/transformation_DAG.py
Traceback (most recent call last):
  File "/home/airflow/.local/lib/python3.12/site-packages/airflow/models/dagbag.py", line 351, in parse
    loader.exec_module(new_module)
  File "<frozen importlib._bootstrap_external>", line 995, in exec_module
  File "<frozen importlib._bootstrap>", line 488, in _call_with_frames_removed
  File "/opt/airflow/dags/transformation_DAG.py", line 10, in <module>
    from include import transform
  File "/opt/airflow/include/transform.py", line 15
    
    ^
IndentationError: expected an indented block after function definition on line 14
[2026-09-17T13:46:28.785+0000] {processor.py:842} WARNING - No viable dags retrieved from /opt/airflow/dags/transformation_DAG.py
[2026-09-17T13:46:28.794+0000] {processor.py:183} INFO - Processing /opt/airflow/dags/transformation_DAG.py took 0.335 seconds
[2026-09-17T13:46:58.933+0000] {processor.py:161} INFO - Started process (PID=5942) to work on /opt/airflow/dags/transformation_DAG.py
[2026-09-17T13:46:58.954+0000] {processor.py:830} INFO - Processing file /opt/airflow/dags/transformation_DAG.py for tasks to queue
[2026-09-17T13:46:58.955+0000] {logging_mixin.py:188} INFO - [2026-09-17T13:46:58.955+0000] {dagbag.py:545} INFO - Filling up the DagBag from /opt/airflow/dags/transformation_DAG.py
[2026-09-17T13:46:59.278+0000] {logging_mixin.py:188} INFO - [2026-09-17T13:46:59.277+0000] {dagbag.py:355} ERROR - Failed to import: /opt/airflow/dags/transformation_DAG.py
Traceback (most recent call last):
  File "/home/airflow/.local/lib/python3.12/site-packages/airflow/models/dagbag.py", line 351, in parse
    loader.exec_module(new_module)
  File "<frozen importlib._bootstrap_external>", line 995, in exec_module
  File "<frozen importlib._bootstrap>", line 488, in _call_with_frames_removed
  File "/opt/airflow/dags/transformation_DAG.py", line 10, in <module>
    from include import transform
  File "/opt/airflow/include/transform.py", line 15
    
    ^
IndentationError: expected an indented block after function definition on line 14
[2026-09-17T13:46:59.279+0000] {processor.py:842} WARNING - No viable dags retrieved from /opt/airflow/dags/transformation_DAG.py
[2026-09-17T13:46:59.288+0000] {processor.py:183} INFO - Processing /opt/airflow/dags/transformation_DAG.py took 0.364 seconds
[2026-09-17T13:47:29.405+0000] {processor.py:161} INFO - Started process (PID=5951) to work on /opt/airflow/dags/transformation_DAG.py
[2026-09-17T13:47:29.501+0000] {processor.py:830} INFO - Processing file /opt/airflow/dags/transformation_DAG.py for tasks to queue
[2026-09-17T13:47:29.502+0000] {logging_mixin.py:188} INFO - [2026-09-17T13:47:29.502+0000] {dagbag.py:545} INFO - Filling up the DagBag from /opt/airflow/dags/transformation_DAG.py
[2026-09-17T13:47:29.810+0000] {logging_mixin.py:188} INFO - [2026-09-17T13:47:29.809+0000] {dagbag.py:355} ERROR - Failed to import: /opt/airflow/dags/transformation_DAG.py
Traceback (most recent call last):
  File "/home/airflow/.local/lib/python3.12/site-packages/airflow/models/dagbag.py", line 351, in parse
    loader.exec_module(new_module)
  File "<frozen importlib._bootstrap_external>", line 995, in exec_module
  File "<frozen importlib._bootstrap>", line 488, in _call_with_frames_removed
  File "/opt/airflow/dags/transformation_DAG.py", line 10, in <module>
    from include import transform
  File "/opt/airflow/include/transform.py", line 15
    
    ^
IndentationError: expected an indented block after function definition on line 14
[2026-09-17T13:47:29.810+0000] {processor.py:842} WARNING - No viable dags retrieved from /opt/airflow/dags/transformation_DAG.py
[2026-09-17T13:47:29.819+0000] {processor.py:183} INFO - Processing /opt/airflow/dags/transformation_DAG.py took 0.421 seconds
[2026-09-17T13:47:59.928+0000] {processor.py:161} INFO - Started process (PID=5961) to work on /opt/airflow/dags/transformation_DAG.py
[2026-09-17T13:47:59.928+0000] {processor.py:830} INFO - Processing file /opt/airflow/dags/transformation_DAG.py for tasks to queue
[2026-09-17T13:47:59.929+0000] {logging_mixin.py:188} INFO - [2026-09-17T13:47:59.929+0000] {dagbag.py:545} INFO - Filling up the DagBag from /opt/airflow/dags/transformation_DAG.py
[2026-09-17T13:48:00.239+0000] {logging_mixin.py:188} INFO - [2026-09-17T13:48:00.238+0000] {dagbag.py:355} ERROR - Failed to import: /opt/airflow/dags/transformation_DAG.py
Traceback (most recent call last):
  File "/home/airflow/.local/lib/python3.12/site-packages/airflow/models/dagbag.py", line 351, in parse
    loader.exec_module(new_module)
  File "<frozen importlib._bootstrap_external>", line 995, in exec_module
  File "<frozen importlib._bootstrap>", line 488, in _call_with_frames_removed
  File "/opt/airflow/dags/transformation_DAG.py", line 10, in <module>
    from include import transform
  File "/opt/airflow/include/transform.py", line 15
    
    ^
IndentationError: expected an indented block after function definition on line 14
[2026-09-17T13:48:00.240+0000] {processor.py:842} WARNING - No viable dags retrieved from /opt/airflow/dags/transformation_DAG.py
[2026-09-17T13:48:00.248+0000] {processor.py:183} INFO - Processing /opt/airflow/dags/transformation_DAG.py took 0.324 seconds
[2026-09-17T13:48:30.401+0000] {processor.py:161} INFO - Started process (PID=5971) to work on /opt/airflow/dags/transformation_DAG.py
[2026-09-17T13:48:30.483+0000] {processor.py:830} INFO - Processing file /opt/airflow/dags/transformation_DAG.py for tasks to queue
[2026-09-17T13:48:30.485+0000] {logging_mixin.py:188} INFO - [2026-09-17T13:48:30.484+0000] {dagbag.py:545} INFO - Filling up the DagBag from /opt/airflow/dags/transformation_DAG.py
[2026-09-17T13:48:30.786+0000] {logging_mixin.py:188} INFO - [2026-09-17T13:48:30.785+0000] {dagbag.py:355} ERROR - Failed to import: /opt/airflow/dags/transformation_DAG.py
Traceback (most recent call last):
  File "/home/airflow/.local/lib/python3.12/site-packages/airflow/models/dagbag.py", line 351, in parse
    loader.exec_module(new_module)
  File "<frozen importlib._bootstrap_external>", line 995, in exec_module
  File "<frozen importlib._bootstrap>", line 488, in _call_with_frames_removed
  File "/opt/airflow/dags/transformation_DAG.py", line 10, in <module>
    from include import transform
  File "/opt/airflow/include/transform.py", line 15
    
    ^
IndentationError: expected an indented block after function definition on line 14
[2026-09-17T13:48:30.787+0000] {processor.py:842} WARNING - No viable dags retrieved from /opt/airflow/dags/transformation_DAG.py
[2026-09-17T13:48:30.794+0000] {processor.py:183} INFO - Processing /opt/airflow/dags/transformation_DAG.py took 0.404 seconds
[2026-09-17T13:49:00.944+0000] {processor.py:161} INFO - Started process (PID=5981) to work on /opt/airflow/dags/transformation_DAG.py
[2026-09-17T13:49:00.944+0000] {processor.py:830} INFO - Processing file /opt/airflow/dags/transformation_DAG.py for tasks to queue
[2026-09-17T13:49:00.945+0000] {logging_mixin.py:188} INFO - [2026-09-17T13:49:00.945+0000] {dagbag.py:545} INFO - Filling up the DagBag from /opt/airflow/dags/transformation_DAG.py
[2026-09-17T13:49:01.248+0000] {logging_mixin.py:188} INFO - [2026-09-17T13:49:01.247+0000] {dagbag.py:355} ERROR - Failed to import: /opt/airflow/dags/transformation_DAG.py
Traceback (most recent call last):
  File "/home/airflow/.local/lib/python3.12/site-packages/airflow/models/dagbag.py", line 351, in parse
    loader.exec_module(new_module)
  File "<frozen importlib._bootstrap_external>", line 995, in exec_module
  File "<frozen importlib._bootstrap>", line 488, in _call_with_frames_removed
  File "/opt/airflow/dags/transformation_DAG.py", line 10, in <module>
    from include import transform
  File "/opt/airflow/include/transform.py", line 15
    
    ^
IndentationError: expected an indented block after function definition on line 14
[2026-09-17T13:49:01.248+0000] {processor.py:842} WARNING - No viable dags retrieved from /opt/airflow/dags/transformation_DAG.py
[2026-09-17T13:49:01.257+0000] {processor.py:183} INFO - Processing /opt/airflow/dags/transformation_DAG.py took 0.321 seconds
[2026-09-17T13:49:31.416+0000] {processor.py:161} INFO - Started process (PID=5991) to work on /opt/airflow/dags/transformation_DAG.py
[2026-09-17T13:49:31.509+0000] {processor.py:830} INFO - Processing file /opt/airflow/dags/transformation_DAG.py for tasks to queue
[2026-09-17T13:49:31.510+0000] {logging_mixin.py:188} INFO - [2026-09-17T13:49:31.510+0000] {dagbag.py:545} INFO - Filling up the DagBag from /opt/airflow/dags/transformation_DAG.py
[2026-09-17T13:49:31.812+0000] {logging_mixin.py:188} INFO - [2026-09-17T13:49:31.811+0000] {dagbag.py:355} ERROR - Failed to import: /opt/airflow/dags/transformation_DAG.py
Traceback (most recent call last):
  File "/home/airflow/.local/lib/python3.12/site-packages/airflow/models/dagbag.py", line 351, in parse
    loader.exec_module(new_module)
  File "<frozen importlib._bootstrap_external>", line 995, in exec_module
  File "<frozen importlib._bootstrap>", line 488, in _call_with_frames_removed
  File "/opt/airflow/dags/transformation_DAG.py", line 10, in <module>
    from include import transform
  File "/opt/airflow/include/transform.py", line 15
    
    ^
IndentationError: expected an indented block after function definition on line 14
[2026-09-17T13:49:31.812+0000] {processor.py:842} WARNING - No viable dags retrieved from /opt/airflow/dags/transformation_DAG.py
[2026-09-17T13:49:31.820+0000] {processor.py:183} INFO - Processing /opt/airflow/dags/transformation_DAG.py took 0.413 seconds
[2026-09-17T13:50:01.968+0000] {processor.py:161} INFO - Started process (PID=6001) to work on /opt/airflow/dags/transformation_DAG.py
[2026-09-17T13:50:01.968+0000] {processor.py:830} INFO - Processing file /opt/airflow/dags/transformation_DAG.py for tasks to queue
[2026-09-17T13:50:01.970+0000] {logging_mixin.py:188} INFO - [2026-09-17T13:50:01.970+0000] {dagbag.py:545} INFO - Filling up the DagBag from /opt/airflow/dags/transformation_DAG.py
[2026-09-17T13:50:02.271+0000] {logging_mixin.py:188} INFO - [2026-09-17T13:50:02.270+0000] {dagbag.py:355} ERROR - Failed to import: /opt/airflow/dags/transformation_DAG.py
Traceback (most recent call last):
  File "/home/airflow/.local/lib/python3.12/site-packages/airflow/models/dagbag.py", line 351, in parse
    loader.exec_module(new_module)
  File "<frozen importlib._bootstrap_external>", line 995, in exec_module
  File "<frozen importlib._bootstrap>", line 488, in _call_with_frames_removed
  File "/opt/airflow/dags/transformation_DAG.py", line 10, in <module>
    from include import transform
  File "/opt/airflow/include/transform.py", line 15
    
    ^
IndentationError: expected an indented block after function definition on line 14
[2026-09-17T13:50:02.271+0000] {processor.py:842} WARNING - No viable dags retrieved from /opt/airflow/dags/transformation_DAG.py
[2026-09-17T13:50:02.280+0000] {processor.py:183} INFO - Processing /opt/airflow/dags/transformation_DAG.py took 0.320 seconds
[2026-09-17T13:50:32.410+0000] {processor.py:161} INFO - Started process (PID=6011) to work on /opt/airflow/dags/transformation_DAG.py
[2026-09-17T13:50:32.621+0000] {processor.py:830} INFO - Processing file /opt/airflow/dags/transformation_DAG.py for tasks to queue
[2026-09-17T13:50:32.622+0000] {logging_mixin.py:188} INFO - [2026-09-17T13:50:32.622+0000] {dagbag.py:545} INFO - Filling up the DagBag from /opt/airflow/dags/transformation_DAG.py
[2026-09-17T13:50:32.940+0000] {logging_mixin.py:188} INFO - [2026-09-17T13:50:32.939+0000] {dagbag.py:355} ERROR - Failed to import: /opt/airflow/dags/transformation_DAG.py
Traceback (most recent call last):
  File "/home/airflow/.local/lib/python3.12/site-packages/airflow/models/dagbag.py", line 351, in parse
    loader.exec_module(new_module)
  File "<frozen importlib._bootstrap_external>", line 995, in exec_module
  File "<frozen importlib._bootstrap>", line 488, in _call_with_frames_removed
  File "/opt/airflow/dags/transformation_DAG.py", line 10, in <module>
    from include import transform
  File "/opt/airflow/include/transform.py", line 15
    
    ^
IndentationError: expected an indented block after function definition on line 14
[2026-09-17T13:50:32.940+0000] {processor.py:842} WARNING - No viable dags retrieved from /opt/airflow/dags/transformation_DAG.py
[2026-09-17T13:50:32.948+0000] {processor.py:183} INFO - Processing /opt/airflow/dags/transformation_DAG.py took 0.546 seconds
[2026-09-17T13:51:03.052+0000] {processor.py:161} INFO - Started process (PID=6021) to work on /opt/airflow/dags/transformation_DAG.py
[2026-09-17T13:51:03.053+0000] {processor.py:830} INFO - Processing file /opt/airflow/dags/transformation_DAG.py for tasks to queue
[2026-09-17T13:51:03.053+0000] {logging_mixin.py:188} INFO - [2026-09-17T13:51:03.053+0000] {dagbag.py:545} INFO - Filling up the DagBag from /opt/airflow/dags/transformation_DAG.py
[2026-09-17T13:51:03.365+0000] {logging_mixin.py:188} INFO - [2026-09-17T13:51:03.364+0000] {dagbag.py:355} ERROR - Failed to import: /opt/airflow/dags/transformation_DAG.py
Traceback (most recent call last):
  File "/home/airflow/.local/lib/python3.12/site-packages/airflow/models/dagbag.py", line 351, in parse
    loader.exec_module(new_module)
  File "<frozen importlib._bootstrap_external>", line 995, in exec_module
  File "<frozen importlib._bootstrap>", line 488, in _call_with_frames_removed
  File "/opt/airflow/dags/transformation_DAG.py", line 10, in <module>
    from include import transform
  File "/opt/airflow/include/transform.py", line 15
    
    ^
IndentationError: expected an indented block after function definition on line 14
[2026-09-17T13:51:03.366+0000] {processor.py:842} WARNING - No viable dags retrieved from /opt/airflow/dags/transformation_DAG.py
[2026-09-17T13:51:03.375+0000] {processor.py:183} INFO - Processing /opt/airflow/dags/transformation_DAG.py took 0.327 seconds
[2026-09-17T13:51:33.490+0000] {processor.py:161} INFO - Started process (PID=6031) to work on /opt/airflow/dags/transformation_DAG.py
[2026-09-17T13:51:33.498+0000] {processor.py:830} INFO - Processing file /opt/airflow/dags/transformation_DAG.py for tasks to queue
[2026-09-17T13:51:33.499+0000] {logging_mixin.py:188} INFO - [2026-09-17T13:51:33.498+0000] {dagbag.py:545} INFO - Filling up the DagBag from /opt/airflow/dags/transformation_DAG.py
[2026-09-17T13:51:33.799+0000] {logging_mixin.py:188} INFO - [2026-09-17T13:51:33.798+0000] {dagbag.py:355} ERROR - Failed to import: /opt/airflow/dags/transformation_DAG.py
Traceback (most recent call last):
  File "/home/airflow/.local/lib/python3.12/site-packages/airflow/models/dagbag.py", line 351, in parse
    loader.exec_module(new_module)
  File "<frozen importlib._bootstrap_external>", line 995, in exec_module
  File "<frozen importlib._bootstrap>", line 488, in _call_with_frames_removed
  File "/opt/airflow/dags/transformation_DAG.py", line 10, in <module>
    from include import transform
  File "/opt/airflow/include/transform.py", line 15
    
    ^
IndentationError: expected an indented block after function definition on line 14
[2026-09-17T13:51:33.799+0000] {processor.py:842} WARNING - No viable dags retrieved from /opt/airflow/dags/transformation_DAG.py
[2026-09-17T13:51:33.807+0000] {processor.py:183} INFO - Processing /opt/airflow/dags/transformation_DAG.py took 0.320 seconds
[2026-09-17T13:52:03.948+0000] {processor.py:161} INFO - Started process (PID=6041) to work on /opt/airflow/dags/transformation_DAG.py
[2026-09-17T13:52:03.949+0000] {processor.py:830} INFO - Processing file /opt/airflow/dags/transformation_DAG.py for tasks to queue
[2026-09-17T13:52:03.950+0000] {logging_mixin.py:188} INFO - [2026-09-17T13:52:03.950+0000] {dagbag.py:545} INFO - Filling up the DagBag from /opt/airflow/dags/transformation_DAG.py
[2026-09-17T13:52:04.253+0000] {logging_mixin.py:188} INFO - [2026-09-17T13:52:04.252+0000] {dagbag.py:355} ERROR - Failed to import: /opt/airflow/dags/transformation_DAG.py
Traceback (most recent call last):
  File "/home/airflow/.local/lib/python3.12/site-packages/airflow/models/dagbag.py", line 351, in parse
    loader.exec_module(new_module)
  File "<frozen importlib._bootstrap_external>", line 995, in exec_module
  File "<frozen importlib._bootstrap>", line 488, in _call_with_frames_removed
  File "/opt/airflow/dags/transformation_DAG.py", line 10, in <module>
    from include import transform
  File "/opt/airflow/include/transform.py", line 15
    
    ^
IndentationError: expected an indented block after function definition on line 14
[2026-09-17T13:52:04.253+0000] {processor.py:842} WARNING - No viable dags retrieved from /opt/airflow/dags/transformation_DAG.py
[2026-09-17T13:52:04.261+0000] {processor.py:183} INFO - Processing /opt/airflow/dags/transformation_DAG.py took 0.322 seconds
[2026-09-17T13:52:34.397+0000] {processor.py:161} INFO - Started process (PID=6051) to work on /opt/airflow/dags/transformation_DAG.py
[2026-09-17T13:52:34.406+0000] {processor.py:830} INFO - Processing file /opt/airflow/dags/transformation_DAG.py for tasks to queue
[2026-09-17T13:52:34.407+0000] {logging_mixin.py:188} INFO - [2026-09-17T13:52:34.407+0000] {dagbag.py:545} INFO - Filling up the DagBag from /opt/airflow/dags/transformation_DAG.py
[2026-09-17T13:52:34.707+0000] {logging_mixin.py:188} INFO - [2026-09-17T13:52:34.706+0000] {dagbag.py:355} ERROR - Failed to import: /opt/airflow/dags/transformation_DAG.py
Traceback (most recent call last):
  File "/home/airflow/.local/lib/python3.12/site-packages/airflow/models/dagbag.py", line 351, in parse
    loader.exec_module(new_module)
  File "<frozen importlib._bootstrap_external>", line 995, in exec_module
  File "<frozen importlib._bootstrap>", line 488, in _call_with_frames_removed
  File "/opt/airflow/dags/transformation_DAG.py", line 10, in <module>
    from include import transform
  File "/opt/airflow/include/transform.py", line 15
    
    ^
IndentationError: expected an indented block after function definition on line 14
[2026-09-17T13:52:34.707+0000] {processor.py:842} WARNING - No viable dags retrieved from /opt/airflow/dags/transformation_DAG.py
[2026-09-17T13:52:34.716+0000] {processor.py:183} INFO - Processing /opt/airflow/dags/transformation_DAG.py took 0.322 seconds
[2026-09-17T13:53:04.846+0000] {processor.py:161} INFO - Started process (PID=6061) to work on /opt/airflow/dags/transformation_DAG.py
[2026-09-17T13:53:04.847+0000] {processor.py:830} INFO - Processing file /opt/airflow/dags/transformation_DAG.py for tasks to queue
[2026-09-17T13:53:04.847+0000] {logging_mixin.py:188} INFO - [2026-09-17T13:53:04.847+0000] {dagbag.py:545} INFO - Filling up the DagBag from /opt/airflow/dags/transformation_DAG.py
[2026-09-17T13:53:05.154+0000] {logging_mixin.py:188} INFO - [2026-09-17T13:53:05.154+0000] {dagbag.py:355} ERROR - Failed to import: /opt/airflow/dags/transformation_DAG.py
Traceback (most recent call last):
  File "/home/airflow/.local/lib/python3.12/site-packages/airflow/models/dagbag.py", line 351, in parse
    loader.exec_module(new_module)
  File "<frozen importlib._bootstrap_external>", line 995, in exec_module
  File "<frozen importlib._bootstrap>", line 488, in _call_with_frames_removed
  File "/opt/airflow/dags/transformation_DAG.py", line 10, in <module>
    from include import transform
  File "/opt/airflow/include/transform.py", line 15
    
    ^
IndentationError: expected an indented block after function definition on line 14
[2026-09-17T13:53:05.155+0000] {processor.py:842} WARNING - No viable dags retrieved from /opt/airflow/dags/transformation_DAG.py
[2026-09-17T13:53:05.164+0000] {processor.py:183} INFO - Processing /opt/airflow/dags/transformation_DAG.py took 0.326 seconds
[2026-09-17T13:53:35.274+0000] {processor.py:161} INFO - Started process (PID=6071) to work on /opt/airflow/dags/transformation_DAG.py
[2026-09-17T13:53:35.371+0000] {processor.py:830} INFO - Processing file /opt/airflow/dags/transformation_DAG.py for tasks to queue
[2026-09-17T13:53:35.371+0000] {logging_mixin.py:188} INFO - [2026-09-17T13:53:35.371+0000] {dagbag.py:545} INFO - Filling up the DagBag from /opt/airflow/dags/transformation_DAG.py
[2026-09-17T13:53:35.692+0000] {logging_mixin.py:188} WARNING - /opt/airflow/include/transform.py:15 SyntaxWarning: invalid escape sequence '\d'
[2026-09-17T13:53:35.695+0000] {processor.py:840} INFO - DAG(s) 'load_transform_data_DAG' retrieved from /opt/airflow/dags/transformation_DAG.py
[2026-09-17T13:53:35.763+0000] {logging_mixin.py:188} INFO - [2026-09-17T13:53:35.762+0000] {dag.py:3096} INFO - Sync 1 DAGs
[2026-09-17T13:53:35.770+0000] {logging_mixin.py:188} INFO - [2026-09-17T13:53:35.769+0000] {dag.py:3954} INFO - Setting next_dagrun for load_transform_data_DAG to None, run_after=None
[2026-09-17T13:53:35.781+0000] {processor.py:183} INFO - Processing /opt/airflow/dags/transformation_DAG.py took 0.511 seconds
[2026-09-17T13:54:05.892+0000] {processor.py:161} INFO - Started process (PID=6081) to work on /opt/airflow/dags/transformation_DAG.py
[2026-09-17T13:54:05.892+0000] {processor.py:830} INFO - Processing file /opt/airflow/dags/transformation_DAG.py for tasks to queue
[2026-09-17T13:54:05.893+0000] {logging_mixin.py:188} INFO - [2026-09-17T13:54:05.893+0000] {dagbag.py:545} INFO - Filling up the DagBag from /opt/airflow/dags/transformation_DAG.py
[2026-09-17T13:54:06.213+0000] {logging_mixin.py:188} WARNING - /opt/airflow/include/transform.py:15 SyntaxWarning: invalid escape sequence '\d'
[2026-09-17T13:54:06.216+0000] {processor.py:840} INFO - DAG(s) 'load_transform_data_DAG' retrieved from /opt/airflow/dags/transformation_DAG.py
[2026-09-17T13:54:06.228+0000] {logging_mixin.py:188} INFO - [2026-09-17T13:54:06.227+0000] {dag.py:3096} INFO - Sync 1 DAGs
[2026-09-17T13:54:06.235+0000] {logging_mixin.py:188} INFO - [2026-09-17T13:54:06.235+0000] {dag.py:3954} INFO - Setting next_dagrun for load_transform_data_DAG to None, run_after=None
[2026-09-17T13:54:06.245+0000] {processor.py:183} INFO - Processing /opt/airflow/dags/transformation_DAG.py took 0.358 seconds
[2026-09-17T13:54:36.353+0000] {processor.py:161} INFO - Started process (PID=6091) to work on /opt/airflow/dags/transformation_DAG.py
[2026-09-17T13:54:36.468+0000] {processor.py:830} INFO - Processing file /opt/airflow/dags/transformation_DAG.py for tasks to queue
[2026-09-17T13:54:36.469+0000] {logging_mixin.py:188} INFO - [2026-09-17T13:54:36.469+0000] {dagbag.py:545} INFO - Filling up the DagBag from /opt/airflow/dags/transformation_DAG.py
[2026-09-17T13:54:36.782+0000] {logging_mixin.py:188} WARNING - /opt/airflow/include/transform.py:15 SyntaxWarning: invalid escape sequence '\d'
[2026-09-17T13:54:36.785+0000] {processor.py:840} INFO - DAG(s) 'load_transform_data_DAG' retrieved from /opt/airflow/dags/transformation_DAG.py
[2026-09-17T13:54:36.797+0000] {logging_mixin.py:188} INFO - [2026-09-17T13:54:36.797+0000] {dag.py:3096} INFO - Sync 1 DAGs
[2026-09-17T13:54:36.805+0000] {logging_mixin.py:188} INFO - [2026-09-17T13:54:36.804+0000] {dag.py:3954} INFO - Setting next_dagrun for load_transform_data_DAG to None, run_after=None
[2026-09-17T13:54:36.814+0000] {processor.py:183} INFO - Processing /opt/airflow/dags/transformation_DAG.py took 0.465 seconds
[2026-09-17T13:55:06.842+0000] {processor.py:161} INFO - Started process (PID=6101) to work on /opt/airflow/dags/transformation_DAG.py
[2026-09-17T13:55:06.843+0000] {processor.py:830} INFO - Processing file /opt/airflow/dags/transformation_DAG.py for tasks to queue
[2026-09-17T13:55:06.843+0000] {logging_mixin.py:188} INFO - [2026-09-17T13:55:06.843+0000] {dagbag.py:545} INFO - Filling up the DagBag from /opt/airflow/dags/transformation_DAG.py
[2026-09-17T13:55:07.161+0000] {processor.py:840} INFO - DAG(s) 'load_transform_data_DAG' retrieved from /opt/airflow/dags/transformation_DAG.py
[2026-09-17T13:55:07.174+0000] {logging_mixin.py:188} INFO - [2026-09-17T13:55:07.174+0000] {dag.py:3096} INFO - Sync 1 DAGs
[2026-09-17T13:55:07.181+0000] {logging_mixin.py:188} INFO - [2026-09-17T13:55:07.181+0000] {dag.py:3954} INFO - Setting next_dagrun for load_transform_data_DAG to None, run_after=None
[2026-09-17T13:55:07.191+0000] {processor.py:183} INFO - Processing /opt/airflow/dags/transformation_DAG.py took 0.352 seconds
[2026-09-17T13:55:37.291+0000] {processor.py:161} INFO - Started process (PID=6111) to work on /opt/airflow/dags/transformation_DAG.py
[2026-09-17T13:55:37.367+0000] {processor.py:830} INFO - Processing file /opt/airflow/dags/transformation_DAG.py for tasks to queue
[2026-09-17T13:55:37.368+0000] {logging_mixin.py:188} INFO - [2026-09-17T13:55:37.368+0000] {dagbag.py:545} INFO - Filling up the DagBag from /opt/airflow/dags/transformation_DAG.py
[2026-09-17T13:55:37.690+0000] {processor.py:840} INFO - DAG(s) 'load_transform_data_DAG' retrieved from /opt/airflow/dags/transformation_DAG.py
[2026-09-17T13:55:37.702+0000] {logging_mixin.py:188} INFO - [2026-09-17T13:55:37.701+0000] {dag.py:3096} INFO - Sync 1 DAGs
[2026-09-17T13:55:37.709+0000] {logging_mixin.py:188} INFO - [2026-09-17T13:55:37.709+0000] {dag.py:3954} INFO - Setting next_dagrun for load_transform_data_DAG to None, run_after=None
[2026-09-17T13:55:37.718+0000] {processor.py:183} INFO - Processing /opt/airflow/dags/transformation_DAG.py took 0.432 seconds
[2026-09-17T13:56:07.835+0000] {processor.py:161} INFO - Started process (PID=6121) to work on /opt/airflow/dags/transformation_DAG.py
[2026-09-17T13:56:07.835+0000] {processor.py:830} INFO - Processing file /opt/airflow/dags/transformation_DAG.py for tasks to queue
[2026-09-17T13:56:07.836+0000] {logging_mixin.py:188} INFO - [2026-09-17T13:56:07.835+0000] {dagbag.py:545} INFO - Filling up the DagBag from /opt/airflow/dags/transformation_DAG.py
[2026-09-17T13:56:08.171+0000] {logging_mixin.py:188} WARNING - /opt/airflow/include/transform.py:15 SyntaxWarning: invalid escape sequence '\d'
[2026-09-17T13:56:08.172+0000] {logging_mixin.py:188} INFO - [2026-09-17T13:56:08.172+0000] {dagbag.py:355} ERROR - Failed to import: /opt/airflow/dags/transformation_DAG.py
Traceback (most recent call last):
  File "/home/airflow/.local/lib/python3.12/site-packages/airflow/models/dagbag.py", line 351, in parse
    loader.exec_module(new_module)
  File "<frozen importlib._bootstrap_external>", line 995, in exec_module
  File "<frozen importlib._bootstrap>", line 488, in _call_with_frames_removed
  File "/opt/airflow/dags/transformation_DAG.py", line 10, in <module>
    from include import transform
  File "/opt/airflow/include/transform.py", line 16
    match = re.
               ^
SyntaxError: invalid syntax
[2026-09-17T13:56:08.173+0000] {processor.py:842} WARNING - No viable dags retrieved from /opt/airflow/dags/transformation_DAG.py
[2026-09-17T13:56:08.181+0000] {processor.py:183} INFO - Processing /opt/airflow/dags/transformation_DAG.py took 0.350 seconds
[2026-09-17T13:56:38.321+0000] {processor.py:161} INFO - Started process (PID=6130) to work on /opt/airflow/dags/transformation_DAG.py
[2026-09-17T13:56:38.325+0000] {processor.py:830} INFO - Processing file /opt/airflow/dags/transformation_DAG.py for tasks to queue
[2026-09-17T13:56:38.326+0000] {logging_mixin.py:188} INFO - [2026-09-17T13:56:38.326+0000] {dagbag.py:545} INFO - Filling up the DagBag from /opt/airflow/dags/transformation_DAG.py
[2026-09-17T13:56:38.641+0000] {logging_mixin.py:188} WARNING - /opt/airflow/include/transform.py:15 SyntaxWarning: invalid escape sequence '\d'
[2026-09-17T13:56:38.642+0000] {logging_mixin.py:188} INFO - [2026-09-17T13:56:38.642+0000] {dagbag.py:355} ERROR - Failed to import: /opt/airflow/dags/transformation_DAG.py
Traceback (most recent call last):
  File "/home/airflow/.local/lib/python3.12/site-packages/airflow/models/dagbag.py", line 351, in parse
    loader.exec_module(new_module)
  File "<frozen importlib._bootstrap_external>", line 995, in exec_module
  File "<frozen importlib._bootstrap>", line 488, in _call_with_frames_removed
  File "/opt/airflow/dags/transformation_DAG.py", line 10, in <module>
    from include import transform
  File "/opt/airflow/include/transform.py", line 18
    
    ^
IndentationError: expected an indented block after 'if' statement on line 17
[2026-09-17T13:56:38.643+0000] {processor.py:842} WARNING - No viable dags retrieved from /opt/airflow/dags/transformation_DAG.py
[2026-09-17T13:56:38.651+0000] {processor.py:183} INFO - Processing /opt/airflow/dags/transformation_DAG.py took 0.337 seconds
[2026-09-17T13:57:08.771+0000] {processor.py:161} INFO - Started process (PID=6140) to work on /opt/airflow/dags/transformation_DAG.py
[2026-09-17T13:57:08.776+0000] {processor.py:830} INFO - Processing file /opt/airflow/dags/transformation_DAG.py for tasks to queue
[2026-09-17T13:57:08.777+0000] {logging_mixin.py:188} INFO - [2026-09-17T13:57:08.776+0000] {dagbag.py:545} INFO - Filling up the DagBag from /opt/airflow/dags/transformation_DAG.py
[2026-09-17T13:57:09.066+0000] {logging_mixin.py:188} WARNING - /opt/airflow/include/transform.py:15 SyntaxWarning: invalid escape sequence '\d'
[2026-09-17T13:57:09.067+0000] {logging_mixin.py:188} INFO - [2026-09-17T13:57:09.067+0000] {dagbag.py:355} ERROR - Failed to import: /opt/airflow/dags/transformation_DAG.py
Traceback (most recent call last):
  File "/home/airflow/.local/lib/python3.12/site-packages/airflow/models/dagbag.py", line 351, in parse
    loader.exec_module(new_module)
  File "<frozen importlib._bootstrap_external>", line 995, in exec_module
  File "<frozen importlib._bootstrap>", line 488, in _call_with_frames_removed
  File "/opt/airflow/dags/transformation_DAG.py", line 10, in <module>
    from include import transform
  File "/opt/airflow/include/transform.py", line 18
    
    ^
IndentationError: expected an indented block after 'if' statement on line 17
[2026-09-17T13:57:09.068+0000] {processor.py:842} WARNING - No viable dags retrieved from /opt/airflow/dags/transformation_DAG.py
[2026-09-17T13:57:09.077+0000] {processor.py:183} INFO - Processing /opt/airflow/dags/transformation_DAG.py took 0.315 seconds
[2026-09-17T13:57:39.203+0000] {processor.py:161} INFO - Started process (PID=6150) to work on /opt/airflow/dags/transformation_DAG.py
[2026-09-17T13:57:39.204+0000] {processor.py:830} INFO - Processing file /opt/airflow/dags/transformation_DAG.py for tasks to queue
[2026-09-17T13:57:39.204+0000] {logging_mixin.py:188} INFO - [2026-09-17T13:57:39.204+0000] {dagbag.py:545} INFO - Filling up the DagBag from /opt/airflow/dags/transformation_DAG.py
[2026-09-17T13:57:39.535+0000] {logging_mixin.py:188} WARNING - /opt/airflow/include/transform.py:15 SyntaxWarning: invalid escape sequence '\d'
[2026-09-17T13:57:39.536+0000] {logging_mixin.py:188} INFO - [2026-09-17T13:57:39.536+0000] {dagbag.py:355} ERROR - Failed to import: /opt/airflow/dags/transformation_DAG.py
Traceback (most recent call last):
  File "/home/airflow/.local/lib/python3.12/site-packages/airflow/models/dagbag.py", line 351, in parse
    loader.exec_module(new_module)
  File "<frozen importlib._bootstrap_external>", line 995, in exec_module
  File "<frozen importlib._bootstrap>", line 488, in _call_with_frames_removed
  File "/opt/airflow/dags/transformation_DAG.py", line 10, in <module>
    from include import transform
  File "/opt/airflow/include/transform.py", line 19
    h = 
        ^
SyntaxError: invalid syntax
[2026-09-17T13:57:39.537+0000] {processor.py:842} WARNING - No viable dags retrieved from /opt/airflow/dags/transformation_DAG.py
[2026-09-17T13:57:39.546+0000] {processor.py:183} INFO - Processing /opt/airflow/dags/transformation_DAG.py took 0.349 seconds
[2026-09-17T13:58:09.667+0000] {processor.py:161} INFO - Started process (PID=6160) to work on /opt/airflow/dags/transformation_DAG.py
[2026-09-17T13:58:09.762+0000] {processor.py:830} INFO - Processing file /opt/airflow/dags/transformation_DAG.py for tasks to queue
[2026-09-17T13:58:09.763+0000] {logging_mixin.py:188} INFO - [2026-09-17T13:58:09.763+0000] {dagbag.py:545} INFO - Filling up the DagBag from /opt/airflow/dags/transformation_DAG.py
[2026-09-17T13:58:10.106+0000] {logging_mixin.py:188} WARNING - /opt/airflow/include/transform.py:15 SyntaxWarning: invalid escape sequence '\d'
[2026-09-17T13:58:10.107+0000] {logging_mixin.py:188} INFO - [2026-09-17T13:58:10.106+0000] {dagbag.py:355} ERROR - Failed to import: /opt/airflow/dags/transformation_DAG.py
Traceback (most recent call last):
  File "/home/airflow/.local/lib/python3.12/site-packages/airflow/models/dagbag.py", line 351, in parse
    loader.exec_module(new_module)
  File "<frozen importlib._bootstrap_external>", line 995, in exec_module
  File "<frozen importlib._bootstrap>", line 488, in _call_with_frames_removed
  File "/opt/airflow/dags/transformation_DAG.py", line 10, in <module>
    from include import transform
  File "/opt/airflow/include/transform.py", line 19
    if mat
          ^
SyntaxError: expected ':'
[2026-09-17T13:58:10.107+0000] {processor.py:842} WARNING - No viable dags retrieved from /opt/airflow/dags/transformation_DAG.py
[2026-09-17T13:58:10.116+0000] {processor.py:183} INFO - Processing /opt/airflow/dags/transformation_DAG.py took 0.453 seconds
[2026-09-17T13:58:40.243+0000] {processor.py:161} INFO - Started process (PID=6170) to work on /opt/airflow/dags/transformation_DAG.py
[2026-09-17T13:58:40.244+0000] {processor.py:830} INFO - Processing file /opt/airflow/dags/transformation_DAG.py for tasks to queue
[2026-09-17T13:58:40.245+0000] {logging_mixin.py:188} INFO - [2026-09-17T13:58:40.244+0000] {dagbag.py:545} INFO - Filling up the DagBag from /opt/airflow/dags/transformation_DAG.py
[2026-09-17T13:58:40.553+0000] {logging_mixin.py:188} WARNING - /opt/airflow/include/transform.py:16 SyntaxWarning: invalid escape sequence '\d'
[2026-09-17T13:58:40.554+0000] {logging_mixin.py:188} INFO - [2026-09-17T13:58:40.553+0000] {dagbag.py:355} ERROR - Failed to import: /opt/airflow/dags/transformation_DAG.py
Traceback (most recent call last):
  File "/home/airflow/.local/lib/python3.12/site-packages/airflow/models/dagbag.py", line 351, in parse
    loader.exec_module(new_module)
  File "<frozen importlib._bootstrap_external>", line 995, in exec_module
  File "<frozen importlib._bootstrap>", line 488, in _call_with_frames_removed
  File "/opt/airflow/dags/transformation_DAG.py", line 10, in <module>
    from include import transform
  File "/opt/airflow/include/transform.py", line 21
    formated = for
               ^^^
SyntaxError: invalid syntax
[2026-09-17T13:58:40.554+0000] {processor.py:842} WARNING - No viable dags retrieved from /opt/airflow/dags/transformation_DAG.py
[2026-09-17T13:58:40.562+0000] {processor.py:183} INFO - Processing /opt/airflow/dags/transformation_DAG.py took 0.325 seconds
[2026-09-17T13:59:10.666+0000] {processor.py:161} INFO - Started process (PID=6180) to work on /opt/airflow/dags/transformation_DAG.py
[2026-09-17T13:59:10.757+0000] {processor.py:830} INFO - Processing file /opt/airflow/dags/transformation_DAG.py for tasks to queue
[2026-09-17T13:59:10.758+0000] {logging_mixin.py:188} INFO - [2026-09-17T13:59:10.758+0000] {dagbag.py:545} INFO - Filling up the DagBag from /opt/airflow/dags/transformation_DAG.py
[2026-09-17T13:59:11.070+0000] {logging_mixin.py:188} WARNING - /opt/airflow/include/transform.py:16 SyntaxWarning: invalid escape sequence '\d'
[2026-09-17T13:59:11.071+0000] {logging_mixin.py:188} INFO - [2026-09-17T13:59:11.071+0000] {dagbag.py:355} ERROR - Failed to import: /opt/airflow/dags/transformation_DAG.py
Traceback (most recent call last):
  File "/home/airflow/.local/lib/python3.12/site-packages/airflow/models/dagbag.py", line 351, in parse
    loader.exec_module(new_module)
  File "<frozen importlib._bootstrap_external>", line 995, in exec_module
  File "<frozen importlib._bootstrap>", line 488, in _call_with_frames_removed
  File "/opt/airflow/dags/transformation_DAG.py", line 10, in <module>
    from include import transform
  File "/opt/airflow/include/transform.py", line 21
    formated = for
               ^^^
SyntaxError: invalid syntax
[2026-09-17T13:59:11.072+0000] {processor.py:842} WARNING - No viable dags retrieved from /opt/airflow/dags/transformation_DAG.py
[2026-09-17T13:59:11.081+0000] {processor.py:183} INFO - Processing /opt/airflow/dags/transformation_DAG.py took 0.419 seconds
[2026-09-17T13:59:41.188+0000] {processor.py:161} INFO - Started process (PID=6190) to work on /opt/airflow/dags/transformation_DAG.py
[2026-09-17T13:59:41.189+0000] {processor.py:830} INFO - Processing file /opt/airflow/dags/transformation_DAG.py for tasks to queue
[2026-09-17T13:59:41.189+0000] {logging_mixin.py:188} INFO - [2026-09-17T13:59:41.189+0000] {dagbag.py:545} INFO - Filling up the DagBag from /opt/airflow/dags/transformation_DAG.py
[2026-09-17T13:59:41.494+0000] {logging_mixin.py:188} WARNING - /opt/airflow/include/transform.py:16 SyntaxWarning: invalid escape sequence '\d'
[2026-09-17T13:59:41.496+0000] {logging_mixin.py:188} INFO - [2026-09-17T13:59:41.495+0000] {dagbag.py:355} ERROR - Failed to import: /opt/airflow/dags/transformation_DAG.py
Traceback (most recent call last):
  File "/home/airflow/.local/lib/python3.12/site-packages/airflow/models/dagbag.py", line 351, in parse
    loader.exec_module(new_module)
  File "<frozen importlib._bootstrap_external>", line 995, in exec_module
  File "<frozen importlib._bootstrap>", line 488, in _call_with_frames_removed
  File "/opt/airflow/dags/transformation_DAG.py", line 10, in <module>
    from include import transform
  File "/opt/airflow/include/transform.py", line 23
    
    ^
IndentationError: expected an indented block after 'if' statement on line 22
[2026-09-17T13:59:41.496+0000] {processor.py:842} WARNING - No viable dags retrieved from /opt/airflow/dags/transformation_DAG.py
[2026-09-17T13:59:41.504+0000] {processor.py:183} INFO - Processing /opt/airflow/dags/transformation_DAG.py took 0.321 seconds
[2026-09-17T14:00:11.633+0000] {processor.py:161} INFO - Started process (PID=6200) to work on /opt/airflow/dags/transformation_DAG.py
[2026-09-17T14:00:11.669+0000] {processor.py:830} INFO - Processing file /opt/airflow/dags/transformation_DAG.py for tasks to queue
[2026-09-17T14:00:11.671+0000] {logging_mixin.py:188} INFO - [2026-09-17T14:00:11.670+0000] {dagbag.py:545} INFO - Filling up the DagBag from /opt/airflow/dags/transformation_DAG.py
[2026-09-17T14:00:12.003+0000] {logging_mixin.py:188} WARNING - /opt/airflow/include/transform.py:16 SyntaxWarning: invalid escape sequence '\d'
[2026-09-17T14:00:12.006+0000] {processor.py:840} INFO - DAG(s) 'load_transform_data_DAG' retrieved from /opt/airflow/dags/transformation_DAG.py
[2026-09-17T14:00:12.060+0000] {logging_mixin.py:188} INFO - [2026-09-17T14:00:12.060+0000] {dag.py:3096} INFO - Sync 1 DAGs
[2026-09-17T14:00:12.067+0000] {logging_mixin.py:188} INFO - [2026-09-17T14:00:12.067+0000] {dag.py:3954} INFO - Setting next_dagrun for load_transform_data_DAG to None, run_after=None
[2026-09-17T14:00:12.078+0000] {processor.py:183} INFO - Processing /opt/airflow/dags/transformation_DAG.py took 0.454 seconds
[2026-09-17T14:00:42.215+0000] {processor.py:161} INFO - Started process (PID=6210) to work on /opt/airflow/dags/transformation_DAG.py
[2026-09-17T14:00:42.216+0000] {processor.py:830} INFO - Processing file /opt/airflow/dags/transformation_DAG.py for tasks to queue
[2026-09-17T14:00:42.217+0000] {logging_mixin.py:188} INFO - [2026-09-17T14:00:42.217+0000] {dagbag.py:545} INFO - Filling up the DagBag from /opt/airflow/dags/transformation_DAG.py
[2026-09-17T14:00:42.527+0000] {processor.py:840} INFO - DAG(s) 'load_transform_data_DAG' retrieved from /opt/airflow/dags/transformation_DAG.py
[2026-09-17T14:00:42.537+0000] {logging_mixin.py:188} INFO - [2026-09-17T14:00:42.537+0000] {dag.py:3096} INFO - Sync 1 DAGs
[2026-09-17T14:00:42.545+0000] {logging_mixin.py:188} INFO - [2026-09-17T14:00:42.544+0000] {dag.py:3954} INFO - Setting next_dagrun for load_transform_data_DAG to None, run_after=None
[2026-09-17T14:00:42.554+0000] {processor.py:183} INFO - Processing /opt/airflow/dags/transformation_DAG.py took 0.345 seconds
[2026-09-17T14:01:12.678+0000] {processor.py:161} INFO - Started process (PID=6220) to work on /opt/airflow/dags/transformation_DAG.py
[2026-09-17T14:01:12.708+0000] {processor.py:830} INFO - Processing file /opt/airflow/dags/transformation_DAG.py for tasks to queue
[2026-09-17T14:01:12.709+0000] {logging_mixin.py:188} INFO - [2026-09-17T14:01:12.709+0000] {dagbag.py:545} INFO - Filling up the DagBag from /opt/airflow/dags/transformation_DAG.py
[2026-09-17T14:01:13.064+0000] {logging_mixin.py:188} WARNING - /opt/airflow/include/transform.py:16 SyntaxWarning: invalid escape sequence '\d'
[2026-09-17T14:01:13.068+0000] {processor.py:840} INFO - DAG(s) 'load_transform_data_DAG' retrieved from /opt/airflow/dags/transformation_DAG.py
[2026-09-17T14:01:13.079+0000] {logging_mixin.py:188} INFO - [2026-09-17T14:01:13.079+0000] {dag.py:3096} INFO - Sync 1 DAGs
[2026-09-17T14:01:13.085+0000] {logging_mixin.py:188} INFO - [2026-09-17T14:01:13.085+0000] {dag.py:3954} INFO - Setting next_dagrun for load_transform_data_DAG to None, run_after=None
[2026-09-17T14:01:13.094+0000] {processor.py:183} INFO - Processing /opt/airflow/dags/transformation_DAG.py took 0.425 seconds
[2026-09-17T14:01:43.222+0000] {processor.py:161} INFO - Started process (PID=6230) to work on /opt/airflow/dags/transformation_DAG.py
[2026-09-17T14:01:43.223+0000] {processor.py:830} INFO - Processing file /opt/airflow/dags/transformation_DAG.py for tasks to queue
[2026-09-17T14:01:43.224+0000] {logging_mixin.py:188} INFO - [2026-09-17T14:01:43.224+0000] {dagbag.py:545} INFO - Filling up the DagBag from /opt/airflow/dags/transformation_DAG.py
[2026-09-17T14:01:43.579+0000] {logging_mixin.py:188} WARNING - /opt/airflow/include/transform.py:16 SyntaxWarning: invalid escape sequence '\d'
[2026-09-17T14:01:43.582+0000] {processor.py:840} INFO - DAG(s) 'load_transform_data_DAG' retrieved from /opt/airflow/dags/transformation_DAG.py
[2026-09-17T14:01:43.595+0000] {logging_mixin.py:188} INFO - [2026-09-17T14:01:43.594+0000] {dag.py:3096} INFO - Sync 1 DAGs
[2026-09-17T14:01:43.601+0000] {logging_mixin.py:188} INFO - [2026-09-17T14:01:43.601+0000] {dag.py:3954} INFO - Setting next_dagrun for load_transform_data_DAG to None, run_after=None
[2026-09-17T14:01:43.613+0000] {processor.py:183} INFO - Processing /opt/airflow/dags/transformation_DAG.py took 0.398 seconds
[2026-09-17T14:02:13.709+0000] {processor.py:161} INFO - Started process (PID=6240) to work on /opt/airflow/dags/transformation_DAG.py
[2026-09-17T14:02:13.715+0000] {processor.py:830} INFO - Processing file /opt/airflow/dags/transformation_DAG.py for tasks to queue
[2026-09-17T14:02:13.715+0000] {logging_mixin.py:188} INFO - [2026-09-17T14:02:13.715+0000] {dagbag.py:545} INFO - Filling up the DagBag from /opt/airflow/dags/transformation_DAG.py
[2026-09-17T14:02:14.030+0000] {logging_mixin.py:188} INFO - [2026-09-17T14:02:14.030+0000] {dagbag.py:355} ERROR - Failed to import: /opt/airflow/dags/transformation_DAG.py
Traceback (most recent call last):
  File "/home/airflow/.local/lib/python3.12/site-packages/airflow/models/dagbag.py", line 351, in parse
    loader.exec_module(new_module)
  File "<frozen importlib._bootstrap_external>", line 995, in exec_module
  File "<frozen importlib._bootstrap>", line 488, in _call_with_frames_removed
  File "/opt/airflow/dags/transformation_DAG.py", line 10, in <module>
    from include import transform
  File "/opt/airflow/include/transform.py", line 16
    RGX = r"^P(?!$)(\d+Y)?(\d+M)?(\d+W)?(\d+D)?(T(?=\d)(\d+H)?(\d+M)?(\d+S)?)?$"    match = re.match(RGX, iso)
                                                                                    ^^^^^
SyntaxError: invalid syntax
[2026-09-17T14:02:14.031+0000] {processor.py:842} WARNING - No viable dags retrieved from /opt/airflow/dags/transformation_DAG.py
[2026-09-17T14:02:14.039+0000] {processor.py:183} INFO - Processing /opt/airflow/dags/transformation_DAG.py took 0.334 seconds
[2026-09-17T14:02:44.167+0000] {processor.py:161} INFO - Started process (PID=6256) to work on /opt/airflow/dags/transformation_DAG.py
[2026-09-17T14:02:44.168+0000] {processor.py:830} INFO - Processing file /opt/airflow/dags/transformation_DAG.py for tasks to queue
[2026-09-17T14:02:44.168+0000] {logging_mixin.py:188} INFO - [2026-09-17T14:02:44.168+0000] {dagbag.py:545} INFO - Filling up the DagBag from /opt/airflow/dags/transformation_DAG.py
[2026-09-17T14:02:44.507+0000] {processor.py:840} INFO - DAG(s) 'load_transform_data_DAG' retrieved from /opt/airflow/dags/transformation_DAG.py
[2026-09-17T14:02:44.520+0000] {logging_mixin.py:188} INFO - [2026-09-17T14:02:44.520+0000] {dag.py:3096} INFO - Sync 1 DAGs
[2026-09-17T14:02:44.527+0000] {logging_mixin.py:188} INFO - [2026-09-17T14:02:44.527+0000] {dag.py:3954} INFO - Setting next_dagrun for load_transform_data_DAG to None, run_after=None
[2026-09-17T14:02:44.537+0000] {processor.py:183} INFO - Processing /opt/airflow/dags/transformation_DAG.py took 0.374 seconds
[2026-09-17T14:03:14.642+0000] {processor.py:161} INFO - Started process (PID=6266) to work on /opt/airflow/dags/transformation_DAG.py
[2026-09-17T14:03:14.663+0000] {processor.py:830} INFO - Processing file /opt/airflow/dags/transformation_DAG.py for tasks to queue
[2026-09-17T14:03:14.665+0000] {logging_mixin.py:188} INFO - [2026-09-17T14:03:14.664+0000] {dagbag.py:545} INFO - Filling up the DagBag from /opt/airflow/dags/transformation_DAG.py
[2026-09-17T14:03:14.990+0000] {processor.py:840} INFO - DAG(s) 'load_transform_data_DAG' retrieved from /opt/airflow/dags/transformation_DAG.py
[2026-09-17T14:03:15.000+0000] {logging_mixin.py:188} INFO - [2026-09-17T14:03:15.000+0000] {dag.py:3096} INFO - Sync 1 DAGs
[2026-09-17T14:03:15.007+0000] {logging_mixin.py:188} INFO - [2026-09-17T14:03:15.007+0000] {dag.py:3954} INFO - Setting next_dagrun for load_transform_data_DAG to None, run_after=None
[2026-09-17T14:03:15.016+0000] {processor.py:183} INFO - Processing /opt/airflow/dags/transformation_DAG.py took 0.383 seconds
[2026-09-17T14:03:45.160+0000] {processor.py:161} INFO - Started process (PID=6276) to work on /opt/airflow/dags/transformation_DAG.py
[2026-09-17T14:03:45.161+0000] {processor.py:830} INFO - Processing file /opt/airflow/dags/transformation_DAG.py for tasks to queue
[2026-09-17T14:03:45.163+0000] {logging_mixin.py:188} INFO - [2026-09-17T14:03:45.163+0000] {dagbag.py:545} INFO - Filling up the DagBag from /opt/airflow/dags/transformation_DAG.py
[2026-09-17T14:03:45.473+0000] {processor.py:840} INFO - DAG(s) 'load_transform_data_DAG' retrieved from /opt/airflow/dags/transformation_DAG.py
[2026-09-17T14:03:45.484+0000] {logging_mixin.py:188} INFO - [2026-09-17T14:03:45.484+0000] {dag.py:3096} INFO - Sync 1 DAGs
[2026-09-17T14:03:45.492+0000] {logging_mixin.py:188} INFO - [2026-09-17T14:03:45.491+0000] {dag.py:3954} INFO - Setting next_dagrun for load_transform_data_DAG to None, run_after=None
[2026-09-17T14:03:45.500+0000] {processor.py:183} INFO - Processing /opt/airflow/dags/transformation_DAG.py took 0.350 seconds
[2026-09-17T14:04:15.618+0000] {processor.py:161} INFO - Started process (PID=6286) to work on /opt/airflow/dags/transformation_DAG.py
[2026-09-17T14:04:15.630+0000] {processor.py:830} INFO - Processing file /opt/airflow/dags/transformation_DAG.py for tasks to queue
[2026-09-17T14:04:15.631+0000] {logging_mixin.py:188} INFO - [2026-09-17T14:04:15.630+0000] {dagbag.py:545} INFO - Filling up the DagBag from /opt/airflow/dags/transformation_DAG.py
[2026-09-17T14:04:16.011+0000] {logging_mixin.py:188} INFO - [2026-09-17T14:04:16.010+0000] {dagbag.py:355} ERROR - Failed to import: /opt/airflow/dags/transformation_DAG.py
Traceback (most recent call last):
  File "/home/airflow/.local/lib/python3.12/site-packages/airflow/models/dagbag.py", line 351, in parse
    loader.exec_module(new_module)
  File "<frozen importlib._bootstrap_external>", line 995, in exec_module
  File "<frozen importlib._bootstrap>", line 488, in _call_with_frames_removed
  File "/opt/airflow/dags/transformation_DAG.py", line 10, in <module>
    from include import transform
  File "/opt/airflow/include/transform.py", line 16
    RGX = r"^PT?(?:\d+Y)?(?:\d+M)?(?:\d+W)?(?:\d+D)?(?:T(?=\d)(?:(\d+)H)?(?:(\d+)M)?(?:(\d+)S)?)?$"    match = re.match(RGX, iso)
                                                                                                       ^^^^^
SyntaxError: invalid syntax
[2026-09-17T14:04:16.011+0000] {processor.py:842} WARNING - No viable dags retrieved from /opt/airflow/dags/transformation_DAG.py
[2026-09-17T14:04:16.022+0000] {processor.py:183} INFO - Processing /opt/airflow/dags/transformation_DAG.py took 0.407 seconds
[2026-09-17T14:04:46.158+0000] {processor.py:161} INFO - Started process (PID=6296) to work on /opt/airflow/dags/transformation_DAG.py
[2026-09-17T14:04:46.159+0000] {processor.py:830} INFO - Processing file /opt/airflow/dags/transformation_DAG.py for tasks to queue
[2026-09-17T14:04:46.159+0000] {logging_mixin.py:188} INFO - [2026-09-17T14:04:46.159+0000] {dagbag.py:545} INFO - Filling up the DagBag from /opt/airflow/dags/transformation_DAG.py
[2026-09-17T14:04:46.465+0000] {logging_mixin.py:188} INFO - [2026-09-17T14:04:46.464+0000] {dagbag.py:355} ERROR - Failed to import: /opt/airflow/dags/transformation_DAG.py
Traceback (most recent call last):
  File "/home/airflow/.local/lib/python3.12/site-packages/airflow/models/dagbag.py", line 351, in parse
    loader.exec_module(new_module)
  File "<frozen importlib._bootstrap_external>", line 995, in exec_module
  File "<frozen importlib._bootstrap>", line 488, in _call_with_frames_removed
  File "/opt/airflow/dags/transformation_DAG.py", line 10, in <module>
    from include import transform
  File "/opt/airflow/include/transform.py", line 16
    RGX = r"^PT?(?:\d+Y)?(?:\d+M)?(?:\d+W)?(?:\d+D)?(?:T(?=\d)(?:(\d+)H)?(?:(\d+)M)?(?:(\d+)S)?)?$"    match = re.match(RGX, iso)
                                                                                                       ^^^^^
SyntaxError: invalid syntax
[2026-09-17T14:04:46.465+0000] {processor.py:842} WARNING - No viable dags retrieved from /opt/airflow/dags/transformation_DAG.py
[2026-09-17T14:04:46.475+0000] {processor.py:183} INFO - Processing /opt/airflow/dags/transformation_DAG.py took 0.324 seconds
[2026-09-17T14:05:16.606+0000] {processor.py:161} INFO - Started process (PID=6306) to work on /opt/airflow/dags/transformation_DAG.py
[2026-09-17T14:05:16.699+0000] {processor.py:830} INFO - Processing file /opt/airflow/dags/transformation_DAG.py for tasks to queue
[2026-09-17T14:05:16.701+0000] {logging_mixin.py:188} INFO - [2026-09-17T14:05:16.700+0000] {dagbag.py:545} INFO - Filling up the DagBag from /opt/airflow/dags/transformation_DAG.py
[2026-09-17T14:05:17.019+0000] {logging_mixin.py:188} INFO - [2026-09-17T14:05:17.018+0000] {dagbag.py:355} ERROR - Failed to import: /opt/airflow/dags/transformation_DAG.py
Traceback (most recent call last):
  File "/home/airflow/.local/lib/python3.12/site-packages/airflow/models/dagbag.py", line 351, in parse
    loader.exec_module(new_module)
  File "<frozen importlib._bootstrap_external>", line 995, in exec_module
  File "<frozen importlib._bootstrap>", line 488, in _call_with_frames_removed
  File "/opt/airflow/dags/transformation_DAG.py", line 10, in <module>
    from include import transform
  File "/opt/airflow/include/transform.py", line 16
    RGX = r"^PT?(?:\d+Y)?(?:\d+M)?(?:\d+W)?(?:\d+D)?(?:T(?=\d)(?:(\d+)H)?(?:(\d+)M)?(?:(\d+)S)?)?$"    match = re.match(RGX, iso)
                                                                                                       ^^^^^
SyntaxError: invalid syntax
[2026-09-17T14:05:17.019+0000] {processor.py:842} WARNING - No viable dags retrieved from /opt/airflow/dags/transformation_DAG.py
[2026-09-17T14:05:17.028+0000] {processor.py:183} INFO - Processing /opt/airflow/dags/transformation_DAG.py took 0.428 seconds
[2026-09-17T14:05:47.150+0000] {processor.py:161} INFO - Started process (PID=6316) to work on /opt/airflow/dags/transformation_DAG.py
[2026-09-17T14:05:47.151+0000] {processor.py:830} INFO - Processing file /opt/airflow/dags/transformation_DAG.py for tasks to queue
[2026-09-17T14:05:47.151+0000] {logging_mixin.py:188} INFO - [2026-09-17T14:05:47.151+0000] {dagbag.py:545} INFO - Filling up the DagBag from /opt/airflow/dags/transformation_DAG.py
[2026-09-17T14:05:47.452+0000] {processor.py:840} INFO - DAG(s) 'load_transform_data_DAG' retrieved from /opt/airflow/dags/transformation_DAG.py
[2026-09-17T14:05:47.502+0000] {logging_mixin.py:188} INFO - [2026-09-17T14:05:47.502+0000] {dag.py:3096} INFO - Sync 1 DAGs
[2026-09-17T14:05:47.507+0000] {logging_mixin.py:188} INFO - [2026-09-17T14:05:47.507+0000] {dag.py:3954} INFO - Setting next_dagrun for load_transform_data_DAG to None, run_after=None
[2026-09-17T14:05:47.518+0000] {processor.py:183} INFO - Processing /opt/airflow/dags/transformation_DAG.py took 0.377 seconds
[2026-09-17T14:06:17.640+0000] {processor.py:161} INFO - Started process (PID=6326) to work on /opt/airflow/dags/transformation_DAG.py
[2026-09-17T14:06:17.813+0000] {processor.py:830} INFO - Processing file /opt/airflow/dags/transformation_DAG.py for tasks to queue
[2026-09-17T14:06:17.814+0000] {logging_mixin.py:188} INFO - [2026-09-17T14:06:17.814+0000] {dagbag.py:545} INFO - Filling up the DagBag from /opt/airflow/dags/transformation_DAG.py
[2026-09-17T14:06:18.139+0000] {processor.py:840} INFO - DAG(s) 'load_transform_data_DAG' retrieved from /opt/airflow/dags/transformation_DAG.py
[2026-09-17T14:06:18.151+0000] {logging_mixin.py:188} INFO - [2026-09-17T14:06:18.151+0000] {dag.py:3096} INFO - Sync 1 DAGs
[2026-09-17T14:06:18.158+0000] {logging_mixin.py:188} INFO - [2026-09-17T14:06:18.158+0000] {dag.py:3954} INFO - Setting next_dagrun for load_transform_data_DAG to None, run_after=None
[2026-09-17T14:06:18.169+0000] {processor.py:183} INFO - Processing /opt/airflow/dags/transformation_DAG.py took 0.533 seconds
[2026-09-17T14:06:48.291+0000] {processor.py:161} INFO - Started process (PID=6336) to work on /opt/airflow/dags/transformation_DAG.py
[2026-09-17T14:06:48.291+0000] {processor.py:830} INFO - Processing file /opt/airflow/dags/transformation_DAG.py for tasks to queue
[2026-09-17T14:06:48.292+0000] {logging_mixin.py:188} INFO - [2026-09-17T14:06:48.291+0000] {dagbag.py:545} INFO - Filling up the DagBag from /opt/airflow/dags/transformation_DAG.py
[2026-09-17T14:06:48.657+0000] {processor.py:840} INFO - DAG(s) 'load_transform_data_DAG' retrieved from /opt/airflow/dags/transformation_DAG.py
[2026-09-17T14:06:48.670+0000] {logging_mixin.py:188} INFO - [2026-09-17T14:06:48.669+0000] {dag.py:3096} INFO - Sync 1 DAGs
[2026-09-17T14:06:48.679+0000] {logging_mixin.py:188} INFO - [2026-09-17T14:06:48.679+0000] {dag.py:3954} INFO - Setting next_dagrun for load_transform_data_DAG to None, run_after=None
[2026-09-17T14:06:48.688+0000] {processor.py:183} INFO - Processing /opt/airflow/dags/transformation_DAG.py took 0.401 seconds
[2026-09-17T14:07:18.825+0000] {processor.py:161} INFO - Started process (PID=6346) to work on /opt/airflow/dags/transformation_DAG.py
[2026-09-17T14:07:18.835+0000] {processor.py:830} INFO - Processing file /opt/airflow/dags/transformation_DAG.py for tasks to queue
[2026-09-17T14:07:18.836+0000] {logging_mixin.py:188} INFO - [2026-09-17T14:07:18.836+0000] {dagbag.py:545} INFO - Filling up the DagBag from /opt/airflow/dags/transformation_DAG.py
[2026-09-17T14:07:19.143+0000] {logging_mixin.py:188} INFO - [2026-09-17T14:07:19.142+0000] {dagbag.py:355} ERROR - Failed to import: /opt/airflow/dags/transformation_DAG.py
Traceback (most recent call last):
  File "/home/airflow/.local/lib/python3.12/site-packages/airflow/models/dagbag.py", line 351, in parse
    loader.exec_module(new_module)
  File "<frozen importlib._bootstrap_external>", line 995, in exec_module
  File "<frozen importlib._bootstrap>", line 488, in _call_with_frames_removed
  File "/opt/airflow/dags/transformation_DAG.py", line 10, in <module>
    from include import transform
  File "/opt/airflow/include/transform.py", line 29
    
    ^
IndentationError: expected an indented block after function definition on line 28
[2026-09-17T14:07:19.143+0000] {processor.py:842} WARNING - No viable dags retrieved from /opt/airflow/dags/transformation_DAG.py
[2026-09-17T14:07:19.151+0000] {processor.py:183} INFO - Processing /opt/airflow/dags/transformation_DAG.py took 0.334 seconds
[2026-09-17T14:07:49.292+0000] {processor.py:161} INFO - Started process (PID=6356) to work on /opt/airflow/dags/transformation_DAG.py
[2026-09-17T14:07:49.292+0000] {processor.py:830} INFO - Processing file /opt/airflow/dags/transformation_DAG.py for tasks to queue
[2026-09-17T14:07:49.293+0000] {logging_mixin.py:188} INFO - [2026-09-17T14:07:49.293+0000] {dagbag.py:545} INFO - Filling up the DagBag from /opt/airflow/dags/transformation_DAG.py
[2026-09-17T14:07:49.585+0000] {processor.py:840} INFO - DAG(s) 'load_transform_data_DAG' retrieved from /opt/airflow/dags/transformation_DAG.py
[2026-09-17T14:07:49.596+0000] {logging_mixin.py:188} INFO - [2026-09-17T14:07:49.596+0000] {dag.py:3096} INFO - Sync 1 DAGs
[2026-09-17T14:07:49.602+0000] {logging_mixin.py:188} INFO - [2026-09-17T14:07:49.602+0000] {dag.py:3954} INFO - Setting next_dagrun for load_transform_data_DAG to None, run_after=None
[2026-09-17T14:07:49.611+0000] {processor.py:183} INFO - Processing /opt/airflow/dags/transformation_DAG.py took 0.329 seconds
[2026-09-17T14:08:19.773+0000] {processor.py:161} INFO - Started process (PID=6366) to work on /opt/airflow/dags/transformation_DAG.py
[2026-09-17T14:08:19.855+0000] {processor.py:830} INFO - Processing file /opt/airflow/dags/transformation_DAG.py for tasks to queue
[2026-09-17T14:08:19.857+0000] {logging_mixin.py:188} INFO - [2026-09-17T14:08:19.856+0000] {dagbag.py:545} INFO - Filling up the DagBag from /opt/airflow/dags/transformation_DAG.py
[2026-09-17T14:08:20.160+0000] {processor.py:840} INFO - DAG(s) 'load_transform_data_DAG' retrieved from /opt/airflow/dags/transformation_DAG.py
[2026-09-17T14:08:20.171+0000] {logging_mixin.py:188} INFO - [2026-09-17T14:08:20.171+0000] {dag.py:3096} INFO - Sync 1 DAGs
[2026-09-17T14:08:20.177+0000] {logging_mixin.py:188} INFO - [2026-09-17T14:08:20.177+0000] {dag.py:3954} INFO - Setting next_dagrun for load_transform_data_DAG to None, run_after=None
[2026-09-17T14:08:20.186+0000] {processor.py:183} INFO - Processing /opt/airflow/dags/transformation_DAG.py took 0.421 seconds
[2026-09-17T14:08:50.331+0000] {processor.py:161} INFO - Started process (PID=6376) to work on /opt/airflow/dags/transformation_DAG.py
[2026-09-17T14:08:50.332+0000] {processor.py:830} INFO - Processing file /opt/airflow/dags/transformation_DAG.py for tasks to queue
[2026-09-17T14:08:50.332+0000] {logging_mixin.py:188} INFO - [2026-09-17T14:08:50.332+0000] {dagbag.py:545} INFO - Filling up the DagBag from /opt/airflow/dags/transformation_DAG.py
[2026-09-17T14:08:50.631+0000] {processor.py:840} INFO - DAG(s) 'load_transform_data_DAG' retrieved from /opt/airflow/dags/transformation_DAG.py
[2026-09-17T14:08:50.641+0000] {logging_mixin.py:188} INFO - [2026-09-17T14:08:50.641+0000] {dag.py:3096} INFO - Sync 1 DAGs
[2026-09-17T14:08:50.648+0000] {logging_mixin.py:188} INFO - [2026-09-17T14:08:50.647+0000] {dag.py:3954} INFO - Setting next_dagrun for load_transform_data_DAG to None, run_after=None
[2026-09-17T14:08:50.659+0000] {processor.py:183} INFO - Processing /opt/airflow/dags/transformation_DAG.py took 0.338 seconds
[2026-09-17T14:09:20.790+0000] {processor.py:161} INFO - Started process (PID=6386) to work on /opt/airflow/dags/transformation_DAG.py
[2026-09-17T14:09:20.800+0000] {processor.py:830} INFO - Processing file /opt/airflow/dags/transformation_DAG.py for tasks to queue
[2026-09-17T14:09:20.802+0000] {logging_mixin.py:188} INFO - [2026-09-17T14:09:20.801+0000] {dagbag.py:545} INFO - Filling up the DagBag from /opt/airflow/dags/transformation_DAG.py
[2026-09-17T14:09:21.102+0000] {processor.py:840} INFO - DAG(s) 'load_transform_data_DAG' retrieved from /opt/airflow/dags/transformation_DAG.py
[2026-09-17T14:09:21.112+0000] {logging_mixin.py:188} INFO - [2026-09-17T14:09:21.112+0000] {dag.py:3096} INFO - Sync 1 DAGs
[2026-09-17T14:09:21.119+0000] {logging_mixin.py:188} INFO - [2026-09-17T14:09:21.119+0000] {dag.py:3954} INFO - Setting next_dagrun for load_transform_data_DAG to None, run_after=None
[2026-09-17T14:09:21.127+0000] {processor.py:183} INFO - Processing /opt/airflow/dags/transformation_DAG.py took 0.343 seconds
[2026-09-17T14:09:51.280+0000] {processor.py:161} INFO - Started process (PID=6396) to work on /opt/airflow/dags/transformation_DAG.py
[2026-09-17T14:09:51.281+0000] {processor.py:830} INFO - Processing file /opt/airflow/dags/transformation_DAG.py for tasks to queue
[2026-09-17T14:09:51.282+0000] {logging_mixin.py:188} INFO - [2026-09-17T14:09:51.281+0000] {dagbag.py:545} INFO - Filling up the DagBag from /opt/airflow/dags/transformation_DAG.py
[2026-09-17T14:09:51.583+0000] {processor.py:840} INFO - DAG(s) 'load_transform_data_DAG' retrieved from /opt/airflow/dags/transformation_DAG.py
[2026-09-17T14:09:51.596+0000] {logging_mixin.py:188} INFO - [2026-09-17T14:09:51.595+0000] {dag.py:3096} INFO - Sync 1 DAGs
[2026-09-17T14:09:51.602+0000] {logging_mixin.py:188} INFO - [2026-09-17T14:09:51.601+0000] {dag.py:3954} INFO - Setting next_dagrun for load_transform_data_DAG to None, run_after=None
[2026-09-17T14:09:51.611+0000] {processor.py:183} INFO - Processing /opt/airflow/dags/transformation_DAG.py took 0.339 seconds
[2026-09-17T14:10:21.770+0000] {processor.py:161} INFO - Started process (PID=6406) to work on /opt/airflow/dags/transformation_DAG.py
[2026-09-17T14:10:21.867+0000] {processor.py:830} INFO - Processing file /opt/airflow/dags/transformation_DAG.py for tasks to queue
[2026-09-17T14:10:21.869+0000] {logging_mixin.py:188} INFO - [2026-09-17T14:10:21.868+0000] {dagbag.py:545} INFO - Filling up the DagBag from /opt/airflow/dags/transformation_DAG.py
[2026-09-17T14:10:22.177+0000] {processor.py:840} INFO - DAG(s) 'load_transform_data_DAG' retrieved from /opt/airflow/dags/transformation_DAG.py
[2026-09-17T14:10:22.188+0000] {logging_mixin.py:188} INFO - [2026-09-17T14:10:22.188+0000] {dag.py:3096} INFO - Sync 1 DAGs
[2026-09-17T14:10:22.194+0000] {logging_mixin.py:188} INFO - [2026-09-17T14:10:22.194+0000] {dag.py:3954} INFO - Setting next_dagrun for load_transform_data_DAG to None, run_after=None
[2026-09-17T14:10:22.203+0000] {processor.py:183} INFO - Processing /opt/airflow/dags/transformation_DAG.py took 0.442 seconds
[2026-09-17T14:10:52.351+0000] {processor.py:161} INFO - Started process (PID=6416) to work on /opt/airflow/dags/transformation_DAG.py
[2026-09-17T14:10:52.352+0000] {processor.py:830} INFO - Processing file /opt/airflow/dags/transformation_DAG.py for tasks to queue
[2026-09-17T14:10:52.353+0000] {logging_mixin.py:188} INFO - [2026-09-17T14:10:52.353+0000] {dagbag.py:545} INFO - Filling up the DagBag from /opt/airflow/dags/transformation_DAG.py
[2026-09-17T14:10:52.663+0000] {processor.py:840} INFO - DAG(s) 'load_transform_data_DAG' retrieved from /opt/airflow/dags/transformation_DAG.py
[2026-09-17T14:10:52.674+0000] {logging_mixin.py:188} INFO - [2026-09-17T14:10:52.674+0000] {dag.py:3096} INFO - Sync 1 DAGs
[2026-09-17T14:10:52.680+0000] {logging_mixin.py:188} INFO - [2026-09-17T14:10:52.680+0000] {dag.py:3954} INFO - Setting next_dagrun for load_transform_data_DAG to None, run_after=None
[2026-09-17T14:10:52.690+0000] {processor.py:183} INFO - Processing /opt/airflow/dags/transformation_DAG.py took 0.349 seconds
[2026-09-17T14:11:22.853+0000] {processor.py:161} INFO - Started process (PID=6426) to work on /opt/airflow/dags/transformation_DAG.py
[2026-09-17T14:11:22.946+0000] {processor.py:830} INFO - Processing file /opt/airflow/dags/transformation_DAG.py for tasks to queue
[2026-09-17T14:11:22.947+0000] {logging_mixin.py:188} INFO - [2026-09-17T14:11:22.947+0000] {dagbag.py:545} INFO - Filling up the DagBag from /opt/airflow/dags/transformation_DAG.py
[2026-09-17T14:11:23.275+0000] {processor.py:840} INFO - DAG(s) 'load_transform_data_DAG' retrieved from /opt/airflow/dags/transformation_DAG.py
[2026-09-17T14:11:23.286+0000] {logging_mixin.py:188} INFO - [2026-09-17T14:11:23.286+0000] {dag.py:3096} INFO - Sync 1 DAGs
[2026-09-17T14:11:23.292+0000] {logging_mixin.py:188} INFO - [2026-09-17T14:11:23.292+0000] {dag.py:3954} INFO - Setting next_dagrun for load_transform_data_DAG to None, run_after=None
[2026-09-17T14:11:23.301+0000] {processor.py:183} INFO - Processing /opt/airflow/dags/transformation_DAG.py took 0.457 seconds
[2026-09-17T14:11:53.443+0000] {processor.py:161} INFO - Started process (PID=6436) to work on /opt/airflow/dags/transformation_DAG.py
[2026-09-17T14:11:53.444+0000] {processor.py:830} INFO - Processing file /opt/airflow/dags/transformation_DAG.py for tasks to queue
[2026-09-17T14:11:53.445+0000] {logging_mixin.py:188} INFO - [2026-09-17T14:11:53.445+0000] {dagbag.py:545} INFO - Filling up the DagBag from /opt/airflow/dags/transformation_DAG.py
[2026-09-17T14:11:53.760+0000] {processor.py:840} INFO - DAG(s) 'load_transform_data_DAG' retrieved from /opt/airflow/dags/transformation_DAG.py
[2026-09-17T14:11:53.771+0000] {logging_mixin.py:188} INFO - [2026-09-17T14:11:53.771+0000] {dag.py:3096} INFO - Sync 1 DAGs
[2026-09-17T14:11:53.778+0000] {logging_mixin.py:188} INFO - [2026-09-17T14:11:53.777+0000] {dag.py:3954} INFO - Setting next_dagrun for load_transform_data_DAG to None, run_after=None
[2026-09-17T14:11:53.789+0000] {processor.py:183} INFO - Processing /opt/airflow/dags/transformation_DAG.py took 0.354 seconds
[2026-09-17T14:12:23.928+0000] {processor.py:161} INFO - Started process (PID=6446) to work on /opt/airflow/dags/transformation_DAG.py
[2026-09-17T14:12:23.949+0000] {processor.py:830} INFO - Processing file /opt/airflow/dags/transformation_DAG.py for tasks to queue
[2026-09-17T14:12:23.950+0000] {logging_mixin.py:188} INFO - [2026-09-17T14:12:23.949+0000] {dagbag.py:545} INFO - Filling up the DagBag from /opt/airflow/dags/transformation_DAG.py
[2026-09-17T14:12:24.289+0000] {processor.py:840} INFO - DAG(s) 'load_transform_data_DAG' retrieved from /opt/airflow/dags/transformation_DAG.py
[2026-09-17T14:12:24.301+0000] {logging_mixin.py:188} INFO - [2026-09-17T14:12:24.301+0000] {dag.py:3096} INFO - Sync 1 DAGs
[2026-09-17T14:12:24.308+0000] {logging_mixin.py:188} INFO - [2026-09-17T14:12:24.308+0000] {dag.py:3954} INFO - Setting next_dagrun for load_transform_data_DAG to None, run_after=None
[2026-09-17T14:12:24.317+0000] {processor.py:183} INFO - Processing /opt/airflow/dags/transformation_DAG.py took 0.393 seconds
[2026-09-17T14:12:54.449+0000] {processor.py:161} INFO - Started process (PID=6456) to work on /opt/airflow/dags/transformation_DAG.py
[2026-09-17T14:12:54.449+0000] {processor.py:830} INFO - Processing file /opt/airflow/dags/transformation_DAG.py for tasks to queue
[2026-09-17T14:12:54.450+0000] {logging_mixin.py:188} INFO - [2026-09-17T14:12:54.450+0000] {dagbag.py:545} INFO - Filling up the DagBag from /opt/airflow/dags/transformation_DAG.py
[2026-09-17T14:12:54.750+0000] {processor.py:840} INFO - DAG(s) 'load_transform_data_DAG' retrieved from /opt/airflow/dags/transformation_DAG.py
[2026-09-17T14:12:54.762+0000] {logging_mixin.py:188} INFO - [2026-09-17T14:12:54.762+0000] {dag.py:3096} INFO - Sync 1 DAGs
[2026-09-17T14:12:54.768+0000] {logging_mixin.py:188} INFO - [2026-09-17T14:12:54.768+0000] {dag.py:3954} INFO - Setting next_dagrun for load_transform_data_DAG to None, run_after=None
[2026-09-17T14:12:54.777+0000] {processor.py:183} INFO - Processing /opt/airflow/dags/transformation_DAG.py took 0.333 seconds
[2026-09-17T14:13:24.923+0000] {processor.py:161} INFO - Started process (PID=6466) to work on /opt/airflow/dags/transformation_DAG.py
[2026-09-17T14:13:24.930+0000] {processor.py:830} INFO - Processing file /opt/airflow/dags/transformation_DAG.py for tasks to queue
[2026-09-17T14:13:24.931+0000] {logging_mixin.py:188} INFO - [2026-09-17T14:13:24.931+0000] {dagbag.py:545} INFO - Filling up the DagBag from /opt/airflow/dags/transformation_DAG.py
[2026-09-17T14:13:25.233+0000] {logging_mixin.py:188} INFO - [2026-09-17T14:13:25.232+0000] {dagbag.py:355} ERROR - Failed to import: /opt/airflow/dags/transformation_DAG.py
Traceback (most recent call last):
  File "/home/airflow/.local/lib/python3.12/site-packages/airflow/models/dagbag.py", line 351, in parse
    loader.exec_module(new_module)
  File "<frozen importlib._bootstrap_external>", line 995, in exec_module
  File "<frozen importlib._bootstrap>", line 488, in _call_with_frames_removed
  File "/opt/airflow/dags/transformation_DAG.py", line 10, in <module>
    from include import transform
  File "/opt/airflow/include/transform.py", line 29
    df["like_per_view"] = 
                          ^
SyntaxError: invalid syntax
[2026-09-17T14:13:25.233+0000] {processor.py:842} WARNING - No viable dags retrieved from /opt/airflow/dags/transformation_DAG.py
[2026-09-17T14:13:25.241+0000] {processor.py:183} INFO - Processing /opt/airflow/dags/transformation_DAG.py took 0.327 seconds
[2026-09-17T14:13:55.412+0000] {processor.py:161} INFO - Started process (PID=6476) to work on /opt/airflow/dags/transformation_DAG.py
[2026-09-17T14:13:55.414+0000] {processor.py:830} INFO - Processing file /opt/airflow/dags/transformation_DAG.py for tasks to queue
[2026-09-17T14:13:55.415+0000] {logging_mixin.py:188} INFO - [2026-09-17T14:13:55.414+0000] {dagbag.py:545} INFO - Filling up the DagBag from /opt/airflow/dags/transformation_DAG.py
[2026-09-17T14:13:55.706+0000] {logging_mixin.py:188} INFO - [2026-09-17T14:13:55.706+0000] {dagbag.py:355} ERROR - Failed to import: /opt/airflow/dags/transformation_DAG.py
Traceback (most recent call last):
  File "/home/airflow/.local/lib/python3.12/site-packages/airflow/models/dagbag.py", line 351, in parse
    loader.exec_module(new_module)
  File "<frozen importlib._bootstrap_external>", line 995, in exec_module
  File "<frozen importlib._bootstrap>", line 488, in _call_with_frames_removed
  File "/opt/airflow/dags/transformation_DAG.py", line 10, in <module>
    from include import transform
  File "/opt/airflow/include/transform.py", line 29
    df["like_per_view"] = 
                          ^
SyntaxError: invalid syntax
[2026-09-17T14:13:55.707+0000] {processor.py:842} WARNING - No viable dags retrieved from /opt/airflow/dags/transformation_DAG.py
[2026-09-17T14:13:55.715+0000] {processor.py:183} INFO - Processing /opt/airflow/dags/transformation_DAG.py took 0.313 seconds
[2026-09-17T14:14:25.879+0000] {processor.py:161} INFO - Started process (PID=6486) to work on /opt/airflow/dags/transformation_DAG.py
[2026-09-17T14:14:25.970+0000] {processor.py:830} INFO - Processing file /opt/airflow/dags/transformation_DAG.py for tasks to queue
[2026-09-17T14:14:25.971+0000] {logging_mixin.py:188} INFO - [2026-09-17T14:14:25.970+0000] {dagbag.py:545} INFO - Filling up the DagBag from /opt/airflow/dags/transformation_DAG.py
[2026-09-17T14:14:26.285+0000] {logging_mixin.py:188} INFO - [2026-09-17T14:14:26.284+0000] {dagbag.py:355} ERROR - Failed to import: /opt/airflow/dags/transformation_DAG.py
Traceback (most recent call last):
  File "/home/airflow/.local/lib/python3.12/site-packages/airflow/models/dagbag.py", line 351, in parse
    loader.exec_module(new_module)
  File "<frozen importlib._bootstrap_external>", line 995, in exec_module
  File "<frozen importlib._bootstrap>", line 488, in _call_with_frames_removed
  File "/opt/airflow/dags/transformation_DAG.py", line 10, in <module>
    from include import transform
  File "/opt/airflow/include/transform.py", line 29
    df["like_per_view"] = 
                          ^
SyntaxError: invalid syntax
[2026-09-17T14:14:26.285+0000] {processor.py:842} WARNING - No viable dags retrieved from /opt/airflow/dags/transformation_DAG.py
[2026-09-17T14:14:26.293+0000] {processor.py:183} INFO - Processing /opt/airflow/dags/transformation_DAG.py took 0.424 seconds
[2026-09-17T14:14:56.448+0000] {processor.py:161} INFO - Started process (PID=6496) to work on /opt/airflow/dags/transformation_DAG.py
[2026-09-17T14:14:56.449+0000] {processor.py:830} INFO - Processing file /opt/airflow/dags/transformation_DAG.py for tasks to queue
[2026-09-17T14:14:56.450+0000] {logging_mixin.py:188} INFO - [2026-09-17T14:14:56.449+0000] {dagbag.py:545} INFO - Filling up the DagBag from /opt/airflow/dags/transformation_DAG.py
[2026-09-17T14:14:56.750+0000] {logging_mixin.py:188} INFO - [2026-09-17T14:14:56.749+0000] {dagbag.py:355} ERROR - Failed to import: /opt/airflow/dags/transformation_DAG.py
Traceback (most recent call last):
  File "/home/airflow/.local/lib/python3.12/site-packages/airflow/models/dagbag.py", line 351, in parse
    loader.exec_module(new_module)
  File "<frozen importlib._bootstrap_external>", line 995, in exec_module
  File "<frozen importlib._bootstrap>", line 488, in _call_with_frames_removed
  File "/opt/airflow/dags/transformation_DAG.py", line 10, in <module>
    from include import transform
  File "/opt/airflow/include/transform.py", line 29
    df["like_per_view"] = 
                          ^
SyntaxError: invalid syntax
[2026-09-17T14:14:56.750+0000] {processor.py:842} WARNING - No viable dags retrieved from /opt/airflow/dags/transformation_DAG.py
[2026-09-17T14:14:56.758+0000] {processor.py:183} INFO - Processing /opt/airflow/dags/transformation_DAG.py took 0.320 seconds
[2026-09-17T14:15:26.899+0000] {processor.py:161} INFO - Started process (PID=6506) to work on /opt/airflow/dags/transformation_DAG.py
[2026-09-17T14:15:26.990+0000] {processor.py:830} INFO - Processing file /opt/airflow/dags/transformation_DAG.py for tasks to queue
[2026-09-17T14:15:26.992+0000] {logging_mixin.py:188} INFO - [2026-09-17T14:15:26.991+0000] {dagbag.py:545} INFO - Filling up the DagBag from /opt/airflow/dags/transformation_DAG.py
[2026-09-17T14:15:27.297+0000] {logging_mixin.py:188} INFO - [2026-09-17T14:15:27.296+0000] {dagbag.py:355} ERROR - Failed to import: /opt/airflow/dags/transformation_DAG.py
Traceback (most recent call last):
  File "/home/airflow/.local/lib/python3.12/site-packages/airflow/models/dagbag.py", line 351, in parse
    loader.exec_module(new_module)
  File "<frozen importlib._bootstrap_external>", line 995, in exec_module
  File "<frozen importlib._bootstrap>", line 488, in _call_with_frames_removed
  File "/opt/airflow/dags/transformation_DAG.py", line 10, in <module>
    from include import transform
  File "/opt/airflow/include/transform.py", line 29
    df["like_per_view"] = 
                          ^
SyntaxError: invalid syntax
[2026-09-17T14:15:27.297+0000] {processor.py:842} WARNING - No viable dags retrieved from /opt/airflow/dags/transformation_DAG.py
[2026-09-17T14:15:27.305+0000] {processor.py:183} INFO - Processing /opt/airflow/dags/transformation_DAG.py took 0.413 seconds
[2026-09-17T14:15:57.456+0000] {processor.py:161} INFO - Started process (PID=6516) to work on /opt/airflow/dags/transformation_DAG.py
[2026-09-17T14:15:57.457+0000] {processor.py:830} INFO - Processing file /opt/airflow/dags/transformation_DAG.py for tasks to queue
[2026-09-17T14:15:57.458+0000] {logging_mixin.py:188} INFO - [2026-09-17T14:15:57.458+0000] {dagbag.py:545} INFO - Filling up the DagBag from /opt/airflow/dags/transformation_DAG.py
[2026-09-17T14:15:57.749+0000] {logging_mixin.py:188} INFO - [2026-09-17T14:15:57.748+0000] {dagbag.py:355} ERROR - Failed to import: /opt/airflow/dags/transformation_DAG.py
Traceback (most recent call last):
  File "/home/airflow/.local/lib/python3.12/site-packages/airflow/models/dagbag.py", line 351, in parse
    loader.exec_module(new_module)
  File "<frozen importlib._bootstrap_external>", line 995, in exec_module
  File "<frozen importlib._bootstrap>", line 488, in _call_with_frames_removed
  File "/opt/airflow/dags/transformation_DAG.py", line 10, in <module>
    from include import transform
  File "/opt/airflow/include/transform.py", line 29
    df["like_per_view"] = 
                          ^
SyntaxError: invalid syntax
[2026-09-17T14:15:57.750+0000] {processor.py:842} WARNING - No viable dags retrieved from /opt/airflow/dags/transformation_DAG.py
[2026-09-17T14:15:57.759+0000] {processor.py:183} INFO - Processing /opt/airflow/dags/transformation_DAG.py took 0.311 seconds
[2026-09-17T14:16:27.903+0000] {processor.py:161} INFO - Started process (PID=6526) to work on /opt/airflow/dags/transformation_DAG.py
[2026-09-17T14:16:27.995+0000] {processor.py:830} INFO - Processing file /opt/airflow/dags/transformation_DAG.py for tasks to queue
[2026-09-17T14:16:27.997+0000] {logging_mixin.py:188} INFO - [2026-09-17T14:16:27.996+0000] {dagbag.py:545} INFO - Filling up the DagBag from /opt/airflow/dags/transformation_DAG.py
[2026-09-17T14:16:28.294+0000] {logging_mixin.py:188} INFO - [2026-09-17T14:16:28.294+0000] {dagbag.py:355} ERROR - Failed to import: /opt/airflow/dags/transformation_DAG.py
Traceback (most recent call last):
  File "/home/airflow/.local/lib/python3.12/site-packages/airflow/models/dagbag.py", line 351, in parse
    loader.exec_module(new_module)
  File "<frozen importlib._bootstrap_external>", line 995, in exec_module
  File "<frozen importlib._bootstrap>", line 488, in _call_with_frames_removed
  File "/opt/airflow/dags/transformation_DAG.py", line 10, in <module>
    from include import transform
  File "/opt/airflow/include/transform.py", line 29
    df["like_per_view"] = 
                          ^
SyntaxError: invalid syntax
[2026-09-17T14:16:28.295+0000] {processor.py:842} WARNING - No viable dags retrieved from /opt/airflow/dags/transformation_DAG.py
[2026-09-17T14:16:28.304+0000] {processor.py:183} INFO - Processing /opt/airflow/dags/transformation_DAG.py took 0.410 seconds
[2026-09-17T14:16:58.458+0000] {processor.py:161} INFO - Started process (PID=6536) to work on /opt/airflow/dags/transformation_DAG.py
[2026-09-17T14:16:58.459+0000] {processor.py:830} INFO - Processing file /opt/airflow/dags/transformation_DAG.py for tasks to queue
[2026-09-17T14:16:58.460+0000] {logging_mixin.py:188} INFO - [2026-09-17T14:16:58.459+0000] {dagbag.py:545} INFO - Filling up the DagBag from /opt/airflow/dags/transformation_DAG.py
[2026-09-17T14:16:58.781+0000] {logging_mixin.py:188} INFO - [2026-09-17T14:16:58.781+0000] {dagbag.py:355} ERROR - Failed to import: /opt/airflow/dags/transformation_DAG.py
Traceback (most recent call last):
  File "/home/airflow/.local/lib/python3.12/site-packages/airflow/models/dagbag.py", line 351, in parse
    loader.exec_module(new_module)
  File "<frozen importlib._bootstrap_external>", line 995, in exec_module
  File "<frozen importlib._bootstrap>", line 488, in _call_with_frames_removed
  File "/opt/airflow/dags/transformation_DAG.py", line 10, in <module>
    from include import transform
  File "/opt/airflow/include/transform.py", line 29
    df["like_per_view"] = 
                          ^
SyntaxError: invalid syntax
[2026-09-17T14:16:58.782+0000] {processor.py:842} WARNING - No viable dags retrieved from /opt/airflow/dags/transformation_DAG.py
[2026-09-17T14:16:58.790+0000] {processor.py:183} INFO - Processing /opt/airflow/dags/transformation_DAG.py took 0.341 seconds
[2026-09-17T14:17:28.938+0000] {processor.py:161} INFO - Started process (PID=6546) to work on /opt/airflow/dags/transformation_DAG.py
[2026-09-17T14:17:29.026+0000] {processor.py:830} INFO - Processing file /opt/airflow/dags/transformation_DAG.py for tasks to queue
[2026-09-17T14:17:29.027+0000] {logging_mixin.py:188} INFO - [2026-09-17T14:17:29.027+0000] {dagbag.py:545} INFO - Filling up the DagBag from /opt/airflow/dags/transformation_DAG.py
[2026-09-17T14:17:29.321+0000] {logging_mixin.py:188} INFO - [2026-09-17T14:17:29.320+0000] {dagbag.py:355} ERROR - Failed to import: /opt/airflow/dags/transformation_DAG.py
Traceback (most recent call last):
  File "/home/airflow/.local/lib/python3.12/site-packages/airflow/models/dagbag.py", line 351, in parse
    loader.exec_module(new_module)
  File "<frozen importlib._bootstrap_external>", line 995, in exec_module
  File "<frozen importlib._bootstrap>", line 488, in _call_with_frames_removed
  File "/opt/airflow/dags/transformation_DAG.py", line 10, in <module>
    from include import transform
  File "/opt/airflow/include/transform.py", line 29
    df["like_per_view"] = 
                          ^
SyntaxError: invalid syntax
[2026-09-17T14:17:29.322+0000] {processor.py:842} WARNING - No viable dags retrieved from /opt/airflow/dags/transformation_DAG.py
[2026-09-17T14:17:29.330+0000] {processor.py:183} INFO - Processing /opt/airflow/dags/transformation_DAG.py took 0.396 seconds
[2026-09-17T14:17:59.463+0000] {processor.py:161} INFO - Started process (PID=6556) to work on /opt/airflow/dags/transformation_DAG.py
[2026-09-17T14:17:59.463+0000] {processor.py:830} INFO - Processing file /opt/airflow/dags/transformation_DAG.py for tasks to queue
[2026-09-17T14:17:59.464+0000] {logging_mixin.py:188} INFO - [2026-09-17T14:17:59.463+0000] {dagbag.py:545} INFO - Filling up the DagBag from /opt/airflow/dags/transformation_DAG.py
[2026-09-17T14:17:59.797+0000] {logging_mixin.py:188} INFO - [2026-09-17T14:17:59.796+0000] {dagbag.py:355} ERROR - Failed to import: /opt/airflow/dags/transformation_DAG.py
Traceback (most recent call last):
  File "/home/airflow/.local/lib/python3.12/site-packages/airflow/models/dagbag.py", line 351, in parse
    loader.exec_module(new_module)
  File "<frozen importlib._bootstrap_external>", line 995, in exec_module
  File "<frozen importlib._bootstrap>", line 488, in _call_with_frames_removed
  File "/opt/airflow/dags/transformation_DAG.py", line 10, in <module>
    from include import transform
  File "/opt/airflow/include/transform.py", line 29
    df["like_per_view"] = 
                          ^
SyntaxError: invalid syntax
[2026-09-17T14:17:59.797+0000] {processor.py:842} WARNING - No viable dags retrieved from /opt/airflow/dags/transformation_DAG.py
[2026-09-17T14:17:59.807+0000] {processor.py:183} INFO - Processing /opt/airflow/dags/transformation_DAG.py took 0.350 seconds
[2026-09-17T14:18:29.905+0000] {processor.py:161} INFO - Started process (PID=6566) to work on /opt/airflow/dags/transformation_DAG.py
[2026-09-17T14:18:29.909+0000] {processor.py:830} INFO - Processing file /opt/airflow/dags/transformation_DAG.py for tasks to queue
[2026-09-17T14:18:29.910+0000] {logging_mixin.py:188} INFO - [2026-09-17T14:18:29.910+0000] {dagbag.py:545} INFO - Filling up the DagBag from /opt/airflow/dags/transformation_DAG.py
[2026-09-17T14:18:30.229+0000] {logging_mixin.py:188} INFO - [2026-09-17T14:18:30.228+0000] {dagbag.py:355} ERROR - Failed to import: /opt/airflow/dags/transformation_DAG.py
Traceback (most recent call last):
  File "/home/airflow/.local/lib/python3.12/site-packages/airflow/models/dagbag.py", line 351, in parse
    loader.exec_module(new_module)
  File "<frozen importlib._bootstrap_external>", line 995, in exec_module
  File "<frozen importlib._bootstrap>", line 488, in _call_with_frames_removed
  File "/opt/airflow/dags/transformation_DAG.py", line 10, in <module>
    from include import transform
  File "/opt/airflow/include/transform.py", line 29
    df["like_per_view"] = 
                          ^
SyntaxError: invalid syntax
[2026-09-17T14:18:30.229+0000] {processor.py:842} WARNING - No viable dags retrieved from /opt/airflow/dags/transformation_DAG.py
[2026-09-17T14:18:30.237+0000] {processor.py:183} INFO - Processing /opt/airflow/dags/transformation_DAG.py took 0.336 seconds
[2026-09-17T14:19:00.344+0000] {processor.py:161} INFO - Started process (PID=6575) to work on /opt/airflow/dags/transformation_DAG.py
[2026-09-17T14:19:00.344+0000] {processor.py:830} INFO - Processing file /opt/airflow/dags/transformation_DAG.py for tasks to queue
[2026-09-17T14:19:00.345+0000] {logging_mixin.py:188} INFO - [2026-09-17T14:19:00.345+0000] {dagbag.py:545} INFO - Filling up the DagBag from /opt/airflow/dags/transformation_DAG.py
[2026-09-17T14:19:00.667+0000] {logging_mixin.py:188} INFO - [2026-09-17T14:19:00.666+0000] {dagbag.py:355} ERROR - Failed to import: /opt/airflow/dags/transformation_DAG.py
Traceback (most recent call last):
  File "/home/airflow/.local/lib/python3.12/site-packages/airflow/models/dagbag.py", line 351, in parse
    loader.exec_module(new_module)
  File "<frozen importlib._bootstrap_external>", line 995, in exec_module
  File "<frozen importlib._bootstrap>", line 488, in _call_with_frames_removed
  File "/opt/airflow/dags/transformation_DAG.py", line 10, in <module>
    from include import transform
  File "/opt/airflow/include/transform.py", line 29
    df["like_per_view"] = 
                          ^
SyntaxError: invalid syntax
[2026-09-17T14:19:00.668+0000] {processor.py:842} WARNING - No viable dags retrieved from /opt/airflow/dags/transformation_DAG.py
[2026-09-17T14:19:00.677+0000] {processor.py:183} INFO - Processing /opt/airflow/dags/transformation_DAG.py took 0.337 seconds
[2026-09-17T14:19:30.818+0000] {processor.py:161} INFO - Started process (PID=6585) to work on /opt/airflow/dags/transformation_DAG.py
[2026-09-17T14:19:30.826+0000] {processor.py:830} INFO - Processing file /opt/airflow/dags/transformation_DAG.py for tasks to queue
[2026-09-17T14:19:30.827+0000] {logging_mixin.py:188} INFO - [2026-09-17T14:19:30.827+0000] {dagbag.py:545} INFO - Filling up the DagBag from /opt/airflow/dags/transformation_DAG.py
[2026-09-17T14:19:31.141+0000] {logging_mixin.py:188} INFO - [2026-09-17T14:19:31.140+0000] {dagbag.py:355} ERROR - Failed to import: /opt/airflow/dags/transformation_DAG.py
Traceback (most recent call last):
  File "/home/airflow/.local/lib/python3.12/site-packages/airflow/models/dagbag.py", line 351, in parse
    loader.exec_module(new_module)
  File "<frozen importlib._bootstrap_external>", line 995, in exec_module
  File "<frozen importlib._bootstrap>", line 488, in _call_with_frames_removed
  File "/opt/airflow/dags/transformation_DAG.py", line 10, in <module>
    from include import transform
  File "/opt/airflow/include/transform.py", line 29
    df["like_per_view"] = 
                          ^
SyntaxError: invalid syntax
[2026-09-17T14:19:31.141+0000] {processor.py:842} WARNING - No viable dags retrieved from /opt/airflow/dags/transformation_DAG.py
[2026-09-17T14:19:31.150+0000] {processor.py:183} INFO - Processing /opt/airflow/dags/transformation_DAG.py took 0.338 seconds
[2026-09-17T14:20:01.272+0000] {processor.py:161} INFO - Started process (PID=6595) to work on /opt/airflow/dags/transformation_DAG.py
[2026-09-17T14:20:01.273+0000] {processor.py:830} INFO - Processing file /opt/airflow/dags/transformation_DAG.py for tasks to queue
[2026-09-17T14:20:01.274+0000] {logging_mixin.py:188} INFO - [2026-09-17T14:20:01.274+0000] {dagbag.py:545} INFO - Filling up the DagBag from /opt/airflow/dags/transformation_DAG.py
[2026-09-17T14:20:01.651+0000] {processor.py:840} INFO - DAG(s) 'load_transform_data_DAG' retrieved from /opt/airflow/dags/transformation_DAG.py
[2026-09-17T14:20:01.708+0000] {logging_mixin.py:188} INFO - [2026-09-17T14:20:01.707+0000] {dag.py:3096} INFO - Sync 1 DAGs
[2026-09-17T14:20:01.713+0000] {logging_mixin.py:188} INFO - [2026-09-17T14:20:01.713+0000] {dag.py:3954} INFO - Setting next_dagrun for load_transform_data_DAG to None, run_after=None
[2026-09-17T14:20:01.723+0000] {processor.py:183} INFO - Processing /opt/airflow/dags/transformation_DAG.py took 0.457 seconds
[2026-09-17T14:20:31.855+0000] {processor.py:161} INFO - Started process (PID=6605) to work on /opt/airflow/dags/transformation_DAG.py
[2026-09-17T14:20:31.936+0000] {processor.py:830} INFO - Processing file /opt/airflow/dags/transformation_DAG.py for tasks to queue
[2026-09-17T14:20:31.938+0000] {logging_mixin.py:188} INFO - [2026-09-17T14:20:31.937+0000] {dagbag.py:545} INFO - Filling up the DagBag from /opt/airflow/dags/transformation_DAG.py
[2026-09-17T14:20:32.250+0000] {processor.py:840} INFO - DAG(s) 'load_transform_data_DAG' retrieved from /opt/airflow/dags/transformation_DAG.py
[2026-09-17T14:20:32.260+0000] {logging_mixin.py:188} INFO - [2026-09-17T14:20:32.260+0000] {dag.py:3096} INFO - Sync 1 DAGs
[2026-09-17T14:20:32.266+0000] {logging_mixin.py:188} INFO - [2026-09-17T14:20:32.266+0000] {dag.py:3954} INFO - Setting next_dagrun for load_transform_data_DAG to None, run_after=None
[2026-09-17T14:20:32.278+0000] {processor.py:183} INFO - Processing /opt/airflow/dags/transformation_DAG.py took 0.429 seconds
[2026-09-17T14:21:02.364+0000] {processor.py:161} INFO - Started process (PID=6615) to work on /opt/airflow/dags/transformation_DAG.py
[2026-09-17T14:21:02.364+0000] {processor.py:830} INFO - Processing file /opt/airflow/dags/transformation_DAG.py for tasks to queue
[2026-09-17T14:21:02.365+0000] {logging_mixin.py:188} INFO - [2026-09-17T14:21:02.364+0000] {dagbag.py:545} INFO - Filling up the DagBag from /opt/airflow/dags/transformation_DAG.py
[2026-09-17T14:21:02.712+0000] {processor.py:840} INFO - DAG(s) 'load_transform_data_DAG' retrieved from /opt/airflow/dags/transformation_DAG.py
[2026-09-17T14:21:02.724+0000] {logging_mixin.py:188} INFO - [2026-09-17T14:21:02.724+0000] {dag.py:3096} INFO - Sync 1 DAGs
[2026-09-17T14:21:02.730+0000] {logging_mixin.py:188} INFO - [2026-09-17T14:21:02.730+0000] {dag.py:3954} INFO - Setting next_dagrun for load_transform_data_DAG to None, run_after=None
[2026-09-17T14:21:02.743+0000] {processor.py:183} INFO - Processing /opt/airflow/dags/transformation_DAG.py took 0.383 seconds
[2026-09-17T14:21:32.862+0000] {processor.py:161} INFO - Started process (PID=6625) to work on /opt/airflow/dags/transformation_DAG.py
[2026-09-17T14:21:32.966+0000] {processor.py:830} INFO - Processing file /opt/airflow/dags/transformation_DAG.py for tasks to queue
[2026-09-17T14:21:32.966+0000] {logging_mixin.py:188} INFO - [2026-09-17T14:21:32.966+0000] {dagbag.py:545} INFO - Filling up the DagBag from /opt/airflow/dags/transformation_DAG.py
[2026-09-17T14:21:33.284+0000] {processor.py:840} INFO - DAG(s) 'load_transform_data_DAG' retrieved from /opt/airflow/dags/transformation_DAG.py
[2026-09-17T14:21:33.298+0000] {logging_mixin.py:188} INFO - [2026-09-17T14:21:33.298+0000] {dag.py:3096} INFO - Sync 1 DAGs
[2026-09-17T14:21:33.307+0000] {logging_mixin.py:188} INFO - [2026-09-17T14:21:33.307+0000] {dag.py:3954} INFO - Setting next_dagrun for load_transform_data_DAG to None, run_after=None
[2026-09-17T14:21:33.319+0000] {processor.py:183} INFO - Processing /opt/airflow/dags/transformation_DAG.py took 0.461 seconds
[2026-09-17T14:22:03.441+0000] {processor.py:161} INFO - Started process (PID=6635) to work on /opt/airflow/dags/transformation_DAG.py
[2026-09-17T14:22:03.442+0000] {processor.py:830} INFO - Processing file /opt/airflow/dags/transformation_DAG.py for tasks to queue
[2026-09-17T14:22:03.442+0000] {logging_mixin.py:188} INFO - [2026-09-17T14:22:03.442+0000] {dagbag.py:545} INFO - Filling up the DagBag from /opt/airflow/dags/transformation_DAG.py
[2026-09-17T14:22:03.776+0000] {processor.py:840} INFO - DAG(s) 'load_transform_data_DAG' retrieved from /opt/airflow/dags/transformation_DAG.py
[2026-09-17T14:22:03.787+0000] {logging_mixin.py:188} INFO - [2026-09-17T14:22:03.787+0000] {dag.py:3096} INFO - Sync 1 DAGs
[2026-09-17T14:22:03.793+0000] {logging_mixin.py:188} INFO - [2026-09-17T14:22:03.793+0000] {dag.py:3954} INFO - Setting next_dagrun for load_transform_data_DAG to None, run_after=None
[2026-09-17T14:22:03.802+0000] {processor.py:183} INFO - Processing /opt/airflow/dags/transformation_DAG.py took 0.366 seconds
[2026-09-17T14:22:33.944+0000] {processor.py:161} INFO - Started process (PID=6645) to work on /opt/airflow/dags/transformation_DAG.py
[2026-09-17T14:22:33.955+0000] {processor.py:830} INFO - Processing file /opt/airflow/dags/transformation_DAG.py for tasks to queue
[2026-09-17T14:22:33.956+0000] {logging_mixin.py:188} INFO - [2026-09-17T14:22:33.956+0000] {dagbag.py:545} INFO - Filling up the DagBag from /opt/airflow/dags/transformation_DAG.py
[2026-09-17T14:22:34.285+0000] {processor.py:840} INFO - DAG(s) 'load_transform_data_DAG' retrieved from /opt/airflow/dags/transformation_DAG.py
[2026-09-17T14:22:34.297+0000] {logging_mixin.py:188} INFO - [2026-09-17T14:22:34.297+0000] {dag.py:3096} INFO - Sync 1 DAGs
[2026-09-17T14:22:34.304+0000] {logging_mixin.py:188} INFO - [2026-09-17T14:22:34.303+0000] {dag.py:3954} INFO - Setting next_dagrun for load_transform_data_DAG to None, run_after=None
[2026-09-17T14:22:34.313+0000] {processor.py:183} INFO - Processing /opt/airflow/dags/transformation_DAG.py took 0.379 seconds
[2026-09-17T14:23:04.427+0000] {processor.py:161} INFO - Started process (PID=6655) to work on /opt/airflow/dags/transformation_DAG.py
[2026-09-17T14:23:04.428+0000] {processor.py:830} INFO - Processing file /opt/airflow/dags/transformation_DAG.py for tasks to queue
[2026-09-17T14:23:04.428+0000] {logging_mixin.py:188} INFO - [2026-09-17T14:23:04.428+0000] {dagbag.py:545} INFO - Filling up the DagBag from /opt/airflow/dags/transformation_DAG.py
[2026-09-17T14:23:04.431+0000] {logging_mixin.py:188} INFO - [2026-09-17T14:23:04.430+0000] {dagbag.py:355} ERROR - Failed to import: /opt/airflow/dags/transformation_DAG.py
Traceback (most recent call last):
  File "/home/airflow/.local/lib/python3.12/site-packages/airflow/models/dagbag.py", line 351, in parse
    loader.exec_module(new_module)
  File "<frozen importlib._bootstrap_external>", line 995, in exec_module
  File "<frozen importlib._bootstrap>", line 488, in _call_with_frames_removed
  File "/opt/airflow/dags/transformation_DAG.py", line 9, in <module>
    from include import load
  File "/opt/airflow/include/load.py", line 71
    
    ^
IndentationError: expected an indented block after function definition on line 70
[2026-09-17T14:23:04.432+0000] {processor.py:842} WARNING - No viable dags retrieved from /opt/airflow/dags/transformation_DAG.py
[2026-09-17T14:23:04.444+0000] {processor.py:183} INFO - Processing /opt/airflow/dags/transformation_DAG.py took 0.022 seconds
[2026-09-17T14:23:34.570+0000] {processor.py:161} INFO - Started process (PID=6664) to work on /opt/airflow/dags/transformation_DAG.py
[2026-09-17T14:23:34.670+0000] {processor.py:830} INFO - Processing file /opt/airflow/dags/transformation_DAG.py for tasks to queue
[2026-09-17T14:23:34.671+0000] {logging_mixin.py:188} INFO - [2026-09-17T14:23:34.671+0000] {dagbag.py:545} INFO - Filling up the DagBag from /opt/airflow/dags/transformation_DAG.py
[2026-09-17T14:23:34.678+0000] {logging_mixin.py:188} INFO - [2026-09-17T14:23:34.676+0000] {dagbag.py:355} ERROR - Failed to import: /opt/airflow/dags/transformation_DAG.py
Traceback (most recent call last):
  File "/home/airflow/.local/lib/python3.12/site-packages/airflow/models/dagbag.py", line 351, in parse
    loader.exec_module(new_module)
  File "<frozen importlib._bootstrap_external>", line 995, in exec_module
  File "<frozen importlib._bootstrap>", line 488, in _call_with_frames_removed
  File "/opt/airflow/dags/transformation_DAG.py", line 9, in <module>
    from include import load
  File "/opt/airflow/include/load.py", line 80
    def load_to_core():
                       ^
IndentationError: expected an indented block after function definition on line 80
[2026-09-17T14:23:34.679+0000] {processor.py:842} WARNING - No viable dags retrieved from /opt/airflow/dags/transformation_DAG.py
[2026-09-17T14:23:34.704+0000] {processor.py:183} INFO - Processing /opt/airflow/dags/transformation_DAG.py took 0.144 seconds
[2026-09-17T14:24:04.847+0000] {processor.py:161} INFO - Started process (PID=6673) to work on /opt/airflow/dags/transformation_DAG.py
[2026-09-17T14:24:04.848+0000] {processor.py:830} INFO - Processing file /opt/airflow/dags/transformation_DAG.py for tasks to queue
[2026-09-17T14:24:04.849+0000] {logging_mixin.py:188} INFO - [2026-09-17T14:24:04.848+0000] {dagbag.py:545} INFO - Filling up the DagBag from /opt/airflow/dags/transformation_DAG.py
[2026-09-17T14:24:04.852+0000] {logging_mixin.py:188} INFO - [2026-09-17T14:24:04.851+0000] {dagbag.py:355} ERROR - Failed to import: /opt/airflow/dags/transformation_DAG.py
Traceback (most recent call last):
  File "/home/airflow/.local/lib/python3.12/site-packages/airflow/models/dagbag.py", line 351, in parse
    loader.exec_module(new_module)
  File "<frozen importlib._bootstrap_external>", line 995, in exec_module
  File "<frozen importlib._bootstrap>", line 488, in _call_with_frames_removed
  File "/opt/airflow/dags/transformation_DAG.py", line 9, in <module>
    from include import load
  File "/opt/airflow/include/load.py", line 80
    def load_to_core():
                       ^
IndentationError: expected an indented block after function definition on line 80
[2026-09-17T14:24:04.852+0000] {processor.py:842} WARNING - No viable dags retrieved from /opt/airflow/dags/transformation_DAG.py
[2026-09-17T14:24:04.864+0000] {processor.py:183} INFO - Processing /opt/airflow/dags/transformation_DAG.py took 0.025 seconds
[2026-09-17T14:24:34.992+0000] {processor.py:161} INFO - Started process (PID=6682) to work on /opt/airflow/dags/transformation_DAG.py
[2026-09-17T14:24:35.005+0000] {processor.py:830} INFO - Processing file /opt/airflow/dags/transformation_DAG.py for tasks to queue
[2026-09-17T14:24:35.006+0000] {logging_mixin.py:188} INFO - [2026-09-17T14:24:35.005+0000] {dagbag.py:545} INFO - Filling up the DagBag from /opt/airflow/dags/transformation_DAG.py
[2026-09-17T14:24:35.011+0000] {logging_mixin.py:188} INFO - [2026-09-17T14:24:35.010+0000] {dagbag.py:355} ERROR - Failed to import: /opt/airflow/dags/transformation_DAG.py
Traceback (most recent call last):
  File "/home/airflow/.local/lib/python3.12/site-packages/airflow/models/dagbag.py", line 351, in parse
    loader.exec_module(new_module)
  File "<frozen importlib._bootstrap_external>", line 995, in exec_module
  File "<frozen importlib._bootstrap>", line 488, in _call_with_frames_removed
  File "/opt/airflow/dags/transformation_DAG.py", line 9, in <module>
    from include import load
  File "/opt/airflow/include/load.py", line 80
    def load_to_core():
                       ^
IndentationError: expected an indented block after function definition on line 80
[2026-09-17T14:24:35.012+0000] {processor.py:842} WARNING - No viable dags retrieved from /opt/airflow/dags/transformation_DAG.py
[2026-09-17T14:24:35.024+0000] {processor.py:183} INFO - Processing /opt/airflow/dags/transformation_DAG.py took 0.039 seconds
[2026-09-17T14:25:05.123+0000] {processor.py:161} INFO - Started process (PID=6691) to work on /opt/airflow/dags/transformation_DAG.py
[2026-09-17T14:25:05.123+0000] {processor.py:830} INFO - Processing file /opt/airflow/dags/transformation_DAG.py for tasks to queue
[2026-09-17T14:25:05.124+0000] {logging_mixin.py:188} INFO - [2026-09-17T14:25:05.124+0000] {dagbag.py:545} INFO - Filling up the DagBag from /opt/airflow/dags/transformation_DAG.py
[2026-09-17T14:25:05.462+0000] {processor.py:840} INFO - DAG(s) 'load_transform_data_DAG' retrieved from /opt/airflow/dags/transformation_DAG.py
[2026-09-17T14:25:05.519+0000] {logging_mixin.py:188} INFO - [2026-09-17T14:25:05.518+0000] {dag.py:3096} INFO - Sync 1 DAGs
[2026-09-17T14:25:05.525+0000] {logging_mixin.py:188} INFO - [2026-09-17T14:25:05.524+0000] {dag.py:3954} INFO - Setting next_dagrun for load_transform_data_DAG to None, run_after=None
[2026-09-17T14:25:05.535+0000] {processor.py:183} INFO - Processing /opt/airflow/dags/transformation_DAG.py took 0.417 seconds
[2026-09-17T14:25:35.666+0000] {processor.py:161} INFO - Started process (PID=6701) to work on /opt/airflow/dags/transformation_DAG.py
[2026-09-17T14:25:35.680+0000] {processor.py:830} INFO - Processing file /opt/airflow/dags/transformation_DAG.py for tasks to queue
[2026-09-17T14:25:35.682+0000] {logging_mixin.py:188} INFO - [2026-09-17T14:25:35.681+0000] {dagbag.py:545} INFO - Filling up the DagBag from /opt/airflow/dags/transformation_DAG.py
[2026-09-17T14:25:36.003+0000] {processor.py:840} INFO - DAG(s) 'load_transform_data_DAG' retrieved from /opt/airflow/dags/transformation_DAG.py
[2026-09-17T14:25:36.014+0000] {logging_mixin.py:188} INFO - [2026-09-17T14:25:36.014+0000] {dag.py:3096} INFO - Sync 1 DAGs
[2026-09-17T14:25:36.021+0000] {logging_mixin.py:188} INFO - [2026-09-17T14:25:36.021+0000] {dag.py:3954} INFO - Setting next_dagrun for load_transform_data_DAG to None, run_after=None
[2026-09-17T14:25:36.030+0000] {processor.py:183} INFO - Processing /opt/airflow/dags/transformation_DAG.py took 0.372 seconds
[2026-09-17T14:26:06.154+0000] {processor.py:161} INFO - Started process (PID=6711) to work on /opt/airflow/dags/transformation_DAG.py
[2026-09-17T14:26:06.154+0000] {processor.py:830} INFO - Processing file /opt/airflow/dags/transformation_DAG.py for tasks to queue
[2026-09-17T14:26:06.155+0000] {logging_mixin.py:188} INFO - [2026-09-17T14:26:06.155+0000] {dagbag.py:545} INFO - Filling up the DagBag from /opt/airflow/dags/transformation_DAG.py
[2026-09-17T14:26:06.538+0000] {processor.py:840} INFO - DAG(s) 'load_transform_data_DAG' retrieved from /opt/airflow/dags/transformation_DAG.py
[2026-09-17T14:26:06.554+0000] {logging_mixin.py:188} INFO - [2026-09-17T14:26:06.553+0000] {dag.py:3096} INFO - Sync 1 DAGs
[2026-09-17T14:26:06.562+0000] {logging_mixin.py:188} INFO - [2026-09-17T14:26:06.562+0000] {dag.py:3954} INFO - Setting next_dagrun for load_transform_data_DAG to None, run_after=None
[2026-09-17T14:26:06.572+0000] {processor.py:183} INFO - Processing /opt/airflow/dags/transformation_DAG.py took 0.425 seconds
[2026-09-17T14:26:36.704+0000] {processor.py:161} INFO - Started process (PID=6721) to work on /opt/airflow/dags/transformation_DAG.py
[2026-09-17T14:26:36.771+0000] {processor.py:830} INFO - Processing file /opt/airflow/dags/transformation_DAG.py for tasks to queue
[2026-09-17T14:26:36.772+0000] {logging_mixin.py:188} INFO - [2026-09-17T14:26:36.772+0000] {dagbag.py:545} INFO - Filling up the DagBag from /opt/airflow/dags/transformation_DAG.py
[2026-09-17T14:26:37.085+0000] {processor.py:840} INFO - DAG(s) 'load_transform_data_DAG' retrieved from /opt/airflow/dags/transformation_DAG.py
[2026-09-17T14:26:37.096+0000] {logging_mixin.py:188} INFO - [2026-09-17T14:26:37.096+0000] {dag.py:3096} INFO - Sync 1 DAGs
[2026-09-17T14:26:37.103+0000] {logging_mixin.py:188} INFO - [2026-09-17T14:26:37.103+0000] {dag.py:3954} INFO - Setting next_dagrun for load_transform_data_DAG to None, run_after=None
[2026-09-17T14:26:37.113+0000] {processor.py:183} INFO - Processing /opt/airflow/dags/transformation_DAG.py took 0.418 seconds
[2026-09-17T14:27:07.247+0000] {processor.py:161} INFO - Started process (PID=6731) to work on /opt/airflow/dags/transformation_DAG.py
[2026-09-17T14:27:07.248+0000] {processor.py:830} INFO - Processing file /opt/airflow/dags/transformation_DAG.py for tasks to queue
[2026-09-17T14:27:07.249+0000] {logging_mixin.py:188} INFO - [2026-09-17T14:27:07.249+0000] {dagbag.py:545} INFO - Filling up the DagBag from /opt/airflow/dags/transformation_DAG.py
[2026-09-17T14:27:07.557+0000] {processor.py:840} INFO - DAG(s) 'load_transform_data_DAG' retrieved from /opt/airflow/dags/transformation_DAG.py
[2026-09-17T14:27:07.568+0000] {logging_mixin.py:188} INFO - [2026-09-17T14:27:07.568+0000] {dag.py:3096} INFO - Sync 1 DAGs
[2026-09-17T14:27:07.576+0000] {logging_mixin.py:188} INFO - [2026-09-17T14:27:07.576+0000] {dag.py:3954} INFO - Setting next_dagrun for load_transform_data_DAG to None, run_after=None
[2026-09-17T14:27:07.585+0000] {processor.py:183} INFO - Processing /opt/airflow/dags/transformation_DAG.py took 0.343 seconds
[2026-09-17T14:27:37.741+0000] {processor.py:161} INFO - Started process (PID=6741) to work on /opt/airflow/dags/transformation_DAG.py
[2026-09-17T14:27:37.832+0000] {processor.py:830} INFO - Processing file /opt/airflow/dags/transformation_DAG.py for tasks to queue
[2026-09-17T14:27:37.833+0000] {logging_mixin.py:188} INFO - [2026-09-17T14:27:37.833+0000] {dagbag.py:545} INFO - Filling up the DagBag from /opt/airflow/dags/transformation_DAG.py
[2026-09-17T14:27:38.148+0000] {processor.py:840} INFO - DAG(s) 'load_transform_data_DAG' retrieved from /opt/airflow/dags/transformation_DAG.py
[2026-09-17T14:27:38.161+0000] {logging_mixin.py:188} INFO - [2026-09-17T14:27:38.160+0000] {dag.py:3096} INFO - Sync 1 DAGs
[2026-09-17T14:27:38.167+0000] {logging_mixin.py:188} INFO - [2026-09-17T14:27:38.167+0000] {dag.py:3954} INFO - Setting next_dagrun for load_transform_data_DAG to None, run_after=None
[2026-09-17T14:27:38.177+0000] {processor.py:183} INFO - Processing /opt/airflow/dags/transformation_DAG.py took 0.444 seconds
[2026-09-17T14:28:08.313+0000] {processor.py:161} INFO - Started process (PID=6751) to work on /opt/airflow/dags/transformation_DAG.py
[2026-09-17T14:28:08.314+0000] {processor.py:830} INFO - Processing file /opt/airflow/dags/transformation_DAG.py for tasks to queue
[2026-09-17T14:28:08.314+0000] {logging_mixin.py:188} INFO - [2026-09-17T14:28:08.314+0000] {dagbag.py:545} INFO - Filling up the DagBag from /opt/airflow/dags/transformation_DAG.py
[2026-09-17T14:28:08.623+0000] {processor.py:840} INFO - DAG(s) 'load_transform_data_DAG' retrieved from /opt/airflow/dags/transformation_DAG.py
[2026-09-17T14:28:08.639+0000] {logging_mixin.py:188} INFO - [2026-09-17T14:28:08.639+0000] {dag.py:3096} INFO - Sync 1 DAGs
[2026-09-17T14:28:08.647+0000] {logging_mixin.py:188} INFO - [2026-09-17T14:28:08.647+0000] {dag.py:3954} INFO - Setting next_dagrun for load_transform_data_DAG to None, run_after=None
[2026-09-17T14:28:08.656+0000] {processor.py:183} INFO - Processing /opt/airflow/dags/transformation_DAG.py took 0.349 seconds
[2026-09-17T14:28:38.780+0000] {processor.py:161} INFO - Started process (PID=6761) to work on /opt/airflow/dags/transformation_DAG.py
[2026-09-17T14:28:38.874+0000] {processor.py:830} INFO - Processing file /opt/airflow/dags/transformation_DAG.py for tasks to queue
[2026-09-17T14:28:38.875+0000] {logging_mixin.py:188} INFO - [2026-09-17T14:28:38.875+0000] {dagbag.py:545} INFO - Filling up the DagBag from /opt/airflow/dags/transformation_DAG.py
[2026-09-17T14:28:39.247+0000] {processor.py:840} INFO - DAG(s) 'load_transform_data_DAG' retrieved from /opt/airflow/dags/transformation_DAG.py
[2026-09-17T14:28:39.262+0000] {logging_mixin.py:188} INFO - [2026-09-17T14:28:39.262+0000] {dag.py:3096} INFO - Sync 1 DAGs
[2026-09-17T14:28:39.269+0000] {logging_mixin.py:188} INFO - [2026-09-17T14:28:39.269+0000] {dag.py:3954} INFO - Setting next_dagrun for load_transform_data_DAG to None, run_after=None
[2026-09-17T14:28:39.282+0000] {processor.py:183} INFO - Processing /opt/airflow/dags/transformation_DAG.py took 0.506 seconds
[2026-09-17T14:29:09.420+0000] {processor.py:161} INFO - Started process (PID=6771) to work on /opt/airflow/dags/transformation_DAG.py
[2026-09-17T14:29:09.420+0000] {processor.py:830} INFO - Processing file /opt/airflow/dags/transformation_DAG.py for tasks to queue
[2026-09-17T14:29:09.421+0000] {logging_mixin.py:188} INFO - [2026-09-17T14:29:09.421+0000] {dagbag.py:545} INFO - Filling up the DagBag from /opt/airflow/dags/transformation_DAG.py
[2026-09-17T14:29:09.839+0000] {processor.py:840} INFO - DAG(s) 'load_transform_data_DAG' retrieved from /opt/airflow/dags/transformation_DAG.py
[2026-09-17T14:29:09.856+0000] {logging_mixin.py:188} INFO - [2026-09-17T14:29:09.855+0000] {dag.py:3096} INFO - Sync 1 DAGs
[2026-09-17T14:29:09.867+0000] {logging_mixin.py:188} INFO - [2026-09-17T14:29:09.866+0000] {dag.py:3954} INFO - Setting next_dagrun for load_transform_data_DAG to None, run_after=None
[2026-09-17T14:29:09.881+0000] {processor.py:183} INFO - Processing /opt/airflow/dags/transformation_DAG.py took 0.469 seconds
[2026-09-17T14:29:40.013+0000] {processor.py:161} INFO - Started process (PID=6781) to work on /opt/airflow/dags/transformation_DAG.py
[2026-09-17T14:29:40.120+0000] {processor.py:830} INFO - Processing file /opt/airflow/dags/transformation_DAG.py for tasks to queue
[2026-09-17T14:29:40.122+0000] {logging_mixin.py:188} INFO - [2026-09-17T14:29:40.121+0000] {dagbag.py:545} INFO - Filling up the DagBag from /opt/airflow/dags/transformation_DAG.py
[2026-09-17T14:29:40.431+0000] {processor.py:840} INFO - DAG(s) 'load_transform_data_DAG' retrieved from /opt/airflow/dags/transformation_DAG.py
[2026-09-17T14:29:40.442+0000] {logging_mixin.py:188} INFO - [2026-09-17T14:29:40.442+0000] {dag.py:3096} INFO - Sync 1 DAGs
[2026-09-17T14:29:40.448+0000] {logging_mixin.py:188} INFO - [2026-09-17T14:29:40.448+0000] {dag.py:3954} INFO - Setting next_dagrun for load_transform_data_DAG to None, run_after=None
[2026-09-17T14:29:40.458+0000] {processor.py:183} INFO - Processing /opt/airflow/dags/transformation_DAG.py took 0.449 seconds
[2026-09-17T14:30:10.608+0000] {processor.py:161} INFO - Started process (PID=6791) to work on /opt/airflow/dags/transformation_DAG.py
[2026-09-17T14:30:10.609+0000] {processor.py:830} INFO - Processing file /opt/airflow/dags/transformation_DAG.py for tasks to queue
[2026-09-17T14:30:10.610+0000] {logging_mixin.py:188} INFO - [2026-09-17T14:30:10.610+0000] {dagbag.py:545} INFO - Filling up the DagBag from /opt/airflow/dags/transformation_DAG.py
[2026-09-17T14:30:10.902+0000] {processor.py:840} INFO - DAG(s) 'load_transform_data_DAG' retrieved from /opt/airflow/dags/transformation_DAG.py
[2026-09-17T14:30:10.913+0000] {logging_mixin.py:188} INFO - [2026-09-17T14:30:10.912+0000] {dag.py:3096} INFO - Sync 1 DAGs
[2026-09-17T14:30:10.920+0000] {logging_mixin.py:188} INFO - [2026-09-17T14:30:10.920+0000] {dag.py:3954} INFO - Setting next_dagrun for load_transform_data_DAG to None, run_after=None
[2026-09-17T14:30:10.928+0000] {processor.py:183} INFO - Processing /opt/airflow/dags/transformation_DAG.py took 0.330 seconds
[2026-09-17T14:30:41.063+0000] {processor.py:161} INFO - Started process (PID=6801) to work on /opt/airflow/dags/transformation_DAG.py
[2026-09-17T14:30:41.076+0000] {processor.py:830} INFO - Processing file /opt/airflow/dags/transformation_DAG.py for tasks to queue
[2026-09-17T14:30:41.077+0000] {logging_mixin.py:188} INFO - [2026-09-17T14:30:41.076+0000] {dagbag.py:545} INFO - Filling up the DagBag from /opt/airflow/dags/transformation_DAG.py
[2026-09-17T14:30:41.375+0000] {processor.py:840} INFO - DAG(s) 'load_transform_data_DAG' retrieved from /opt/airflow/dags/transformation_DAG.py
[2026-09-17T14:30:41.388+0000] {logging_mixin.py:188} INFO - [2026-09-17T14:30:41.387+0000] {dag.py:3096} INFO - Sync 1 DAGs
[2026-09-17T14:30:41.394+0000] {logging_mixin.py:188} INFO - [2026-09-17T14:30:41.394+0000] {dag.py:3954} INFO - Setting next_dagrun for load_transform_data_DAG to None, run_after=None
[2026-09-17T14:30:41.407+0000] {processor.py:183} INFO - Processing /opt/airflow/dags/transformation_DAG.py took 0.348 seconds
[2026-09-17T14:31:11.566+0000] {processor.py:161} INFO - Started process (PID=6811) to work on /opt/airflow/dags/transformation_DAG.py
[2026-09-17T14:31:11.567+0000] {processor.py:830} INFO - Processing file /opt/airflow/dags/transformation_DAG.py for tasks to queue
[2026-09-17T14:31:11.568+0000] {logging_mixin.py:188} INFO - [2026-09-17T14:31:11.567+0000] {dagbag.py:545} INFO - Filling up the DagBag from /opt/airflow/dags/transformation_DAG.py
[2026-09-17T14:31:11.858+0000] {processor.py:840} INFO - DAG(s) 'load_transform_data_DAG' retrieved from /opt/airflow/dags/transformation_DAG.py
[2026-09-17T14:31:11.869+0000] {logging_mixin.py:188} INFO - [2026-09-17T14:31:11.869+0000] {dag.py:3096} INFO - Sync 1 DAGs
[2026-09-17T14:31:11.875+0000] {logging_mixin.py:188} INFO - [2026-09-17T14:31:11.875+0000] {dag.py:3954} INFO - Setting next_dagrun for load_transform_data_DAG to None, run_after=None
[2026-09-17T14:31:11.884+0000] {processor.py:183} INFO - Processing /opt/airflow/dags/transformation_DAG.py took 0.328 seconds
[2026-09-17T14:31:42.024+0000] {processor.py:161} INFO - Started process (PID=6821) to work on /opt/airflow/dags/transformation_DAG.py
[2026-09-17T14:31:42.118+0000] {processor.py:830} INFO - Processing file /opt/airflow/dags/transformation_DAG.py for tasks to queue
[2026-09-17T14:31:42.119+0000] {logging_mixin.py:188} INFO - [2026-09-17T14:31:42.119+0000] {dagbag.py:545} INFO - Filling up the DagBag from /opt/airflow/dags/transformation_DAG.py
[2026-09-17T14:31:42.409+0000] {processor.py:840} INFO - DAG(s) 'load_transform_data_DAG' retrieved from /opt/airflow/dags/transformation_DAG.py
[2026-09-17T14:31:42.420+0000] {logging_mixin.py:188} INFO - [2026-09-17T14:31:42.420+0000] {dag.py:3096} INFO - Sync 1 DAGs
[2026-09-17T14:31:42.426+0000] {logging_mixin.py:188} INFO - [2026-09-17T14:31:42.425+0000] {dag.py:3954} INFO - Setting next_dagrun for load_transform_data_DAG to None, run_after=None
[2026-09-17T14:31:42.434+0000] {processor.py:183} INFO - Processing /opt/airflow/dags/transformation_DAG.py took 0.416 seconds
[2026-09-17T14:32:12.583+0000] {processor.py:161} INFO - Started process (PID=6831) to work on /opt/airflow/dags/transformation_DAG.py
[2026-09-17T14:32:12.584+0000] {processor.py:830} INFO - Processing file /opt/airflow/dags/transformation_DAG.py for tasks to queue
[2026-09-17T14:32:12.585+0000] {logging_mixin.py:188} INFO - [2026-09-17T14:32:12.585+0000] {dagbag.py:545} INFO - Filling up the DagBag from /opt/airflow/dags/transformation_DAG.py
[2026-09-17T14:32:12.879+0000] {processor.py:840} INFO - DAG(s) 'load_transform_data_DAG' retrieved from /opt/airflow/dags/transformation_DAG.py
[2026-09-17T14:32:12.890+0000] {logging_mixin.py:188} INFO - [2026-09-17T14:32:12.889+0000] {dag.py:3096} INFO - Sync 1 DAGs
[2026-09-17T14:32:12.896+0000] {logging_mixin.py:188} INFO - [2026-09-17T14:32:12.896+0000] {dag.py:3954} INFO - Setting next_dagrun for load_transform_data_DAG to None, run_after=None
[2026-09-17T14:32:12.905+0000] {processor.py:183} INFO - Processing /opt/airflow/dags/transformation_DAG.py took 0.331 seconds
[2026-09-17T14:32:43.055+0000] {processor.py:161} INFO - Started process (PID=6841) to work on /opt/airflow/dags/transformation_DAG.py
[2026-09-17T14:32:43.151+0000] {processor.py:830} INFO - Processing file /opt/airflow/dags/transformation_DAG.py for tasks to queue
[2026-09-17T14:32:43.153+0000] {logging_mixin.py:188} INFO - [2026-09-17T14:32:43.152+0000] {dagbag.py:545} INFO - Filling up the DagBag from /opt/airflow/dags/transformation_DAG.py
[2026-09-17T14:32:43.442+0000] {processor.py:840} INFO - DAG(s) 'load_transform_data_DAG' retrieved from /opt/airflow/dags/transformation_DAG.py
[2026-09-17T14:32:43.453+0000] {logging_mixin.py:188} INFO - [2026-09-17T14:32:43.453+0000] {dag.py:3096} INFO - Sync 1 DAGs
[2026-09-17T14:32:43.459+0000] {logging_mixin.py:188} INFO - [2026-09-17T14:32:43.459+0000] {dag.py:3954} INFO - Setting next_dagrun for load_transform_data_DAG to None, run_after=None
[2026-09-17T14:32:43.473+0000] {processor.py:183} INFO - Processing /opt/airflow/dags/transformation_DAG.py took 0.428 seconds
[2026-09-17T14:33:13.612+0000] {processor.py:161} INFO - Started process (PID=6851) to work on /opt/airflow/dags/transformation_DAG.py
[2026-09-17T14:33:13.613+0000] {processor.py:830} INFO - Processing file /opt/airflow/dags/transformation_DAG.py for tasks to queue
[2026-09-17T14:33:13.613+0000] {logging_mixin.py:188} INFO - [2026-09-17T14:33:13.613+0000] {dagbag.py:545} INFO - Filling up the DagBag from /opt/airflow/dags/transformation_DAG.py
[2026-09-17T14:33:13.929+0000] {processor.py:840} INFO - DAG(s) 'load_transform_data_DAG' retrieved from /opt/airflow/dags/transformation_DAG.py
[2026-09-17T14:33:13.939+0000] {logging_mixin.py:188} INFO - [2026-09-17T14:33:13.939+0000] {dag.py:3096} INFO - Sync 1 DAGs
[2026-09-17T14:33:13.946+0000] {logging_mixin.py:188} INFO - [2026-09-17T14:33:13.946+0000] {dag.py:3954} INFO - Setting next_dagrun for load_transform_data_DAG to None, run_after=None
[2026-09-17T14:33:13.955+0000] {processor.py:183} INFO - Processing /opt/airflow/dags/transformation_DAG.py took 0.347 seconds
[2026-09-17T14:33:44.083+0000] {processor.py:161} INFO - Started process (PID=6861) to work on /opt/airflow/dags/transformation_DAG.py
[2026-09-17T14:33:44.174+0000] {processor.py:830} INFO - Processing file /opt/airflow/dags/transformation_DAG.py for tasks to queue
[2026-09-17T14:33:44.176+0000] {logging_mixin.py:188} INFO - [2026-09-17T14:33:44.175+0000] {dagbag.py:545} INFO - Filling up the DagBag from /opt/airflow/dags/transformation_DAG.py
[2026-09-17T14:33:44.501+0000] {processor.py:840} INFO - DAG(s) 'load_transform_data_DAG' retrieved from /opt/airflow/dags/transformation_DAG.py
[2026-09-17T14:33:44.513+0000] {logging_mixin.py:188} INFO - [2026-09-17T14:33:44.513+0000] {dag.py:3096} INFO - Sync 1 DAGs
[2026-09-17T14:33:44.519+0000] {logging_mixin.py:188} INFO - [2026-09-17T14:33:44.518+0000] {dag.py:3954} INFO - Setting next_dagrun for load_transform_data_DAG to None, run_after=None
[2026-09-17T14:33:44.528+0000] {processor.py:183} INFO - Processing /opt/airflow/dags/transformation_DAG.py took 0.453 seconds
[2026-09-17T14:34:14.661+0000] {processor.py:161} INFO - Started process (PID=6871) to work on /opt/airflow/dags/transformation_DAG.py
[2026-09-17T14:34:14.662+0000] {processor.py:830} INFO - Processing file /opt/airflow/dags/transformation_DAG.py for tasks to queue
[2026-09-17T14:34:14.663+0000] {logging_mixin.py:188} INFO - [2026-09-17T14:34:14.663+0000] {dagbag.py:545} INFO - Filling up the DagBag from /opt/airflow/dags/transformation_DAG.py
[2026-09-17T14:34:14.961+0000] {processor.py:840} INFO - DAG(s) 'load_transform_data_DAG' retrieved from /opt/airflow/dags/transformation_DAG.py
[2026-09-17T14:34:14.973+0000] {logging_mixin.py:188} INFO - [2026-09-17T14:34:14.973+0000] {dag.py:3096} INFO - Sync 1 DAGs
[2026-09-17T14:34:14.979+0000] {logging_mixin.py:188} INFO - [2026-09-17T14:34:14.979+0000] {dag.py:3954} INFO - Setting next_dagrun for load_transform_data_DAG to None, run_after=None
[2026-09-17T14:34:14.989+0000] {processor.py:183} INFO - Processing /opt/airflow/dags/transformation_DAG.py took 0.337 seconds
[2026-09-17T14:34:45.121+0000] {processor.py:161} INFO - Started process (PID=6881) to work on /opt/airflow/dags/transformation_DAG.py
[2026-09-17T14:34:45.156+0000] {processor.py:830} INFO - Processing file /opt/airflow/dags/transformation_DAG.py for tasks to queue
[2026-09-17T14:34:45.158+0000] {logging_mixin.py:188} INFO - [2026-09-17T14:34:45.157+0000] {dagbag.py:545} INFO - Filling up the DagBag from /opt/airflow/dags/transformation_DAG.py
[2026-09-17T14:34:45.453+0000] {processor.py:840} INFO - DAG(s) 'load_transform_data_DAG' retrieved from /opt/airflow/dags/transformation_DAG.py
[2026-09-17T14:34:45.464+0000] {logging_mixin.py:188} INFO - [2026-09-17T14:34:45.464+0000] {dag.py:3096} INFO - Sync 1 DAGs
[2026-09-17T14:34:45.470+0000] {logging_mixin.py:188} INFO - [2026-09-17T14:34:45.470+0000] {dag.py:3954} INFO - Setting next_dagrun for load_transform_data_DAG to None, run_after=None
[2026-09-17T14:34:45.477+0000] {processor.py:183} INFO - Processing /opt/airflow/dags/transformation_DAG.py took 0.366 seconds
[2026-09-17T14:35:15.628+0000] {processor.py:161} INFO - Started process (PID=6891) to work on /opt/airflow/dags/transformation_DAG.py
[2026-09-17T14:35:15.630+0000] {processor.py:830} INFO - Processing file /opt/airflow/dags/transformation_DAG.py for tasks to queue
[2026-09-17T14:35:15.631+0000] {logging_mixin.py:188} INFO - [2026-09-17T14:35:15.630+0000] {dagbag.py:545} INFO - Filling up the DagBag from /opt/airflow/dags/transformation_DAG.py
[2026-09-17T14:35:15.926+0000] {processor.py:840} INFO - DAG(s) 'load_transform_data_DAG' retrieved from /opt/airflow/dags/transformation_DAG.py
[2026-09-17T14:35:15.937+0000] {logging_mixin.py:188} INFO - [2026-09-17T14:35:15.937+0000] {dag.py:3096} INFO - Sync 1 DAGs
[2026-09-17T14:35:15.943+0000] {logging_mixin.py:188} INFO - [2026-09-17T14:35:15.943+0000] {dag.py:3954} INFO - Setting next_dagrun for load_transform_data_DAG to None, run_after=None
[2026-09-17T14:35:15.952+0000] {processor.py:183} INFO - Processing /opt/airflow/dags/transformation_DAG.py took 0.333 seconds
[2026-09-17T14:35:46.105+0000] {processor.py:161} INFO - Started process (PID=6901) to work on /opt/airflow/dags/transformation_DAG.py
[2026-09-17T14:35:46.111+0000] {processor.py:830} INFO - Processing file /opt/airflow/dags/transformation_DAG.py for tasks to queue
[2026-09-17T14:35:46.111+0000] {logging_mixin.py:188} INFO - [2026-09-17T14:35:46.111+0000] {dagbag.py:545} INFO - Filling up the DagBag from /opt/airflow/dags/transformation_DAG.py
[2026-09-17T14:35:46.114+0000] {logging_mixin.py:188} INFO - [2026-09-17T14:35:46.113+0000] {dagbag.py:355} ERROR - Failed to import: /opt/airflow/dags/transformation_DAG.py
Traceback (most recent call last):
  File "/home/airflow/.local/lib/python3.12/site-packages/airflow/models/dagbag.py", line 351, in parse
    loader.exec_module(new_module)
  File "<frozen importlib._bootstrap_external>", line 995, in exec_module
  File "<frozen importlib._bootstrap>", line 488, in _call_with_frames_removed
  File "/opt/airflow/dags/transformation_DAG.py", line 9, in <module>
    from include import load
  File "/opt/airflow/include/load.py", line 79
    def 
        ^
SyntaxError: invalid syntax
[2026-09-17T14:35:46.115+0000] {processor.py:842} WARNING - No viable dags retrieved from /opt/airflow/dags/transformation_DAG.py
[2026-09-17T14:35:46.127+0000] {processor.py:183} INFO - Processing /opt/airflow/dags/transformation_DAG.py took 0.030 seconds
[2026-09-17T14:36:16.236+0000] {processor.py:161} INFO - Started process (PID=6910) to work on /opt/airflow/dags/transformation_DAG.py
[2026-09-17T14:36:16.236+0000] {processor.py:830} INFO - Processing file /opt/airflow/dags/transformation_DAG.py for tasks to queue
[2026-09-17T14:36:16.237+0000] {logging_mixin.py:188} INFO - [2026-09-17T14:36:16.237+0000] {dagbag.py:545} INFO - Filling up the DagBag from /opt/airflow/dags/transformation_DAG.py
[2026-09-17T14:36:16.564+0000] {processor.py:840} INFO - DAG(s) 'load_transform_data_DAG' retrieved from /opt/airflow/dags/transformation_DAG.py
[2026-09-17T14:36:16.577+0000] {logging_mixin.py:188} INFO - [2026-09-17T14:36:16.576+0000] {dag.py:3096} INFO - Sync 1 DAGs
[2026-09-17T14:36:16.586+0000] {logging_mixin.py:188} INFO - [2026-09-17T14:36:16.585+0000] {dag.py:3954} INFO - Setting next_dagrun for load_transform_data_DAG to None, run_after=None
[2026-09-17T14:36:16.598+0000] {processor.py:183} INFO - Processing /opt/airflow/dags/transformation_DAG.py took 0.367 seconds
[2026-09-17T14:36:46.728+0000] {processor.py:161} INFO - Started process (PID=6926) to work on /opt/airflow/dags/transformation_DAG.py
[2026-09-17T14:36:46.734+0000] {processor.py:830} INFO - Processing file /opt/airflow/dags/transformation_DAG.py for tasks to queue
[2026-09-17T14:36:46.736+0000] {logging_mixin.py:188} INFO - [2026-09-17T14:36:46.735+0000] {dagbag.py:545} INFO - Filling up the DagBag from /opt/airflow/dags/transformation_DAG.py
[2026-09-17T14:36:47.056+0000] {processor.py:840} INFO - DAG(s) 'load_transform_data_DAG' retrieved from /opt/airflow/dags/transformation_DAG.py
[2026-09-17T14:36:47.069+0000] {logging_mixin.py:188} INFO - [2026-09-17T14:36:47.068+0000] {dag.py:3096} INFO - Sync 1 DAGs
[2026-09-17T14:36:47.076+0000] {logging_mixin.py:188} INFO - [2026-09-17T14:36:47.075+0000] {dag.py:3954} INFO - Setting next_dagrun for load_transform_data_DAG to None, run_after=None
[2026-09-17T14:36:47.086+0000] {processor.py:183} INFO - Processing /opt/airflow/dags/transformation_DAG.py took 0.367 seconds
[2026-09-17T14:37:17.206+0000] {processor.py:161} INFO - Started process (PID=6936) to work on /opt/airflow/dags/transformation_DAG.py
[2026-09-17T14:37:17.207+0000] {processor.py:830} INFO - Processing file /opt/airflow/dags/transformation_DAG.py for tasks to queue
[2026-09-17T14:37:17.208+0000] {logging_mixin.py:188} INFO - [2026-09-17T14:37:17.208+0000] {dagbag.py:545} INFO - Filling up the DagBag from /opt/airflow/dags/transformation_DAG.py
[2026-09-17T14:37:17.497+0000] {processor.py:840} INFO - DAG(s) 'load_transform_data_DAG' retrieved from /opt/airflow/dags/transformation_DAG.py
[2026-09-17T14:37:17.507+0000] {logging_mixin.py:188} INFO - [2026-09-17T14:37:17.506+0000] {dag.py:3096} INFO - Sync 1 DAGs
[2026-09-17T14:37:17.514+0000] {logging_mixin.py:188} INFO - [2026-09-17T14:37:17.514+0000] {dag.py:3954} INFO - Setting next_dagrun for load_transform_data_DAG to None, run_after=None
[2026-09-17T14:37:17.523+0000] {processor.py:183} INFO - Processing /opt/airflow/dags/transformation_DAG.py took 0.326 seconds
[2026-09-17T14:37:47.655+0000] {processor.py:161} INFO - Started process (PID=6946) to work on /opt/airflow/dags/transformation_DAG.py
[2026-09-17T14:37:47.660+0000] {processor.py:830} INFO - Processing file /opt/airflow/dags/transformation_DAG.py for tasks to queue
[2026-09-17T14:37:47.661+0000] {logging_mixin.py:188} INFO - [2026-09-17T14:37:47.661+0000] {dagbag.py:545} INFO - Filling up the DagBag from /opt/airflow/dags/transformation_DAG.py
[2026-09-17T14:37:47.980+0000] {processor.py:840} INFO - DAG(s) 'load_transform_data_DAG' retrieved from /opt/airflow/dags/transformation_DAG.py
[2026-09-17T14:37:47.991+0000] {logging_mixin.py:188} INFO - [2026-09-17T14:37:47.991+0000] {dag.py:3096} INFO - Sync 1 DAGs
[2026-09-17T14:37:47.997+0000] {logging_mixin.py:188} INFO - [2026-09-17T14:37:47.997+0000] {dag.py:3954} INFO - Setting next_dagrun for load_transform_data_DAG to None, run_after=None
[2026-09-17T14:37:48.006+0000] {processor.py:183} INFO - Processing /opt/airflow/dags/transformation_DAG.py took 0.358 seconds
[2026-09-17T14:38:18.140+0000] {processor.py:161} INFO - Started process (PID=6956) to work on /opt/airflow/dags/transformation_DAG.py
[2026-09-17T14:38:18.141+0000] {processor.py:830} INFO - Processing file /opt/airflow/dags/transformation_DAG.py for tasks to queue
[2026-09-17T14:38:18.142+0000] {logging_mixin.py:188} INFO - [2026-09-17T14:38:18.142+0000] {dagbag.py:545} INFO - Filling up the DagBag from /opt/airflow/dags/transformation_DAG.py
[2026-09-17T14:38:18.449+0000] {processor.py:840} INFO - DAG(s) 'load_transform_data_DAG' retrieved from /opt/airflow/dags/transformation_DAG.py
[2026-09-17T14:38:18.461+0000] {logging_mixin.py:188} INFO - [2026-09-17T14:38:18.461+0000] {dag.py:3096} INFO - Sync 1 DAGs
[2026-09-17T14:38:18.469+0000] {logging_mixin.py:188} INFO - [2026-09-17T14:38:18.468+0000] {dag.py:3954} INFO - Setting next_dagrun for load_transform_data_DAG to None, run_after=None
[2026-09-17T14:38:18.478+0000] {processor.py:183} INFO - Processing /opt/airflow/dags/transformation_DAG.py took 0.347 seconds
[2026-09-17T14:38:48.624+0000] {processor.py:161} INFO - Started process (PID=6966) to work on /opt/airflow/dags/transformation_DAG.py
[2026-09-17T14:38:48.708+0000] {processor.py:830} INFO - Processing file /opt/airflow/dags/transformation_DAG.py for tasks to queue
[2026-09-17T14:38:48.709+0000] {logging_mixin.py:188} INFO - [2026-09-17T14:38:48.709+0000] {dagbag.py:545} INFO - Filling up the DagBag from /opt/airflow/dags/transformation_DAG.py
[2026-09-17T14:38:49.013+0000] {processor.py:840} INFO - DAG(s) 'load_transform_data_DAG' retrieved from /opt/airflow/dags/transformation_DAG.py
[2026-09-17T14:38:49.024+0000] {logging_mixin.py:188} INFO - [2026-09-17T14:38:49.024+0000] {dag.py:3096} INFO - Sync 1 DAGs
[2026-09-17T14:38:49.032+0000] {logging_mixin.py:188} INFO - [2026-09-17T14:38:49.031+0000] {dag.py:3954} INFO - Setting next_dagrun for load_transform_data_DAG to None, run_after=None
[2026-09-17T14:38:49.041+0000] {processor.py:183} INFO - Processing /opt/airflow/dags/transformation_DAG.py took 0.422 seconds
[2026-09-17T14:39:19.174+0000] {processor.py:161} INFO - Started process (PID=6976) to work on /opt/airflow/dags/transformation_DAG.py
[2026-09-17T14:39:19.175+0000] {processor.py:830} INFO - Processing file /opt/airflow/dags/transformation_DAG.py for tasks to queue
[2026-09-17T14:39:19.176+0000] {logging_mixin.py:188} INFO - [2026-09-17T14:39:19.176+0000] {dagbag.py:545} INFO - Filling up the DagBag from /opt/airflow/dags/transformation_DAG.py
[2026-09-17T14:39:19.483+0000] {processor.py:840} INFO - DAG(s) 'load_transform_data_DAG' retrieved from /opt/airflow/dags/transformation_DAG.py
[2026-09-17T14:39:19.497+0000] {logging_mixin.py:188} INFO - [2026-09-17T14:39:19.497+0000] {dag.py:3096} INFO - Sync 1 DAGs
[2026-09-17T14:39:19.504+0000] {logging_mixin.py:188} INFO - [2026-09-17T14:39:19.504+0000] {dag.py:3954} INFO - Setting next_dagrun for load_transform_data_DAG to None, run_after=None
[2026-09-17T14:39:19.513+0000] {processor.py:183} INFO - Processing /opt/airflow/dags/transformation_DAG.py took 0.348 seconds
[2026-09-17T14:39:49.667+0000] {processor.py:161} INFO - Started process (PID=6986) to work on /opt/airflow/dags/transformation_DAG.py
[2026-09-17T14:39:49.674+0000] {processor.py:830} INFO - Processing file /opt/airflow/dags/transformation_DAG.py for tasks to queue
[2026-09-17T14:39:49.675+0000] {logging_mixin.py:188} INFO - [2026-09-17T14:39:49.675+0000] {dagbag.py:545} INFO - Filling up the DagBag from /opt/airflow/dags/transformation_DAG.py
[2026-09-17T14:39:49.976+0000] {processor.py:840} INFO - DAG(s) 'load_transform_data_DAG' retrieved from /opt/airflow/dags/transformation_DAG.py
[2026-09-17T14:39:49.987+0000] {logging_mixin.py:188} INFO - [2026-09-17T14:39:49.987+0000] {dag.py:3096} INFO - Sync 1 DAGs
[2026-09-17T14:39:49.993+0000] {logging_mixin.py:188} INFO - [2026-09-17T14:39:49.993+0000] {dag.py:3954} INFO - Setting next_dagrun for load_transform_data_DAG to None, run_after=None
[2026-09-17T14:39:50.004+0000] {processor.py:183} INFO - Processing /opt/airflow/dags/transformation_DAG.py took 0.346 seconds
[2026-09-17T14:40:20.145+0000] {processor.py:161} INFO - Started process (PID=6996) to work on /opt/airflow/dags/transformation_DAG.py
[2026-09-17T14:40:20.145+0000] {processor.py:830} INFO - Processing file /opt/airflow/dags/transformation_DAG.py for tasks to queue
[2026-09-17T14:40:20.146+0000] {logging_mixin.py:188} INFO - [2026-09-17T14:40:20.145+0000] {dagbag.py:545} INFO - Filling up the DagBag from /opt/airflow/dags/transformation_DAG.py
[2026-09-17T14:40:20.484+0000] {logging_mixin.py:188} INFO - [2026-09-17T14:40:20.483+0000] {dagbag.py:355} ERROR - Failed to import: /opt/airflow/dags/transformation_DAG.py
Traceback (most recent call last):
  File "/home/airflow/.local/lib/python3.12/site-packages/airflow/models/dagbag.py", line 351, in parse
    loader.exec_module(new_module)
  File "<frozen importlib._bootstrap_external>", line 995, in exec_module
  File "<frozen importlib._bootstrap>", line 488, in _call_with_frames_removed
  File "/opt/airflow/dags/transformation_DAG.py", line 10, in <module>
    from include import transform
  File "/opt/airflow/include/transform.py", line 23
    seconds = int(match.group(3) or "0") + minutes * 
                                                     ^
SyntaxError: invalid syntax
[2026-09-17T14:40:20.484+0000] {processor.py:842} WARNING - No viable dags retrieved from /opt/airflow/dags/transformation_DAG.py
[2026-09-17T14:40:20.495+0000] {processor.py:183} INFO - Processing /opt/airflow/dags/transformation_DAG.py took 0.354 seconds
[2026-09-17T14:40:50.605+0000] {processor.py:161} INFO - Started process (PID=7006) to work on /opt/airflow/dags/transformation_DAG.py
[2026-09-17T14:40:50.609+0000] {processor.py:830} INFO - Processing file /opt/airflow/dags/transformation_DAG.py for tasks to queue
[2026-09-17T14:40:50.609+0000] {logging_mixin.py:188} INFO - [2026-09-17T14:40:50.609+0000] {dagbag.py:545} INFO - Filling up the DagBag from /opt/airflow/dags/transformation_DAG.py
[2026-09-17T14:40:50.925+0000] {processor.py:840} INFO - DAG(s) 'load_transform_data_DAG' retrieved from /opt/airflow/dags/transformation_DAG.py
[2026-09-17T14:40:50.936+0000] {logging_mixin.py:188} INFO - [2026-09-17T14:40:50.936+0000] {dag.py:3096} INFO - Sync 1 DAGs
[2026-09-17T14:40:50.943+0000] {logging_mixin.py:188} INFO - [2026-09-17T14:40:50.943+0000] {dag.py:3954} INFO - Setting next_dagrun for load_transform_data_DAG to None, run_after=None
[2026-09-17T14:40:50.953+0000] {processor.py:183} INFO - Processing /opt/airflow/dags/transformation_DAG.py took 0.352 seconds
[2026-09-17T14:41:21.051+0000] {processor.py:161} INFO - Started process (PID=7016) to work on /opt/airflow/dags/transformation_DAG.py
[2026-09-17T14:41:21.052+0000] {processor.py:830} INFO - Processing file /opt/airflow/dags/transformation_DAG.py for tasks to queue
[2026-09-17T14:41:21.052+0000] {logging_mixin.py:188} INFO - [2026-09-17T14:41:21.052+0000] {dagbag.py:545} INFO - Filling up the DagBag from /opt/airflow/dags/transformation_DAG.py
[2026-09-17T14:41:21.349+0000] {processor.py:840} INFO - DAG(s) 'load_transform_data_DAG' retrieved from /opt/airflow/dags/transformation_DAG.py
[2026-09-17T14:41:21.360+0000] {logging_mixin.py:188} INFO - [2026-09-17T14:41:21.360+0000] {dag.py:3096} INFO - Sync 1 DAGs
[2026-09-17T14:41:21.366+0000] {logging_mixin.py:188} INFO - [2026-09-17T14:41:21.366+0000] {dag.py:3954} INFO - Setting next_dagrun for load_transform_data_DAG to None, run_after=None
[2026-09-17T14:41:21.375+0000] {processor.py:183} INFO - Processing /opt/airflow/dags/transformation_DAG.py took 0.329 seconds
[2026-09-17T14:41:51.501+0000] {processor.py:161} INFO - Started process (PID=7026) to work on /opt/airflow/dags/transformation_DAG.py
[2026-09-17T14:41:51.506+0000] {processor.py:830} INFO - Processing file /opt/airflow/dags/transformation_DAG.py for tasks to queue
[2026-09-17T14:41:51.508+0000] {logging_mixin.py:188} INFO - [2026-09-17T14:41:51.507+0000] {dagbag.py:545} INFO - Filling up the DagBag from /opt/airflow/dags/transformation_DAG.py
[2026-09-17T14:41:51.812+0000] {processor.py:840} INFO - DAG(s) 'load_transform_data_DAG' retrieved from /opt/airflow/dags/transformation_DAG.py
[2026-09-17T14:41:51.825+0000] {logging_mixin.py:188} INFO - [2026-09-17T14:41:51.824+0000] {dag.py:3096} INFO - Sync 1 DAGs
[2026-09-17T14:41:51.833+0000] {logging_mixin.py:188} INFO - [2026-09-17T14:41:51.833+0000] {dag.py:3954} INFO - Setting next_dagrun for load_transform_data_DAG to None, run_after=None
[2026-09-17T14:41:51.844+0000] {processor.py:183} INFO - Processing /opt/airflow/dags/transformation_DAG.py took 0.351 seconds
[2026-09-17T14:42:21.967+0000] {processor.py:161} INFO - Started process (PID=7036) to work on /opt/airflow/dags/transformation_DAG.py
[2026-09-17T14:42:21.967+0000] {processor.py:830} INFO - Processing file /opt/airflow/dags/transformation_DAG.py for tasks to queue
[2026-09-17T14:42:21.968+0000] {logging_mixin.py:188} INFO - [2026-09-17T14:42:21.968+0000] {dagbag.py:545} INFO - Filling up the DagBag from /opt/airflow/dags/transformation_DAG.py
[2026-09-17T14:42:22.291+0000] {processor.py:840} INFO - DAG(s) 'load_transform_data_DAG' retrieved from /opt/airflow/dags/transformation_DAG.py
[2026-09-17T14:42:22.305+0000] {logging_mixin.py:188} INFO - [2026-09-17T14:42:22.305+0000] {dag.py:3096} INFO - Sync 1 DAGs
[2026-09-17T14:42:22.313+0000] {logging_mixin.py:188} INFO - [2026-09-17T14:42:22.312+0000] {dag.py:3954} INFO - Setting next_dagrun for load_transform_data_DAG to None, run_after=None
[2026-09-17T14:42:22.323+0000] {processor.py:183} INFO - Processing /opt/airflow/dags/transformation_DAG.py took 0.360 seconds
[2026-09-17T14:42:52.467+0000] {processor.py:161} INFO - Started process (PID=7046) to work on /opt/airflow/dags/transformation_DAG.py
[2026-09-17T14:42:52.476+0000] {processor.py:830} INFO - Processing file /opt/airflow/dags/transformation_DAG.py for tasks to queue
[2026-09-17T14:42:52.476+0000] {logging_mixin.py:188} INFO - [2026-09-17T14:42:52.476+0000] {dagbag.py:545} INFO - Filling up the DagBag from /opt/airflow/dags/transformation_DAG.py
[2026-09-17T14:42:52.786+0000] {processor.py:840} INFO - DAG(s) 'load_transform_data_DAG' retrieved from /opt/airflow/dags/transformation_DAG.py
[2026-09-17T14:42:52.798+0000] {logging_mixin.py:188} INFO - [2026-09-17T14:42:52.797+0000] {dag.py:3096} INFO - Sync 1 DAGs
[2026-09-17T14:42:52.804+0000] {logging_mixin.py:188} INFO - [2026-09-17T14:42:52.804+0000] {dag.py:3954} INFO - Setting next_dagrun for load_transform_data_DAG to None, run_after=None
[2026-09-17T14:42:52.814+0000] {processor.py:183} INFO - Processing /opt/airflow/dags/transformation_DAG.py took 0.351 seconds
[2026-09-17T14:43:22.998+0000] {processor.py:161} INFO - Started process (PID=7056) to work on /opt/airflow/dags/transformation_DAG.py
[2026-09-17T14:43:22.999+0000] {processor.py:830} INFO - Processing file /opt/airflow/dags/transformation_DAG.py for tasks to queue
[2026-09-17T14:43:23.000+0000] {logging_mixin.py:188} INFO - [2026-09-17T14:43:23.000+0000] {dagbag.py:545} INFO - Filling up the DagBag from /opt/airflow/dags/transformation_DAG.py
[2026-09-17T14:43:23.320+0000] {processor.py:840} INFO - DAG(s) 'load_transform_data_DAG' retrieved from /opt/airflow/dags/transformation_DAG.py
[2026-09-17T14:43:23.331+0000] {logging_mixin.py:188} INFO - [2026-09-17T14:43:23.331+0000] {dag.py:3096} INFO - Sync 1 DAGs
[2026-09-17T14:43:23.337+0000] {logging_mixin.py:188} INFO - [2026-09-17T14:43:23.337+0000] {dag.py:3954} INFO - Setting next_dagrun for load_transform_data_DAG to None, run_after=None
[2026-09-17T14:43:23.346+0000] {processor.py:183} INFO - Processing /opt/airflow/dags/transformation_DAG.py took 0.357 seconds
[2026-09-17T14:43:53.505+0000] {processor.py:161} INFO - Started process (PID=7066) to work on /opt/airflow/dags/transformation_DAG.py
[2026-09-17T14:43:53.508+0000] {processor.py:830} INFO - Processing file /opt/airflow/dags/transformation_DAG.py for tasks to queue
[2026-09-17T14:43:53.509+0000] {logging_mixin.py:188} INFO - [2026-09-17T14:43:53.509+0000] {dagbag.py:545} INFO - Filling up the DagBag from /opt/airflow/dags/transformation_DAG.py
[2026-09-17T14:43:53.836+0000] {processor.py:840} INFO - DAG(s) 'load_transform_data_DAG' retrieved from /opt/airflow/dags/transformation_DAG.py
[2026-09-17T14:43:53.847+0000] {logging_mixin.py:188} INFO - [2026-09-17T14:43:53.847+0000] {dag.py:3096} INFO - Sync 1 DAGs
[2026-09-17T14:43:53.853+0000] {logging_mixin.py:188} INFO - [2026-09-17T14:43:53.853+0000] {dag.py:3954} INFO - Setting next_dagrun for load_transform_data_DAG to None, run_after=None
[2026-09-17T14:43:53.861+0000] {processor.py:183} INFO - Processing /opt/airflow/dags/transformation_DAG.py took 0.365 seconds
[2026-09-17T14:44:23.997+0000] {processor.py:161} INFO - Started process (PID=7076) to work on /opt/airflow/dags/transformation_DAG.py
[2026-09-17T14:44:23.998+0000] {processor.py:830} INFO - Processing file /opt/airflow/dags/transformation_DAG.py for tasks to queue
[2026-09-17T14:44:23.999+0000] {logging_mixin.py:188} INFO - [2026-09-17T14:44:23.999+0000] {dagbag.py:545} INFO - Filling up the DagBag from /opt/airflow/dags/transformation_DAG.py
[2026-09-17T14:44:24.306+0000] {processor.py:840} INFO - DAG(s) 'load_transform_data_DAG' retrieved from /opt/airflow/dags/transformation_DAG.py
[2026-09-17T14:44:24.317+0000] {logging_mixin.py:188} INFO - [2026-09-17T14:44:24.316+0000] {dag.py:3096} INFO - Sync 1 DAGs
[2026-09-17T14:44:24.323+0000] {logging_mixin.py:188} INFO - [2026-09-17T14:44:24.323+0000] {dag.py:3954} INFO - Setting next_dagrun for load_transform_data_DAG to None, run_after=None
[2026-09-17T14:44:24.333+0000] {processor.py:183} INFO - Processing /opt/airflow/dags/transformation_DAG.py took 0.345 seconds
[2026-09-17T14:44:54.488+0000] {processor.py:161} INFO - Started process (PID=7086) to work on /opt/airflow/dags/transformation_DAG.py
[2026-09-17T14:44:54.498+0000] {processor.py:830} INFO - Processing file /opt/airflow/dags/transformation_DAG.py for tasks to queue
[2026-09-17T14:44:54.499+0000] {logging_mixin.py:188} INFO - [2026-09-17T14:44:54.499+0000] {dagbag.py:545} INFO - Filling up the DagBag from /opt/airflow/dags/transformation_DAG.py
[2026-09-17T14:44:54.786+0000] {processor.py:840} INFO - DAG(s) 'load_transform_data_DAG' retrieved from /opt/airflow/dags/transformation_DAG.py
[2026-09-17T14:44:54.796+0000] {logging_mixin.py:188} INFO - [2026-09-17T14:44:54.796+0000] {dag.py:3096} INFO - Sync 1 DAGs
[2026-09-17T14:44:54.803+0000] {logging_mixin.py:188} INFO - [2026-09-17T14:44:54.803+0000] {dag.py:3954} INFO - Setting next_dagrun for load_transform_data_DAG to None, run_after=None
[2026-09-17T14:44:54.815+0000] {processor.py:183} INFO - Processing /opt/airflow/dags/transformation_DAG.py took 0.335 seconds
[2026-09-17T14:45:24.966+0000] {processor.py:161} INFO - Started process (PID=7096) to work on /opt/airflow/dags/transformation_DAG.py
[2026-09-17T14:45:24.967+0000] {processor.py:830} INFO - Processing file /opt/airflow/dags/transformation_DAG.py for tasks to queue
[2026-09-17T14:45:24.968+0000] {logging_mixin.py:188} INFO - [2026-09-17T14:45:24.967+0000] {dagbag.py:545} INFO - Filling up the DagBag from /opt/airflow/dags/transformation_DAG.py
[2026-09-17T14:45:25.276+0000] {processor.py:840} INFO - DAG(s) 'load_transform_data_DAG' retrieved from /opt/airflow/dags/transformation_DAG.py
[2026-09-17T14:45:25.293+0000] {logging_mixin.py:188} INFO - [2026-09-17T14:45:25.293+0000] {dag.py:3096} INFO - Sync 1 DAGs
[2026-09-17T14:45:25.301+0000] {logging_mixin.py:188} INFO - [2026-09-17T14:45:25.301+0000] {dag.py:3954} INFO - Setting next_dagrun for load_transform_data_DAG to None, run_after=None
[2026-09-17T14:45:25.313+0000] {processor.py:183} INFO - Processing /opt/airflow/dags/transformation_DAG.py took 0.356 seconds
[2026-09-17T14:45:55.469+0000] {processor.py:161} INFO - Started process (PID=7107) to work on /opt/airflow/dags/transformation_DAG.py
[2026-09-17T14:45:55.478+0000] {processor.py:830} INFO - Processing file /opt/airflow/dags/transformation_DAG.py for tasks to queue
[2026-09-17T14:45:55.479+0000] {logging_mixin.py:188} INFO - [2026-09-17T14:45:55.479+0000] {dagbag.py:545} INFO - Filling up the DagBag from /opt/airflow/dags/transformation_DAG.py
[2026-09-17T14:45:55.798+0000] {processor.py:840} INFO - DAG(s) 'load_transform_data_DAG' retrieved from /opt/airflow/dags/transformation_DAG.py
[2026-09-17T14:45:55.811+0000] {logging_mixin.py:188} INFO - [2026-09-17T14:45:55.811+0000] {dag.py:3096} INFO - Sync 1 DAGs
[2026-09-17T14:45:55.817+0000] {logging_mixin.py:188} INFO - [2026-09-17T14:45:55.817+0000] {dag.py:3954} INFO - Setting next_dagrun for load_transform_data_DAG to None, run_after=None
[2026-09-17T14:45:55.827+0000] {processor.py:183} INFO - Processing /opt/airflow/dags/transformation_DAG.py took 0.366 seconds
[2026-09-17T14:46:25.998+0000] {processor.py:161} INFO - Started process (PID=7117) to work on /opt/airflow/dags/transformation_DAG.py
[2026-09-17T14:46:25.999+0000] {processor.py:830} INFO - Processing file /opt/airflow/dags/transformation_DAG.py for tasks to queue
[2026-09-17T14:46:26.000+0000] {logging_mixin.py:188} INFO - [2026-09-17T14:46:25.999+0000] {dagbag.py:545} INFO - Filling up the DagBag from /opt/airflow/dags/transformation_DAG.py
[2026-09-17T14:46:26.302+0000] {processor.py:840} INFO - DAG(s) 'load_transform_data_DAG' retrieved from /opt/airflow/dags/transformation_DAG.py
[2026-09-17T14:46:26.313+0000] {logging_mixin.py:188} INFO - [2026-09-17T14:46:26.312+0000] {dag.py:3096} INFO - Sync 1 DAGs
[2026-09-17T14:46:26.319+0000] {logging_mixin.py:188} INFO - [2026-09-17T14:46:26.318+0000] {dag.py:3954} INFO - Setting next_dagrun for load_transform_data_DAG to None, run_after=None
[2026-09-17T14:46:26.328+0000] {processor.py:183} INFO - Processing /opt/airflow/dags/transformation_DAG.py took 0.333 seconds
[2026-09-17T14:46:36.042+0000] {processor.py:161} INFO - Started process (PID=7119) to work on /opt/airflow/dags/transformation_DAG.py
[2026-09-17T14:46:36.053+0000] {processor.py:830} INFO - Processing file /opt/airflow/dags/transformation_DAG.py for tasks to queue
[2026-09-17T14:46:36.054+0000] {logging_mixin.py:188} INFO - [2026-09-17T14:46:36.054+0000] {dagbag.py:545} INFO - Filling up the DagBag from /opt/airflow/dags/transformation_DAG.py
[2026-09-17T14:46:36.389+0000] {logging_mixin.py:188} INFO - [2026-09-17T14:46:36.386+0000] {dagbag.py:355} ERROR - Failed to import: /opt/airflow/dags/transformation_DAG.py
Traceback (most recent call last):
  File "/home/airflow/.local/lib/python3.12/site-packages/airflow/models/dagbag.py", line 351, in parse
    loader.exec_module(new_module)
  File "<frozen importlib._bootstrap_external>", line 995, in exec_module
  File "<frozen importlib._bootstrap>", line 488, in _call_with_frames_removed
  File "/opt/airflow/dags/transformation_DAG.py", line 50, in <module>
    load_to_core = PythonOperator(
                   ^^^^^^^^^^^^^^^
  File "/home/airflow/.local/lib/python3.12/site-packages/airflow/models/baseoperator.py", line 485, in apply_defaults
    result = func(self, **kwargs, default_args=default_args)
             ^^^^^^^^^^^^^^^^^^^^^^^^^^^^^^^^^^^^^^^^^^^^^^^
  File "/home/airflow/.local/lib/python3.12/site-packages/airflow/operators/python.py", line 220, in __init__
    super().__init__(**kwargs)
  File "/home/airflow/.local/lib/python3.12/site-packages/airflow/models/baseoperator.py", line 485, in apply_defaults
    result = func(self, **kwargs, default_args=default_args)
             ^^^^^^^^^^^^^^^^^^^^^^^^^^^^^^^^^^^^^^^^^^^^^^^
  File "/home/airflow/.local/lib/python3.12/site-packages/airflow/models/baseoperator.py", line 882, in __init__
    raise AirflowException(
airflow.exceptions.AirflowException: Invalid arguments were passed to PythonOperator (task_id: load_data_to_core_table). Invalid arguments were:
**kwargs: {'od_kwargs': {'df': XComArg(<Task(PythonOperator): calculate_basic_stats>)}}
[2026-09-17T14:46:36.389+0000] {processor.py:842} WARNING - No viable dags retrieved from /opt/airflow/dags/transformation_DAG.py
[2026-09-17T14:46:36.398+0000] {processor.py:183} INFO - Processing /opt/airflow/dags/transformation_DAG.py took 0.360 seconds
[2026-09-17T14:47:04.526+0000] {processor.py:161} INFO - Started process (PID=7129) to work on /opt/airflow/dags/transformation_DAG.py
[2026-09-17T14:47:04.526+0000] {processor.py:830} INFO - Processing file /opt/airflow/dags/transformation_DAG.py for tasks to queue
[2026-09-17T14:47:04.527+0000] {logging_mixin.py:188} INFO - [2026-09-17T14:47:04.527+0000] {dagbag.py:545} INFO - Filling up the DagBag from /opt/airflow/dags/transformation_DAG.py
[2026-09-17T14:47:04.855+0000] {logging_mixin.py:188} INFO - [2026-09-17T14:47:04.853+0000] {dagbag.py:355} ERROR - Failed to import: /opt/airflow/dags/transformation_DAG.py
Traceback (most recent call last):
  File "/home/airflow/.local/lib/python3.12/site-packages/airflow/models/dagbag.py", line 351, in parse
    loader.exec_module(new_module)
  File "<frozen importlib._bootstrap_external>", line 995, in exec_module
  File "<frozen importlib._bootstrap>", line 488, in _call_with_frames_removed
  File "/opt/airflow/dags/transformation_DAG.py", line 50, in <module>
    load_to_core = PythonOperator(
                   ^^^^^^^^^^^^^^^
  File "/home/airflow/.local/lib/python3.12/site-packages/airflow/models/baseoperator.py", line 485, in apply_defaults
    result = func(self, **kwargs, default_args=default_args)
             ^^^^^^^^^^^^^^^^^^^^^^^^^^^^^^^^^^^^^^^^^^^^^^^
  File "/home/airflow/.local/lib/python3.12/site-packages/airflow/operators/python.py", line 220, in __init__
    super().__init__(**kwargs)
  File "/home/airflow/.local/lib/python3.12/site-packages/airflow/models/baseoperator.py", line 485, in apply_defaults
    result = func(self, **kwargs, default_args=default_args)
             ^^^^^^^^^^^^^^^^^^^^^^^^^^^^^^^^^^^^^^^^^^^^^^^
  File "/home/airflow/.local/lib/python3.12/site-packages/airflow/models/baseoperator.py", line 882, in __init__
    raise AirflowException(
airflow.exceptions.AirflowException: Invalid arguments were passed to PythonOperator (task_id: load_data_to_core_table). Invalid arguments were:
**kwargs: {'od_kwargs': {'df': XComArg(<Task(PythonOperator): calculate_basic_stats>)}}
[2026-09-17T14:47:04.856+0000] {processor.py:842} WARNING - No viable dags retrieved from /opt/airflow/dags/transformation_DAG.py
[2026-09-17T14:47:04.865+0000] {processor.py:183} INFO - Processing /opt/airflow/dags/transformation_DAG.py took 0.343 seconds
[2026-09-17T14:47:35.000+0000] {processor.py:161} INFO - Started process (PID=7139) to work on /opt/airflow/dags/transformation_DAG.py
[2026-09-17T14:47:35.089+0000] {processor.py:830} INFO - Processing file /opt/airflow/dags/transformation_DAG.py for tasks to queue
[2026-09-17T14:47:35.090+0000] {logging_mixin.py:188} INFO - [2026-09-17T14:47:35.090+0000] {dagbag.py:545} INFO - Filling up the DagBag from /opt/airflow/dags/transformation_DAG.py
[2026-09-17T14:47:35.392+0000] {logging_mixin.py:188} INFO - [2026-09-17T14:47:35.391+0000] {dagbag.py:355} ERROR - Failed to import: /opt/airflow/dags/transformation_DAG.py
Traceback (most recent call last):
  File "/home/airflow/.local/lib/python3.12/site-packages/airflow/models/dagbag.py", line 351, in parse
    loader.exec_module(new_module)
  File "<frozen importlib._bootstrap_external>", line 995, in exec_module
  File "<frozen importlib._bootstrap>", line 488, in _call_with_frames_removed
  File "/opt/airflow/dags/transformation_DAG.py", line 50, in <module>
    load_to_core = PythonOperator(
                   ^^^^^^^^^^^^^^^
  File "/home/airflow/.local/lib/python3.12/site-packages/airflow/models/baseoperator.py", line 485, in apply_defaults
    result = func(self, **kwargs, default_args=default_args)
             ^^^^^^^^^^^^^^^^^^^^^^^^^^^^^^^^^^^^^^^^^^^^^^^
  File "/home/airflow/.local/lib/python3.12/site-packages/airflow/operators/python.py", line 220, in __init__
    super().__init__(**kwargs)
  File "/home/airflow/.local/lib/python3.12/site-packages/airflow/models/baseoperator.py", line 485, in apply_defaults
    result = func(self, **kwargs, default_args=default_args)
             ^^^^^^^^^^^^^^^^^^^^^^^^^^^^^^^^^^^^^^^^^^^^^^^
  File "/home/airflow/.local/lib/python3.12/site-packages/airflow/models/baseoperator.py", line 882, in __init__
    raise AirflowException(
airflow.exceptions.AirflowException: Invalid arguments were passed to PythonOperator (task_id: load_data_to_core_table). Invalid arguments were:
**kwargs: {'od_kwargs': {'df': XComArg(<Task(PythonOperator): calculate_basic_stats>)}}
[2026-09-17T14:47:35.392+0000] {processor.py:842} WARNING - No viable dags retrieved from /opt/airflow/dags/transformation_DAG.py
[2026-09-17T14:47:35.402+0000] {processor.py:183} INFO - Processing /opt/airflow/dags/transformation_DAG.py took 0.410 seconds
[2026-09-17T14:47:39.441+0000] {processor.py:161} INFO - Started process (PID=7141) to work on /opt/airflow/dags/transformation_DAG.py
[2026-09-17T14:47:39.441+0000] {processor.py:830} INFO - Processing file /opt/airflow/dags/transformation_DAG.py for tasks to queue
[2026-09-17T14:47:39.442+0000] {logging_mixin.py:188} INFO - [2026-09-17T14:47:39.441+0000] {dagbag.py:545} INFO - Filling up the DagBag from /opt/airflow/dags/transformation_DAG.py
[2026-09-17T14:47:39.764+0000] {processor.py:840} INFO - DAG(s) 'load_transform_data_DAG' retrieved from /opt/airflow/dags/transformation_DAG.py
[2026-09-17T14:47:39.820+0000] {logging_mixin.py:188} INFO - [2026-09-17T14:47:39.820+0000] {dag.py:3096} INFO - Sync 1 DAGs
[2026-09-17T14:47:39.827+0000] {logging_mixin.py:188} INFO - [2026-09-17T14:47:39.827+0000] {dag.py:3954} INFO - Setting next_dagrun for load_transform_data_DAG to None, run_after=None
[2026-09-17T14:47:39.837+0000] {processor.py:183} INFO - Processing /opt/airflow/dags/transformation_DAG.py took 0.401 seconds
[2026-09-17T14:48:09.930+0000] {processor.py:161} INFO - Started process (PID=7151) to work on /opt/airflow/dags/transformation_DAG.py
[2026-09-17T14:48:09.930+0000] {processor.py:830} INFO - Processing file /opt/airflow/dags/transformation_DAG.py for tasks to queue
[2026-09-17T14:48:09.931+0000] {logging_mixin.py:188} INFO - [2026-09-17T14:48:09.931+0000] {dagbag.py:545} INFO - Filling up the DagBag from /opt/airflow/dags/transformation_DAG.py
[2026-09-17T14:48:10.265+0000] {processor.py:840} INFO - DAG(s) 'load_transform_data_DAG' retrieved from /opt/airflow/dags/transformation_DAG.py
[2026-09-17T14:48:10.278+0000] {logging_mixin.py:188} INFO - [2026-09-17T14:48:10.277+0000] {dag.py:3096} INFO - Sync 1 DAGs
[2026-09-17T14:48:10.285+0000] {logging_mixin.py:188} INFO - [2026-09-17T14:48:10.285+0000] {dag.py:3954} INFO - Setting next_dagrun for load_transform_data_DAG to None, run_after=None
[2026-09-17T14:48:10.295+0000] {processor.py:183} INFO - Processing /opt/airflow/dags/transformation_DAG.py took 0.369 seconds
[2026-09-17T14:48:40.418+0000] {processor.py:161} INFO - Started process (PID=7161) to work on /opt/airflow/dags/transformation_DAG.py
[2026-09-17T14:48:40.430+0000] {processor.py:830} INFO - Processing file /opt/airflow/dags/transformation_DAG.py for tasks to queue
[2026-09-17T14:48:40.431+0000] {logging_mixin.py:188} INFO - [2026-09-17T14:48:40.430+0000] {dagbag.py:545} INFO - Filling up the DagBag from /opt/airflow/dags/transformation_DAG.py
[2026-09-17T14:48:40.753+0000] {processor.py:840} INFO - DAG(s) 'load_transform_data_DAG' retrieved from /opt/airflow/dags/transformation_DAG.py
[2026-09-17T14:48:40.766+0000] {logging_mixin.py:188} INFO - [2026-09-17T14:48:40.766+0000] {dag.py:3096} INFO - Sync 1 DAGs
[2026-09-17T14:48:40.773+0000] {logging_mixin.py:188} INFO - [2026-09-17T14:48:40.773+0000] {dag.py:3954} INFO - Setting next_dagrun for load_transform_data_DAG to None, run_after=None
[2026-09-17T14:48:40.783+0000] {processor.py:183} INFO - Processing /opt/airflow/dags/transformation_DAG.py took 0.369 seconds
[2026-09-17T14:49:10.914+0000] {processor.py:161} INFO - Started process (PID=7171) to work on /opt/airflow/dags/transformation_DAG.py
[2026-09-17T14:49:10.915+0000] {processor.py:830} INFO - Processing file /opt/airflow/dags/transformation_DAG.py for tasks to queue
[2026-09-17T14:49:10.916+0000] {logging_mixin.py:188} INFO - [2026-09-17T14:49:10.916+0000] {dagbag.py:545} INFO - Filling up the DagBag from /opt/airflow/dags/transformation_DAG.py
[2026-09-17T14:49:11.223+0000] {processor.py:840} INFO - DAG(s) 'load_transform_data_DAG' retrieved from /opt/airflow/dags/transformation_DAG.py
[2026-09-17T14:49:11.234+0000] {logging_mixin.py:188} INFO - [2026-09-17T14:49:11.234+0000] {dag.py:3096} INFO - Sync 1 DAGs
[2026-09-17T14:49:11.241+0000] {logging_mixin.py:188} INFO - [2026-09-17T14:49:11.241+0000] {dag.py:3954} INFO - Setting next_dagrun for load_transform_data_DAG to None, run_after=None
[2026-09-17T14:49:11.250+0000] {processor.py:183} INFO - Processing /opt/airflow/dags/transformation_DAG.py took 0.345 seconds
[2026-09-17T14:49:41.401+0000] {processor.py:161} INFO - Started process (PID=7181) to work on /opt/airflow/dags/transformation_DAG.py
[2026-09-17T14:49:41.533+0000] {processor.py:830} INFO - Processing file /opt/airflow/dags/transformation_DAG.py for tasks to queue
[2026-09-17T14:49:41.534+0000] {logging_mixin.py:188} INFO - [2026-09-17T14:49:41.533+0000] {dagbag.py:545} INFO - Filling up the DagBag from /opt/airflow/dags/transformation_DAG.py
[2026-09-17T14:49:41.845+0000] {processor.py:840} INFO - DAG(s) 'load_transform_data_DAG' retrieved from /opt/airflow/dags/transformation_DAG.py
[2026-09-17T14:49:41.857+0000] {logging_mixin.py:188} INFO - [2026-09-17T14:49:41.856+0000] {dag.py:3096} INFO - Sync 1 DAGs
[2026-09-17T14:49:41.863+0000] {logging_mixin.py:188} INFO - [2026-09-17T14:49:41.863+0000] {dag.py:3954} INFO - Setting next_dagrun for load_transform_data_DAG to None, run_after=None
[2026-09-17T14:49:41.873+0000] {processor.py:183} INFO - Processing /opt/airflow/dags/transformation_DAG.py took 0.480 seconds
[2026-09-17T14:50:11.949+0000] {processor.py:161} INFO - Started process (PID=7191) to work on /opt/airflow/dags/transformation_DAG.py
[2026-09-17T14:50:11.951+0000] {processor.py:830} INFO - Processing file /opt/airflow/dags/transformation_DAG.py for tasks to queue
[2026-09-17T14:50:11.952+0000] {logging_mixin.py:188} INFO - [2026-09-17T14:50:11.951+0000] {dagbag.py:545} INFO - Filling up the DagBag from /opt/airflow/dags/transformation_DAG.py
[2026-09-17T14:50:12.328+0000] {processor.py:840} INFO - DAG(s) 'load_transform_data_DAG' retrieved from /opt/airflow/dags/transformation_DAG.py
[2026-09-17T14:50:12.340+0000] {logging_mixin.py:188} INFO - [2026-09-17T14:50:12.340+0000] {dag.py:3096} INFO - Sync 1 DAGs
[2026-09-17T14:50:12.347+0000] {logging_mixin.py:188} INFO - [2026-09-17T14:50:12.347+0000] {dag.py:3954} INFO - Setting next_dagrun for load_transform_data_DAG to None, run_after=None
[2026-09-17T14:50:12.357+0000] {processor.py:183} INFO - Processing /opt/airflow/dags/transformation_DAG.py took 0.413 seconds
[2026-09-17T14:50:42.475+0000] {processor.py:161} INFO - Started process (PID=7201) to work on /opt/airflow/dags/transformation_DAG.py
[2026-09-17T14:50:42.560+0000] {processor.py:830} INFO - Processing file /opt/airflow/dags/transformation_DAG.py for tasks to queue
[2026-09-17T14:50:42.560+0000] {logging_mixin.py:188} INFO - [2026-09-17T14:50:42.560+0000] {dagbag.py:545} INFO - Filling up the DagBag from /opt/airflow/dags/transformation_DAG.py
[2026-09-17T14:50:42.895+0000] {processor.py:840} INFO - DAG(s) 'load_transform_data_DAG' retrieved from /opt/airflow/dags/transformation_DAG.py
[2026-09-17T14:50:42.911+0000] {logging_mixin.py:188} INFO - [2026-09-17T14:50:42.911+0000] {dag.py:3096} INFO - Sync 1 DAGs
[2026-09-17T14:50:42.920+0000] {logging_mixin.py:188} INFO - [2026-09-17T14:50:42.920+0000] {dag.py:3954} INFO - Setting next_dagrun for load_transform_data_DAG to None, run_after=None
[2026-09-17T14:50:42.929+0000] {processor.py:183} INFO - Processing /opt/airflow/dags/transformation_DAG.py took 0.458 seconds
[2026-09-17T14:51:12.963+0000] {processor.py:161} INFO - Started process (PID=7211) to work on /opt/airflow/dags/transformation_DAG.py
[2026-09-17T14:51:12.964+0000] {processor.py:830} INFO - Processing file /opt/airflow/dags/transformation_DAG.py for tasks to queue
[2026-09-17T14:51:12.965+0000] {logging_mixin.py:188} INFO - [2026-09-17T14:51:12.964+0000] {dagbag.py:545} INFO - Filling up the DagBag from /opt/airflow/dags/transformation_DAG.py
[2026-09-17T14:51:13.274+0000] {processor.py:840} INFO - DAG(s) 'load_transform_data_DAG' retrieved from /opt/airflow/dags/transformation_DAG.py
[2026-09-17T14:51:13.286+0000] {logging_mixin.py:188} INFO - [2026-09-17T14:51:13.286+0000] {dag.py:3096} INFO - Sync 1 DAGs
[2026-09-17T14:51:13.293+0000] {logging_mixin.py:188} INFO - [2026-09-17T14:51:13.293+0000] {dag.py:3954} INFO - Setting next_dagrun for load_transform_data_DAG to None, run_after=None
[2026-09-17T14:51:13.303+0000] {processor.py:183} INFO - Processing /opt/airflow/dags/transformation_DAG.py took 0.348 seconds
[2026-09-17T14:51:43.420+0000] {processor.py:161} INFO - Started process (PID=7221) to work on /opt/airflow/dags/transformation_DAG.py
[2026-09-17T14:51:43.430+0000] {processor.py:830} INFO - Processing file /opt/airflow/dags/transformation_DAG.py for tasks to queue
[2026-09-17T14:51:43.431+0000] {logging_mixin.py:188} INFO - [2026-09-17T14:51:43.430+0000] {dagbag.py:545} INFO - Filling up the DagBag from /opt/airflow/dags/transformation_DAG.py
[2026-09-17T14:51:43.758+0000] {processor.py:840} INFO - DAG(s) 'load_transform_data_DAG' retrieved from /opt/airflow/dags/transformation_DAG.py
[2026-09-17T14:51:43.778+0000] {logging_mixin.py:188} INFO - [2026-09-17T14:51:43.778+0000] {dag.py:3096} INFO - Sync 1 DAGs
[2026-09-17T14:51:43.788+0000] {logging_mixin.py:188} INFO - [2026-09-17T14:51:43.788+0000] {dag.py:3954} INFO - Setting next_dagrun for load_transform_data_DAG to None, run_after=None
[2026-09-17T14:51:43.800+0000] {processor.py:183} INFO - Processing /opt/airflow/dags/transformation_DAG.py took 0.384 seconds
[2026-09-17T14:52:13.890+0000] {processor.py:161} INFO - Started process (PID=7231) to work on /opt/airflow/dags/transformation_DAG.py
[2026-09-17T14:52:13.890+0000] {processor.py:830} INFO - Processing file /opt/airflow/dags/transformation_DAG.py for tasks to queue
[2026-09-17T14:52:13.891+0000] {logging_mixin.py:188} INFO - [2026-09-17T14:52:13.891+0000] {dagbag.py:545} INFO - Filling up the DagBag from /opt/airflow/dags/transformation_DAG.py
[2026-09-17T14:52:14.209+0000] {processor.py:840} INFO - DAG(s) 'load_transform_data_DAG' retrieved from /opt/airflow/dags/transformation_DAG.py
[2026-09-17T14:52:14.222+0000] {logging_mixin.py:188} INFO - [2026-09-17T14:52:14.221+0000] {dag.py:3096} INFO - Sync 1 DAGs
[2026-09-17T14:52:14.228+0000] {logging_mixin.py:188} INFO - [2026-09-17T14:52:14.228+0000] {dag.py:3954} INFO - Setting next_dagrun for load_transform_data_DAG to None, run_after=None
[2026-09-17T14:52:14.237+0000] {processor.py:183} INFO - Processing /opt/airflow/dags/transformation_DAG.py took 0.351 seconds
[2026-09-17T14:52:44.336+0000] {processor.py:161} INFO - Started process (PID=7241) to work on /opt/airflow/dags/transformation_DAG.py
[2026-09-17T14:52:44.347+0000] {processor.py:830} INFO - Processing file /opt/airflow/dags/transformation_DAG.py for tasks to queue
[2026-09-17T14:52:44.348+0000] {logging_mixin.py:188} INFO - [2026-09-17T14:52:44.348+0000] {dagbag.py:545} INFO - Filling up the DagBag from /opt/airflow/dags/transformation_DAG.py
[2026-09-17T14:52:44.658+0000] {processor.py:840} INFO - DAG(s) 'load_transform_data_DAG' retrieved from /opt/airflow/dags/transformation_DAG.py
[2026-09-17T14:52:44.670+0000] {logging_mixin.py:188} INFO - [2026-09-17T14:52:44.669+0000] {dag.py:3096} INFO - Sync 1 DAGs
[2026-09-17T14:52:44.678+0000] {logging_mixin.py:188} INFO - [2026-09-17T14:52:44.678+0000] {dag.py:3954} INFO - Setting next_dagrun for load_transform_data_DAG to None, run_after=None
[2026-09-17T14:52:44.686+0000] {processor.py:183} INFO - Processing /opt/airflow/dags/transformation_DAG.py took 0.355 seconds
[2026-09-17T14:53:14.812+0000] {processor.py:161} INFO - Started process (PID=7251) to work on /opt/airflow/dags/transformation_DAG.py
[2026-09-17T14:53:14.812+0000] {processor.py:830} INFO - Processing file /opt/airflow/dags/transformation_DAG.py for tasks to queue
[2026-09-17T14:53:14.813+0000] {logging_mixin.py:188} INFO - [2026-09-17T14:53:14.813+0000] {dagbag.py:545} INFO - Filling up the DagBag from /opt/airflow/dags/transformation_DAG.py
[2026-09-17T14:53:15.125+0000] {processor.py:840} INFO - DAG(s) 'load_transform_data_DAG' retrieved from /opt/airflow/dags/transformation_DAG.py
[2026-09-17T14:53:15.139+0000] {logging_mixin.py:188} INFO - [2026-09-17T14:53:15.138+0000] {dag.py:3096} INFO - Sync 1 DAGs
[2026-09-17T14:53:15.146+0000] {logging_mixin.py:188} INFO - [2026-09-17T14:53:15.146+0000] {dag.py:3954} INFO - Setting next_dagrun for load_transform_data_DAG to None, run_after=None
[2026-09-17T14:53:15.156+0000] {processor.py:183} INFO - Processing /opt/airflow/dags/transformation_DAG.py took 0.352 seconds
[2026-09-17T14:53:45.269+0000] {processor.py:161} INFO - Started process (PID=7261) to work on /opt/airflow/dags/transformation_DAG.py
[2026-09-17T14:53:45.269+0000] {processor.py:830} INFO - Processing file /opt/airflow/dags/transformation_DAG.py for tasks to queue
[2026-09-17T14:53:45.270+0000] {logging_mixin.py:188} INFO - [2026-09-17T14:53:45.270+0000] {dagbag.py:545} INFO - Filling up the DagBag from /opt/airflow/dags/transformation_DAG.py
[2026-09-17T14:53:45.584+0000] {processor.py:840} INFO - DAG(s) 'load_transform_data_DAG' retrieved from /opt/airflow/dags/transformation_DAG.py
[2026-09-17T14:53:45.596+0000] {logging_mixin.py:188} INFO - [2026-09-17T14:53:45.595+0000] {dag.py:3096} INFO - Sync 1 DAGs
[2026-09-17T14:53:45.604+0000] {logging_mixin.py:188} INFO - [2026-09-17T14:53:45.603+0000] {dag.py:3954} INFO - Setting next_dagrun for load_transform_data_DAG to None, run_after=None
[2026-09-17T14:53:45.613+0000] {processor.py:183} INFO - Processing /opt/airflow/dags/transformation_DAG.py took 0.349 seconds
[2026-09-17T14:54:15.708+0000] {processor.py:161} INFO - Started process (PID=7271) to work on /opt/airflow/dags/transformation_DAG.py
[2026-09-17T14:54:15.809+0000] {processor.py:830} INFO - Processing file /opt/airflow/dags/transformation_DAG.py for tasks to queue
[2026-09-17T14:54:15.809+0000] {logging_mixin.py:188} INFO - [2026-09-17T14:54:15.809+0000] {dagbag.py:545} INFO - Filling up the DagBag from /opt/airflow/dags/transformation_DAG.py
[2026-09-17T14:54:16.123+0000] {processor.py:840} INFO - DAG(s) 'load_transform_data_DAG' retrieved from /opt/airflow/dags/transformation_DAG.py
[2026-09-17T14:54:16.138+0000] {logging_mixin.py:188} INFO - [2026-09-17T14:54:16.138+0000] {dag.py:3096} INFO - Sync 1 DAGs
[2026-09-17T14:54:16.146+0000] {logging_mixin.py:188} INFO - [2026-09-17T14:54:16.146+0000] {dag.py:3954} INFO - Setting next_dagrun for load_transform_data_DAG to None, run_after=None
[2026-09-17T14:54:16.157+0000] {processor.py:183} INFO - Processing /opt/airflow/dags/transformation_DAG.py took 0.452 seconds
[2026-09-17T14:54:46.259+0000] {processor.py:161} INFO - Started process (PID=7281) to work on /opt/airflow/dags/transformation_DAG.py
[2026-09-17T14:54:46.260+0000] {processor.py:830} INFO - Processing file /opt/airflow/dags/transformation_DAG.py for tasks to queue
[2026-09-17T14:54:46.260+0000] {logging_mixin.py:188} INFO - [2026-09-17T14:54:46.260+0000] {dagbag.py:545} INFO - Filling up the DagBag from /opt/airflow/dags/transformation_DAG.py
[2026-09-17T14:54:46.588+0000] {processor.py:840} INFO - DAG(s) 'load_transform_data_DAG' retrieved from /opt/airflow/dags/transformation_DAG.py
[2026-09-17T14:54:46.602+0000] {logging_mixin.py:188} INFO - [2026-09-17T14:54:46.602+0000] {dag.py:3096} INFO - Sync 1 DAGs
[2026-09-17T14:54:46.609+0000] {logging_mixin.py:188} INFO - [2026-09-17T14:54:46.608+0000] {dag.py:3954} INFO - Setting next_dagrun for load_transform_data_DAG to None, run_after=None
[2026-09-17T14:54:46.619+0000] {processor.py:183} INFO - Processing /opt/airflow/dags/transformation_DAG.py took 0.364 seconds
[2026-09-17T14:55:16.751+0000] {processor.py:161} INFO - Started process (PID=7291) to work on /opt/airflow/dags/transformation_DAG.py
[2026-09-17T14:55:16.843+0000] {processor.py:830} INFO - Processing file /opt/airflow/dags/transformation_DAG.py for tasks to queue
[2026-09-17T14:55:16.844+0000] {logging_mixin.py:188} INFO - [2026-09-17T14:55:16.844+0000] {dagbag.py:545} INFO - Filling up the DagBag from /opt/airflow/dags/transformation_DAG.py
[2026-09-17T14:55:17.201+0000] {processor.py:840} INFO - DAG(s) 'load_transform_data_DAG' retrieved from /opt/airflow/dags/transformation_DAG.py
[2026-09-17T14:55:17.213+0000] {logging_mixin.py:188} INFO - [2026-09-17T14:55:17.213+0000] {dag.py:3096} INFO - Sync 1 DAGs
[2026-09-17T14:55:17.221+0000] {logging_mixin.py:188} INFO - [2026-09-17T14:55:17.221+0000] {dag.py:3954} INFO - Setting next_dagrun for load_transform_data_DAG to None, run_after=None
[2026-09-17T14:55:17.230+0000] {processor.py:183} INFO - Processing /opt/airflow/dags/transformation_DAG.py took 0.482 seconds
[2026-09-17T14:55:47.870+0000] {processor.py:161} INFO - Started process (PID=7307) to work on /opt/airflow/dags/transformation_DAG.py
[2026-09-17T14:55:47.871+0000] {processor.py:830} INFO - Processing file /opt/airflow/dags/transformation_DAG.py for tasks to queue
[2026-09-17T14:55:47.872+0000] {logging_mixin.py:188} INFO - [2026-09-17T14:55:47.871+0000] {dagbag.py:545} INFO - Filling up the DagBag from /opt/airflow/dags/transformation_DAG.py
[2026-09-17T14:55:48.161+0000] {processor.py:840} INFO - DAG(s) 'load_transform_data_DAG' retrieved from /opt/airflow/dags/transformation_DAG.py
[2026-09-17T14:55:48.172+0000] {logging_mixin.py:188} INFO - [2026-09-17T14:55:48.171+0000] {dag.py:3096} INFO - Sync 1 DAGs
[2026-09-17T14:55:48.178+0000] {logging_mixin.py:188} INFO - [2026-09-17T14:55:48.178+0000] {dag.py:3954} INFO - Setting next_dagrun for load_transform_data_DAG to None, run_after=None
[2026-09-17T14:55:48.187+0000] {processor.py:183} INFO - Processing /opt/airflow/dags/transformation_DAG.py took 0.326 seconds
[2026-09-17T14:56:18.360+0000] {processor.py:161} INFO - Started process (PID=7317) to work on /opt/airflow/dags/transformation_DAG.py
[2026-09-17T14:56:18.367+0000] {processor.py:830} INFO - Processing file /opt/airflow/dags/transformation_DAG.py for tasks to queue
[2026-09-17T14:56:18.370+0000] {logging_mixin.py:188} INFO - [2026-09-17T14:56:18.369+0000] {dagbag.py:545} INFO - Filling up the DagBag from /opt/airflow/dags/transformation_DAG.py
[2026-09-17T14:56:18.659+0000] {processor.py:840} INFO - DAG(s) 'load_transform_data_DAG' retrieved from /opt/airflow/dags/transformation_DAG.py
[2026-09-17T14:56:18.672+0000] {logging_mixin.py:188} INFO - [2026-09-17T14:56:18.671+0000] {dag.py:3096} INFO - Sync 1 DAGs
[2026-09-17T14:56:18.678+0000] {logging_mixin.py:188} INFO - [2026-09-17T14:56:18.678+0000] {dag.py:3954} INFO - Setting next_dagrun for load_transform_data_DAG to None, run_after=None
[2026-09-17T14:56:18.690+0000] {processor.py:183} INFO - Processing /opt/airflow/dags/transformation_DAG.py took 0.338 seconds
[2026-09-17T14:56:48.803+0000] {processor.py:161} INFO - Started process (PID=7327) to work on /opt/airflow/dags/transformation_DAG.py
[2026-09-17T14:56:48.804+0000] {processor.py:830} INFO - Processing file /opt/airflow/dags/transformation_DAG.py for tasks to queue
[2026-09-17T14:56:48.805+0000] {logging_mixin.py:188} INFO - [2026-09-17T14:56:48.804+0000] {dagbag.py:545} INFO - Filling up the DagBag from /opt/airflow/dags/transformation_DAG.py
[2026-09-17T14:56:49.126+0000] {processor.py:840} INFO - DAG(s) 'load_transform_data_DAG' retrieved from /opt/airflow/dags/transformation_DAG.py
[2026-09-17T14:56:49.139+0000] {logging_mixin.py:188} INFO - [2026-09-17T14:56:49.139+0000] {dag.py:3096} INFO - Sync 1 DAGs
[2026-09-17T14:56:49.147+0000] {logging_mixin.py:188} INFO - [2026-09-17T14:56:49.147+0000] {dag.py:3954} INFO - Setting next_dagrun for load_transform_data_DAG to None, run_after=None
[2026-09-17T14:56:49.158+0000] {processor.py:183} INFO - Processing /opt/airflow/dags/transformation_DAG.py took 0.361 seconds
[2026-09-17T14:57:19.275+0000] {processor.py:161} INFO - Started process (PID=7337) to work on /opt/airflow/dags/transformation_DAG.py
[2026-09-17T14:57:19.283+0000] {processor.py:830} INFO - Processing file /opt/airflow/dags/transformation_DAG.py for tasks to queue
[2026-09-17T14:57:19.283+0000] {logging_mixin.py:188} INFO - [2026-09-17T14:57:19.283+0000] {dagbag.py:545} INFO - Filling up the DagBag from /opt/airflow/dags/transformation_DAG.py
[2026-09-17T14:57:19.591+0000] {processor.py:840} INFO - DAG(s) 'load_transform_data_DAG' retrieved from /opt/airflow/dags/transformation_DAG.py
[2026-09-17T14:57:19.604+0000] {logging_mixin.py:188} INFO - [2026-09-17T14:57:19.603+0000] {dag.py:3096} INFO - Sync 1 DAGs
[2026-09-17T14:57:19.610+0000] {logging_mixin.py:188} INFO - [2026-09-17T14:57:19.610+0000] {dag.py:3954} INFO - Setting next_dagrun for load_transform_data_DAG to None, run_after=None
[2026-09-17T14:57:19.621+0000] {processor.py:183} INFO - Processing /opt/airflow/dags/transformation_DAG.py took 0.351 seconds
[2026-09-17T14:57:49.747+0000] {processor.py:161} INFO - Started process (PID=7347) to work on /opt/airflow/dags/transformation_DAG.py
[2026-09-17T14:57:49.748+0000] {processor.py:830} INFO - Processing file /opt/airflow/dags/transformation_DAG.py for tasks to queue
[2026-09-17T14:57:49.748+0000] {logging_mixin.py:188} INFO - [2026-09-17T14:57:49.748+0000] {dagbag.py:545} INFO - Filling up the DagBag from /opt/airflow/dags/transformation_DAG.py
[2026-09-17T14:57:50.051+0000] {processor.py:840} INFO - DAG(s) 'load_transform_data_DAG' retrieved from /opt/airflow/dags/transformation_DAG.py
[2026-09-17T14:57:50.063+0000] {logging_mixin.py:188} INFO - [2026-09-17T14:57:50.062+0000] {dag.py:3096} INFO - Sync 1 DAGs
[2026-09-17T14:57:50.069+0000] {logging_mixin.py:188} INFO - [2026-09-17T14:57:50.069+0000] {dag.py:3954} INFO - Setting next_dagrun for load_transform_data_DAG to None, run_after=None
[2026-09-17T14:57:50.079+0000] {processor.py:183} INFO - Processing /opt/airflow/dags/transformation_DAG.py took 0.335 seconds
[2026-09-17T14:58:20.205+0000] {processor.py:161} INFO - Started process (PID=7357) to work on /opt/airflow/dags/transformation_DAG.py
[2026-09-17T14:58:20.232+0000] {processor.py:830} INFO - Processing file /opt/airflow/dags/transformation_DAG.py for tasks to queue
[2026-09-17T14:58:20.233+0000] {logging_mixin.py:188} INFO - [2026-09-17T14:58:20.232+0000] {dagbag.py:545} INFO - Filling up the DagBag from /opt/airflow/dags/transformation_DAG.py
[2026-09-17T14:58:20.562+0000] {processor.py:840} INFO - DAG(s) 'load_transform_data_DAG' retrieved from /opt/airflow/dags/transformation_DAG.py
[2026-09-17T14:58:20.575+0000] {logging_mixin.py:188} INFO - [2026-09-17T14:58:20.575+0000] {dag.py:3096} INFO - Sync 1 DAGs
[2026-09-17T14:58:20.582+0000] {logging_mixin.py:188} INFO - [2026-09-17T14:58:20.582+0000] {dag.py:3954} INFO - Setting next_dagrun for load_transform_data_DAG to None, run_after=None
[2026-09-17T14:58:20.592+0000] {processor.py:183} INFO - Processing /opt/airflow/dags/transformation_DAG.py took 0.393 seconds
[2026-09-17T14:58:50.708+0000] {processor.py:161} INFO - Started process (PID=7367) to work on /opt/airflow/dags/transformation_DAG.py
[2026-09-17T14:58:50.708+0000] {processor.py:830} INFO - Processing file /opt/airflow/dags/transformation_DAG.py for tasks to queue
[2026-09-17T14:58:50.709+0000] {logging_mixin.py:188} INFO - [2026-09-17T14:58:50.709+0000] {dagbag.py:545} INFO - Filling up the DagBag from /opt/airflow/dags/transformation_DAG.py
[2026-09-17T14:58:51.059+0000] {processor.py:840} INFO - DAG(s) 'load_transform_data_DAG' retrieved from /opt/airflow/dags/transformation_DAG.py
[2026-09-17T14:58:51.073+0000] {logging_mixin.py:188} INFO - [2026-09-17T14:58:51.072+0000] {dag.py:3096} INFO - Sync 1 DAGs
[2026-09-17T14:58:51.080+0000] {logging_mixin.py:188} INFO - [2026-09-17T14:58:51.079+0000] {dag.py:3954} INFO - Setting next_dagrun for load_transform_data_DAG to None, run_after=None
[2026-09-17T14:58:51.090+0000] {processor.py:183} INFO - Processing /opt/airflow/dags/transformation_DAG.py took 0.386 seconds
[2026-09-17T14:59:21.200+0000] {processor.py:161} INFO - Started process (PID=7377) to work on /opt/airflow/dags/transformation_DAG.py
[2026-09-17T14:59:21.485+0000] {processor.py:830} INFO - Processing file /opt/airflow/dags/transformation_DAG.py for tasks to queue
[2026-09-17T14:59:21.486+0000] {logging_mixin.py:188} INFO - [2026-09-17T14:59:21.485+0000] {dagbag.py:545} INFO - Filling up the DagBag from /opt/airflow/dags/transformation_DAG.py
[2026-09-17T14:59:21.834+0000] {processor.py:840} INFO - DAG(s) 'load_transform_data_DAG' retrieved from /opt/airflow/dags/transformation_DAG.py
[2026-09-17T14:59:21.847+0000] {logging_mixin.py:188} INFO - [2026-09-17T14:59:21.847+0000] {dag.py:3096} INFO - Sync 1 DAGs
[2026-09-17T14:59:21.853+0000] {logging_mixin.py:188} INFO - [2026-09-17T14:59:21.853+0000] {dag.py:3954} INFO - Setting next_dagrun for load_transform_data_DAG to None, run_after=None
[2026-09-17T14:59:21.867+0000] {processor.py:183} INFO - Processing /opt/airflow/dags/transformation_DAG.py took 0.671 seconds
[2026-09-17T14:59:51.991+0000] {processor.py:161} INFO - Started process (PID=7387) to work on /opt/airflow/dags/transformation_DAG.py
[2026-09-17T14:59:51.992+0000] {processor.py:830} INFO - Processing file /opt/airflow/dags/transformation_DAG.py for tasks to queue
[2026-09-17T14:59:51.992+0000] {logging_mixin.py:188} INFO - [2026-09-17T14:59:51.992+0000] {dagbag.py:545} INFO - Filling up the DagBag from /opt/airflow/dags/transformation_DAG.py
[2026-09-17T14:59:52.300+0000] {processor.py:840} INFO - DAG(s) 'load_transform_data_DAG' retrieved from /opt/airflow/dags/transformation_DAG.py
[2026-09-17T14:59:52.311+0000] {logging_mixin.py:188} INFO - [2026-09-17T14:59:52.310+0000] {dag.py:3096} INFO - Sync 1 DAGs
[2026-09-17T14:59:52.319+0000] {logging_mixin.py:188} INFO - [2026-09-17T14:59:52.319+0000] {dag.py:3954} INFO - Setting next_dagrun for load_transform_data_DAG to None, run_after=None
[2026-09-17T14:59:52.328+0000] {processor.py:183} INFO - Processing /opt/airflow/dags/transformation_DAG.py took 0.346 seconds
[2026-09-17T15:00:22.452+0000] {processor.py:161} INFO - Started process (PID=7397) to work on /opt/airflow/dags/transformation_DAG.py
[2026-09-17T15:00:22.543+0000] {processor.py:830} INFO - Processing file /opt/airflow/dags/transformation_DAG.py for tasks to queue
[2026-09-17T15:00:22.545+0000] {logging_mixin.py:188} INFO - [2026-09-17T15:00:22.544+0000] {dagbag.py:545} INFO - Filling up the DagBag from /opt/airflow/dags/transformation_DAG.py
[2026-09-17T15:00:22.855+0000] {processor.py:840} INFO - DAG(s) 'load_transform_data_DAG' retrieved from /opt/airflow/dags/transformation_DAG.py
[2026-09-17T15:00:22.867+0000] {logging_mixin.py:188} INFO - [2026-09-17T15:00:22.867+0000] {dag.py:3096} INFO - Sync 1 DAGs
[2026-09-17T15:00:22.874+0000] {logging_mixin.py:188} INFO - [2026-09-17T15:00:22.874+0000] {dag.py:3954} INFO - Setting next_dagrun for load_transform_data_DAG to None, run_after=None
[2026-09-17T15:00:22.882+0000] {processor.py:183} INFO - Processing /opt/airflow/dags/transformation_DAG.py took 0.437 seconds
[2026-09-17T15:00:52.980+0000] {processor.py:161} INFO - Started process (PID=7407) to work on /opt/airflow/dags/transformation_DAG.py
[2026-09-17T15:00:52.980+0000] {processor.py:830} INFO - Processing file /opt/airflow/dags/transformation_DAG.py for tasks to queue
[2026-09-17T15:00:52.981+0000] {logging_mixin.py:188} INFO - [2026-09-17T15:00:52.981+0000] {dagbag.py:545} INFO - Filling up the DagBag from /opt/airflow/dags/transformation_DAG.py
[2026-09-17T15:00:53.294+0000] {processor.py:840} INFO - DAG(s) 'load_transform_data_DAG' retrieved from /opt/airflow/dags/transformation_DAG.py
[2026-09-17T15:00:53.306+0000] {logging_mixin.py:188} INFO - [2026-09-17T15:00:53.305+0000] {dag.py:3096} INFO - Sync 1 DAGs
[2026-09-17T15:00:53.314+0000] {logging_mixin.py:188} INFO - [2026-09-17T15:00:53.313+0000] {dag.py:3954} INFO - Setting next_dagrun for load_transform_data_DAG to None, run_after=None
[2026-09-17T15:00:53.322+0000] {processor.py:183} INFO - Processing /opt/airflow/dags/transformation_DAG.py took 0.351 seconds
[2026-09-17T15:01:23.444+0000] {processor.py:161} INFO - Started process (PID=7417) to work on /opt/airflow/dags/transformation_DAG.py
[2026-09-17T15:01:23.542+0000] {processor.py:830} INFO - Processing file /opt/airflow/dags/transformation_DAG.py for tasks to queue
[2026-09-17T15:01:23.543+0000] {logging_mixin.py:188} INFO - [2026-09-17T15:01:23.542+0000] {dagbag.py:545} INFO - Filling up the DagBag from /opt/airflow/dags/transformation_DAG.py
[2026-09-17T15:01:23.859+0000] {processor.py:840} INFO - DAG(s) 'load_transform_data_DAG' retrieved from /opt/airflow/dags/transformation_DAG.py
[2026-09-17T15:01:23.871+0000] {logging_mixin.py:188} INFO - [2026-09-17T15:01:23.871+0000] {dag.py:3096} INFO - Sync 1 DAGs
[2026-09-17T15:01:23.877+0000] {logging_mixin.py:188} INFO - [2026-09-17T15:01:23.877+0000] {dag.py:3954} INFO - Setting next_dagrun for load_transform_data_DAG to None, run_after=None
[2026-09-17T15:01:23.886+0000] {processor.py:183} INFO - Processing /opt/airflow/dags/transformation_DAG.py took 0.448 seconds
[2026-09-17T15:01:53.996+0000] {processor.py:161} INFO - Started process (PID=7427) to work on /opt/airflow/dags/transformation_DAG.py
[2026-09-17T15:01:53.997+0000] {processor.py:830} INFO - Processing file /opt/airflow/dags/transformation_DAG.py for tasks to queue
[2026-09-17T15:01:53.997+0000] {logging_mixin.py:188} INFO - [2026-09-17T15:01:53.997+0000] {dagbag.py:545} INFO - Filling up the DagBag from /opt/airflow/dags/transformation_DAG.py
[2026-09-17T15:01:54.375+0000] {processor.py:840} INFO - DAG(s) 'load_transform_data_DAG' retrieved from /opt/airflow/dags/transformation_DAG.py
[2026-09-17T15:01:54.387+0000] {logging_mixin.py:188} INFO - [2026-09-17T15:01:54.387+0000] {dag.py:3096} INFO - Sync 1 DAGs
[2026-09-17T15:01:54.394+0000] {logging_mixin.py:188} INFO - [2026-09-17T15:01:54.394+0000] {dag.py:3954} INFO - Setting next_dagrun for load_transform_data_DAG to None, run_after=None
[2026-09-17T15:01:54.404+0000] {processor.py:183} INFO - Processing /opt/airflow/dags/transformation_DAG.py took 0.413 seconds
[2026-09-17T15:02:24.484+0000] {processor.py:161} INFO - Started process (PID=7437) to work on /opt/airflow/dags/transformation_DAG.py
[2026-09-17T15:02:24.578+0000] {processor.py:830} INFO - Processing file /opt/airflow/dags/transformation_DAG.py for tasks to queue
[2026-09-17T15:02:24.579+0000] {logging_mixin.py:188} INFO - [2026-09-17T15:02:24.579+0000] {dagbag.py:545} INFO - Filling up the DagBag from /opt/airflow/dags/transformation_DAG.py
[2026-09-17T15:02:24.888+0000] {processor.py:840} INFO - DAG(s) 'load_transform_data_DAG' retrieved from /opt/airflow/dags/transformation_DAG.py
[2026-09-17T15:02:24.900+0000] {logging_mixin.py:188} INFO - [2026-09-17T15:02:24.900+0000] {dag.py:3096} INFO - Sync 1 DAGs
[2026-09-17T15:02:24.906+0000] {logging_mixin.py:188} INFO - [2026-09-17T15:02:24.906+0000] {dag.py:3954} INFO - Setting next_dagrun for load_transform_data_DAG to None, run_after=None
[2026-09-17T15:02:24.916+0000] {processor.py:183} INFO - Processing /opt/airflow/dags/transformation_DAG.py took 0.440 seconds
[2026-09-17T15:02:54.967+0000] {processor.py:161} INFO - Started process (PID=7447) to work on /opt/airflow/dags/transformation_DAG.py
[2026-09-17T15:02:54.967+0000] {processor.py:830} INFO - Processing file /opt/airflow/dags/transformation_DAG.py for tasks to queue
[2026-09-17T15:02:54.968+0000] {logging_mixin.py:188} INFO - [2026-09-17T15:02:54.968+0000] {dagbag.py:545} INFO - Filling up the DagBag from /opt/airflow/dags/transformation_DAG.py
[2026-09-17T15:02:55.275+0000] {processor.py:840} INFO - DAG(s) 'load_transform_data_DAG' retrieved from /opt/airflow/dags/transformation_DAG.py
[2026-09-17T15:02:55.288+0000] {logging_mixin.py:188} INFO - [2026-09-17T15:02:55.288+0000] {dag.py:3096} INFO - Sync 1 DAGs
[2026-09-17T15:02:55.296+0000] {logging_mixin.py:188} INFO - [2026-09-17T15:02:55.296+0000] {dag.py:3954} INFO - Setting next_dagrun for load_transform_data_DAG to None, run_after=None
[2026-09-17T15:02:55.305+0000] {processor.py:183} INFO - Processing /opt/airflow/dags/transformation_DAG.py took 0.346 seconds
[2026-09-17T15:03:25.446+0000] {processor.py:161} INFO - Started process (PID=7457) to work on /opt/airflow/dags/transformation_DAG.py
[2026-09-17T15:03:25.596+0000] {processor.py:830} INFO - Processing file /opt/airflow/dags/transformation_DAG.py for tasks to queue
[2026-09-17T15:03:25.597+0000] {logging_mixin.py:188} INFO - [2026-09-17T15:03:25.597+0000] {dagbag.py:545} INFO - Filling up the DagBag from /opt/airflow/dags/transformation_DAG.py
[2026-09-17T15:03:25.904+0000] {processor.py:840} INFO - DAG(s) 'load_transform_data_DAG' retrieved from /opt/airflow/dags/transformation_DAG.py
[2026-09-17T15:03:25.919+0000] {logging_mixin.py:188} INFO - [2026-09-17T15:03:25.919+0000] {dag.py:3096} INFO - Sync 1 DAGs
[2026-09-17T15:03:25.925+0000] {logging_mixin.py:188} INFO - [2026-09-17T15:03:25.925+0000] {dag.py:3954} INFO - Setting next_dagrun for load_transform_data_DAG to None, run_after=None
[2026-09-17T15:03:25.936+0000] {processor.py:183} INFO - Processing /opt/airflow/dags/transformation_DAG.py took 0.497 seconds
[2026-09-17T15:03:56.075+0000] {processor.py:161} INFO - Started process (PID=7468) to work on /opt/airflow/dags/transformation_DAG.py
[2026-09-17T15:03:56.076+0000] {processor.py:830} INFO - Processing file /opt/airflow/dags/transformation_DAG.py for tasks to queue
[2026-09-17T15:03:56.077+0000] {logging_mixin.py:188} INFO - [2026-09-17T15:03:56.076+0000] {dagbag.py:545} INFO - Filling up the DagBag from /opt/airflow/dags/transformation_DAG.py
[2026-09-17T15:03:56.396+0000] {processor.py:840} INFO - DAG(s) 'load_transform_data_DAG' retrieved from /opt/airflow/dags/transformation_DAG.py
[2026-09-17T15:03:56.409+0000] {logging_mixin.py:188} INFO - [2026-09-17T15:03:56.408+0000] {dag.py:3096} INFO - Sync 1 DAGs
[2026-09-17T15:03:56.415+0000] {logging_mixin.py:188} INFO - [2026-09-17T15:03:56.415+0000] {dag.py:3954} INFO - Setting next_dagrun for load_transform_data_DAG to None, run_after=None
[2026-09-17T15:03:56.425+0000] {processor.py:183} INFO - Processing /opt/airflow/dags/transformation_DAG.py took 0.358 seconds
[2026-09-17T15:04:26.524+0000] {processor.py:161} INFO - Started process (PID=7478) to work on /opt/airflow/dags/transformation_DAG.py
[2026-09-17T15:04:26.658+0000] {processor.py:830} INFO - Processing file /opt/airflow/dags/transformation_DAG.py for tasks to queue
[2026-09-17T15:04:26.659+0000] {logging_mixin.py:188} INFO - [2026-09-17T15:04:26.659+0000] {dagbag.py:545} INFO - Filling up the DagBag from /opt/airflow/dags/transformation_DAG.py
[2026-09-17T15:04:26.982+0000] {processor.py:840} INFO - DAG(s) 'load_transform_data_DAG' retrieved from /opt/airflow/dags/transformation_DAG.py
[2026-09-17T15:04:26.995+0000] {logging_mixin.py:188} INFO - [2026-09-17T15:04:26.994+0000] {dag.py:3096} INFO - Sync 1 DAGs
[2026-09-17T15:04:27.002+0000] {logging_mixin.py:188} INFO - [2026-09-17T15:04:27.001+0000] {dag.py:3954} INFO - Setting next_dagrun for load_transform_data_DAG to None, run_after=None
[2026-09-17T15:04:27.011+0000] {processor.py:183} INFO - Processing /opt/airflow/dags/transformation_DAG.py took 0.492 seconds
[2026-09-17T15:04:57.129+0000] {processor.py:161} INFO - Started process (PID=7488) to work on /opt/airflow/dags/transformation_DAG.py
[2026-09-17T15:04:57.130+0000] {processor.py:830} INFO - Processing file /opt/airflow/dags/transformation_DAG.py for tasks to queue
[2026-09-17T15:04:57.130+0000] {logging_mixin.py:188} INFO - [2026-09-17T15:04:57.130+0000] {dagbag.py:545} INFO - Filling up the DagBag from /opt/airflow/dags/transformation_DAG.py
[2026-09-17T15:04:57.440+0000] {processor.py:840} INFO - DAG(s) 'load_transform_data_DAG' retrieved from /opt/airflow/dags/transformation_DAG.py
[2026-09-17T15:04:57.452+0000] {logging_mixin.py:188} INFO - [2026-09-17T15:04:57.451+0000] {dag.py:3096} INFO - Sync 1 DAGs
[2026-09-17T15:04:57.458+0000] {logging_mixin.py:188} INFO - [2026-09-17T15:04:57.458+0000] {dag.py:3954} INFO - Setting next_dagrun for load_transform_data_DAG to None, run_after=None
[2026-09-17T15:04:57.469+0000] {processor.py:183} INFO - Processing /opt/airflow/dags/transformation_DAG.py took 0.346 seconds
[2026-09-17T15:05:27.586+0000] {processor.py:161} INFO - Started process (PID=7498) to work on /opt/airflow/dags/transformation_DAG.py
[2026-09-17T15:05:27.679+0000] {processor.py:830} INFO - Processing file /opt/airflow/dags/transformation_DAG.py for tasks to queue
[2026-09-17T15:05:27.680+0000] {logging_mixin.py:188} INFO - [2026-09-17T15:05:27.680+0000] {dagbag.py:545} INFO - Filling up the DagBag from /opt/airflow/dags/transformation_DAG.py
[2026-09-17T15:05:27.995+0000] {processor.py:840} INFO - DAG(s) 'load_transform_data_DAG' retrieved from /opt/airflow/dags/transformation_DAG.py
[2026-09-17T15:05:28.007+0000] {logging_mixin.py:188} INFO - [2026-09-17T15:05:28.007+0000] {dag.py:3096} INFO - Sync 1 DAGs
[2026-09-17T15:05:28.014+0000] {logging_mixin.py:188} INFO - [2026-09-17T15:05:28.014+0000] {dag.py:3954} INFO - Setting next_dagrun for load_transform_data_DAG to None, run_after=None
[2026-09-17T15:05:28.025+0000] {processor.py:183} INFO - Processing /opt/airflow/dags/transformation_DAG.py took 0.442 seconds
[2026-09-17T15:05:58.167+0000] {processor.py:161} INFO - Started process (PID=7508) to work on /opt/airflow/dags/transformation_DAG.py
[2026-09-17T15:05:58.168+0000] {processor.py:830} INFO - Processing file /opt/airflow/dags/transformation_DAG.py for tasks to queue
[2026-09-17T15:05:58.168+0000] {logging_mixin.py:188} INFO - [2026-09-17T15:05:58.168+0000] {dagbag.py:545} INFO - Filling up the DagBag from /opt/airflow/dags/transformation_DAG.py
[2026-09-17T15:05:58.474+0000] {processor.py:840} INFO - DAG(s) 'load_transform_data_DAG' retrieved from /opt/airflow/dags/transformation_DAG.py
[2026-09-17T15:05:58.487+0000] {logging_mixin.py:188} INFO - [2026-09-17T15:05:58.486+0000] {dag.py:3096} INFO - Sync 1 DAGs
[2026-09-17T15:05:58.493+0000] {logging_mixin.py:188} INFO - [2026-09-17T15:05:58.493+0000] {dag.py:3954} INFO - Setting next_dagrun for load_transform_data_DAG to None, run_after=None
[2026-09-17T15:05:58.502+0000] {processor.py:183} INFO - Processing /opt/airflow/dags/transformation_DAG.py took 0.339 seconds
[2026-09-17T15:06:28.653+0000] {processor.py:161} INFO - Started process (PID=7517) to work on /opt/airflow/dags/transformation_DAG.py
[2026-09-17T15:06:28.709+0000] {processor.py:830} INFO - Processing file /opt/airflow/dags/transformation_DAG.py for tasks to queue
[2026-09-17T15:06:28.710+0000] {logging_mixin.py:188} INFO - [2026-09-17T15:06:28.710+0000] {dagbag.py:545} INFO - Filling up the DagBag from /opt/airflow/dags/transformation_DAG.py
[2026-09-17T15:06:29.028+0000] {processor.py:840} INFO - DAG(s) 'load_transform_data_DAG' retrieved from /opt/airflow/dags/transformation_DAG.py
[2026-09-17T15:06:29.040+0000] {logging_mixin.py:188} INFO - [2026-09-17T15:06:29.040+0000] {dag.py:3096} INFO - Sync 1 DAGs
[2026-09-17T15:06:29.046+0000] {logging_mixin.py:188} INFO - [2026-09-17T15:06:29.046+0000] {dag.py:3954} INFO - Setting next_dagrun for load_transform_data_DAG to None, run_after=None
[2026-09-17T15:06:29.054+0000] {processor.py:183} INFO - Processing /opt/airflow/dags/transformation_DAG.py took 0.410 seconds
[2026-09-17T15:06:59.188+0000] {processor.py:161} INFO - Started process (PID=7527) to work on /opt/airflow/dags/transformation_DAG.py
[2026-09-17T15:06:59.189+0000] {processor.py:830} INFO - Processing file /opt/airflow/dags/transformation_DAG.py for tasks to queue
[2026-09-17T15:06:59.190+0000] {logging_mixin.py:188} INFO - [2026-09-17T15:06:59.189+0000] {dagbag.py:545} INFO - Filling up the DagBag from /opt/airflow/dags/transformation_DAG.py
[2026-09-17T15:06:59.488+0000] {processor.py:840} INFO - DAG(s) 'load_transform_data_DAG' retrieved from /opt/airflow/dags/transformation_DAG.py
[2026-09-17T15:06:59.500+0000] {logging_mixin.py:188} INFO - [2026-09-17T15:06:59.500+0000] {dag.py:3096} INFO - Sync 1 DAGs
[2026-09-17T15:06:59.794+0000] {logging_mixin.py:188} INFO - [2026-09-17T15:06:59.794+0000] {dag.py:3954} INFO - Setting next_dagrun for load_transform_data_DAG to None, run_after=None
[2026-09-17T15:06:59.803+0000] {processor.py:183} INFO - Processing /opt/airflow/dags/transformation_DAG.py took 0.621 seconds
[2026-09-17T15:07:29.939+0000] {processor.py:161} INFO - Started process (PID=7537) to work on /opt/airflow/dags/transformation_DAG.py
[2026-09-17T15:07:29.958+0000] {processor.py:830} INFO - Processing file /opt/airflow/dags/transformation_DAG.py for tasks to queue
[2026-09-17T15:07:29.959+0000] {logging_mixin.py:188} INFO - [2026-09-17T15:07:29.958+0000] {dagbag.py:545} INFO - Filling up the DagBag from /opt/airflow/dags/transformation_DAG.py
[2026-09-17T15:07:30.261+0000] {processor.py:840} INFO - DAG(s) 'load_transform_data_DAG' retrieved from /opt/airflow/dags/transformation_DAG.py
[2026-09-17T15:07:30.273+0000] {logging_mixin.py:188} INFO - [2026-09-17T15:07:30.273+0000] {dag.py:3096} INFO - Sync 1 DAGs
[2026-09-17T15:07:30.279+0000] {logging_mixin.py:188} INFO - [2026-09-17T15:07:30.279+0000] {dag.py:3954} INFO - Setting next_dagrun for load_transform_data_DAG to None, run_after=None
[2026-09-17T15:07:30.289+0000] {processor.py:183} INFO - Processing /opt/airflow/dags/transformation_DAG.py took 0.358 seconds
[2026-09-17T15:08:00.441+0000] {processor.py:161} INFO - Started process (PID=7547) to work on /opt/airflow/dags/transformation_DAG.py
[2026-09-17T15:08:00.442+0000] {processor.py:830} INFO - Processing file /opt/airflow/dags/transformation_DAG.py for tasks to queue
[2026-09-17T15:08:00.443+0000] {logging_mixin.py:188} INFO - [2026-09-17T15:08:00.443+0000] {dagbag.py:545} INFO - Filling up the DagBag from /opt/airflow/dags/transformation_DAG.py
[2026-09-17T15:08:00.741+0000] {processor.py:840} INFO - DAG(s) 'load_transform_data_DAG' retrieved from /opt/airflow/dags/transformation_DAG.py
[2026-09-17T15:08:00.753+0000] {logging_mixin.py:188} INFO - [2026-09-17T15:08:00.753+0000] {dag.py:3096} INFO - Sync 1 DAGs
[2026-09-17T15:08:00.759+0000] {logging_mixin.py:188} INFO - [2026-09-17T15:08:00.759+0000] {dag.py:3954} INFO - Setting next_dagrun for load_transform_data_DAG to None, run_after=None
[2026-09-17T15:08:00.768+0000] {processor.py:183} INFO - Processing /opt/airflow/dags/transformation_DAG.py took 0.334 seconds
[2026-09-17T15:08:30.899+0000] {processor.py:161} INFO - Started process (PID=7557) to work on /opt/airflow/dags/transformation_DAG.py
[2026-09-17T15:08:30.913+0000] {processor.py:830} INFO - Processing file /opt/airflow/dags/transformation_DAG.py for tasks to queue
[2026-09-17T15:08:30.914+0000] {logging_mixin.py:188} INFO - [2026-09-17T15:08:30.914+0000] {dagbag.py:545} INFO - Filling up the DagBag from /opt/airflow/dags/transformation_DAG.py
[2026-09-17T15:08:31.244+0000] {processor.py:840} INFO - DAG(s) 'load_transform_data_DAG' retrieved from /opt/airflow/dags/transformation_DAG.py
[2026-09-17T15:08:31.257+0000] {logging_mixin.py:188} INFO - [2026-09-17T15:08:31.256+0000] {dag.py:3096} INFO - Sync 1 DAGs
[2026-09-17T15:08:31.264+0000] {logging_mixin.py:188} INFO - [2026-09-17T15:08:31.264+0000] {dag.py:3954} INFO - Setting next_dagrun for load_transform_data_DAG to None, run_after=None
[2026-09-17T15:08:31.274+0000] {processor.py:183} INFO - Processing /opt/airflow/dags/transformation_DAG.py took 0.381 seconds
[2026-09-17T15:09:01.400+0000] {processor.py:161} INFO - Started process (PID=7567) to work on /opt/airflow/dags/transformation_DAG.py
[2026-09-17T15:09:01.400+0000] {processor.py:830} INFO - Processing file /opt/airflow/dags/transformation_DAG.py for tasks to queue
[2026-09-17T15:09:01.401+0000] {logging_mixin.py:188} INFO - [2026-09-17T15:09:01.401+0000] {dagbag.py:545} INFO - Filling up the DagBag from /opt/airflow/dags/transformation_DAG.py
[2026-09-17T15:09:01.711+0000] {processor.py:840} INFO - DAG(s) 'load_transform_data_DAG' retrieved from /opt/airflow/dags/transformation_DAG.py
[2026-09-17T15:09:01.724+0000] {logging_mixin.py:188} INFO - [2026-09-17T15:09:01.724+0000] {dag.py:3096} INFO - Sync 1 DAGs
[2026-09-17T15:09:01.731+0000] {logging_mixin.py:188} INFO - [2026-09-17T15:09:01.731+0000] {dag.py:3954} INFO - Setting next_dagrun for load_transform_data_DAG to None, run_after=None
[2026-09-17T15:09:01.740+0000] {processor.py:183} INFO - Processing /opt/airflow/dags/transformation_DAG.py took 0.344 seconds
[2026-09-17T15:09:31.857+0000] {processor.py:161} INFO - Started process (PID=7577) to work on /opt/airflow/dags/transformation_DAG.py
[2026-09-17T15:09:31.905+0000] {processor.py:830} INFO - Processing file /opt/airflow/dags/transformation_DAG.py for tasks to queue
[2026-09-17T15:09:31.906+0000] {logging_mixin.py:188} INFO - [2026-09-17T15:09:31.906+0000] {dagbag.py:545} INFO - Filling up the DagBag from /opt/airflow/dags/transformation_DAG.py
[2026-09-17T15:09:32.225+0000] {processor.py:840} INFO - DAG(s) 'load_transform_data_DAG' retrieved from /opt/airflow/dags/transformation_DAG.py
[2026-09-17T15:09:32.238+0000] {logging_mixin.py:188} INFO - [2026-09-17T15:09:32.237+0000] {dag.py:3096} INFO - Sync 1 DAGs
[2026-09-17T15:09:32.244+0000] {logging_mixin.py:188} INFO - [2026-09-17T15:09:32.243+0000] {dag.py:3954} INFO - Setting next_dagrun for load_transform_data_DAG to None, run_after=None
[2026-09-17T15:09:32.254+0000] {processor.py:183} INFO - Processing /opt/airflow/dags/transformation_DAG.py took 0.400 seconds
[2026-09-17T15:10:02.388+0000] {processor.py:161} INFO - Started process (PID=7587) to work on /opt/airflow/dags/transformation_DAG.py
[2026-09-17T15:10:02.389+0000] {processor.py:830} INFO - Processing file /opt/airflow/dags/transformation_DAG.py for tasks to queue
[2026-09-17T15:10:02.390+0000] {logging_mixin.py:188} INFO - [2026-09-17T15:10:02.389+0000] {dagbag.py:545} INFO - Filling up the DagBag from /opt/airflow/dags/transformation_DAG.py
[2026-09-17T15:10:02.714+0000] {processor.py:840} INFO - DAG(s) 'load_transform_data_DAG' retrieved from /opt/airflow/dags/transformation_DAG.py
[2026-09-17T15:10:02.726+0000] {logging_mixin.py:188} INFO - [2026-09-17T15:10:02.726+0000] {dag.py:3096} INFO - Sync 1 DAGs
[2026-09-17T15:10:02.733+0000] {logging_mixin.py:188} INFO - [2026-09-17T15:10:02.732+0000] {dag.py:3954} INFO - Setting next_dagrun for load_transform_data_DAG to None, run_after=None
[2026-09-17T15:10:02.743+0000] {processor.py:183} INFO - Processing /opt/airflow/dags/transformation_DAG.py took 0.361 seconds
[2026-09-17T15:10:32.865+0000] {processor.py:161} INFO - Started process (PID=7597) to work on /opt/airflow/dags/transformation_DAG.py
[2026-09-17T15:10:32.866+0000] {processor.py:830} INFO - Processing file /opt/airflow/dags/transformation_DAG.py for tasks to queue
[2026-09-17T15:10:32.866+0000] {logging_mixin.py:188} INFO - [2026-09-17T15:10:32.866+0000] {dagbag.py:545} INFO - Filling up the DagBag from /opt/airflow/dags/transformation_DAG.py
[2026-09-17T15:10:32.869+0000] {logging_mixin.py:188} INFO - [2026-09-17T15:10:32.868+0000] {dagbag.py:355} ERROR - Failed to import: /opt/airflow/dags/transformation_DAG.py
Traceback (most recent call last):
  File "/home/airflow/.local/lib/python3.12/site-packages/airflow/models/dagbag.py", line 351, in parse
    loader.exec_module(new_module)
  File "<frozen importlib._bootstrap_external>", line 995, in exec_module
  File "<frozen importlib._bootstrap>", line 488, in _call_with_frames_removed
  File "/opt/airflow/dags/transformation_DAG.py", line 9, in <module>
    from include import load
  File "/opt/airflow/include/load.py", line 118
    
    ^
IndentationError: expected an indented block after function definition on line 117
[2026-09-17T15:10:32.870+0000] {processor.py:842} WARNING - No viable dags retrieved from /opt/airflow/dags/transformation_DAG.py
[2026-09-17T15:10:32.882+0000] {processor.py:183} INFO - Processing /opt/airflow/dags/transformation_DAG.py took 0.020 seconds
[2026-09-17T15:11:03.020+0000] {processor.py:161} INFO - Started process (PID=7606) to work on /opt/airflow/dags/transformation_DAG.py
[2026-09-17T15:11:03.113+0000] {processor.py:830} INFO - Processing file /opt/airflow/dags/transformation_DAG.py for tasks to queue
[2026-09-17T15:11:03.114+0000] {logging_mixin.py:188} INFO - [2026-09-17T15:11:03.114+0000] {dagbag.py:545} INFO - Filling up the DagBag from /opt/airflow/dags/transformation_DAG.py
[2026-09-17T15:11:03.440+0000] {processor.py:840} INFO - DAG(s) 'load_transform_data_DAG' retrieved from /opt/airflow/dags/transformation_DAG.py
[2026-09-17T15:11:03.452+0000] {logging_mixin.py:188} INFO - [2026-09-17T15:11:03.452+0000] {dag.py:3096} INFO - Sync 1 DAGs
[2026-09-17T15:11:03.459+0000] {logging_mixin.py:188} INFO - [2026-09-17T15:11:03.459+0000] {dag.py:3954} INFO - Setting next_dagrun for load_transform_data_DAG to None, run_after=None
[2026-09-17T15:11:03.470+0000] {processor.py:183} INFO - Processing /opt/airflow/dags/transformation_DAG.py took 0.453 seconds
[2026-09-17T15:11:33.608+0000] {processor.py:161} INFO - Started process (PID=7616) to work on /opt/airflow/dags/transformation_DAG.py
[2026-09-17T15:11:33.609+0000] {processor.py:830} INFO - Processing file /opt/airflow/dags/transformation_DAG.py for tasks to queue
[2026-09-17T15:11:33.611+0000] {logging_mixin.py:188} INFO - [2026-09-17T15:11:33.610+0000] {dagbag.py:545} INFO - Filling up the DagBag from /opt/airflow/dags/transformation_DAG.py
[2026-09-17T15:11:33.899+0000] {processor.py:840} INFO - DAG(s) 'load_transform_data_DAG' retrieved from /opt/airflow/dags/transformation_DAG.py
[2026-09-17T15:11:33.911+0000] {logging_mixin.py:188} INFO - [2026-09-17T15:11:33.910+0000] {dag.py:3096} INFO - Sync 1 DAGs
[2026-09-17T15:11:33.918+0000] {logging_mixin.py:188} INFO - [2026-09-17T15:11:33.918+0000] {dag.py:3954} INFO - Setting next_dagrun for load_transform_data_DAG to None, run_after=None
[2026-09-17T15:11:33.926+0000] {processor.py:183} INFO - Processing /opt/airflow/dags/transformation_DAG.py took 0.327 seconds
[2026-09-17T15:12:04.072+0000] {processor.py:161} INFO - Started process (PID=7626) to work on /opt/airflow/dags/transformation_DAG.py
[2026-09-17T15:12:04.154+0000] {processor.py:830} INFO - Processing file /opt/airflow/dags/transformation_DAG.py for tasks to queue
[2026-09-17T15:12:04.154+0000] {logging_mixin.py:188} INFO - [2026-09-17T15:12:04.154+0000] {dagbag.py:545} INFO - Filling up the DagBag from /opt/airflow/dags/transformation_DAG.py
[2026-09-17T15:12:04.472+0000] {processor.py:840} INFO - DAG(s) 'load_transform_data_DAG' retrieved from /opt/airflow/dags/transformation_DAG.py
[2026-09-17T15:12:04.484+0000] {logging_mixin.py:188} INFO - [2026-09-17T15:12:04.483+0000] {dag.py:3096} INFO - Sync 1 DAGs
[2026-09-17T15:12:04.490+0000] {logging_mixin.py:188} INFO - [2026-09-17T15:12:04.490+0000] {dag.py:3954} INFO - Setting next_dagrun for load_transform_data_DAG to None, run_after=None
[2026-09-17T15:12:04.498+0000] {processor.py:183} INFO - Processing /opt/airflow/dags/transformation_DAG.py took 0.435 seconds
[2026-09-17T15:12:34.663+0000] {processor.py:161} INFO - Started process (PID=7636) to work on /opt/airflow/dags/transformation_DAG.py
[2026-09-17T15:12:34.664+0000] {processor.py:830} INFO - Processing file /opt/airflow/dags/transformation_DAG.py for tasks to queue
[2026-09-17T15:12:34.665+0000] {logging_mixin.py:188} INFO - [2026-09-17T15:12:34.664+0000] {dagbag.py:545} INFO - Filling up the DagBag from /opt/airflow/dags/transformation_DAG.py
[2026-09-17T15:12:34.966+0000] {processor.py:840} INFO - DAG(s) 'load_transform_data_DAG' retrieved from /opt/airflow/dags/transformation_DAG.py
[2026-09-17T15:12:34.979+0000] {logging_mixin.py:188} INFO - [2026-09-17T15:12:34.979+0000] {dag.py:3096} INFO - Sync 1 DAGs
[2026-09-17T15:12:34.985+0000] {logging_mixin.py:188} INFO - [2026-09-17T15:12:34.985+0000] {dag.py:3954} INFO - Setting next_dagrun for load_transform_data_DAG to None, run_after=None
[2026-09-17T15:12:34.995+0000] {processor.py:183} INFO - Processing /opt/airflow/dags/transformation_DAG.py took 0.341 seconds
[2026-09-17T15:13:05.117+0000] {processor.py:161} INFO - Started process (PID=7646) to work on /opt/airflow/dags/transformation_DAG.py
[2026-09-17T15:13:05.158+0000] {processor.py:830} INFO - Processing file /opt/airflow/dags/transformation_DAG.py for tasks to queue
[2026-09-17T15:13:05.159+0000] {logging_mixin.py:188} INFO - [2026-09-17T15:13:05.159+0000] {dagbag.py:545} INFO - Filling up the DagBag from /opt/airflow/dags/transformation_DAG.py
[2026-09-17T15:13:05.501+0000] {processor.py:840} INFO - DAG(s) 'load_transform_data_DAG' retrieved from /opt/airflow/dags/transformation_DAG.py
[2026-09-17T15:13:05.514+0000] {logging_mixin.py:188} INFO - [2026-09-17T15:13:05.513+0000] {dag.py:3096} INFO - Sync 1 DAGs
[2026-09-17T15:13:05.522+0000] {logging_mixin.py:188} INFO - [2026-09-17T15:13:05.521+0000] {dag.py:3954} INFO - Setting next_dagrun for load_transform_data_DAG to None, run_after=None
[2026-09-17T15:13:05.531+0000] {processor.py:183} INFO - Processing /opt/airflow/dags/transformation_DAG.py took 0.418 seconds
[2026-09-17T15:13:35.646+0000] {processor.py:161} INFO - Started process (PID=7656) to work on /opt/airflow/dags/transformation_DAG.py
[2026-09-17T15:13:35.646+0000] {processor.py:830} INFO - Processing file /opt/airflow/dags/transformation_DAG.py for tasks to queue
[2026-09-17T15:13:35.647+0000] {logging_mixin.py:188} INFO - [2026-09-17T15:13:35.646+0000] {dagbag.py:545} INFO - Filling up the DagBag from /opt/airflow/dags/transformation_DAG.py
[2026-09-17T15:13:35.952+0000] {processor.py:840} INFO - DAG(s) 'load_transform_data_DAG' retrieved from /opt/airflow/dags/transformation_DAG.py
[2026-09-17T15:13:35.966+0000] {logging_mixin.py:188} INFO - [2026-09-17T15:13:35.966+0000] {dag.py:3096} INFO - Sync 1 DAGs
[2026-09-17T15:13:35.973+0000] {logging_mixin.py:188} INFO - [2026-09-17T15:13:35.973+0000] {dag.py:3954} INFO - Setting next_dagrun for load_transform_data_DAG to None, run_after=None
[2026-09-17T15:13:35.984+0000] {processor.py:183} INFO - Processing /opt/airflow/dags/transformation_DAG.py took 0.342 seconds
[2026-09-17T15:14:06.100+0000] {processor.py:161} INFO - Started process (PID=7665) to work on /opt/airflow/dags/transformation_DAG.py
[2026-09-17T15:14:06.104+0000] {processor.py:830} INFO - Processing file /opt/airflow/dags/transformation_DAG.py for tasks to queue
[2026-09-17T15:14:06.105+0000] {logging_mixin.py:188} INFO - [2026-09-17T15:14:06.104+0000] {dagbag.py:545} INFO - Filling up the DagBag from /opt/airflow/dags/transformation_DAG.py
[2026-09-17T15:14:06.415+0000] {processor.py:840} INFO - DAG(s) 'load_transform_data_DAG' retrieved from /opt/airflow/dags/transformation_DAG.py
[2026-09-17T15:14:06.427+0000] {logging_mixin.py:188} INFO - [2026-09-17T15:14:06.427+0000] {dag.py:3096} INFO - Sync 1 DAGs
[2026-09-17T15:14:06.435+0000] {logging_mixin.py:188} INFO - [2026-09-17T15:14:06.434+0000] {dag.py:3954} INFO - Setting next_dagrun for load_transform_data_DAG to None, run_after=None
[2026-09-17T15:14:06.445+0000] {processor.py:183} INFO - Processing /opt/airflow/dags/transformation_DAG.py took 0.352 seconds
[2026-09-17T15:14:36.579+0000] {processor.py:161} INFO - Started process (PID=7675) to work on /opt/airflow/dags/transformation_DAG.py
[2026-09-17T15:14:36.580+0000] {processor.py:830} INFO - Processing file /opt/airflow/dags/transformation_DAG.py for tasks to queue
[2026-09-17T15:14:36.580+0000] {logging_mixin.py:188} INFO - [2026-09-17T15:14:36.580+0000] {dagbag.py:545} INFO - Filling up the DagBag from /opt/airflow/dags/transformation_DAG.py
[2026-09-17T15:14:36.888+0000] {processor.py:840} INFO - DAG(s) 'load_transform_data_DAG' retrieved from /opt/airflow/dags/transformation_DAG.py
[2026-09-17T15:14:36.901+0000] {logging_mixin.py:188} INFO - [2026-09-17T15:14:36.900+0000] {dag.py:3096} INFO - Sync 1 DAGs
[2026-09-17T15:14:36.908+0000] {logging_mixin.py:188} INFO - [2026-09-17T15:14:36.908+0000] {dag.py:3954} INFO - Setting next_dagrun for load_transform_data_DAG to None, run_after=None
[2026-09-17T15:14:36.918+0000] {processor.py:183} INFO - Processing /opt/airflow/dags/transformation_DAG.py took 0.347 seconds
[2026-09-17T15:15:07.059+0000] {processor.py:161} INFO - Started process (PID=7685) to work on /opt/airflow/dags/transformation_DAG.py
[2026-09-17T15:15:07.168+0000] {processor.py:830} INFO - Processing file /opt/airflow/dags/transformation_DAG.py for tasks to queue
[2026-09-17T15:15:07.170+0000] {logging_mixin.py:188} INFO - [2026-09-17T15:15:07.169+0000] {dagbag.py:545} INFO - Filling up the DagBag from /opt/airflow/dags/transformation_DAG.py
[2026-09-17T15:15:07.479+0000] {processor.py:840} INFO - DAG(s) 'load_transform_data_DAG' retrieved from /opt/airflow/dags/transformation_DAG.py
[2026-09-17T15:15:07.491+0000] {logging_mixin.py:188} INFO - [2026-09-17T15:15:07.490+0000] {dag.py:3096} INFO - Sync 1 DAGs
[2026-09-17T15:15:07.497+0000] {logging_mixin.py:188} INFO - [2026-09-17T15:15:07.497+0000] {dag.py:3954} INFO - Setting next_dagrun for load_transform_data_DAG to None, run_after=None
[2026-09-17T15:15:07.507+0000] {processor.py:183} INFO - Processing /opt/airflow/dags/transformation_DAG.py took 0.456 seconds
[2026-09-17T15:15:37.662+0000] {processor.py:161} INFO - Started process (PID=7695) to work on /opt/airflow/dags/transformation_DAG.py
[2026-09-17T15:15:37.662+0000] {processor.py:830} INFO - Processing file /opt/airflow/dags/transformation_DAG.py for tasks to queue
[2026-09-17T15:15:37.663+0000] {logging_mixin.py:188} INFO - [2026-09-17T15:15:37.663+0000] {dagbag.py:545} INFO - Filling up the DagBag from /opt/airflow/dags/transformation_DAG.py
[2026-09-17T15:15:37.963+0000] {processor.py:840} INFO - DAG(s) 'load_transform_data_DAG' retrieved from /opt/airflow/dags/transformation_DAG.py
[2026-09-17T15:15:37.974+0000] {logging_mixin.py:188} INFO - [2026-09-17T15:15:37.974+0000] {dag.py:3096} INFO - Sync 1 DAGs
[2026-09-17T15:15:37.981+0000] {logging_mixin.py:188} INFO - [2026-09-17T15:15:37.981+0000] {dag.py:3954} INFO - Setting next_dagrun for load_transform_data_DAG to None, run_after=None
[2026-09-17T15:15:37.990+0000] {processor.py:183} INFO - Processing /opt/airflow/dags/transformation_DAG.py took 0.337 seconds
[2026-09-17T15:16:08.114+0000] {processor.py:161} INFO - Started process (PID=7705) to work on /opt/airflow/dags/transformation_DAG.py
[2026-09-17T15:16:08.380+0000] {processor.py:830} INFO - Processing file /opt/airflow/dags/transformation_DAG.py for tasks to queue
[2026-09-17T15:16:08.382+0000] {logging_mixin.py:188} INFO - [2026-09-17T15:16:08.381+0000] {dagbag.py:545} INFO - Filling up the DagBag from /opt/airflow/dags/transformation_DAG.py
[2026-09-17T15:16:08.696+0000] {processor.py:840} INFO - DAG(s) 'load_transform_data_DAG' retrieved from /opt/airflow/dags/transformation_DAG.py
[2026-09-17T15:16:08.707+0000] {logging_mixin.py:188} INFO - [2026-09-17T15:16:08.707+0000] {dag.py:3096} INFO - Sync 1 DAGs
[2026-09-17T15:16:08.714+0000] {logging_mixin.py:188} INFO - [2026-09-17T15:16:08.713+0000] {dag.py:3954} INFO - Setting next_dagrun for load_transform_data_DAG to None, run_after=None
[2026-09-17T15:16:08.723+0000] {processor.py:183} INFO - Processing /opt/airflow/dags/transformation_DAG.py took 0.616 seconds
[2026-09-17T15:16:38.868+0000] {processor.py:161} INFO - Started process (PID=7715) to work on /opt/airflow/dags/transformation_DAG.py
[2026-09-17T15:16:38.869+0000] {processor.py:830} INFO - Processing file /opt/airflow/dags/transformation_DAG.py for tasks to queue
[2026-09-17T15:16:38.870+0000] {logging_mixin.py:188} INFO - [2026-09-17T15:16:38.869+0000] {dagbag.py:545} INFO - Filling up the DagBag from /opt/airflow/dags/transformation_DAG.py
[2026-09-17T15:16:39.194+0000] {processor.py:840} INFO - DAG(s) 'load_transform_data_DAG' retrieved from /opt/airflow/dags/transformation_DAG.py
[2026-09-17T15:16:39.206+0000] {logging_mixin.py:188} INFO - [2026-09-17T15:16:39.206+0000] {dag.py:3096} INFO - Sync 1 DAGs
[2026-09-17T15:16:39.216+0000] {logging_mixin.py:188} INFO - [2026-09-17T15:16:39.216+0000] {dag.py:3954} INFO - Setting next_dagrun for load_transform_data_DAG to None, run_after=None
[2026-09-17T15:16:39.232+0000] {processor.py:183} INFO - Processing /opt/airflow/dags/transformation_DAG.py took 0.372 seconds
[2026-09-17T15:17:09.374+0000] {processor.py:161} INFO - Started process (PID=7725) to work on /opt/airflow/dags/transformation_DAG.py
[2026-09-17T15:17:09.405+0000] {processor.py:830} INFO - Processing file /opt/airflow/dags/transformation_DAG.py for tasks to queue
[2026-09-17T15:17:09.406+0000] {logging_mixin.py:188} INFO - [2026-09-17T15:17:09.406+0000] {dagbag.py:545} INFO - Filling up the DagBag from /opt/airflow/dags/transformation_DAG.py
[2026-09-17T15:17:09.717+0000] {processor.py:840} INFO - DAG(s) 'load_transform_data_DAG' retrieved from /opt/airflow/dags/transformation_DAG.py
[2026-09-17T15:17:09.729+0000] {logging_mixin.py:188} INFO - [2026-09-17T15:17:09.729+0000] {dag.py:3096} INFO - Sync 1 DAGs
[2026-09-17T15:17:09.735+0000] {logging_mixin.py:188} INFO - [2026-09-17T15:17:09.735+0000] {dag.py:3954} INFO - Setting next_dagrun for load_transform_data_DAG to None, run_after=None
[2026-09-17T15:17:09.746+0000] {processor.py:183} INFO - Processing /opt/airflow/dags/transformation_DAG.py took 0.381 seconds
[2026-09-17T15:17:39.872+0000] {processor.py:161} INFO - Started process (PID=7735) to work on /opt/airflow/dags/transformation_DAG.py
[2026-09-17T15:17:39.873+0000] {processor.py:830} INFO - Processing file /opt/airflow/dags/transformation_DAG.py for tasks to queue
[2026-09-17T15:17:39.874+0000] {logging_mixin.py:188} INFO - [2026-09-17T15:17:39.874+0000] {dagbag.py:545} INFO - Filling up the DagBag from /opt/airflow/dags/transformation_DAG.py
[2026-09-17T15:17:40.181+0000] {processor.py:840} INFO - DAG(s) 'load_transform_data_DAG' retrieved from /opt/airflow/dags/transformation_DAG.py
[2026-09-17T15:17:40.193+0000] {logging_mixin.py:188} INFO - [2026-09-17T15:17:40.193+0000] {dag.py:3096} INFO - Sync 1 DAGs
[2026-09-17T15:17:40.200+0000] {logging_mixin.py:188} INFO - [2026-09-17T15:17:40.200+0000] {dag.py:3954} INFO - Setting next_dagrun for load_transform_data_DAG to None, run_after=None
[2026-09-17T15:17:40.209+0000] {processor.py:183} INFO - Processing /opt/airflow/dags/transformation_DAG.py took 0.347 seconds
[2026-09-17T15:18:10.347+0000] {processor.py:161} INFO - Started process (PID=7745) to work on /opt/airflow/dags/transformation_DAG.py
[2026-09-17T15:18:10.355+0000] {processor.py:830} INFO - Processing file /opt/airflow/dags/transformation_DAG.py for tasks to queue
[2026-09-17T15:18:10.356+0000] {logging_mixin.py:188} INFO - [2026-09-17T15:18:10.355+0000] {dagbag.py:545} INFO - Filling up the DagBag from /opt/airflow/dags/transformation_DAG.py
[2026-09-17T15:18:10.669+0000] {processor.py:840} INFO - DAG(s) 'load_transform_data_DAG' retrieved from /opt/airflow/dags/transformation_DAG.py
[2026-09-17T15:18:10.681+0000] {logging_mixin.py:188} INFO - [2026-09-17T15:18:10.681+0000] {dag.py:3096} INFO - Sync 1 DAGs
[2026-09-17T15:18:10.688+0000] {logging_mixin.py:188} INFO - [2026-09-17T15:18:10.687+0000] {dag.py:3954} INFO - Setting next_dagrun for load_transform_data_DAG to None, run_after=None
[2026-09-17T15:18:10.703+0000] {processor.py:183} INFO - Processing /opt/airflow/dags/transformation_DAG.py took 0.364 seconds
[2026-09-17T15:18:40.833+0000] {processor.py:161} INFO - Started process (PID=7755) to work on /opt/airflow/dags/transformation_DAG.py
[2026-09-17T15:18:40.833+0000] {processor.py:830} INFO - Processing file /opt/airflow/dags/transformation_DAG.py for tasks to queue
[2026-09-17T15:18:40.834+0000] {logging_mixin.py:188} INFO - [2026-09-17T15:18:40.834+0000] {dagbag.py:545} INFO - Filling up the DagBag from /opt/airflow/dags/transformation_DAG.py
[2026-09-17T15:18:41.161+0000] {processor.py:840} INFO - DAG(s) 'load_transform_data_DAG' retrieved from /opt/airflow/dags/transformation_DAG.py
[2026-09-17T15:18:41.173+0000] {logging_mixin.py:188} INFO - [2026-09-17T15:18:41.173+0000] {dag.py:3096} INFO - Sync 1 DAGs
[2026-09-17T15:18:41.180+0000] {logging_mixin.py:188} INFO - [2026-09-17T15:18:41.180+0000] {dag.py:3954} INFO - Setting next_dagrun for load_transform_data_DAG to None, run_after=None
[2026-09-17T15:18:41.189+0000] {processor.py:183} INFO - Processing /opt/airflow/dags/transformation_DAG.py took 0.366 seconds
[2026-09-17T15:19:11.315+0000] {processor.py:161} INFO - Started process (PID=7765) to work on /opt/airflow/dags/transformation_DAG.py
[2026-09-17T15:19:11.321+0000] {processor.py:830} INFO - Processing file /opt/airflow/dags/transformation_DAG.py for tasks to queue
[2026-09-17T15:19:11.322+0000] {logging_mixin.py:188} INFO - [2026-09-17T15:19:11.321+0000] {dagbag.py:545} INFO - Filling up the DagBag from /opt/airflow/dags/transformation_DAG.py
[2026-09-17T15:19:11.639+0000] {processor.py:840} INFO - DAG(s) 'load_transform_data_DAG' retrieved from /opt/airflow/dags/transformation_DAG.py
[2026-09-17T15:19:11.652+0000] {logging_mixin.py:188} INFO - [2026-09-17T15:19:11.651+0000] {dag.py:3096} INFO - Sync 1 DAGs
[2026-09-17T15:19:11.658+0000] {logging_mixin.py:188} INFO - [2026-09-17T15:19:11.658+0000] {dag.py:3954} INFO - Setting next_dagrun for load_transform_data_DAG to None, run_after=None
[2026-09-17T15:19:11.668+0000] {processor.py:183} INFO - Processing /opt/airflow/dags/transformation_DAG.py took 0.361 seconds
[2026-09-17T15:19:41.803+0000] {processor.py:161} INFO - Started process (PID=7775) to work on /opt/airflow/dags/transformation_DAG.py
[2026-09-17T15:19:41.803+0000] {processor.py:830} INFO - Processing file /opt/airflow/dags/transformation_DAG.py for tasks to queue
[2026-09-17T15:19:41.804+0000] {logging_mixin.py:188} INFO - [2026-09-17T15:19:41.804+0000] {dagbag.py:545} INFO - Filling up the DagBag from /opt/airflow/dags/transformation_DAG.py
[2026-09-17T15:19:42.122+0000] {processor.py:840} INFO - DAG(s) 'load_transform_data_DAG' retrieved from /opt/airflow/dags/transformation_DAG.py
[2026-09-17T15:19:42.134+0000] {logging_mixin.py:188} INFO - [2026-09-17T15:19:42.133+0000] {dag.py:3096} INFO - Sync 1 DAGs
[2026-09-17T15:19:42.141+0000] {logging_mixin.py:188} INFO - [2026-09-17T15:19:42.141+0000] {dag.py:3954} INFO - Setting next_dagrun for load_transform_data_DAG to None, run_after=None
[2026-09-17T15:19:42.151+0000] {processor.py:183} INFO - Processing /opt/airflow/dags/transformation_DAG.py took 0.356 seconds
[2026-09-17T15:20:12.278+0000] {processor.py:161} INFO - Started process (PID=7785) to work on /opt/airflow/dags/transformation_DAG.py
[2026-09-17T15:20:12.365+0000] {processor.py:830} INFO - Processing file /opt/airflow/dags/transformation_DAG.py for tasks to queue
[2026-09-17T15:20:12.366+0000] {logging_mixin.py:188} INFO - [2026-09-17T15:20:12.366+0000] {dagbag.py:545} INFO - Filling up the DagBag from /opt/airflow/dags/transformation_DAG.py
[2026-09-17T15:20:12.714+0000] {processor.py:840} INFO - DAG(s) 'load_transform_data_DAG' retrieved from /opt/airflow/dags/transformation_DAG.py
[2026-09-17T15:20:12.727+0000] {logging_mixin.py:188} INFO - [2026-09-17T15:20:12.727+0000] {dag.py:3096} INFO - Sync 1 DAGs
[2026-09-17T15:20:12.735+0000] {logging_mixin.py:188} INFO - [2026-09-17T15:20:12.734+0000] {dag.py:3954} INFO - Setting next_dagrun for load_transform_data_DAG to None, run_after=None
[2026-09-17T15:20:12.746+0000] {processor.py:183} INFO - Processing /opt/airflow/dags/transformation_DAG.py took 0.475 seconds
[2026-09-17T15:20:42.856+0000] {processor.py:161} INFO - Started process (PID=7795) to work on /opt/airflow/dags/transformation_DAG.py
[2026-09-17T15:20:42.857+0000] {processor.py:830} INFO - Processing file /opt/airflow/dags/transformation_DAG.py for tasks to queue
[2026-09-17T15:20:42.857+0000] {logging_mixin.py:188} INFO - [2026-09-17T15:20:42.857+0000] {dagbag.py:545} INFO - Filling up the DagBag from /opt/airflow/dags/transformation_DAG.py
[2026-09-17T15:20:43.173+0000] {processor.py:840} INFO - DAG(s) 'load_transform_data_DAG' retrieved from /opt/airflow/dags/transformation_DAG.py
[2026-09-17T15:20:43.186+0000] {logging_mixin.py:188} INFO - [2026-09-17T15:20:43.186+0000] {dag.py:3096} INFO - Sync 1 DAGs
[2026-09-17T15:20:43.193+0000] {logging_mixin.py:188} INFO - [2026-09-17T15:20:43.193+0000] {dag.py:3954} INFO - Setting next_dagrun for load_transform_data_DAG to None, run_after=None
[2026-09-17T15:20:43.202+0000] {processor.py:183} INFO - Processing /opt/airflow/dags/transformation_DAG.py took 0.350 seconds
[2026-09-17T15:21:13.305+0000] {processor.py:161} INFO - Started process (PID=7805) to work on /opt/airflow/dags/transformation_DAG.py
[2026-09-17T15:21:13.318+0000] {processor.py:830} INFO - Processing file /opt/airflow/dags/transformation_DAG.py for tasks to queue
[2026-09-17T15:21:13.319+0000] {logging_mixin.py:188} INFO - [2026-09-17T15:21:13.319+0000] {dagbag.py:545} INFO - Filling up the DagBag from /opt/airflow/dags/transformation_DAG.py
[2026-09-17T15:21:13.650+0000] {processor.py:840} INFO - DAG(s) 'load_transform_data_DAG' retrieved from /opt/airflow/dags/transformation_DAG.py
[2026-09-17T15:21:13.665+0000] {logging_mixin.py:188} INFO - [2026-09-17T15:21:13.664+0000] {dag.py:3096} INFO - Sync 1 DAGs
[2026-09-17T15:21:13.672+0000] {logging_mixin.py:188} INFO - [2026-09-17T15:21:13.672+0000] {dag.py:3954} INFO - Setting next_dagrun for load_transform_data_DAG to None, run_after=None
[2026-09-17T15:21:13.682+0000] {processor.py:183} INFO - Processing /opt/airflow/dags/transformation_DAG.py took 0.381 seconds
[2026-09-17T15:21:43.807+0000] {processor.py:161} INFO - Started process (PID=7815) to work on /opt/airflow/dags/transformation_DAG.py
[2026-09-17T15:21:43.808+0000] {processor.py:830} INFO - Processing file /opt/airflow/dags/transformation_DAG.py for tasks to queue
[2026-09-17T15:21:43.809+0000] {logging_mixin.py:188} INFO - [2026-09-17T15:21:43.808+0000] {dagbag.py:545} INFO - Filling up the DagBag from /opt/airflow/dags/transformation_DAG.py
[2026-09-17T15:21:44.116+0000] {processor.py:840} INFO - DAG(s) 'load_transform_data_DAG' retrieved from /opt/airflow/dags/transformation_DAG.py
[2026-09-17T15:21:44.128+0000] {logging_mixin.py:188} INFO - [2026-09-17T15:21:44.128+0000] {dag.py:3096} INFO - Sync 1 DAGs
[2026-09-17T15:21:44.135+0000] {logging_mixin.py:188} INFO - [2026-09-17T15:21:44.135+0000] {dag.py:3954} INFO - Setting next_dagrun for load_transform_data_DAG to None, run_after=None
[2026-09-17T15:21:44.147+0000] {processor.py:183} INFO - Processing /opt/airflow/dags/transformation_DAG.py took 0.348 seconds
[2026-09-17T15:22:14.272+0000] {processor.py:161} INFO - Started process (PID=7825) to work on /opt/airflow/dags/transformation_DAG.py
[2026-09-17T15:22:14.284+0000] {processor.py:830} INFO - Processing file /opt/airflow/dags/transformation_DAG.py for tasks to queue
[2026-09-17T15:22:14.285+0000] {logging_mixin.py:188} INFO - [2026-09-17T15:22:14.284+0000] {dagbag.py:545} INFO - Filling up the DagBag from /opt/airflow/dags/transformation_DAG.py
[2026-09-17T15:22:14.588+0000] {processor.py:840} INFO - DAG(s) 'load_transform_data_DAG' retrieved from /opt/airflow/dags/transformation_DAG.py
[2026-09-17T15:22:14.601+0000] {logging_mixin.py:188} INFO - [2026-09-17T15:22:14.601+0000] {dag.py:3096} INFO - Sync 1 DAGs
[2026-09-17T15:22:14.607+0000] {logging_mixin.py:188} INFO - [2026-09-17T15:22:14.607+0000] {dag.py:3954} INFO - Setting next_dagrun for load_transform_data_DAG to None, run_after=None
[2026-09-17T15:22:14.618+0000] {processor.py:183} INFO - Processing /opt/airflow/dags/transformation_DAG.py took 0.350 seconds
[2026-09-17T15:22:44.753+0000] {processor.py:161} INFO - Started process (PID=7835) to work on /opt/airflow/dags/transformation_DAG.py
[2026-09-17T15:22:44.754+0000] {processor.py:830} INFO - Processing file /opt/airflow/dags/transformation_DAG.py for tasks to queue
[2026-09-17T15:22:44.754+0000] {logging_mixin.py:188} INFO - [2026-09-17T15:22:44.754+0000] {dagbag.py:545} INFO - Filling up the DagBag from /opt/airflow/dags/transformation_DAG.py
[2026-09-17T15:22:45.087+0000] {processor.py:840} INFO - DAG(s) 'load_transform_data_DAG' retrieved from /opt/airflow/dags/transformation_DAG.py
[2026-09-17T15:22:45.100+0000] {logging_mixin.py:188} INFO - [2026-09-17T15:22:45.100+0000] {dag.py:3096} INFO - Sync 1 DAGs
[2026-09-17T15:22:45.108+0000] {logging_mixin.py:188} INFO - [2026-09-17T15:22:45.108+0000] {dag.py:3954} INFO - Setting next_dagrun for load_transform_data_DAG to None, run_after=None
[2026-09-17T15:22:45.119+0000] {processor.py:183} INFO - Processing /opt/airflow/dags/transformation_DAG.py took 0.371 seconds
[2026-09-17T15:23:15.214+0000] {processor.py:161} INFO - Started process (PID=7845) to work on /opt/airflow/dags/transformation_DAG.py
[2026-09-17T15:23:15.347+0000] {processor.py:830} INFO - Processing file /opt/airflow/dags/transformation_DAG.py for tasks to queue
[2026-09-17T15:23:15.348+0000] {logging_mixin.py:188} INFO - [2026-09-17T15:23:15.348+0000] {dagbag.py:545} INFO - Filling up the DagBag from /opt/airflow/dags/transformation_DAG.py
[2026-09-17T15:23:15.671+0000] {processor.py:840} INFO - DAG(s) 'load_transform_data_DAG' retrieved from /opt/airflow/dags/transformation_DAG.py
[2026-09-17T15:23:15.684+0000] {logging_mixin.py:188} INFO - [2026-09-17T15:23:15.684+0000] {dag.py:3096} INFO - Sync 1 DAGs
[2026-09-17T15:23:15.692+0000] {logging_mixin.py:188} INFO - [2026-09-17T15:23:15.692+0000] {dag.py:3954} INFO - Setting next_dagrun for load_transform_data_DAG to None, run_after=None
[2026-09-17T15:23:15.702+0000] {processor.py:183} INFO - Processing /opt/airflow/dags/transformation_DAG.py took 0.492 seconds
[2026-09-17T15:23:45.862+0000] {processor.py:161} INFO - Started process (PID=7855) to work on /opt/airflow/dags/transformation_DAG.py
[2026-09-17T15:23:45.863+0000] {processor.py:830} INFO - Processing file /opt/airflow/dags/transformation_DAG.py for tasks to queue
[2026-09-17T15:23:45.864+0000] {logging_mixin.py:188} INFO - [2026-09-17T15:23:45.863+0000] {dagbag.py:545} INFO - Filling up the DagBag from /opt/airflow/dags/transformation_DAG.py
[2026-09-17T15:23:46.179+0000] {processor.py:840} INFO - DAG(s) 'load_transform_data_DAG' retrieved from /opt/airflow/dags/transformation_DAG.py
[2026-09-17T15:23:46.192+0000] {logging_mixin.py:188} INFO - [2026-09-17T15:23:46.192+0000] {dag.py:3096} INFO - Sync 1 DAGs
[2026-09-17T15:23:46.199+0000] {logging_mixin.py:188} INFO - [2026-09-17T15:23:46.199+0000] {dag.py:3954} INFO - Setting next_dagrun for load_transform_data_DAG to None, run_after=None
[2026-09-17T15:23:46.208+0000] {processor.py:183} INFO - Processing /opt/airflow/dags/transformation_DAG.py took 0.353 seconds
[2026-09-17T15:24:16.328+0000] {processor.py:161} INFO - Started process (PID=7865) to work on /opt/airflow/dags/transformation_DAG.py
[2026-09-17T15:24:16.337+0000] {processor.py:830} INFO - Processing file /opt/airflow/dags/transformation_DAG.py for tasks to queue
[2026-09-17T15:24:16.338+0000] {logging_mixin.py:188} INFO - [2026-09-17T15:24:16.337+0000] {dagbag.py:545} INFO - Filling up the DagBag from /opt/airflow/dags/transformation_DAG.py
[2026-09-17T15:24:16.642+0000] {processor.py:840} INFO - DAG(s) 'load_transform_data_DAG' retrieved from /opt/airflow/dags/transformation_DAG.py
[2026-09-17T15:24:16.656+0000] {logging_mixin.py:188} INFO - [2026-09-17T15:24:16.656+0000] {dag.py:3096} INFO - Sync 1 DAGs
[2026-09-17T15:24:16.664+0000] {logging_mixin.py:188} INFO - [2026-09-17T15:24:16.663+0000] {dag.py:3954} INFO - Setting next_dagrun for load_transform_data_DAG to None, run_after=None
[2026-09-17T15:24:16.673+0000] {processor.py:183} INFO - Processing /opt/airflow/dags/transformation_DAG.py took 0.348 seconds
[2026-09-17T15:24:46.826+0000] {processor.py:161} INFO - Started process (PID=7875) to work on /opt/airflow/dags/transformation_DAG.py
[2026-09-17T15:24:46.920+0000] {processor.py:830} INFO - Processing file /opt/airflow/dags/transformation_DAG.py for tasks to queue
[2026-09-17T15:24:46.921+0000] {logging_mixin.py:188} INFO - [2026-09-17T15:24:46.921+0000] {dagbag.py:545} INFO - Filling up the DagBag from /opt/airflow/dags/transformation_DAG.py
[2026-09-17T15:24:47.240+0000] {processor.py:840} INFO - DAG(s) 'load_transform_data_DAG' retrieved from /opt/airflow/dags/transformation_DAG.py
[2026-09-17T15:24:47.251+0000] {logging_mixin.py:188} INFO - [2026-09-17T15:24:47.250+0000] {dag.py:3096} INFO - Sync 1 DAGs
[2026-09-17T15:24:47.256+0000] {logging_mixin.py:188} INFO - [2026-09-17T15:24:47.256+0000] {dag.py:3954} INFO - Setting next_dagrun for load_transform_data_DAG to None, run_after=None
[2026-09-17T15:24:47.266+0000] {processor.py:183} INFO - Processing /opt/airflow/dags/transformation_DAG.py took 0.449 seconds
[2026-09-17T15:25:17.380+0000] {processor.py:161} INFO - Started process (PID=7885) to work on /opt/airflow/dags/transformation_DAG.py
[2026-09-17T15:25:17.468+0000] {processor.py:830} INFO - Processing file /opt/airflow/dags/transformation_DAG.py for tasks to queue
[2026-09-17T15:25:17.469+0000] {logging_mixin.py:188} INFO - [2026-09-17T15:25:17.468+0000] {dagbag.py:545} INFO - Filling up the DagBag from /opt/airflow/dags/transformation_DAG.py
[2026-09-17T15:25:17.819+0000] {processor.py:840} INFO - DAG(s) 'load_transform_data_DAG' retrieved from /opt/airflow/dags/transformation_DAG.py
[2026-09-17T15:25:17.831+0000] {logging_mixin.py:188} INFO - [2026-09-17T15:25:17.831+0000] {dag.py:3096} INFO - Sync 1 DAGs
[2026-09-17T15:25:17.838+0000] {logging_mixin.py:188} INFO - [2026-09-17T15:25:17.837+0000] {dag.py:3954} INFO - Setting next_dagrun for load_transform_data_DAG to None, run_after=None
[2026-09-17T15:25:17.848+0000] {processor.py:183} INFO - Processing /opt/airflow/dags/transformation_DAG.py took 0.473 seconds
[2026-09-17T15:25:47.977+0000] {processor.py:161} INFO - Started process (PID=7895) to work on /opt/airflow/dags/transformation_DAG.py
[2026-09-17T15:25:47.989+0000] {processor.py:830} INFO - Processing file /opt/airflow/dags/transformation_DAG.py for tasks to queue
[2026-09-17T15:25:47.991+0000] {logging_mixin.py:188} INFO - [2026-09-17T15:25:47.990+0000] {dagbag.py:545} INFO - Filling up the DagBag from /opt/airflow/dags/transformation_DAG.py
[2026-09-17T15:25:48.312+0000] {processor.py:840} INFO - DAG(s) 'load_transform_data_DAG' retrieved from /opt/airflow/dags/transformation_DAG.py
[2026-09-17T15:25:48.323+0000] {logging_mixin.py:188} INFO - [2026-09-17T15:25:48.322+0000] {dag.py:3096} INFO - Sync 1 DAGs
[2026-09-17T15:25:48.329+0000] {logging_mixin.py:188} INFO - [2026-09-17T15:25:48.329+0000] {dag.py:3954} INFO - Setting next_dagrun for load_transform_data_DAG to None, run_after=None
[2026-09-17T15:25:48.338+0000] {processor.py:183} INFO - Processing /opt/airflow/dags/transformation_DAG.py took 0.371 seconds
[2026-09-17T15:26:18.482+0000] {processor.py:161} INFO - Started process (PID=7905) to work on /opt/airflow/dags/transformation_DAG.py
[2026-09-17T15:26:18.483+0000] {processor.py:830} INFO - Processing file /opt/airflow/dags/transformation_DAG.py for tasks to queue
[2026-09-17T15:26:18.484+0000] {logging_mixin.py:188} INFO - [2026-09-17T15:26:18.483+0000] {dagbag.py:545} INFO - Filling up the DagBag from /opt/airflow/dags/transformation_DAG.py
[2026-09-17T15:26:18.798+0000] {processor.py:840} INFO - DAG(s) 'load_transform_data_DAG' retrieved from /opt/airflow/dags/transformation_DAG.py
[2026-09-17T15:26:18.809+0000] {logging_mixin.py:188} INFO - [2026-09-17T15:26:18.809+0000] {dag.py:3096} INFO - Sync 1 DAGs
[2026-09-17T15:26:18.817+0000] {logging_mixin.py:188} INFO - [2026-09-17T15:26:18.817+0000] {dag.py:3954} INFO - Setting next_dagrun for load_transform_data_DAG to None, run_after=None
[2026-09-17T15:26:18.827+0000] {processor.py:183} INFO - Processing /opt/airflow/dags/transformation_DAG.py took 0.355 seconds
[2026-09-17T15:26:48.975+0000] {processor.py:161} INFO - Started process (PID=7915) to work on /opt/airflow/dags/transformation_DAG.py
[2026-09-17T15:26:49.094+0000] {processor.py:830} INFO - Processing file /opt/airflow/dags/transformation_DAG.py for tasks to queue
[2026-09-17T15:26:49.096+0000] {logging_mixin.py:188} INFO - [2026-09-17T15:26:49.095+0000] {dagbag.py:545} INFO - Filling up the DagBag from /opt/airflow/dags/transformation_DAG.py
[2026-09-17T15:26:49.425+0000] {processor.py:840} INFO - DAG(s) 'load_transform_data_DAG' retrieved from /opt/airflow/dags/transformation_DAG.py
[2026-09-17T15:26:49.437+0000] {logging_mixin.py:188} INFO - [2026-09-17T15:26:49.437+0000] {dag.py:3096} INFO - Sync 1 DAGs
[2026-09-17T15:26:49.443+0000] {logging_mixin.py:188} INFO - [2026-09-17T15:26:49.443+0000] {dag.py:3954} INFO - Setting next_dagrun for load_transform_data_DAG to None, run_after=None
[2026-09-17T15:26:49.457+0000] {processor.py:183} INFO - Processing /opt/airflow/dags/transformation_DAG.py took 0.490 seconds
[2026-09-17T15:27:19.616+0000] {processor.py:161} INFO - Started process (PID=7925) to work on /opt/airflow/dags/transformation_DAG.py
[2026-09-17T15:27:19.617+0000] {processor.py:830} INFO - Processing file /opt/airflow/dags/transformation_DAG.py for tasks to queue
[2026-09-17T15:27:19.618+0000] {logging_mixin.py:188} INFO - [2026-09-17T15:27:19.618+0000] {dagbag.py:545} INFO - Filling up the DagBag from /opt/airflow/dags/transformation_DAG.py
[2026-09-17T15:27:19.924+0000] {processor.py:840} INFO - DAG(s) 'load_transform_data_DAG' retrieved from /opt/airflow/dags/transformation_DAG.py
[2026-09-17T15:27:19.936+0000] {logging_mixin.py:188} INFO - [2026-09-17T15:27:19.936+0000] {dag.py:3096} INFO - Sync 1 DAGs
[2026-09-17T15:27:19.942+0000] {logging_mixin.py:188} INFO - [2026-09-17T15:27:19.942+0000] {dag.py:3954} INFO - Setting next_dagrun for load_transform_data_DAG to None, run_after=None
[2026-09-17T15:27:19.951+0000] {processor.py:183} INFO - Processing /opt/airflow/dags/transformation_DAG.py took 0.346 seconds
[2026-09-17T15:27:50.109+0000] {processor.py:161} INFO - Started process (PID=7941) to work on /opt/airflow/dags/transformation_DAG.py
[2026-09-17T15:27:50.114+0000] {processor.py:830} INFO - Processing file /opt/airflow/dags/transformation_DAG.py for tasks to queue
[2026-09-17T15:27:50.115+0000] {logging_mixin.py:188} INFO - [2026-09-17T15:27:50.115+0000] {dagbag.py:545} INFO - Filling up the DagBag from /opt/airflow/dags/transformation_DAG.py
[2026-09-17T15:27:50.411+0000] {processor.py:840} INFO - DAG(s) 'load_transform_data_DAG' retrieved from /opt/airflow/dags/transformation_DAG.py
[2026-09-17T15:27:50.423+0000] {logging_mixin.py:188} INFO - [2026-09-17T15:27:50.423+0000] {dag.py:3096} INFO - Sync 1 DAGs
[2026-09-17T15:27:50.430+0000] {logging_mixin.py:188} INFO - [2026-09-17T15:27:50.430+0000] {dag.py:3954} INFO - Setting next_dagrun for load_transform_data_DAG to None, run_after=None
[2026-09-17T15:27:50.438+0000] {processor.py:183} INFO - Processing /opt/airflow/dags/transformation_DAG.py took 0.340 seconds
[2026-09-17T15:28:20.585+0000] {processor.py:161} INFO - Started process (PID=7951) to work on /opt/airflow/dags/transformation_DAG.py
[2026-09-17T15:28:20.585+0000] {processor.py:830} INFO - Processing file /opt/airflow/dags/transformation_DAG.py for tasks to queue
[2026-09-17T15:28:20.586+0000] {logging_mixin.py:188} INFO - [2026-09-17T15:28:20.586+0000] {dagbag.py:545} INFO - Filling up the DagBag from /opt/airflow/dags/transformation_DAG.py
[2026-09-17T15:28:20.876+0000] {processor.py:840} INFO - DAG(s) 'load_transform_data_DAG' retrieved from /opt/airflow/dags/transformation_DAG.py
[2026-09-17T15:28:20.887+0000] {logging_mixin.py:188} INFO - [2026-09-17T15:28:20.887+0000] {dag.py:3096} INFO - Sync 1 DAGs
[2026-09-17T15:28:20.893+0000] {logging_mixin.py:188} INFO - [2026-09-17T15:28:20.893+0000] {dag.py:3954} INFO - Setting next_dagrun for load_transform_data_DAG to None, run_after=None
[2026-09-17T15:28:20.903+0000] {processor.py:183} INFO - Processing /opt/airflow/dags/transformation_DAG.py took 0.327 seconds
[2026-09-17T15:28:51.037+0000] {processor.py:161} INFO - Started process (PID=7961) to work on /opt/airflow/dags/transformation_DAG.py
[2026-09-17T15:28:51.041+0000] {processor.py:830} INFO - Processing file /opt/airflow/dags/transformation_DAG.py for tasks to queue
[2026-09-17T15:28:51.042+0000] {logging_mixin.py:188} INFO - [2026-09-17T15:28:51.041+0000] {dagbag.py:545} INFO - Filling up the DagBag from /opt/airflow/dags/transformation_DAG.py
[2026-09-17T15:28:51.378+0000] {processor.py:840} INFO - DAG(s) 'load_transform_data_DAG' retrieved from /opt/airflow/dags/transformation_DAG.py
[2026-09-17T15:28:51.393+0000] {logging_mixin.py:188} INFO - [2026-09-17T15:28:51.393+0000] {dag.py:3096} INFO - Sync 1 DAGs
[2026-09-17T15:28:51.403+0000] {logging_mixin.py:188} INFO - [2026-09-17T15:28:51.403+0000] {dag.py:3954} INFO - Setting next_dagrun for load_transform_data_DAG to None, run_after=None
[2026-09-17T15:28:51.414+0000] {processor.py:183} INFO - Processing /opt/airflow/dags/transformation_DAG.py took 0.382 seconds
[2026-09-17T15:29:21.550+0000] {processor.py:161} INFO - Started process (PID=7971) to work on /opt/airflow/dags/transformation_DAG.py
[2026-09-17T15:29:21.551+0000] {processor.py:830} INFO - Processing file /opt/airflow/dags/transformation_DAG.py for tasks to queue
[2026-09-17T15:29:21.551+0000] {logging_mixin.py:188} INFO - [2026-09-17T15:29:21.551+0000] {dagbag.py:545} INFO - Filling up the DagBag from /opt/airflow/dags/transformation_DAG.py
[2026-09-17T15:29:21.841+0000] {processor.py:840} INFO - DAG(s) 'load_transform_data_DAG' retrieved from /opt/airflow/dags/transformation_DAG.py
[2026-09-17T15:29:21.852+0000] {logging_mixin.py:188} INFO - [2026-09-17T15:29:21.852+0000] {dag.py:3096} INFO - Sync 1 DAGs
[2026-09-17T15:29:21.859+0000] {logging_mixin.py:188} INFO - [2026-09-17T15:29:21.859+0000] {dag.py:3954} INFO - Setting next_dagrun for load_transform_data_DAG to None, run_after=None
[2026-09-17T15:29:21.868+0000] {processor.py:183} INFO - Processing /opt/airflow/dags/transformation_DAG.py took 0.327 seconds
