[2026-09-15T13:36:54.084+0000] {manager.py:470} INFO - Processing files using up to 2 processes at a time 
[2026-09-15T13:36:54.085+0000] {manager.py:471} INFO - Process each file at most once every 30 seconds
[2026-09-15T13:36:54.085+0000] {manager.py:472} INFO - Checking for new files in /opt/airflow/dags every 300 seconds
[2026-09-15T13:36:54.086+0000] {manager.py:737} INFO - Searching for files in /opt/airflow/dags
[2026-09-15T13:36:54.087+0000] {manager.py:740} INFO - There are 0 files in /opt/airflow/dags
[2026-09-15T13:41:54.309+0000] {manager.py:737} INFO - Searching for files in /opt/airflow/dags
[2026-09-15T13:41:54.404+0000] {manager.py:740} INFO - There are 0 files in /opt/airflow/dags
[2026-09-15T13:46:54.655+0000] {manager.py:737} INFO - Searching for files in /opt/airflow/dags
[2026-09-15T13:46:54.656+0000] {manager.py:740} INFO - There are 0 files in /opt/airflow/dags
[2026-09-15T13:51:54.899+0000] {manager.py:737} INFO - Searching for files in /opt/airflow/dags
[2026-09-15T13:51:54.900+0000] {manager.py:740} INFO - There are 0 files in /opt/airflow/dags
[2026-09-15T13:56:55.143+0000] {manager.py:737} INFO - Searching for files in /opt/airflow/dags
[2026-09-15T13:56:55.144+0000] {manager.py:740} INFO - There are 0 files in /opt/airflow/dags
[2026-09-15T14:01:55.343+0000] {manager.py:737} INFO - Searching for files in /opt/airflow/dags
[2026-09-15T14:01:55.354+0000] {manager.py:740} INFO - There are 0 files in /opt/airflow/dags
[2026-09-15T14:06:55.545+0000] {manager.py:737} INFO - Searching for files in /opt/airflow/dags
[2026-09-15T14:06:55.547+0000] {manager.py:740} INFO - There are 0 files in /opt/airflow/dags
[2026-09-15T14:11:55.722+0000] {manager.py:737} INFO - Searching for files in /opt/airflow/dags
[2026-09-15T14:11:55.723+0000] {manager.py:740} INFO - There are 0 files in /opt/airflow/dags
[2026-09-15T14:16:55.886+0000] {manager.py:737} INFO - Searching for files in /opt/airflow/dags
[2026-09-15T14:16:55.886+0000] {manager.py:740} INFO - There are 0 files in /opt/airflow/dags
[2026-09-15T14:21:55.970+0000] {manager.py:737} INFO - Searching for files in /opt/airflow/dags
[2026-09-15T14:21:55.970+0000] {manager.py:740} INFO - There are 0 files in /opt/airflow/dags
[2026-09-15T14:26:56.175+0000] {manager.py:737} INFO - Searching for files in /opt/airflow/dags
[2026-09-15T14:26:56.176+0000] {manager.py:740} INFO - There are 0 files in /opt/airflow/dags
[2026-09-15T14:31:56.494+0000] {manager.py:737} INFO - Searching for files in /opt/airflow/dags
[2026-09-15T14:31:56.495+0000] {manager.py:740} INFO - There are 0 files in /opt/airflow/dags
[2026-09-15T14:36:56.929+0000] {manager.py:737} INFO - Searching for files in /opt/airflow/dags
[2026-09-15T14:36:56.930+0000] {manager.py:740} INFO - There are 0 files in /opt/airflow/dags
[2026-09-15T14:41:57.284+0000] {manager.py:737} INFO - Searching for files in /opt/airflow/dags
[2026-09-15T14:41:57.298+0000] {manager.py:740} INFO - There are 0 files in /opt/airflow/dags
[2026-09-15T14:46:57.603+0000] {manager.py:737} INFO - Searching for files in /opt/airflow/dags
[2026-09-15T14:46:57.625+0000] {manager.py:740} INFO - There are 0 files in /opt/airflow/dags
[2026-09-15T14:51:57.987+0000] {manager.py:737} INFO - Searching for files in /opt/airflow/dags
[2026-09-15T14:51:57.987+0000] {manager.py:740} INFO - There are 0 files in /opt/airflow/dags
[2026-09-15T14:56:58.306+0000] {manager.py:737} INFO - Searching for files in /opt/airflow/dags
[2026-09-15T14:56:58.307+0000] {manager.py:740} INFO - There are 0 files in /opt/airflow/dags
[2026-09-15T15:01:58.723+0000] {manager.py:737} INFO - Searching for files in /opt/airflow/dags
[2026-09-15T15:01:58.724+0000] {manager.py:740} INFO - There are 0 files in /opt/airflow/dags
[2026-09-15T15:06:59.032+0000] {manager.py:737} INFO - Searching for files in /opt/airflow/dags
[2026-09-15T15:06:59.033+0000] {manager.py:740} INFO - There are 0 files in /opt/airflow/dags
[2026-09-15T15:11:59.392+0000] {manager.py:737} INFO - Searching for files in /opt/airflow/dags
[2026-09-15T15:11:59.393+0000] {manager.py:740} INFO - There are 0 files in /opt/airflow/dags
[2026-09-15T15:16:59.821+0000] {manager.py:737} INFO - Searching for files in /opt/airflow/dags
[2026-09-15T15:16:59.822+0000] {manager.py:740} INFO - There are 0 files in /opt/airflow/dags
[2026-09-15T15:22:00.212+0000] {manager.py:737} INFO - Searching for files in /opt/airflow/dags
[2026-09-15T15:22:00.213+0000] {manager.py:740} INFO - There are 0 files in /opt/airflow/dags
[2026-09-15T15:27:00.632+0000] {manager.py:737} INFO - Searching for files in /opt/airflow/dags
[2026-09-15T15:27:00.633+0000] {manager.py:740} INFO - There are 0 files in /opt/airflow/dags
[2026-09-15T15:32:01.047+0000] {manager.py:737} INFO - Searching for files in /opt/airflow/dags
[2026-09-15T15:32:01.047+0000] {manager.py:740} INFO - There are 0 files in /opt/airflow/dags
[2026-09-15T15:37:01.435+0000] {manager.py:737} INFO - Searching for files in /opt/airflow/dags
[2026-09-15T15:37:01.436+0000] {manager.py:740} INFO - There are 0 files in /opt/airflow/dags
[2026-09-15T15:42:01.772+0000] {manager.py:737} INFO - Searching for files in /opt/airflow/dags
[2026-09-15T15:42:01.773+0000] {manager.py:740} INFO - There are 0 files in /opt/airflow/dags
[2026-09-15T15:47:02.207+0000] {manager.py:737} INFO - Searching for files in /opt/airflow/dags
[2026-09-15T15:47:02.208+0000] {manager.py:740} INFO - There are 0 files in /opt/airflow/dags
[2026-09-15T15:52:02.599+0000] {manager.py:737} INFO - Searching for files in /opt/airflow/dags
[2026-09-15T15:52:02.601+0000] {manager.py:740} INFO - There are 0 files in /opt/airflow/dags
[2026-09-15T15:57:02.830+0000] {manager.py:737} INFO - Searching for files in /opt/airflow/dags
[2026-09-15T15:57:02.831+0000] {manager.py:740} INFO - There are 0 files in /opt/airflow/dags
[2026-09-15T16:02:03.021+0000] {manager.py:737} INFO - Searching for files in /opt/airflow/dags
[2026-09-15T16:02:03.022+0000] {manager.py:740} INFO - There are 0 files in /opt/airflow/dags
[2026-09-15T16:07:03.138+0000] {manager.py:737} INFO - Searching for files in /opt/airflow/dags
[2026-09-15T16:07:03.139+0000] {manager.py:740} INFO - There are 0 files in /opt/airflow/dags
[2026-09-15T16:12:03.411+0000] {manager.py:737} INFO - Searching for files in /opt/airflow/dags
[2026-09-15T16:12:03.412+0000] {manager.py:740} INFO - There are 0 files in /opt/airflow/dags
[2026-09-15T16:17:03.711+0000] {manager.py:737} INFO - Searching for files in /opt/airflow/dags
[2026-09-15T16:17:03.712+0000] {manager.py:740} INFO - There are 0 files in /opt/airflow/dags
[2026-09-15T16:22:04.001+0000] {manager.py:737} INFO - Searching for files in /opt/airflow/dags
[2026-09-15T16:22:04.002+0000] {manager.py:740} INFO - There are 0 files in /opt/airflow/dags
[2026-09-15T16:27:04.292+0000] {manager.py:737} INFO - Searching for files in /opt/airflow/dags
[2026-09-15T16:27:04.293+0000] {manager.py:740} INFO - There are 0 files in /opt/airflow/dags
[2026-09-15T16:27:54.063+0000] {manager.py:452} INFO - Exiting gracefully upon receiving signal 15
[2026-09-15T17:24:11.435+0000] {manager.py:470} INFO - Processing files using up to 2 processes at a time 
[2026-09-15T17:24:11.456+0000] {manager.py:471} INFO - Process each file at most once every 30 seconds
[2026-09-15T17:24:11.456+0000] {manager.py:472} INFO - Checking for new files in /opt/airflow/dags every 300 seconds
[2026-09-15T17:24:11.456+0000] {manager.py:737} INFO - Searching for files in /opt/airflow/dags
[2026-09-15T17:24:11.457+0000] {manager.py:740} INFO - There are 0 files in /opt/airflow/dags
[2026-09-15T17:29:11.834+0000] {manager.py:737} INFO - Searching for files in /opt/airflow/dags
[2026-09-15T17:29:11.835+0000] {manager.py:740} INFO - There are 0 files in /opt/airflow/dags
[2026-09-15T17:34:12.039+0000] {manager.py:737} INFO - Searching for files in /opt/airflow/dags
[2026-09-15T17:34:12.041+0000] {manager.py:740} INFO - There are 0 files in /opt/airflow/dags
[2026-09-15T17:39:12.230+0000] {manager.py:737} INFO - Searching for files in /opt/airflow/dags
[2026-09-15T17:39:12.231+0000] {manager.py:740} INFO - There are 0 files in /opt/airflow/dags
[2026-09-15T17:44:12.522+0000] {manager.py:737} INFO - Searching for files in /opt/airflow/dags
[2026-09-15T17:44:12.523+0000] {manager.py:740} INFO - There are 0 files in /opt/airflow/dags
[2026-09-15T17:49:12.803+0000] {manager.py:737} INFO - Searching for files in /opt/airflow/dags
[2026-09-15T17:49:12.804+0000] {manager.py:740} INFO - There are 0 files in /opt/airflow/dags
[2026-09-15T17:54:13.114+0000] {manager.py:737} INFO - Searching for files in /opt/airflow/dags
[2026-09-15T17:54:13.115+0000] {manager.py:740} INFO - There are 0 files in /opt/airflow/dags
[2026-09-15T17:59:13.404+0000] {manager.py:737} INFO - Searching for files in /opt/airflow/dags
[2026-09-15T17:59:13.404+0000] {manager.py:740} INFO - There are 0 files in /opt/airflow/dags
[2026-09-15T18:04:13.727+0000] {manager.py:737} INFO - Searching for files in /opt/airflow/dags
[2026-09-15T18:04:13.728+0000] {manager.py:740} INFO - There are 0 files in /opt/airflow/dags
[2026-09-15T18:09:14.047+0000] {manager.py:737} INFO - Searching for files in /opt/airflow/dags
[2026-09-15T18:09:14.048+0000] {manager.py:740} INFO - There are 0 files in /opt/airflow/dags
[2026-09-15T18:14:14.291+0000] {manager.py:737} INFO - Searching for files in /opt/airflow/dags
[2026-09-15T18:14:14.292+0000] {manager.py:740} INFO - There are 0 files in /opt/airflow/dags
[2026-09-15T18:19:14.548+0000] {manager.py:737} INFO - Searching for files in /opt/airflow/dags
[2026-09-15T18:19:14.549+0000] {manager.py:740} INFO - There are 0 files in /opt/airflow/dags
[2026-09-15T18:24:14.790+0000] {manager.py:737} INFO - Searching for files in /opt/airflow/dags
[2026-09-15T18:24:14.791+0000] {manager.py:740} INFO - There are 0 files in /opt/airflow/dags
[2026-09-15T18:29:15.124+0000] {manager.py:737} INFO - Searching for files in /opt/airflow/dags
[2026-09-15T18:29:15.125+0000] {manager.py:740} INFO - There are 0 files in /opt/airflow/dags
[2026-09-15T18:34:15.512+0000] {manager.py:737} INFO - Searching for files in /opt/airflow/dags
[2026-09-15T18:34:15.513+0000] {manager.py:740} INFO - There are 0 files in /opt/airflow/dags
[2026-09-15T18:39:15.944+0000] {manager.py:737} INFO - Searching for files in /opt/airflow/dags
[2026-09-15T18:39:15.945+0000] {manager.py:740} INFO - There are 0 files in /opt/airflow/dags
[2026-09-15T18:44:16.319+0000] {manager.py:737} INFO - Searching for files in /opt/airflow/dags
[2026-09-15T18:44:16.320+0000] {manager.py:740} INFO - There are 0 files in /opt/airflow/dags
[2026-09-15T18:49:16.724+0000] {manager.py:737} INFO - Searching for files in /opt/airflow/dags
[2026-09-15T18:49:16.725+0000] {manager.py:740} INFO - There are 0 files in /opt/airflow/dags
[2026-09-15T18:54:17.138+0000] {manager.py:737} INFO - Searching for files in /opt/airflow/dags
[2026-09-15T18:54:17.139+0000] {manager.py:740} INFO - There are 0 files in /opt/airflow/dags
[2026-09-15T18:59:17.553+0000] {manager.py:737} INFO - Searching for files in /opt/airflow/dags
[2026-09-15T18:59:17.554+0000] {manager.py:740} INFO - There are 0 files in /opt/airflow/dags
[2026-09-15T19:04:17.942+0000] {manager.py:737} INFO - Searching for files in /opt/airflow/dags
[2026-09-15T19:04:17.943+0000] {manager.py:740} INFO - There are 0 files in /opt/airflow/dags
[2026-09-15T19:09:18.348+0000] {manager.py:737} INFO - Searching for files in /opt/airflow/dags
[2026-09-15T19:09:18.349+0000] {manager.py:740} INFO - There are 0 files in /opt/airflow/dags
[2026-09-15T19:14:18.726+0000] {manager.py:737} INFO - Searching for files in /opt/airflow/dags
[2026-09-15T19:14:18.727+0000] {manager.py:740} INFO - There are 0 files in /opt/airflow/dags
[2026-09-15T19:19:19.135+0000] {manager.py:737} INFO - Searching for files in /opt/airflow/dags
[2026-09-15T19:19:19.136+0000] {manager.py:740} INFO - There are 0 files in /opt/airflow/dags
[2026-09-15T19:24:19.459+0000] {manager.py:737} INFO - Searching for files in /opt/airflow/dags
[2026-09-15T19:24:19.459+0000] {manager.py:740} INFO - There are 0 files in /opt/airflow/dags
[2026-09-15T19:29:19.754+0000] {manager.py:737} INFO - Searching for files in /opt/airflow/dags
[2026-09-15T19:29:19.755+0000] {manager.py:740} INFO - There are 0 files in /opt/airflow/dags
[2026-09-15T19:34:20.036+0000] {manager.py:737} INFO - Searching for files in /opt/airflow/dags
[2026-09-15T19:34:20.037+0000] {manager.py:740} INFO - There are 0 files in /opt/airflow/dags
[2026-09-15T19:39:20.299+0000] {manager.py:737} INFO - Searching for files in /opt/airflow/dags
[2026-09-15T19:39:20.300+0000] {manager.py:740} INFO - There are 0 files in /opt/airflow/dags
[2026-09-15T19:44:20.584+0000] {manager.py:737} INFO - Searching for files in /opt/airflow/dags
[2026-09-15T19:44:20.584+0000] {manager.py:740} INFO - There are 0 files in /opt/airflow/dags
[2026-09-15T19:49:20.796+0000] {manager.py:737} INFO - Searching for files in /opt/airflow/dags
[2026-09-15T19:49:20.797+0000] {manager.py:740} INFO - There are 0 files in /opt/airflow/dags
[2026-09-15T19:54:21.747+0000] {manager.py:737} INFO - Searching for files in /opt/airflow/dags
[2026-09-15T19:54:21.771+0000] {manager.py:740} INFO - There are 0 files in /opt/airflow/dags
[2026-09-15T19:59:22.702+0000] {manager.py:737} INFO - Searching for files in /opt/airflow/dags
[2026-09-15T19:59:22.703+0000] {manager.py:740} INFO - There are 0 files in /opt/airflow/dags
[2026-09-15T20:04:23.649+0000] {manager.py:737} INFO - Searching for files in /opt/airflow/dags
[2026-09-15T20:04:23.744+0000] {manager.py:740} INFO - There are 0 files in /opt/airflow/dags
[2026-09-15T20:09:24.610+0000] {manager.py:737} INFO - Searching for files in /opt/airflow/dags
[2026-09-15T20:09:24.611+0000] {manager.py:740} INFO - There are 0 files in /opt/airflow/dags
[2026-09-15T20:14:25.504+0000] {manager.py:737} INFO - Searching for files in /opt/airflow/dags
[2026-09-15T20:14:25.505+0000] {manager.py:740} INFO - There are 0 files in /opt/airflow/dags
[2026-09-15T20:19:26.373+0000] {manager.py:737} INFO - Searching for files in /opt/airflow/dags
[2026-09-15T20:19:26.374+0000] {manager.py:740} INFO - There are 0 files in /opt/airflow/dags
[2026-09-15T20:24:27.248+0000] {manager.py:737} INFO - Searching for files in /opt/airflow/dags
[2026-09-15T20:24:27.249+0000] {manager.py:740} INFO - There are 0 files in /opt/airflow/dags
[2026-09-15T20:29:28.104+0000] {manager.py:737} INFO - Searching for files in /opt/airflow/dags
[2026-09-15T20:29:28.116+0000] {manager.py:740} INFO - There are 0 files in /opt/airflow/dags
[2026-09-15T20:34:28.971+0000] {manager.py:737} INFO - Searching for files in /opt/airflow/dags
[2026-09-15T20:34:28.972+0000] {manager.py:740} INFO - There are 0 files in /opt/airflow/dags
[2026-09-15T20:39:29.866+0000] {manager.py:737} INFO - Searching for files in /opt/airflow/dags
[2026-09-15T20:39:29.951+0000] {manager.py:740} INFO - There are 0 files in /opt/airflow/dags
[2026-09-15T20:44:30.819+0000] {manager.py:737} INFO - Searching for files in /opt/airflow/dags
[2026-09-15T20:44:30.820+0000] {manager.py:740} INFO - There are 0 files in /opt/airflow/dags
[2026-09-15T20:49:31.713+0000] {manager.py:737} INFO - Searching for files in /opt/airflow/dags
[2026-09-15T20:49:31.714+0000] {manager.py:740} INFO - There are 0 files in /opt/airflow/dags
[2026-09-15T20:54:32.582+0000] {manager.py:737} INFO - Searching for files in /opt/airflow/dags
[2026-09-15T20:54:32.582+0000] {manager.py:740} INFO - There are 0 files in /opt/airflow/dags
[2026-09-15T20:59:33.463+0000] {manager.py:737} INFO - Searching for files in /opt/airflow/dags
[2026-09-15T20:59:33.464+0000] {manager.py:740} INFO - There are 0 files in /opt/airflow/dags
[2026-09-15T21:04:34.339+0000] {manager.py:737} INFO - Searching for files in /opt/airflow/dags
[2026-09-15T21:04:34.340+0000] {manager.py:740} INFO - There are 0 files in /opt/airflow/dags
[2026-09-15T21:09:35.223+0000] {manager.py:737} INFO - Searching for files in /opt/airflow/dags
[2026-09-15T21:09:35.223+0000] {manager.py:740} INFO - There are 0 files in /opt/airflow/dags
[2026-09-15T21:14:36.179+0000] {manager.py:737} INFO - Searching for files in /opt/airflow/dags
[2026-09-15T21:14:36.180+0000] {manager.py:740} INFO - There are 0 files in /opt/airflow/dags
[2026-09-15T21:19:37.104+0000] {manager.py:737} INFO - Searching for files in /opt/airflow/dags
[2026-09-15T21:19:37.105+0000] {manager.py:740} INFO - There are 0 files in /opt/airflow/dags
[2026-09-15T21:24:38.068+0000] {manager.py:737} INFO - Searching for files in /opt/airflow/dags
[2026-09-15T21:24:38.069+0000] {manager.py:740} INFO - There are 0 files in /opt/airflow/dags
[2026-09-15T21:29:39.034+0000] {manager.py:737} INFO - Searching for files in /opt/airflow/dags
[2026-09-15T21:29:39.035+0000] {manager.py:740} INFO - There are 0 files in /opt/airflow/dags
[2026-09-15T21:34:39.115+0000] {manager.py:737} INFO - Searching for files in /opt/airflow/dags
[2026-09-15T21:34:39.116+0000] {manager.py:740} INFO - There are 0 files in /opt/airflow/dags
[2026-09-15T21:39:39.266+0000] {manager.py:737} INFO - Searching for files in /opt/airflow/dags
[2026-09-15T21:39:39.267+0000] {manager.py:740} INFO - There are 0 files in /opt/airflow/dags
[2026-09-15T21:44:39.401+0000] {manager.py:737} INFO - Searching for files in /opt/airflow/dags
[2026-09-15T21:44:39.402+0000] {manager.py:740} INFO - There are 0 files in /opt/airflow/dags
[2026-09-15T21:49:39.487+0000] {manager.py:737} INFO - Searching for files in /opt/airflow/dags
[2026-09-15T21:49:39.488+0000] {manager.py:740} INFO - There are 0 files in /opt/airflow/dags
[2026-09-15T21:54:39.612+0000] {manager.py:737} INFO - Searching for files in /opt/airflow/dags
[2026-09-15T21:54:39.613+0000] {manager.py:740} INFO - There are 0 files in /opt/airflow/dags
[2026-09-15T21:59:39.624+0000] {manager.py:737} INFO - Searching for files in /opt/airflow/dags
[2026-09-15T21:59:39.624+0000] {manager.py:740} INFO - There are 0 files in /opt/airflow/dags
[2026-09-15T22:04:40.528+0000] {manager.py:737} INFO - Searching for files in /opt/airflow/dags
[2026-09-15T22:04:40.529+0000] {manager.py:740} INFO - There are 0 files in /opt/airflow/dags
[2026-09-15T22:09:41.462+0000] {manager.py:737} INFO - Searching for files in /opt/airflow/dags
[2026-09-15T22:09:41.464+0000] {manager.py:740} INFO - There are 0 files in /opt/airflow/dags
[2026-09-15T22:14:42.442+0000] {manager.py:737} INFO - Searching for files in /opt/airflow/dags
[2026-09-15T22:14:42.442+0000] {manager.py:740} INFO - There are 0 files in /opt/airflow/dags
[2026-09-15T22:19:42.477+0000] {manager.py:737} INFO - Searching for files in /opt/airflow/dags
[2026-09-15T22:19:42.478+0000] {manager.py:740} INFO - There are 0 files in /opt/airflow/dags
[2026-09-15T22:24:43.420+0000] {manager.py:737} INFO - Searching for files in /opt/airflow/dags
[2026-09-15T22:24:43.420+0000] {manager.py:740} INFO - There are 0 files in /opt/airflow/dags
[2026-09-15T22:29:44.314+0000] {manager.py:737} INFO - Searching for files in /opt/airflow/dags
[2026-09-15T22:29:44.315+0000] {manager.py:740} INFO - There are 0 files in /opt/airflow/dags
[2026-09-15T22:32:35.238+0000] {manager.py:452} INFO - Exiting gracefully upon receiving signal 15
[2026-09-16T08:01:03.850+0000] {manager.py:470} INFO - Processing files using up to 2 processes at a time 
[2026-09-16T08:01:03.879+0000] {manager.py:471} INFO - Process each file at most once every 30 seconds
[2026-09-16T08:01:03.880+0000] {manager.py:472} INFO - Checking for new files in /opt/airflow/dags every 300 seconds
[2026-09-16T08:01:03.880+0000] {manager.py:737} INFO - Searching for files in /opt/airflow/dags
[2026-09-16T08:01:03.881+0000] {manager.py:740} INFO - There are 0 files in /opt/airflow/dags
[2026-09-16T08:06:04.212+0000] {manager.py:737} INFO - Searching for files in /opt/airflow/dags
[2026-09-16T08:06:04.213+0000] {manager.py:740} INFO - There are 0 files in /opt/airflow/dags
[2026-09-16T08:11:05.187+0000] {manager.py:737} INFO - Searching for files in /opt/airflow/dags
[2026-09-16T08:11:05.188+0000] {manager.py:740} INFO - There are 0 files in /opt/airflow/dags
[2026-09-16T08:16:05.662+0000] {manager.py:737} INFO - Searching for files in /opt/airflow/dags
[2026-09-16T08:16:05.663+0000] {manager.py:740} INFO - There are 0 files in /opt/airflow/dags
[2026-09-16T08:21:06.054+0000] {manager.py:737} INFO - Searching for files in /opt/airflow/dags
[2026-09-16T08:21:06.054+0000] {manager.py:740} INFO - There are 0 files in /opt/airflow/dags
[2026-09-16T08:26:06.354+0000] {manager.py:737} INFO - Searching for files in /opt/airflow/dags
[2026-09-16T08:26:06.356+0000] {manager.py:740} INFO - There are 0 files in /opt/airflow/dags
[2026-09-16T08:31:06.554+0000] {manager.py:737} INFO - Searching for files in /opt/airflow/dags
[2026-09-16T08:31:06.555+0000] {manager.py:740} INFO - There are 0 files in /opt/airflow/dags
[2026-09-16T08:36:06.820+0000] {manager.py:737} INFO - Searching for files in /opt/airflow/dags
[2026-09-16T08:36:06.821+0000] {manager.py:740} INFO - There are 0 files in /opt/airflow/dags
[2026-09-16T08:41:07.105+0000] {manager.py:737} INFO - Searching for files in /opt/airflow/dags
[2026-09-16T08:41:07.106+0000] {manager.py:740} INFO - There are 0 files in /opt/airflow/dags
[2026-09-16T08:46:07.343+0000] {manager.py:737} INFO - Searching for files in /opt/airflow/dags
[2026-09-16T08:46:07.344+0000] {manager.py:740} INFO - There are 0 files in /opt/airflow/dags
[2026-09-16T08:51:07.515+0000] {manager.py:737} INFO - Searching for files in /opt/airflow/dags
[2026-09-16T08:51:07.516+0000] {manager.py:740} INFO - There are 0 files in /opt/airflow/dags
[2026-09-16T08:56:07.710+0000] {manager.py:737} INFO - Searching for files in /opt/airflow/dags
[2026-09-16T08:56:07.711+0000] {manager.py:740} INFO - There are 0 files in /opt/airflow/dags
[2026-09-16T09:01:07.946+0000] {manager.py:737} INFO - Searching for files in /opt/airflow/dags
[2026-09-16T09:01:07.946+0000] {manager.py:740} INFO - There are 0 files in /opt/airflow/dags
[2026-09-16T09:06:08.092+0000] {manager.py:737} INFO - Searching for files in /opt/airflow/dags
[2026-09-16T09:06:08.093+0000] {manager.py:740} INFO - There are 0 files in /opt/airflow/dags
[2026-09-16T09:11:08.296+0000] {manager.py:737} INFO - Searching for files in /opt/airflow/dags
[2026-09-16T09:11:08.296+0000] {manager.py:740} INFO - There are 0 files in /opt/airflow/dags
[2026-09-16T09:16:08.496+0000] {manager.py:737} INFO - Searching for files in /opt/airflow/dags
[2026-09-16T09:16:08.498+0000] {manager.py:740} INFO - There are 0 files in /opt/airflow/dags
[2026-09-16T09:21:08.703+0000] {manager.py:737} INFO - Searching for files in /opt/airflow/dags
[2026-09-16T09:21:08.704+0000] {manager.py:740} INFO - There are 0 files in /opt/airflow/dags
[2026-09-16T09:26:09.044+0000] {manager.py:737} INFO - Searching for files in /opt/airflow/dags
[2026-09-16T09:26:09.045+0000] {manager.py:740} INFO - There are 0 files in /opt/airflow/dags
[2026-09-16T09:31:09.456+0000] {manager.py:737} INFO - Searching for files in /opt/airflow/dags
[2026-09-16T09:31:09.457+0000] {manager.py:740} INFO - There are 0 files in /opt/airflow/dags
[2026-09-16T09:36:09.849+0000] {manager.py:737} INFO - Searching for files in /opt/airflow/dags
[2026-09-16T09:36:09.850+0000] {manager.py:740} INFO - There are 0 files in /opt/airflow/dags
[2026-09-16T09:41:10.259+0000] {manager.py:737} INFO - Searching for files in /opt/airflow/dags
[2026-09-16T09:41:10.259+0000] {manager.py:740} INFO - There are 0 files in /opt/airflow/dags
[2026-09-16T09:46:10.686+0000] {manager.py:737} INFO - Searching for files in /opt/airflow/dags
[2026-09-16T09:46:10.687+0000] {manager.py:740} INFO - There are 0 files in /opt/airflow/dags
[2026-09-16T09:51:10.972+0000] {manager.py:737} INFO - Searching for files in /opt/airflow/dags
[2026-09-16T09:51:10.973+0000] {manager.py:740} INFO - There are 0 files in /opt/airflow/dags
[2026-09-16T09:56:11.327+0000] {manager.py:737} INFO - Searching for files in /opt/airflow/dags
[2026-09-16T09:56:11.328+0000] {manager.py:740} INFO - There are 0 files in /opt/airflow/dags
[2026-09-16T10:01:11.579+0000] {manager.py:737} INFO - Searching for files in /opt/airflow/dags
[2026-09-16T10:01:11.580+0000] {manager.py:740} INFO - There are 0 files in /opt/airflow/dags
[2026-09-16T10:06:11.772+0000] {manager.py:737} INFO - Searching for files in /opt/airflow/dags
[2026-09-16T10:06:11.862+0000] {manager.py:740} INFO - There are 0 files in /opt/airflow/dags
[2026-09-16T10:11:12.031+0000] {manager.py:737} INFO - Searching for files in /opt/airflow/dags
[2026-09-16T10:11:12.031+0000] {manager.py:740} INFO - There are 0 files in /opt/airflow/dags
[2026-09-16T10:16:12.163+0000] {manager.py:737} INFO - Searching for files in /opt/airflow/dags
[2026-09-16T10:16:12.169+0000] {manager.py:740} INFO - There are 0 files in /opt/airflow/dags
[2026-09-16T10:21:12.411+0000] {manager.py:737} INFO - Searching for files in /opt/airflow/dags
[2026-09-16T10:21:12.411+0000] {manager.py:740} INFO - There are 0 files in /opt/airflow/dags
[2026-09-16T10:26:12.631+0000] {manager.py:737} INFO - Searching for files in /opt/airflow/dags
[2026-09-16T10:26:12.632+0000] {manager.py:740} INFO - There are 0 files in /opt/airflow/dags
[2026-09-16T10:31:12.903+0000] {manager.py:737} INFO - Searching for files in /opt/airflow/dags
[2026-09-16T10:31:12.905+0000] {manager.py:740} INFO - There are 0 files in /opt/airflow/dags
[2026-09-16T10:36:13.138+0000] {manager.py:737} INFO - Searching for files in /opt/airflow/dags
[2026-09-16T10:36:13.140+0000] {manager.py:740} INFO - There are 0 files in /opt/airflow/dags
[2026-09-16T10:41:13.442+0000] {manager.py:737} INFO - Searching for files in /opt/airflow/dags
[2026-09-16T10:41:13.443+0000] {manager.py:740} INFO - There are 0 files in /opt/airflow/dags
[2026-09-16T10:46:13.682+0000] {manager.py:737} INFO - Searching for files in /opt/airflow/dags
[2026-09-16T10:46:13.682+0000] {manager.py:740} INFO - There are 0 files in /opt/airflow/dags
[2026-09-16T10:51:13.933+0000] {manager.py:737} INFO - Searching for files in /opt/airflow/dags
[2026-09-16T10:51:13.934+0000] {manager.py:740} INFO - There are 0 files in /opt/airflow/dags
[2026-09-16T10:56:14.201+0000] {manager.py:737} INFO - Searching for files in /opt/airflow/dags
[2026-09-16T10:56:14.202+0000] {manager.py:740} INFO - There are 0 files in /opt/airflow/dags
[2026-09-16T11:01:14.489+0000] {manager.py:737} INFO - Searching for files in /opt/airflow/dags
[2026-09-16T11:01:14.490+0000] {manager.py:740} INFO - There are 0 files in /opt/airflow/dags
[2026-09-16T11:06:14.749+0000] {manager.py:737} INFO - Searching for files in /opt/airflow/dags
[2026-09-16T11:06:14.750+0000] {manager.py:740} INFO - There are 0 files in /opt/airflow/dags
[2026-09-16T11:11:14.972+0000] {manager.py:737} INFO - Searching for files in /opt/airflow/dags
[2026-09-16T11:11:14.973+0000] {manager.py:740} INFO - There are 0 files in /opt/airflow/dags
[2026-09-16T11:16:15.213+0000] {manager.py:737} INFO - Searching for files in /opt/airflow/dags
[2026-09-16T11:16:15.214+0000] {manager.py:740} INFO - There are 0 files in /opt/airflow/dags
[2026-09-16T11:21:15.441+0000] {manager.py:737} INFO - Searching for files in /opt/airflow/dags
[2026-09-16T11:21:15.442+0000] {manager.py:740} INFO - There are 0 files in /opt/airflow/dags
[2026-09-16T11:26:15.782+0000] {manager.py:737} INFO - Searching for files in /opt/airflow/dags
[2026-09-16T11:26:15.784+0000] {manager.py:740} INFO - There are 0 files in /opt/airflow/dags
[2026-09-16T11:31:16.222+0000] {manager.py:737} INFO - Searching for files in /opt/airflow/dags
[2026-09-16T11:31:16.224+0000] {manager.py:740} INFO - There are 0 files in /opt/airflow/dags
[2026-09-16T11:36:16.703+0000] {manager.py:737} INFO - Searching for files in /opt/airflow/dags
[2026-09-16T11:36:16.704+0000] {manager.py:740} INFO - There are 0 files in /opt/airflow/dags
[2026-09-16T11:41:17.171+0000] {manager.py:737} INFO - Searching for files in /opt/airflow/dags
[2026-09-16T11:41:17.171+0000] {manager.py:740} INFO - There are 0 files in /opt/airflow/dags
[2026-09-16T11:46:17.608+0000] {manager.py:737} INFO - Searching for files in /opt/airflow/dags
[2026-09-16T11:46:17.609+0000] {manager.py:740} INFO - There are 0 files in /opt/airflow/dags
[2026-09-16T11:51:18.029+0000] {manager.py:737} INFO - Searching for files in /opt/airflow/dags
[2026-09-16T11:51:18.030+0000] {manager.py:740} INFO - There are 0 files in /opt/airflow/dags
[2026-09-16T11:56:18.276+0000] {manager.py:737} INFO - Searching for files in /opt/airflow/dags
[2026-09-16T11:56:18.277+0000] {manager.py:740} INFO - There are 0 files in /opt/airflow/dags
[2026-09-16T12:01:18.564+0000] {manager.py:737} INFO - Searching for files in /opt/airflow/dags
[2026-09-16T12:01:18.565+0000] {manager.py:740} INFO - There are 0 files in /opt/airflow/dags
[2026-09-16T12:06:18.981+0000] {manager.py:737} INFO - Searching for files in /opt/airflow/dags
[2026-09-16T12:06:18.983+0000] {manager.py:740} INFO - There are 0 files in /opt/airflow/dags
[2026-09-16T12:11:19.379+0000] {manager.py:737} INFO - Searching for files in /opt/airflow/dags
[2026-09-16T12:11:19.380+0000] {manager.py:740} INFO - There are 0 files in /opt/airflow/dags
[2026-09-16T12:16:19.769+0000] {manager.py:737} INFO - Searching for files in /opt/airflow/dags
[2026-09-16T12:16:19.770+0000] {manager.py:740} INFO - There are 0 files in /opt/airflow/dags
[2026-09-16T12:21:20.166+0000] {manager.py:737} INFO - Searching for files in /opt/airflow/dags
[2026-09-16T12:21:20.167+0000] {manager.py:740} INFO - There are 0 files in /opt/airflow/dags
[2026-09-16T12:26:20.528+0000] {manager.py:737} INFO - Searching for files in /opt/airflow/dags
[2026-09-16T12:26:20.530+0000] {manager.py:740} INFO - There are 0 files in /opt/airflow/dags
[2026-09-16T12:31:20.813+0000] {manager.py:737} INFO - Searching for files in /opt/airflow/dags
[2026-09-16T12:31:20.815+0000] {manager.py:740} INFO - There are 0 files in /opt/airflow/dags
[2026-09-16T12:36:21.186+0000] {manager.py:737} INFO - Searching for files in /opt/airflow/dags
[2026-09-16T12:36:21.187+0000] {manager.py:740} INFO - There are 0 files in /opt/airflow/dags
[2026-09-16T12:41:21.547+0000] {manager.py:737} INFO - Searching for files in /opt/airflow/dags
[2026-09-16T12:41:21.549+0000] {manager.py:740} INFO - There are 0 files in /opt/airflow/dags
[2026-09-16T12:46:21.930+0000] {manager.py:737} INFO - Searching for files in /opt/airflow/dags
[2026-09-16T12:46:21.931+0000] {manager.py:740} INFO - There are 0 files in /opt/airflow/dags
[2026-09-16T12:51:22.254+0000] {manager.py:737} INFO - Searching for files in /opt/airflow/dags
[2026-09-16T12:51:22.256+0000] {manager.py:740} INFO - There are 0 files in /opt/airflow/dags
[2026-09-16T12:56:22.669+0000] {manager.py:737} INFO - Searching for files in /opt/airflow/dags
[2026-09-16T12:56:22.671+0000] {manager.py:740} INFO - There are 0 files in /opt/airflow/dags
[2026-09-16T13:01:23.044+0000] {manager.py:737} INFO - Searching for files in /opt/airflow/dags
[2026-09-16T13:01:23.046+0000] {manager.py:740} INFO - There are 0 files in /opt/airflow/dags
[2026-09-16T13:06:23.347+0000] {manager.py:737} INFO - Searching for files in /opt/airflow/dags
[2026-09-16T13:06:23.348+0000] {manager.py:740} INFO - There are 0 files in /opt/airflow/dags
[2026-09-16T13:11:23.674+0000] {manager.py:737} INFO - Searching for files in /opt/airflow/dags
[2026-09-16T13:11:23.676+0000] {manager.py:740} INFO - There are 1 files in /opt/airflow/dags
[2026-09-16T13:11:25.714+0000] {manager.py:878} INFO - 
================================================================================
DAG File Processing Stats

File Path                              PID    Runtime      # DAGs    # Errors  Last Runtime    Last Run
-------------------------------------  -----  ---------  --------  ----------  --------------  -------------------
/opt/airflow/dags/youtube_pipeline.py                           0           1  0.07s           2026-09-16T13:11:23
================================================================================
[2026-09-16T13:11:55.879+0000] {manager.py:878} INFO - 
================================================================================
DAG File Processing Stats

File Path                              PID    Runtime      # DAGs    # Errors  Last Runtime    Last Run
-------------------------------------  -----  ---------  --------  ----------  --------------  -------------------
/opt/airflow/dags/youtube_pipeline.py                           0           1  0.04s           2026-09-16T13:11:53
================================================================================
[2026-09-16T13:12:26.026+0000] {manager.py:878} INFO - 
================================================================================
DAG File Processing Stats

File Path                              PID    Runtime      # DAGs    # Errors  Last Runtime    Last Run
-------------------------------------  -----  ---------  --------  ----------  --------------  -------------------
/opt/airflow/dags/youtube_pipeline.py                           0           1  0.06s           2026-09-16T13:12:24
================================================================================
[2026-09-16T13:12:56.194+0000] {manager.py:878} INFO - 
================================================================================
DAG File Processing Stats

File Path                              PID    Runtime      # DAGs    # Errors  Last Runtime    Last Run
-------------------------------------  -----  ---------  --------  ----------  --------------  -------------------
/opt/airflow/dags/youtube_pipeline.py                           0           1  0.05s           2026-09-16T13:12:54
================================================================================
[2026-09-16T13:13:26.349+0000] {manager.py:878} INFO - 
================================================================================
DAG File Processing Stats

File Path                              PID    Runtime      # DAGs    # Errors  Last Runtime    Last Run
-------------------------------------  -----  ---------  --------  ----------  --------------  -------------------
/opt/airflow/dags/youtube_pipeline.py                           0           1  0.15s           2026-09-16T13:13:24
================================================================================
[2026-09-16T13:13:56.613+0000] {manager.py:878} INFO - 
================================================================================
DAG File Processing Stats

File Path                              PID    Runtime      # DAGs    # Errors  Last Runtime    Last Run
-------------------------------------  -----  ---------  --------  ----------  --------------  -------------------
/opt/airflow/dags/youtube_pipeline.py                           0           1  0.04s           2026-09-16T13:13:54
================================================================================
[2026-09-16T13:14:26.779+0000] {manager.py:878} INFO - 
================================================================================
DAG File Processing Stats

File Path                              PID    Runtime      # DAGs    # Errors  Last Runtime    Last Run
-------------------------------------  -----  ---------  --------  ----------  --------------  -------------------
/opt/airflow/dags/youtube_pipeline.py                           0           1  0.15s           2026-09-16T13:14:24
================================================================================
[2026-09-16T13:14:56.931+0000] {manager.py:878} INFO - 
================================================================================
DAG File Processing Stats

File Path                              PID    Runtime      # DAGs    # Errors  Last Runtime    Last Run
-------------------------------------  -----  ---------  --------  ----------  --------------  -------------------
/opt/airflow/dags/youtube_pipeline.py                           0           1  0.04s           2026-09-16T13:14:54
================================================================================
[2026-09-16T13:15:27.087+0000] {manager.py:878} INFO - 
================================================================================
DAG File Processing Stats

File Path                              PID    Runtime      # DAGs    # Errors  Last Runtime    Last Run
-------------------------------------  -----  ---------  --------  ----------  --------------  -------------------
/opt/airflow/dags/youtube_pipeline.py                           0           1  0.15s           2026-09-16T13:15:25
================================================================================
[2026-09-16T13:15:57.234+0000] {manager.py:878} INFO - 
================================================================================
DAG File Processing Stats

File Path                              PID    Runtime      # DAGs    # Errors  Last Runtime    Last Run
-------------------------------------  -----  ---------  --------  ----------  --------------  -------------------
/opt/airflow/dags/youtube_pipeline.py                           0           1  0.04s           2026-09-16T13:15:55
================================================================================
[2026-09-16T13:16:24.357+0000] {manager.py:737} INFO - Searching for files in /opt/airflow/dags
[2026-09-16T13:16:24.359+0000] {manager.py:740} INFO - There are 1 files in /opt/airflow/dags
[2026-09-16T13:16:27.393+0000] {manager.py:878} INFO - 
================================================================================
DAG File Processing Stats

File Path                              PID    Runtime      # DAGs    # Errors  Last Runtime    Last Run
-------------------------------------  -----  ---------  --------  ----------  --------------  -------------------
/opt/airflow/dags/youtube_pipeline.py                           0           1  0.14s           2026-09-16T13:16:25
================================================================================
[2026-09-16T13:16:57.648+0000] {manager.py:878} INFO - 
================================================================================
DAG File Processing Stats

File Path                              PID    Runtime      # DAGs    # Errors  Last Runtime    Last Run
-------------------------------------  -----  ---------  --------  ----------  --------------  -------------------
/opt/airflow/dags/youtube_pipeline.py                           0           1  0.15s           2026-09-16T13:16:55
================================================================================
[2026-09-16T13:17:27.804+0000] {manager.py:878} INFO - 
================================================================================
DAG File Processing Stats

File Path                              PID    Runtime      # DAGs    # Errors  Last Runtime    Last Run
-------------------------------------  -----  ---------  --------  ----------  --------------  -------------------
/opt/airflow/dags/youtube_pipeline.py                           0           1  0.14s           2026-09-16T13:17:25
================================================================================
[2026-09-16T13:17:57.955+0000] {manager.py:878} INFO - 
================================================================================
DAG File Processing Stats

File Path                              PID    Runtime      # DAGs    # Errors  Last Runtime    Last Run
-------------------------------------  -----  ---------  --------  ----------  --------------  -------------------
/opt/airflow/dags/youtube_pipeline.py                           0           1  0.04s           2026-09-16T13:17:55
================================================================================
[2026-09-16T13:18:28.108+0000] {manager.py:878} INFO - 
================================================================================
DAG File Processing Stats

File Path                              PID    Runtime      # DAGs    # Errors  Last Runtime    Last Run
-------------------------------------  -----  ---------  --------  ----------  --------------  -------------------
/opt/airflow/dags/youtube_pipeline.py                           0           1  0.06s           2026-09-16T13:18:26
================================================================================
[2026-09-16T13:18:58.272+0000] {manager.py:878} INFO - 
================================================================================
DAG File Processing Stats

File Path                              PID    Runtime      # DAGs    # Errors  Last Runtime    Last Run
-------------------------------------  -----  ---------  --------  ----------  --------------  -------------------
/opt/airflow/dags/youtube_pipeline.py                           0           1  0.04s           2026-09-16T13:18:56
================================================================================
[2026-09-16T13:19:28.424+0000] {manager.py:878} INFO - 
================================================================================
DAG File Processing Stats

File Path                              PID    Runtime      # DAGs    # Errors  Last Runtime    Last Run
-------------------------------------  -----  ---------  --------  ----------  --------------  -------------------
/opt/airflow/dags/youtube_pipeline.py                           0           1  0.15s           2026-09-16T13:19:26
================================================================================
[2026-09-16T13:19:58.681+0000] {manager.py:878} INFO - 
================================================================================
DAG File Processing Stats

File Path                              PID    Runtime      # DAGs    # Errors  Last Runtime    Last Run
-------------------------------------  -----  ---------  --------  ----------  --------------  -------------------
/opt/airflow/dags/youtube_pipeline.py                           0           1  0.06s           2026-09-16T13:19:56
================================================================================
[2026-09-16T13:20:28.855+0000] {manager.py:878} INFO - 
================================================================================
DAG File Processing Stats

File Path                              PID    Runtime      # DAGs    # Errors  Last Runtime    Last Run
-------------------------------------  -----  ---------  --------  ----------  --------------  -------------------
/opt/airflow/dags/youtube_pipeline.py                           0           1  0.13s           2026-09-16T13:20:26
================================================================================
[2026-09-16T13:20:58.998+0000] {manager.py:878} INFO - 
================================================================================
DAG File Processing Stats

File Path                              PID    Runtime      # DAGs    # Errors  Last Runtime    Last Run
-------------------------------------  -----  ---------  --------  ----------  --------------  -------------------
/opt/airflow/dags/youtube_pipeline.py                           0           1  0.03s           2026-09-16T13:20:57
================================================================================
[2026-09-16T13:21:25.118+0000] {manager.py:737} INFO - Searching for files in /opt/airflow/dags
[2026-09-16T13:21:25.120+0000] {manager.py:740} INFO - There are 1 files in /opt/airflow/dags
[2026-09-16T13:21:29.170+0000] {manager.py:878} INFO - 
================================================================================
DAG File Processing Stats

File Path                              PID    Runtime      # DAGs    # Errors  Last Runtime    Last Run
-------------------------------------  -----  ---------  --------  ----------  --------------  -------------------
/opt/airflow/dags/youtube_pipeline.py                           0           1  0.06s           2026-09-16T13:21:27
================================================================================
[2026-09-16T13:21:59.335+0000] {manager.py:878} INFO - 
================================================================================
DAG File Processing Stats

File Path                              PID    Runtime      # DAGs    # Errors  Last Runtime    Last Run
-------------------------------------  -----  ---------  --------  ----------  --------------  -------------------
/opt/airflow/dags/youtube_pipeline.py                           0           1  0.04s           2026-09-16T13:21:57
================================================================================
[2026-09-16T13:22:29.476+0000] {manager.py:878} INFO - 
================================================================================
DAG File Processing Stats

File Path                              PID    Runtime      # DAGs    # Errors  Last Runtime    Last Run
-------------------------------------  -----  ---------  --------  ----------  --------------  -------------------
/opt/airflow/dags/youtube_pipeline.py                           0           1  0.05s           2026-09-16T13:22:27
================================================================================
[2026-09-16T13:22:59.633+0000] {manager.py:878} INFO - 
================================================================================
DAG File Processing Stats

File Path                              PID    Runtime      # DAGs    # Errors  Last Runtime    Last Run
-------------------------------------  -----  ---------  --------  ----------  --------------  -------------------
/opt/airflow/dags/youtube_pipeline.py                           0           1  0.03s           2026-09-16T13:22:57
================================================================================
[2026-09-16T13:23:29.787+0000] {manager.py:878} INFO - 
================================================================================
DAG File Processing Stats

File Path                              PID    Runtime      # DAGs    # Errors  Last Runtime    Last Run
-------------------------------------  -----  ---------  --------  ----------  --------------  -------------------
/opt/airflow/dags/youtube_pipeline.py                           0           1  0.07s           2026-09-16T13:23:27
================================================================================
[2026-09-16T13:23:59.947+0000] {manager.py:878} INFO - 
================================================================================
DAG File Processing Stats

File Path                              PID    Runtime      # DAGs    # Errors  Last Runtime    Last Run
-------------------------------------  -----  ---------  --------  ----------  --------------  -------------------
/opt/airflow/dags/youtube_pipeline.py                           0           1  0.04s           2026-09-16T13:23:57
================================================================================
[2026-09-16T13:24:30.090+0000] {manager.py:878} INFO - 
================================================================================
DAG File Processing Stats

File Path                              PID    Runtime      # DAGs    # Errors  Last Runtime    Last Run
-------------------------------------  -----  ---------  --------  ----------  --------------  -------------------
/opt/airflow/dags/youtube_pipeline.py                           0           1  0.12s           2026-09-16T13:24:28
================================================================================
[2026-09-16T13:25:00.231+0000] {manager.py:878} INFO - 
================================================================================
DAG File Processing Stats

File Path                              PID    Runtime      # DAGs    # Errors  Last Runtime    Last Run
-------------------------------------  -----  ---------  --------  ----------  --------------  -------------------
/opt/airflow/dags/youtube_pipeline.py                           0           1  0.03s           2026-09-16T13:24:58
================================================================================
[2026-09-16T13:25:30.385+0000] {manager.py:878} INFO - 
================================================================================
DAG File Processing Stats

File Path                              PID    Runtime      # DAGs    # Errors  Last Runtime    Last Run
-------------------------------------  -----  ---------  --------  ----------  --------------  -------------------
/opt/airflow/dags/youtube_pipeline.py                           0           1  0.15s           2026-09-16T13:25:28
================================================================================
[2026-09-16T13:26:00.653+0000] {manager.py:878} INFO - 
================================================================================
DAG File Processing Stats

File Path                              PID    Runtime      # DAGs    # Errors  Last Runtime    Last Run
-------------------------------------  -----  ---------  --------  ----------  --------------  -------------------
/opt/airflow/dags/youtube_pipeline.py                           0           1  0.04s           2026-09-16T13:25:58
================================================================================
[2026-09-16T13:26:25.768+0000] {manager.py:737} INFO - Searching for files in /opt/airflow/dags
[2026-09-16T13:26:25.770+0000] {manager.py:740} INFO - There are 1 files in /opt/airflow/dags
[2026-09-16T13:26:30.824+0000] {manager.py:878} INFO - 
================================================================================
DAG File Processing Stats

File Path                              PID    Runtime      # DAGs    # Errors  Last Runtime    Last Run
-------------------------------------  -----  ---------  --------  ----------  --------------  -------------------
/opt/airflow/dags/youtube_pipeline.py                           0           1  0.15s           2026-09-16T13:26:28
================================================================================
[2026-09-16T13:27:00.976+0000] {manager.py:878} INFO - 
================================================================================
DAG File Processing Stats

File Path                              PID    Runtime      # DAGs    # Errors  Last Runtime    Last Run
-------------------------------------  -----  ---------  --------  ----------  --------------  -------------------
/opt/airflow/dags/youtube_pipeline.py                           0           1  0.04s           2026-09-16T13:26:58
================================================================================
[2026-09-16T13:27:31.137+0000] {manager.py:878} INFO - 
================================================================================
DAG File Processing Stats

File Path                              PID    Runtime      # DAGs    # Errors  Last Runtime    Last Run
-------------------------------------  -----  ---------  --------  ----------  --------------  -------------------
/opt/airflow/dags/youtube_pipeline.py                           0           1  0.14s           2026-09-16T13:27:29
================================================================================
[2026-09-16T13:28:01.279+0000] {manager.py:878} INFO - 
================================================================================
DAG File Processing Stats

File Path                              PID    Runtime      # DAGs    # Errors  Last Runtime    Last Run
-------------------------------------  -----  ---------  --------  ----------  --------------  -------------------
/opt/airflow/dags/youtube_pipeline.py                           0           1  0.04s           2026-09-16T13:27:59
================================================================================
[2026-09-16T13:28:31.425+0000] {manager.py:878} INFO - 
================================================================================
DAG File Processing Stats

File Path                              PID    Runtime      # DAGs    # Errors  Last Runtime    Last Run
-------------------------------------  -----  ---------  --------  ----------  --------------  -------------------
/opt/airflow/dags/youtube_pipeline.py                           0           1  0.13s           2026-09-16T13:28:29
================================================================================
[2026-09-16T13:29:01.562+0000] {manager.py:878} INFO - 
================================================================================
DAG File Processing Stats

File Path                              PID    Runtime      # DAGs    # Errors  Last Runtime    Last Run
-------------------------------------  -----  ---------  --------  ----------  --------------  -------------------
/opt/airflow/dags/youtube_pipeline.py                           0           1  0.03s           2026-09-16T13:28:59
================================================================================
[2026-09-16T13:29:31.716+0000] {manager.py:878} INFO - 
================================================================================
DAG File Processing Stats

File Path                              PID    Runtime      # DAGs    # Errors  Last Runtime    Last Run
-------------------------------------  -----  ---------  --------  ----------  --------------  -------------------
/opt/airflow/dags/youtube_pipeline.py                           0           1  0.14s           2026-09-16T13:29:29
================================================================================
[2026-09-16T13:30:01.868+0000] {manager.py:878} INFO - 
================================================================================
DAG File Processing Stats

File Path                              PID    Runtime      # DAGs    # Errors  Last Runtime    Last Run
-------------------------------------  -----  ---------  --------  ----------  --------------  -------------------
/opt/airflow/dags/youtube_pipeline.py                           0           1  0.04s           2026-09-16T13:29:59
================================================================================
[2026-09-16T13:30:32.030+0000] {manager.py:878} INFO - 
================================================================================
DAG File Processing Stats

File Path                              PID    Runtime      # DAGs    # Errors  Last Runtime    Last Run
-------------------------------------  -----  ---------  --------  ----------  --------------  -------------------
/opt/airflow/dags/youtube_pipeline.py                           0           1  0.15s           2026-09-16T13:30:30
================================================================================
[2026-09-16T13:31:02.177+0000] {manager.py:878} INFO - 
================================================================================
DAG File Processing Stats

File Path                              PID    Runtime      # DAGs    # Errors  Last Runtime    Last Run
-------------------------------------  -----  ---------  --------  ----------  --------------  -------------------
/opt/airflow/dags/youtube_pipeline.py                           0           1  0.03s           2026-09-16T13:31:00
================================================================================
[2026-09-16T13:31:26.297+0000] {manager.py:737} INFO - Searching for files in /opt/airflow/dags
[2026-09-16T13:31:26.299+0000] {manager.py:740} INFO - There are 1 files in /opt/airflow/dags
[2026-09-16T13:31:32.358+0000] {manager.py:878} INFO - 
================================================================================
DAG File Processing Stats

File Path                              PID    Runtime      # DAGs    # Errors  Last Runtime    Last Run
-------------------------------------  -----  ---------  --------  ----------  --------------  -------------------
/opt/airflow/dags/youtube_pipeline.py                           0           1  0.12s           2026-09-16T13:31:30
================================================================================
[2026-09-16T13:32:02.482+0000] {manager.py:878} INFO - 
================================================================================
DAG File Processing Stats

File Path                              PID    Runtime      # DAGs    # Errors  Last Runtime    Last Run
-------------------------------------  -----  ---------  --------  ----------  --------------  -------------------
/opt/airflow/dags/youtube_pipeline.py                           0           1  0.03s           2026-09-16T13:32:00
================================================================================
[2026-09-16T13:32:32.620+0000] {manager.py:878} INFO - 
================================================================================
DAG File Processing Stats

File Path                              PID    Runtime      # DAGs    # Errors  Last Runtime    Last Run
-------------------------------------  -----  ---------  --------  ----------  --------------  -------------------
/opt/airflow/dags/youtube_pipeline.py                           0           1  0.13s           2026-09-16T13:32:30
================================================================================
[2026-09-16T13:33:02.751+0000] {manager.py:878} INFO - 
================================================================================
DAG File Processing Stats

File Path                              PID    Runtime      # DAGs    # Errors  Last Runtime    Last Run
-------------------------------------  -----  ---------  --------  ----------  --------------  -------------------
/opt/airflow/dags/youtube_pipeline.py                           0           1  0.04s           2026-09-16T13:33:00
================================================================================
[2026-09-16T13:33:32.896+0000] {manager.py:878} INFO - 
================================================================================
DAG File Processing Stats

File Path                              PID    Runtime      # DAGs    # Errors  Last Runtime    Last Run
-------------------------------------  -----  ---------  --------  ----------  --------------  -------------------
/opt/airflow/dags/youtube_pipeline.py                           0           1  0.14s           2026-09-16T13:33:31
================================================================================
[2026-09-16T13:34:03.138+0000] {manager.py:878} INFO - 
================================================================================
DAG File Processing Stats

File Path                              PID    Runtime      # DAGs    # Errors  Last Runtime    Last Run
-------------------------------------  -----  ---------  --------  ----------  --------------  -------------------
/opt/airflow/dags/youtube_pipeline.py                           0           1  0.04s           2026-09-16T13:34:01
================================================================================
[2026-09-16T13:34:33.287+0000] {manager.py:878} INFO - 
================================================================================
DAG File Processing Stats

File Path                              PID    Runtime      # DAGs    # Errors  Last Runtime    Last Run
-------------------------------------  -----  ---------  --------  ----------  --------------  -------------------
/opt/airflow/dags/youtube_pipeline.py                           0           1  0.05s           2026-09-16T13:34:31
================================================================================
[2026-09-16T13:35:03.423+0000] {manager.py:878} INFO - 
================================================================================
DAG File Processing Stats

File Path                              PID    Runtime      # DAGs    # Errors  Last Runtime    Last Run
-------------------------------------  -----  ---------  --------  ----------  --------------  -------------------
/opt/airflow/dags/youtube_pipeline.py                           0           1  0.03s           2026-09-16T13:35:01
================================================================================
[2026-09-16T13:35:33.543+0000] {manager.py:878} INFO - 
================================================================================
DAG File Processing Stats

File Path                              PID    Runtime      # DAGs    # Errors  Last Runtime    Last Run
-------------------------------------  -----  ---------  --------  ----------  --------------  -------------------
/opt/airflow/dags/youtube_pipeline.py                           1           0  0.31s           2026-09-16T13:35:17
================================================================================
[2026-09-16T13:36:03.979+0000] {manager.py:878} INFO - 
================================================================================
DAG File Processing Stats

File Path                              PID    Runtime      # DAGs    # Errors  Last Runtime    Last Run
-------------------------------------  -----  ---------  --------  ----------  --------------  -------------------
/opt/airflow/dags/youtube_pipeline.py                           1           0  0.08s           2026-09-16T13:35:47
================================================================================
[2026-09-16T13:36:27.098+0000] {manager.py:737} INFO - Searching for files in /opt/airflow/dags
[2026-09-16T13:36:27.099+0000] {manager.py:740} INFO - There are 1 files in /opt/airflow/dags
[2026-09-16T13:36:34.126+0000] {manager.py:878} INFO - 
================================================================================
DAG File Processing Stats

File Path                              PID    Runtime      # DAGs    # Errors  Last Runtime    Last Run
-------------------------------------  -----  ---------  --------  ----------  --------------  -------------------
/opt/airflow/dags/youtube_pipeline.py                           1           0  0.07s           2026-09-16T13:36:18
================================================================================
[2026-09-16T13:37:04.257+0000] {manager.py:878} INFO - 
================================================================================
DAG File Processing Stats

File Path                              PID    Runtime      # DAGs    # Errors  Last Runtime    Last Run
-------------------------------------  -----  ---------  --------  ----------  --------------  -------------------
/opt/airflow/dags/youtube_pipeline.py                           1           0  0.08s           2026-09-16T13:36:48
================================================================================
[2026-09-16T13:37:34.411+0000] {manager.py:878} INFO - 
================================================================================
DAG File Processing Stats

File Path                              PID    Runtime      # DAGs    # Errors  Last Runtime    Last Run
-------------------------------------  -----  ---------  --------  ----------  --------------  -------------------
/opt/airflow/dags/youtube_pipeline.py                           1           0  0.20s           2026-09-16T13:37:18
================================================================================
[2026-09-16T13:38:04.697+0000] {manager.py:878} INFO - 
================================================================================
DAG File Processing Stats

File Path                              PID    Runtime      # DAGs    # Errors  Last Runtime    Last Run
-------------------------------------  -----  ---------  --------  ----------  --------------  -------------------
/opt/airflow/dags/youtube_pipeline.py                           1           0  0.07s           2026-09-16T13:37:48
================================================================================
[2026-09-16T13:38:34.878+0000] {manager.py:878} INFO - 
================================================================================
DAG File Processing Stats

File Path                              PID    Runtime      # DAGs    # Errors  Last Runtime    Last Run
-------------------------------------  -----  ---------  --------  ----------  --------------  -------------------
/opt/airflow/dags/youtube_pipeline.py                           1           0  0.09s           2026-09-16T13:38:18
================================================================================
[2026-09-16T13:39:05.040+0000] {manager.py:878} INFO - 
================================================================================
DAG File Processing Stats

File Path                              PID    Runtime      # DAGs    # Errors  Last Runtime    Last Run
-------------------------------------  -----  ---------  --------  ----------  --------------  -------------------
/opt/airflow/dags/youtube_pipeline.py                           1           0  0.17s           2026-09-16T13:38:49
================================================================================
[2026-09-16T13:39:35.299+0000] {manager.py:878} INFO - 
================================================================================
DAG File Processing Stats

File Path                              PID    Runtime      # DAGs    # Errors  Last Runtime    Last Run
-------------------------------------  -----  ---------  --------  ----------  --------------  -------------------
/opt/airflow/dags/youtube_pipeline.py                           1           0  0.06s           2026-09-16T13:39:19
================================================================================
[2026-09-16T13:40:05.460+0000] {manager.py:878} INFO - 
================================================================================
DAG File Processing Stats

File Path                              PID    Runtime      # DAGs    # Errors  Last Runtime    Last Run
-------------------------------------  -----  ---------  --------  ----------  --------------  -------------------
/opt/airflow/dags/youtube_pipeline.py                           1           0  0.17s           2026-09-16T13:39:49
================================================================================
[2026-09-16T13:40:35.725+0000] {manager.py:878} INFO - 
================================================================================
DAG File Processing Stats

File Path                              PID    Runtime      # DAGs    # Errors  Last Runtime    Last Run
-------------------------------------  -----  ---------  --------  ----------  --------------  -------------------
/opt/airflow/dags/youtube_pipeline.py                           1           0  0.07s           2026-09-16T13:40:19
================================================================================
[2026-09-16T13:41:05.889+0000] {manager.py:878} INFO - 
================================================================================
DAG File Processing Stats

File Path                              PID    Runtime      # DAGs    # Errors  Last Runtime    Last Run
-------------------------------------  -----  ---------  --------  ----------  --------------  -------------------
/opt/airflow/dags/youtube_pipeline.py                           1           0  0.19s           2026-09-16T13:40:49
================================================================================
[2026-09-16T13:41:27.114+0000] {manager.py:737} INFO - Searching for files in /opt/airflow/dags
[2026-09-16T13:41:27.117+0000] {manager.py:740} INFO - There are 1 files in /opt/airflow/dags
[2026-09-16T13:41:36.168+0000] {manager.py:878} INFO - 
================================================================================
DAG File Processing Stats

File Path                              PID    Runtime      # DAGs    # Errors  Last Runtime    Last Run
-------------------------------------  -----  ---------  --------  ----------  --------------  -------------------
/opt/airflow/dags/youtube_pipeline.py                           1           0  0.08s           2026-09-16T13:41:20
================================================================================
[2026-09-16T13:42:06.343+0000] {manager.py:878} INFO - 
================================================================================
DAG File Processing Stats

File Path                              PID    Runtime      # DAGs    # Errors  Last Runtime    Last Run
-------------------------------------  -----  ---------  --------  ----------  --------------  -------------------
/opt/airflow/dags/youtube_pipeline.py                           1           0  0.19s           2026-09-16T13:41:50
================================================================================
[2026-09-16T13:42:36.606+0000] {manager.py:878} INFO - 
================================================================================
DAG File Processing Stats

File Path                              PID    Runtime      # DAGs    # Errors  Last Runtime    Last Run
-------------------------------------  -----  ---------  --------  ----------  --------------  -------------------
/opt/airflow/dags/youtube_pipeline.py                           1           0  0.06s           2026-09-16T13:42:20
================================================================================
[2026-09-16T13:43:06.778+0000] {manager.py:878} INFO - 
================================================================================
DAG File Processing Stats

File Path                              PID    Runtime      # DAGs    # Errors  Last Runtime    Last Run
-------------------------------------  -----  ---------  --------  ----------  --------------  -------------------
/opt/airflow/dags/youtube_pipeline.py                           1           0  0.17s           2026-09-16T13:42:50
================================================================================
[2026-09-16T13:43:37.043+0000] {manager.py:878} INFO - 
================================================================================
DAG File Processing Stats

File Path                              PID    Runtime      # DAGs    # Errors  Last Runtime    Last Run
-------------------------------------  -----  ---------  --------  ----------  --------------  -------------------
/opt/airflow/dags/youtube_pipeline.py                           1           0  0.10s           2026-09-16T13:43:21
================================================================================
[2026-09-16T13:44:07.245+0000] {manager.py:878} INFO - 
================================================================================
DAG File Processing Stats

File Path                              PID    Runtime      # DAGs    # Errors  Last Runtime    Last Run
-------------------------------------  -----  ---------  --------  ----------  --------------  -------------------
/opt/airflow/dags/youtube_pipeline.py                           1           0  0.11s           2026-09-16T13:43:51
================================================================================
[2026-09-16T13:44:37.405+0000] {manager.py:878} INFO - 
================================================================================
DAG File Processing Stats

File Path                              PID    Runtime      # DAGs    # Errors  Last Runtime    Last Run
-------------------------------------  -----  ---------  --------  ----------  --------------  -------------------
/opt/airflow/dags/youtube_pipeline.py                           1           0  0.08s           2026-09-16T13:44:21
================================================================================
[2026-09-16T13:45:07.546+0000] {manager.py:878} INFO - 
================================================================================
DAG File Processing Stats

File Path                              PID    Runtime      # DAGs    # Errors  Last Runtime    Last Run
-------------------------------------  -----  ---------  --------  ----------  --------------  -------------------
/opt/airflow/dags/youtube_pipeline.py                           1           0  0.17s           2026-09-16T13:44:51
================================================================================
[2026-09-16T13:45:37.827+0000] {manager.py:878} INFO - 
================================================================================
DAG File Processing Stats

File Path                              PID    Runtime      # DAGs    # Errors  Last Runtime    Last Run
-------------------------------------  -----  ---------  --------  ----------  --------------  -------------------
/opt/airflow/dags/youtube_pipeline.py                           1           0  0.07s           2026-09-16T13:45:21
================================================================================
[2026-09-16T13:46:08.008+0000] {manager.py:878} INFO - 
================================================================================
DAG File Processing Stats

File Path                              PID    Runtime      # DAGs    # Errors  Last Runtime    Last Run
-------------------------------------  -----  ---------  --------  ----------  --------------  -------------------
/opt/airflow/dags/youtube_pipeline.py                           1           0  0.18s           2026-09-16T13:45:52
================================================================================
[2026-09-16T13:46:27.220+0000] {manager.py:737} INFO - Searching for files in /opt/airflow/dags
[2026-09-16T13:46:27.222+0000] {manager.py:740} INFO - There are 1 files in /opt/airflow/dags
[2026-09-16T13:46:38.284+0000] {manager.py:878} INFO - 
================================================================================
DAG File Processing Stats

File Path                              PID    Runtime      # DAGs    # Errors  Last Runtime    Last Run
-------------------------------------  -----  ---------  --------  ----------  --------------  -------------------
/opt/airflow/dags/youtube_pipeline.py                           1           0  0.08s           2026-09-16T13:46:22
================================================================================
[2026-09-16T13:47:08.450+0000] {manager.py:878} INFO - 
================================================================================
DAG File Processing Stats

File Path                              PID    Runtime      # DAGs    # Errors  Last Runtime    Last Run
-------------------------------------  -----  ---------  --------  ----------  --------------  -------------------
/opt/airflow/dags/youtube_pipeline.py                           1           0  0.17s           2026-09-16T13:46:52
================================================================================
[2026-09-16T13:47:38.723+0000] {manager.py:878} INFO - 
================================================================================
DAG File Processing Stats

File Path                              PID    Runtime      # DAGs    # Errors  Last Runtime    Last Run
-------------------------------------  -----  ---------  --------  ----------  --------------  -------------------
/opt/airflow/dags/youtube_pipeline.py                           1           0  0.08s           2026-09-16T13:47:22
================================================================================
[2026-09-16T13:48:08.907+0000] {manager.py:878} INFO - 
================================================================================
DAG File Processing Stats

File Path                              PID    Runtime      # DAGs    # Errors  Last Runtime    Last Run
-------------------------------------  -----  ---------  --------  ----------  --------------  -------------------
/opt/airflow/dags/youtube_pipeline.py                           1           0  0.19s           2026-09-16T13:47:52
================================================================================
[2026-09-16T13:48:39.053+0000] {manager.py:878} INFO - 
================================================================================
DAG File Processing Stats

File Path                              PID    Runtime      # DAGs    # Errors  Last Runtime    Last Run
-------------------------------------  -----  ---------  --------  ----------  --------------  -------------------
/opt/airflow/dags/youtube_pipeline.py                           1           0  0.09s           2026-09-16T13:48:23
================================================================================
[2026-09-16T13:49:09.234+0000] {manager.py:878} INFO - 
================================================================================
DAG File Processing Stats

File Path                              PID    Runtime      # DAGs    # Errors  Last Runtime    Last Run
-------------------------------------  -----  ---------  --------  ----------  --------------  -------------------
/opt/airflow/dags/youtube_pipeline.py                           1           0  0.09s           2026-09-16T13:48:53
================================================================================
[2026-09-16T13:49:39.352+0000] {manager.py:878} INFO - 
================================================================================
DAG File Processing Stats

File Path                              PID    Runtime      # DAGs    # Errors  Last Runtime    Last Run
-------------------------------------  -----  ---------  --------  ----------  --------------  -------------------
/opt/airflow/dags/youtube_pipeline.py                           1           0  0.07s           2026-09-16T13:49:23
================================================================================
[2026-09-16T13:50:09.513+0000] {manager.py:878} INFO - 
================================================================================
DAG File Processing Stats

File Path                              PID    Runtime      # DAGs    # Errors  Last Runtime    Last Run
-------------------------------------  -----  ---------  --------  ----------  --------------  -------------------
/opt/airflow/dags/youtube_pipeline.py                           1           0  0.10s           2026-09-16T13:49:53
================================================================================
[2026-09-16T13:50:39.660+0000] {manager.py:878} INFO - 
================================================================================
DAG File Processing Stats

File Path                              PID    Runtime      # DAGs    # Errors  Last Runtime    Last Run
-------------------------------------  -----  ---------  --------  ----------  --------------  -------------------
/opt/airflow/dags/youtube_pipeline.py                           1           0  0.07s           2026-09-16T13:50:23
================================================================================
[2026-09-16T13:51:09.798+0000] {manager.py:878} INFO - 
================================================================================
DAG File Processing Stats

File Path                              PID    Runtime      # DAGs    # Errors  Last Runtime    Last Run
-------------------------------------  -----  ---------  --------  ----------  --------------  -------------------
/opt/airflow/dags/youtube_pipeline.py                           1           0  0.10s           2026-09-16T13:50:53
================================================================================
[2026-09-16T13:51:27.929+0000] {manager.py:737} INFO - Searching for files in /opt/airflow/dags
[2026-09-16T13:51:27.930+0000] {manager.py:740} INFO - There are 1 files in /opt/airflow/dags
[2026-09-16T13:51:39.983+0000] {manager.py:878} INFO - 
================================================================================
DAG File Processing Stats

File Path                              PID    Runtime      # DAGs    # Errors  Last Runtime    Last Run
-------------------------------------  -----  ---------  --------  ----------  --------------  -------------------
/opt/airflow/dags/youtube_pipeline.py                           1           0  0.08s           2026-09-16T13:51:23
================================================================================
[2026-09-16T13:52:10.112+0000] {manager.py:878} INFO - 
================================================================================
DAG File Processing Stats

File Path                              PID    Runtime      # DAGs    # Errors  Last Runtime    Last Run
-------------------------------------  -----  ---------  --------  ----------  --------------  -------------------
/opt/airflow/dags/youtube_pipeline.py                           1           0  0.08s           2026-09-16T13:51:54
================================================================================
[2026-09-16T13:52:40.277+0000] {manager.py:878} INFO - 
================================================================================
DAG File Processing Stats

File Path                              PID    Runtime      # DAGs    # Errors  Last Runtime    Last Run
-------------------------------------  -----  ---------  --------  ----------  --------------  -------------------
/opt/airflow/dags/youtube_pipeline.py                           1           0  0.08s           2026-09-16T13:52:24
================================================================================
[2026-09-16T13:53:10.421+0000] {manager.py:878} INFO - 
================================================================================
DAG File Processing Stats

File Path                              PID    Runtime      # DAGs    # Errors  Last Runtime    Last Run
-------------------------------------  -----  ---------  --------  ----------  --------------  -------------------
/opt/airflow/dags/youtube_pipeline.py                           1           0  0.17s           2026-09-16T13:52:54
================================================================================
[2026-09-16T13:53:40.700+0000] {manager.py:878} INFO - 
================================================================================
DAG File Processing Stats

File Path                              PID    Runtime      # DAGs    # Errors  Last Runtime    Last Run
-------------------------------------  -----  ---------  --------  ----------  --------------  -------------------
/opt/airflow/dags/youtube_pipeline.py                           1           0  0.08s           2026-09-16T13:53:24
================================================================================
[2026-09-16T13:54:10.866+0000] {manager.py:878} INFO - 
================================================================================
DAG File Processing Stats

File Path                              PID    Runtime      # DAGs    # Errors  Last Runtime    Last Run
-------------------------------------  -----  ---------  --------  ----------  --------------  -------------------
/opt/airflow/dags/youtube_pipeline.py                           1           0  0.10s           2026-09-16T13:53:54
================================================================================
[2026-09-16T13:54:41.040+0000] {manager.py:878} INFO - 
================================================================================
DAG File Processing Stats

File Path                              PID    Runtime      # DAGs    # Errors  Last Runtime    Last Run
-------------------------------------  -----  ---------  --------  ----------  --------------  -------------------
/opt/airflow/dags/youtube_pipeline.py                           1           0  0.07s           2026-09-16T13:54:25
================================================================================
[2026-09-16T13:55:11.200+0000] {manager.py:878} INFO - 
================================================================================
DAG File Processing Stats

File Path                              PID    Runtime      # DAGs    # Errors  Last Runtime    Last Run
-------------------------------------  -----  ---------  --------  ----------  --------------  -------------------
/opt/airflow/dags/youtube_pipeline.py                           1           0  0.18s           2026-09-16T13:54:55
================================================================================
[2026-09-16T13:55:41.486+0000] {manager.py:878} INFO - 
================================================================================
DAG File Processing Stats

File Path                              PID    Runtime      # DAGs    # Errors  Last Runtime    Last Run
-------------------------------------  -----  ---------  --------  ----------  --------------  -------------------
/opt/airflow/dags/youtube_pipeline.py                           1           0  0.08s           2026-09-16T13:55:25
================================================================================
[2026-09-16T13:56:11.679+0000] {manager.py:878} INFO - 
================================================================================
DAG File Processing Stats

File Path                              PID    Runtime      # DAGs    # Errors  Last Runtime    Last Run
-------------------------------------  -----  ---------  --------  ----------  --------------  -------------------
/opt/airflow/dags/youtube_pipeline.py                           1           0  0.15s           2026-09-16T13:55:55
================================================================================
[2026-09-16T13:56:28.744+0000] {manager.py:737} INFO - Searching for files in /opt/airflow/dags
[2026-09-16T13:56:28.745+0000] {manager.py:740} INFO - There are 1 files in /opt/airflow/dags
[2026-09-16T13:56:41.805+0000] {manager.py:878} INFO - 
================================================================================
DAG File Processing Stats

File Path                              PID    Runtime      # DAGs    # Errors  Last Runtime    Last Run
-------------------------------------  -----  ---------  --------  ----------  --------------  -------------------
/opt/airflow/dags/youtube_pipeline.py                           1           0  0.07s           2026-09-16T13:56:25
================================================================================
[2026-09-16T13:57:11.983+0000] {manager.py:878} INFO - 
================================================================================
DAG File Processing Stats

File Path                              PID    Runtime      # DAGs    # Errors  Last Runtime    Last Run
-------------------------------------  -----  ---------  --------  ----------  --------------  -------------------
/opt/airflow/dags/youtube_pipeline.py                           1           0  0.19s           2026-09-16T13:56:56
================================================================================
[2026-09-16T13:57:42.259+0000] {manager.py:878} INFO - 
================================================================================
DAG File Processing Stats

File Path                              PID    Runtime      # DAGs    # Errors  Last Runtime    Last Run
-------------------------------------  -----  ---------  --------  ----------  --------------  -------------------
/opt/airflow/dags/youtube_pipeline.py                           1           0  0.08s           2026-09-16T13:57:26
================================================================================
[2026-09-16T13:58:12.443+0000] {manager.py:878} INFO - 
================================================================================
DAG File Processing Stats

File Path                              PID    Runtime      # DAGs    # Errors  Last Runtime    Last Run
-------------------------------------  -----  ---------  --------  ----------  --------------  -------------------
/opt/airflow/dags/youtube_pipeline.py                           1           0  0.08s           2026-09-16T13:57:56
================================================================================
[2026-09-16T13:58:42.588+0000] {manager.py:878} INFO - 
================================================================================
DAG File Processing Stats

File Path                              PID    Runtime      # DAGs    # Errors  Last Runtime    Last Run
-------------------------------------  -----  ---------  --------  ----------  --------------  -------------------
/opt/airflow/dags/youtube_pipeline.py                           0           1  0.03s           2026-09-16T13:58:16
================================================================================
[2026-09-16T13:59:12.732+0000] {manager.py:878} INFO - 
================================================================================
DAG File Processing Stats

File Path                              PID    Runtime      # DAGs    # Errors  Last Runtime    Last Run
-------------------------------------  -----  ---------  --------  ----------  --------------  -------------------
/opt/airflow/dags/youtube_pipeline.py                           0           1  0.06s           2026-09-16T13:58:46
================================================================================
[2026-09-16T13:59:42.912+0000] {manager.py:878} INFO - 
================================================================================
DAG File Processing Stats

File Path                              PID    Runtime      # DAGs    # Errors  Last Runtime    Last Run
-------------------------------------  -----  ---------  --------  ----------  --------------  -------------------
/opt/airflow/dags/youtube_pipeline.py                           0           1  0.04s           2026-09-16T13:59:16
================================================================================
[2026-09-16T14:00:13.064+0000] {manager.py:878} INFO - 
================================================================================
DAG File Processing Stats

File Path                              PID    Runtime      # DAGs    # Errors  Last Runtime    Last Run
-------------------------------------  -----  ---------  --------  ----------  --------------  -------------------
/opt/airflow/dags/youtube_pipeline.py                           0           1  0.15s           2026-09-16T13:59:47
================================================================================
[2026-09-16T14:00:43.317+0000] {manager.py:878} INFO - 
================================================================================
DAG File Processing Stats

File Path                              PID    Runtime      # DAGs    # Errors  Last Runtime    Last Run
-------------------------------------  -----  ---------  --------  ----------  --------------  -------------------
/opt/airflow/dags/youtube_pipeline.py                           0           1  0.03s           2026-09-16T14:00:17
================================================================================
[2026-09-16T14:01:13.465+0000] {manager.py:878} INFO - 
================================================================================
DAG File Processing Stats

File Path                              PID    Runtime      # DAGs    # Errors  Last Runtime    Last Run
-------------------------------------  -----  ---------  --------  ----------  --------------  -------------------
/opt/airflow/dags/youtube_pipeline.py                           0           1  0.11s           2026-09-16T14:00:47
================================================================================
[2026-09-16T14:01:29.540+0000] {manager.py:737} INFO - Searching for files in /opt/airflow/dags
[2026-09-16T14:01:29.542+0000] {manager.py:740} INFO - There are 1 files in /opt/airflow/dags
[2026-09-16T14:01:43.610+0000] {manager.py:878} INFO - 
================================================================================
DAG File Processing Stats

File Path                              PID    Runtime      # DAGs    # Errors  Last Runtime    Last Run
-------------------------------------  -----  ---------  --------  ----------  --------------  -------------------
/opt/airflow/dags/youtube_pipeline.py                           0           1  0.04s           2026-09-16T14:01:17
================================================================================
[2026-09-16T14:02:13.754+0000] {manager.py:878} INFO - 
================================================================================
DAG File Processing Stats

File Path                              PID    Runtime      # DAGs    # Errors  Last Runtime    Last Run
-------------------------------------  -----  ---------  --------  ----------  --------------  -------------------
/opt/airflow/dags/youtube_pipeline.py                           0           1  0.15s           2026-09-16T14:01:47
================================================================================
[2026-09-16T14:02:44.010+0000] {manager.py:878} INFO - 
================================================================================
DAG File Processing Stats

File Path                              PID    Runtime      # DAGs    # Errors  Last Runtime    Last Run
-------------------------------------  -----  ---------  --------  ----------  --------------  -------------------
/opt/airflow/dags/youtube_pipeline.py                           0           1  0.04s           2026-09-16T14:02:17
================================================================================
[2026-09-16T14:03:14.148+0000] {manager.py:878} INFO - 
================================================================================
DAG File Processing Stats

File Path                              PID    Runtime      # DAGs    # Errors  Last Runtime    Last Run
-------------------------------------  -----  ---------  --------  ----------  --------------  -------------------
/opt/airflow/dags/youtube_pipeline.py                           0           1  0.04s           2026-09-16T14:02:48
================================================================================
[2026-09-16T14:03:44.301+0000] {manager.py:878} INFO - 
================================================================================
DAG File Processing Stats

File Path                              PID    Runtime      # DAGs    # Errors  Last Runtime    Last Run
-------------------------------------  -----  ---------  --------  ----------  --------------  -------------------
/opt/airflow/dags/youtube_pipeline.py                           0           1  0.05s           2026-09-16T14:03:18
================================================================================
[2026-09-16T14:04:14.454+0000] {manager.py:878} INFO - 
================================================================================
DAG File Processing Stats

File Path                              PID    Runtime      # DAGs    # Errors  Last Runtime    Last Run
-------------------------------------  -----  ---------  --------  ----------  --------------  -------------------
/opt/airflow/dags/youtube_pipeline.py                           0           1  0.05s           2026-09-16T14:03:48
================================================================================
[2026-09-16T14:04:44.638+0000] {manager.py:878} INFO - 
================================================================================
DAG File Processing Stats

File Path                              PID    Runtime      # DAGs    # Errors  Last Runtime    Last Run
-------------------------------------  -----  ---------  --------  ----------  --------------  -------------------
/opt/airflow/dags/youtube_pipeline.py                           0           1  0.04s           2026-09-16T14:04:22
================================================================================
[2026-09-16T14:05:14.786+0000] {manager.py:878} INFO - 
================================================================================
DAG File Processing Stats

File Path                              PID    Runtime      # DAGs    # Errors  Last Runtime    Last Run
-------------------------------------  -----  ---------  --------  ----------  --------------  -------------------
/opt/airflow/dags/youtube_pipeline.py                           0           1  0.06s           2026-09-16T14:04:52
================================================================================
[2026-09-16T14:05:44.943+0000] {manager.py:878} INFO - 
================================================================================
DAG File Processing Stats

File Path                              PID    Runtime      # DAGs    # Errors  Last Runtime    Last Run
-------------------------------------  -----  ---------  --------  ----------  --------------  -------------------
/opt/airflow/dags/youtube_pipeline.py                           0           1  0.05s           2026-09-16T14:05:22
================================================================================
[2026-09-16T14:06:15.047+0000] {manager.py:878} INFO - 
================================================================================
DAG File Processing Stats

File Path                              PID    Runtime      # DAGs    # Errors  Last Runtime    Last Run
-------------------------------------  -----  ---------  --------  ----------  --------------  -------------------
/opt/airflow/dags/youtube_pipeline.py                           0           1  0.11s           2026-09-16T14:05:53
================================================================================
[2026-09-16T14:06:30.122+0000] {manager.py:737} INFO - Searching for files in /opt/airflow/dags
[2026-09-16T14:06:30.124+0000] {manager.py:740} INFO - There are 1 files in /opt/airflow/dags
[2026-09-16T14:06:45.206+0000] {manager.py:878} INFO - 
================================================================================
DAG File Processing Stats

File Path                              PID    Runtime      # DAGs    # Errors  Last Runtime    Last Run
-------------------------------------  -----  ---------  --------  ----------  --------------  -------------------
/opt/airflow/dags/youtube_pipeline.py                           0           1  0.04s           2026-09-16T14:06:23
================================================================================
[2026-09-16T14:07:15.384+0000] {manager.py:878} INFO - 
================================================================================
DAG File Processing Stats

File Path                              PID    Runtime      # DAGs    # Errors  Last Runtime    Last Run
-------------------------------------  -----  ---------  --------  ----------  --------------  -------------------
/opt/airflow/dags/youtube_pipeline.py                           0           1  0.03s           2026-09-16T14:07:06
================================================================================
[2026-09-16T14:07:45.508+0000] {manager.py:878} INFO - 
================================================================================
DAG File Processing Stats

File Path                              PID    Runtime      # DAGs    # Errors  Last Runtime    Last Run
-------------------------------------  -----  ---------  --------  ----------  --------------  -------------------
/opt/airflow/dags/youtube_pipeline.py                           0           1  0.19s           2026-09-16T14:07:36
================================================================================
[2026-09-16T14:08:15.798+0000] {manager.py:878} INFO - 
================================================================================
DAG File Processing Stats

File Path                              PID    Runtime      # DAGs    # Errors  Last Runtime    Last Run
-------------------------------------  -----  ---------  --------  ----------  --------------  -------------------
/opt/airflow/dags/youtube_pipeline.py                           0           1  0.04s           2026-09-16T14:08:06
================================================================================
[2026-09-16T14:08:45.932+0000] {manager.py:878} INFO - 
================================================================================
DAG File Processing Stats

File Path                              PID    Runtime      # DAGs    # Errors  Last Runtime    Last Run
-------------------------------------  -----  ---------  --------  ----------  --------------  -------------------
/opt/airflow/dags/youtube_pipeline.py                           0           1  0.04s           2026-09-16T14:08:36
================================================================================
[2026-09-16T14:09:16.075+0000] {manager.py:878} INFO - 
================================================================================
DAG File Processing Stats

File Path                              PID    Runtime      # DAGs    # Errors  Last Runtime    Last Run
-------------------------------------  -----  ---------  --------  ----------  --------------  -------------------
/opt/airflow/dags/youtube_pipeline.py                           0           1  0.04s           2026-09-16T14:09:07
================================================================================
[2026-09-16T14:09:46.222+0000] {manager.py:878} INFO - 
================================================================================
DAG File Processing Stats

File Path                              PID    Runtime      # DAGs    # Errors  Last Runtime    Last Run
-------------------------------------  -----  ---------  --------  ----------  --------------  -------------------
/opt/airflow/dags/youtube_pipeline.py                           0           1  0.05s           2026-09-16T14:09:37
================================================================================
[2026-09-16T14:10:16.367+0000] {manager.py:878} INFO - 
================================================================================
DAG File Processing Stats

File Path                              PID    Runtime      # DAGs    # Errors  Last Runtime    Last Run
-------------------------------------  -----  ---------  --------  ----------  --------------  -------------------
/opt/airflow/dags/youtube_pipeline.py                           0           1  0.04s           2026-09-16T14:10:07
================================================================================
[2026-09-16T14:10:46.516+0000] {manager.py:878} INFO - 
================================================================================
DAG File Processing Stats

File Path                              PID    Runtime      # DAGs    # Errors  Last Runtime    Last Run
-------------------------------------  -----  ---------  --------  ----------  --------------  -------------------
/opt/airflow/dags/youtube_pipeline.py                           0           1  0.07s           2026-09-16T14:10:37
================================================================================
[2026-09-16T14:11:16.625+0000] {manager.py:878} INFO - 
================================================================================
DAG File Processing Stats

File Path                              PID    Runtime      # DAGs    # Errors  Last Runtime    Last Run
-------------------------------------  -----  ---------  --------  ----------  --------------  -------------------
/opt/airflow/dags/youtube_pipeline.py                           0           1  0.03s           2026-09-16T14:11:07
================================================================================
[2026-09-16T14:11:30.683+0000] {manager.py:737} INFO - Searching for files in /opt/airflow/dags
[2026-09-16T14:11:30.683+0000] {manager.py:740} INFO - There are 1 files in /opt/airflow/dags
[2026-09-16T14:11:46.763+0000] {manager.py:878} INFO - 
================================================================================
DAG File Processing Stats

File Path                              PID    Runtime      # DAGs    # Errors  Last Runtime    Last Run
-------------------------------------  -----  ---------  --------  ----------  --------------  -------------------
/opt/airflow/dags/youtube_pipeline.py                           0           1  0.04s           2026-09-16T14:11:37
================================================================================
[2026-09-16T14:12:16.912+0000] {manager.py:878} INFO - 
================================================================================
DAG File Processing Stats

File Path                              PID    Runtime      # DAGs    # Errors  Last Runtime    Last Run
-------------------------------------  -----  ---------  --------  ----------  --------------  -------------------
/opt/airflow/dags/youtube_pipeline.py                           0           1  0.03s           2026-09-16T14:12:07
================================================================================
[2026-09-16T14:12:47.063+0000] {manager.py:878} INFO - 
================================================================================
DAG File Processing Stats

File Path                              PID    Runtime      # DAGs    # Errors  Last Runtime    Last Run
-------------------------------------  -----  ---------  --------  ----------  --------------  -------------------
/opt/airflow/dags/youtube_pipeline.py                           0           1  0.05s           2026-09-16T14:12:21
================================================================================
[2026-09-16T14:13:17.204+0000] {manager.py:878} INFO - 
================================================================================
DAG File Processing Stats

File Path                              PID    Runtime      # DAGs    # Errors  Last Runtime    Last Run
-------------------------------------  -----  ---------  --------  ----------  --------------  -------------------
/opt/airflow/dags/youtube_pipeline.py                           0           1  0.04s           2026-09-16T14:12:52
================================================================================
[2026-09-16T14:13:47.344+0000] {manager.py:878} INFO - 
================================================================================
DAG File Processing Stats

File Path                              PID    Runtime      # DAGs    # Errors  Last Runtime    Last Run
-------------------------------------  -----  ---------  --------  ----------  --------------  -------------------
/opt/airflow/dags/youtube_pipeline.py                           0           1  0.14s           2026-09-16T14:13:22
================================================================================
[2026-09-16T14:14:17.560+0000] {manager.py:878} INFO - 
================================================================================
DAG File Processing Stats

File Path                              PID    Runtime      # DAGs    # Errors  Last Runtime    Last Run
-------------------------------------  -----  ---------  --------  ----------  --------------  -------------------
/opt/airflow/dags/youtube_pipeline.py                           0           1  0.03s           2026-09-16T14:13:52
================================================================================
[2026-09-16T14:14:47.700+0000] {manager.py:878} INFO - 
================================================================================
DAG File Processing Stats

File Path                              PID    Runtime      # DAGs    # Errors  Last Runtime    Last Run
-------------------------------------  -----  ---------  --------  ----------  --------------  -------------------
/opt/airflow/dags/youtube_pipeline.py                           0           1  0.14s           2026-09-16T14:14:22
================================================================================
[2026-09-16T14:15:17.967+0000] {manager.py:878} INFO - 
================================================================================
DAG File Processing Stats

File Path                              PID    Runtime      # DAGs    # Errors  Last Runtime    Last Run
-------------------------------------  -----  ---------  --------  ----------  --------------  -------------------
/opt/airflow/dags/youtube_pipeline.py                           0           1  0.04s           2026-09-16T14:14:52
================================================================================
[2026-09-16T14:15:48.108+0000] {manager.py:878} INFO - 
================================================================================
DAG File Processing Stats

File Path                              PID    Runtime      # DAGs    # Errors  Last Runtime    Last Run
-------------------------------------  -----  ---------  --------  ----------  --------------  -------------------
/opt/airflow/dags/youtube_pipeline.py                           0           1  0.14s           2026-09-16T14:15:23
================================================================================
[2026-09-16T14:16:18.227+0000] {manager.py:878} INFO - 
================================================================================
DAG File Processing Stats

File Path                              PID    Runtime      # DAGs    # Errors  Last Runtime    Last Run
-------------------------------------  -----  ---------  --------  ----------  --------------  -------------------
/opt/airflow/dags/youtube_pipeline.py                           0           1  0.03s           2026-09-16T14:15:53
================================================================================
[2026-09-16T14:16:31.294+0000] {manager.py:737} INFO - Searching for files in /opt/airflow/dags
[2026-09-16T14:16:31.296+0000] {manager.py:740} INFO - There are 1 files in /opt/airflow/dags
[2026-09-16T14:16:48.394+0000] {manager.py:878} INFO - 
================================================================================
DAG File Processing Stats

File Path                              PID    Runtime      # DAGs    # Errors  Last Runtime    Last Run
-------------------------------------  -----  ---------  --------  ----------  --------------  -------------------
/opt/airflow/dags/youtube_pipeline.py                           0           1  0.11s           2026-09-16T14:16:23
================================================================================
[2026-09-16T14:17:18.537+0000] {manager.py:878} INFO - 
================================================================================
DAG File Processing Stats

File Path                              PID    Runtime      # DAGs    # Errors  Last Runtime    Last Run
-------------------------------------  -----  ---------  --------  ----------  --------------  -------------------
/opt/airflow/dags/youtube_pipeline.py                           0           1  0.04s           2026-09-16T14:16:53
================================================================================
[2026-09-16T14:17:48.678+0000] {manager.py:878} INFO - 
================================================================================
DAG File Processing Stats

File Path                              PID    Runtime      # DAGs    # Errors  Last Runtime    Last Run
-------------------------------------  -----  ---------  --------  ----------  --------------  -------------------
/opt/airflow/dags/youtube_pipeline.py                           0           1  0.06s           2026-09-16T14:17:23
================================================================================
[2026-09-16T14:18:18.843+0000] {manager.py:878} INFO - 
================================================================================
DAG File Processing Stats

File Path                              PID    Runtime      # DAGs    # Errors  Last Runtime    Last Run
-------------------------------------  -----  ---------  --------  ----------  --------------  -------------------
/opt/airflow/dags/youtube_pipeline.py                           0           1  0.04s           2026-09-16T14:17:53
================================================================================
[2026-09-16T14:18:48.984+0000] {manager.py:878} INFO - 
================================================================================
DAG File Processing Stats

File Path                              PID    Runtime      # DAGs    # Errors  Last Runtime    Last Run
-------------------------------------  -----  ---------  --------  ----------  --------------  -------------------
/opt/airflow/dags/youtube_pipeline.py                           0           1  0.12s           2026-09-16T14:18:23
================================================================================
[2026-09-16T14:19:19.128+0000] {manager.py:878} INFO - 
================================================================================
DAG File Processing Stats

File Path                              PID    Runtime      # DAGs    # Errors  Last Runtime    Last Run
-------------------------------------  -----  ---------  --------  ----------  --------------  -------------------
/opt/airflow/dags/youtube_pipeline.py                           0           1  0.04s           2026-09-16T14:18:54
================================================================================
[2026-09-16T14:19:49.277+0000] {manager.py:878} INFO - 
================================================================================
DAG File Processing Stats

File Path                              PID    Runtime      # DAGs    # Errors  Last Runtime    Last Run
-------------------------------------  -----  ---------  --------  ----------  --------------  -------------------
/opt/airflow/dags/youtube_pipeline.py                           0           1  0.15s           2026-09-16T14:19:24
================================================================================
[2026-09-16T14:20:19.529+0000] {manager.py:878} INFO - 
================================================================================
DAG File Processing Stats

File Path                              PID    Runtime      # DAGs    # Errors  Last Runtime    Last Run
-------------------------------------  -----  ---------  --------  ----------  --------------  -------------------
/opt/airflow/dags/youtube_pipeline.py                           0           1  0.04s           2026-09-16T14:19:54
================================================================================
[2026-09-16T14:20:49.659+0000] {manager.py:878} INFO - 
================================================================================
DAG File Processing Stats

File Path                              PID    Runtime      # DAGs    # Errors  Last Runtime    Last Run
-------------------------------------  -----  ---------  --------  ----------  --------------  -------------------
/opt/airflow/dags/youtube_pipeline.py                           0           1  0.14s           2026-09-16T14:20:24
================================================================================
[2026-09-16T14:21:19.910+0000] {manager.py:878} INFO - 
================================================================================
DAG File Processing Stats

File Path                              PID    Runtime      # DAGs    # Errors  Last Runtime    Last Run
-------------------------------------  -----  ---------  --------  ----------  --------------  -------------------
/opt/airflow/dags/youtube_pipeline.py                           0           1  0.04s           2026-09-16T14:20:54
================================================================================
[2026-09-16T14:21:31.972+0000] {manager.py:737} INFO - Searching for files in /opt/airflow/dags
[2026-09-16T14:21:31.974+0000] {manager.py:740} INFO - There are 1 files in /opt/airflow/dags
[2026-09-16T14:21:50.060+0000] {manager.py:878} INFO - 
================================================================================
DAG File Processing Stats

File Path                              PID    Runtime      # DAGs    # Errors  Last Runtime    Last Run
-------------------------------------  -----  ---------  --------  ----------  --------------  -------------------
/opt/airflow/dags/youtube_pipeline.py                           0           1  0.07s           2026-09-16T14:21:25
================================================================================
[2026-09-16T14:22:20.208+0000] {manager.py:878} INFO - 
================================================================================
DAG File Processing Stats

File Path                              PID    Runtime      # DAGs    # Errors  Last Runtime    Last Run
-------------------------------------  -----  ---------  --------  ----------  --------------  -------------------
/opt/airflow/dags/youtube_pipeline.py                           0           1  0.04s           2026-09-16T14:21:55
================================================================================
[2026-09-16T14:22:50.365+0000] {manager.py:878} INFO - 
================================================================================
DAG File Processing Stats

File Path                              PID    Runtime      # DAGs    # Errors  Last Runtime    Last Run
-------------------------------------  -----  ---------  --------  ----------  --------------  -------------------
/opt/airflow/dags/youtube_pipeline.py                           0           1  0.05s           2026-09-16T14:22:25
================================================================================
[2026-09-16T14:23:20.513+0000] {manager.py:878} INFO - 
================================================================================
DAG File Processing Stats

File Path                              PID    Runtime      # DAGs    # Errors  Last Runtime    Last Run
-------------------------------------  -----  ---------  --------  ----------  --------------  -------------------
/opt/airflow/dags/youtube_pipeline.py                           0           1  0.03s           2026-09-16T14:22:55
================================================================================
[2026-09-16T14:23:50.650+0000] {manager.py:878} INFO - 
================================================================================
DAG File Processing Stats

File Path                              PID    Runtime      # DAGs    # Errors  Last Runtime    Last Run
-------------------------------------  -----  ---------  --------  ----------  --------------  -------------------
/opt/airflow/dags/youtube_pipeline.py                           0           1  0.04s           2026-09-16T14:23:25
================================================================================
[2026-09-16T14:24:20.797+0000] {manager.py:878} INFO - 
================================================================================
DAG File Processing Stats

File Path                              PID    Runtime      # DAGs    # Errors  Last Runtime    Last Run
-------------------------------------  -----  ---------  --------  ----------  --------------  -------------------
/opt/airflow/dags/youtube_pipeline.py                           0           1  0.03s           2026-09-16T14:23:55
================================================================================
[2026-09-16T14:24:50.953+0000] {manager.py:878} INFO - 
================================================================================
DAG File Processing Stats

File Path                              PID    Runtime      # DAGs    # Errors  Last Runtime    Last Run
-------------------------------------  -----  ---------  --------  ----------  --------------  -------------------
/opt/airflow/dags/youtube_pipeline.py                           0           1  0.06s           2026-09-16T14:24:25
================================================================================
[2026-09-16T14:25:21.113+0000] {manager.py:878} INFO - 
================================================================================
DAG File Processing Stats

File Path                              PID    Runtime      # DAGs    # Errors  Last Runtime    Last Run
-------------------------------------  -----  ---------  --------  ----------  --------------  -------------------
/opt/airflow/dags/youtube_pipeline.py                           0           1  0.04s           2026-09-16T14:24:56
================================================================================
[2026-09-16T14:25:51.260+0000] {manager.py:878} INFO - 
================================================================================
DAG File Processing Stats

File Path                              PID    Runtime      # DAGs    # Errors  Last Runtime    Last Run
-------------------------------------  -----  ---------  --------  ----------  --------------  -------------------
/opt/airflow/dags/youtube_pipeline.py                           0           1  0.05s           2026-09-16T14:25:26
================================================================================
[2026-09-16T14:26:21.419+0000] {manager.py:878} INFO - 
================================================================================
DAG File Processing Stats

File Path                              PID    Runtime      # DAGs    # Errors  Last Runtime    Last Run
-------------------------------------  -----  ---------  --------  ----------  --------------  -------------------
/opt/airflow/dags/youtube_pipeline.py                           0           1  0.04s           2026-09-16T14:25:56
================================================================================
[2026-09-16T14:26:32.471+0000] {manager.py:737} INFO - Searching for files in /opt/airflow/dags
[2026-09-16T14:26:32.472+0000] {manager.py:740} INFO - There are 1 files in /opt/airflow/dags
[2026-09-16T14:26:51.565+0000] {manager.py:878} INFO - 
================================================================================
DAG File Processing Stats

File Path                              PID    Runtime      # DAGs    # Errors  Last Runtime    Last Run
-------------------------------------  -----  ---------  --------  ----------  --------------  -------------------
/opt/airflow/dags/youtube_pipeline.py                           0           1  0.12s           2026-09-16T14:26:26
================================================================================
[2026-09-16T14:27:21.695+0000] {manager.py:878} INFO - 
================================================================================
DAG File Processing Stats

File Path                              PID    Runtime      # DAGs    # Errors  Last Runtime    Last Run
-------------------------------------  -----  ---------  --------  ----------  --------------  -------------------
/opt/airflow/dags/youtube_pipeline.py                           0           1  0.05s           2026-09-16T14:26:56
================================================================================
[2026-09-16T14:27:51.845+0000] {manager.py:878} INFO - 
================================================================================
DAG File Processing Stats

File Path                              PID    Runtime      # DAGs    # Errors  Last Runtime    Last Run
-------------------------------------  -----  ---------  --------  ----------  --------------  -------------------
/opt/airflow/dags/youtube_pipeline.py                           0           1  0.10s           2026-09-16T14:27:26
================================================================================
[2026-09-16T14:28:21.981+0000] {manager.py:878} INFO - 
================================================================================
DAG File Processing Stats

File Path                              PID    Runtime      # DAGs    # Errors  Last Runtime    Last Run
-------------------------------------  -----  ---------  --------  ----------  --------------  -------------------
/opt/airflow/dags/youtube_pipeline.py                           0           1  0.05s           2026-09-16T14:27:56
================================================================================
[2026-09-16T14:28:52.119+0000] {manager.py:878} INFO - 
================================================================================
DAG File Processing Stats

File Path                              PID    Runtime      # DAGs    # Errors  Last Runtime    Last Run
-------------------------------------  -----  ---------  --------  ----------  --------------  -------------------
/opt/airflow/dags/youtube_pipeline.py                           0           1  0.14s           2026-09-16T14:28:27
================================================================================
[2026-09-16T14:29:22.272+0000] {manager.py:878} INFO - 
================================================================================
DAG File Processing Stats

File Path                              PID    Runtime      # DAGs    # Errors  Last Runtime    Last Run
-------------------------------------  -----  ---------  --------  ----------  --------------  -------------------
/opt/airflow/dags/youtube_pipeline.py                           0           1  0.05s           2026-09-16T14:28:57
================================================================================
[2026-09-16T14:29:52.438+0000] {manager.py:878} INFO - 
================================================================================
DAG File Processing Stats

File Path                              PID    Runtime      # DAGs    # Errors  Last Runtime    Last Run
-------------------------------------  -----  ---------  --------  ----------  --------------  -------------------
/opt/airflow/dags/youtube_pipeline.py                           0           1  0.16s           2026-09-16T14:29:27
================================================================================
[2026-09-16T14:30:22.588+0000] {manager.py:878} INFO - 
================================================================================
DAG File Processing Stats

File Path                              PID    Runtime      # DAGs    # Errors  Last Runtime    Last Run
-------------------------------------  -----  ---------  --------  ----------  --------------  -------------------
/opt/airflow/dags/youtube_pipeline.py                           0           1  0.04s           2026-09-16T14:29:57
================================================================================
[2026-09-16T14:30:52.711+0000] {manager.py:878} INFO - 
================================================================================
DAG File Processing Stats

File Path                              PID    Runtime      # DAGs    # Errors  Last Runtime    Last Run
-------------------------------------  -----  ---------  --------  ----------  --------------  -------------------
/opt/airflow/dags/youtube_pipeline.py                           0           1  0.15s           2026-09-16T14:30:27
================================================================================
[2026-09-16T14:31:23.004+0000] {manager.py:878} INFO - 
================================================================================
DAG File Processing Stats

File Path                              PID    Runtime      # DAGs    # Errors  Last Runtime    Last Run
-------------------------------------  -----  ---------  --------  ----------  --------------  -------------------
/opt/airflow/dags/youtube_pipeline.py                           0           1  0.05s           2026-09-16T14:30:57
================================================================================
[2026-09-16T14:31:33.059+0000] {manager.py:737} INFO - Searching for files in /opt/airflow/dags
[2026-09-16T14:31:33.061+0000] {manager.py:740} INFO - There are 1 files in /opt/airflow/dags
[2026-09-16T14:31:53.164+0000] {manager.py:878} INFO - 
================================================================================
DAG File Processing Stats

File Path                              PID    Runtime      # DAGs    # Errors  Last Runtime    Last Run
-------------------------------------  -----  ---------  --------  ----------  --------------  -------------------
/opt/airflow/dags/youtube_pipeline.py                           0           1  0.14s           2026-09-16T14:31:28
================================================================================
[2026-09-16T14:32:23.312+0000] {manager.py:878} INFO - 
================================================================================
DAG File Processing Stats

File Path                              PID    Runtime      # DAGs    # Errors  Last Runtime    Last Run
-------------------------------------  -----  ---------  --------  ----------  --------------  -------------------
/opt/airflow/dags/youtube_pipeline.py                           0           1  0.04s           2026-09-16T14:31:58
================================================================================
[2026-09-16T14:32:53.460+0000] {manager.py:878} INFO - 
================================================================================
DAG File Processing Stats

File Path                              PID    Runtime      # DAGs    # Errors  Last Runtime    Last Run
-------------------------------------  -----  ---------  --------  ----------  --------------  -------------------
/opt/airflow/dags/youtube_pipeline.py                           0           1  0.14s           2026-09-16T14:32:28
================================================================================
[2026-09-16T14:33:23.596+0000] {manager.py:878} INFO - 
================================================================================
DAG File Processing Stats

File Path                              PID    Runtime      # DAGs    # Errors  Last Runtime    Last Run
-------------------------------------  -----  ---------  --------  ----------  --------------  -------------------
/opt/airflow/dags/youtube_pipeline.py                           0           1  0.05s           2026-09-16T14:32:58
================================================================================
[2026-09-16T14:33:53.748+0000] {manager.py:878} INFO - 
================================================================================
DAG File Processing Stats

File Path                              PID    Runtime      # DAGs    # Errors  Last Runtime    Last Run
-------------------------------------  -----  ---------  --------  ----------  --------------  -------------------
/opt/airflow/dags/youtube_pipeline.py                           0           1  0.16s           2026-09-16T14:33:28
================================================================================
[2026-09-16T14:34:24.013+0000] {manager.py:878} INFO - 
================================================================================
DAG File Processing Stats

File Path                              PID    Runtime      # DAGs    # Errors  Last Runtime    Last Run
-------------------------------------  -----  ---------  --------  ----------  --------------  -------------------
/opt/airflow/dags/youtube_pipeline.py                           0           1  0.06s           2026-09-16T14:33:58
================================================================================
[2026-09-16T14:34:54.178+0000] {manager.py:878} INFO - 
================================================================================
DAG File Processing Stats

File Path                              PID    Runtime      # DAGs    # Errors  Last Runtime    Last Run
-------------------------------------  -----  ---------  --------  ----------  --------------  -------------------
/opt/airflow/dags/youtube_pipeline.py                           0           1  0.14s           2026-09-16T14:34:29
================================================================================
[2026-09-16T14:35:24.303+0000] {manager.py:878} INFO - 
================================================================================
DAG File Processing Stats

File Path                              PID    Runtime      # DAGs    # Errors  Last Runtime    Last Run
-------------------------------------  -----  ---------  --------  ----------  --------------  -------------------
/opt/airflow/dags/youtube_pipeline.py                           0           1  0.03s           2026-09-16T14:34:59
================================================================================
[2026-09-16T14:35:54.443+0000] {manager.py:878} INFO - 
================================================================================
DAG File Processing Stats

File Path                              PID    Runtime      # DAGs    # Errors  Last Runtime    Last Run
-------------------------------------  -----  ---------  --------  ----------  --------------  -------------------
/opt/airflow/dags/youtube_pipeline.py                           0           1  0.15s           2026-09-16T14:35:29
================================================================================
[2026-09-16T14:36:24.680+0000] {manager.py:878} INFO - 
================================================================================
DAG File Processing Stats

File Path                              PID    Runtime      # DAGs    # Errors  Last Runtime    Last Run
-------------------------------------  -----  ---------  --------  ----------  --------------  -------------------
/opt/airflow/dags/youtube_pipeline.py                           0           1  0.04s           2026-09-16T14:35:59
================================================================================
[2026-09-16T14:36:33.727+0000] {manager.py:737} INFO - Searching for files in /opt/airflow/dags
[2026-09-16T14:36:33.729+0000] {manager.py:740} INFO - There are 1 files in /opt/airflow/dags
[2026-09-16T14:36:54.829+0000] {manager.py:878} INFO - 
================================================================================
DAG File Processing Stats

File Path                              PID    Runtime      # DAGs    # Errors  Last Runtime    Last Run
-------------------------------------  -----  ---------  --------  ----------  --------------  -------------------
/opt/airflow/dags/youtube_pipeline.py                           0           1  0.04s           2026-09-16T14:36:29
================================================================================
[2026-09-16T14:37:24.976+0000] {manager.py:878} INFO - 
================================================================================
DAG File Processing Stats

File Path                              PID    Runtime      # DAGs    # Errors  Last Runtime    Last Run
-------------------------------------  -----  ---------  --------  ----------  --------------  -------------------
/opt/airflow/dags/youtube_pipeline.py                           0           1  0.04s           2026-09-16T14:36:59
================================================================================
[2026-09-16T14:37:55.130+0000] {manager.py:878} INFO - 
================================================================================
DAG File Processing Stats

File Path                              PID    Runtime      # DAGs    # Errors  Last Runtime    Last Run
-------------------------------------  -----  ---------  --------  ----------  --------------  -------------------
/opt/airflow/dags/youtube_pipeline.py                           0           1  0.15s           2026-09-16T14:37:30
================================================================================
[2026-09-16T14:38:25.386+0000] {manager.py:878} INFO - 
================================================================================
DAG File Processing Stats

File Path                              PID    Runtime      # DAGs    # Errors  Last Runtime    Last Run
-------------------------------------  -----  ---------  --------  ----------  --------------  -------------------
/opt/airflow/dags/youtube_pipeline.py                           0           1  0.06s           2026-09-16T14:38:00
================================================================================
[2026-09-16T14:38:55.544+0000] {manager.py:878} INFO - 
================================================================================
DAG File Processing Stats

File Path                              PID    Runtime      # DAGs    # Errors  Last Runtime    Last Run
-------------------------------------  -----  ---------  --------  ----------  --------------  -------------------
/opt/airflow/dags/youtube_pipeline.py                           0           1  0.04s           2026-09-16T14:38:30
================================================================================
[2026-09-16T14:39:25.686+0000] {manager.py:878} INFO - 
================================================================================
DAG File Processing Stats

File Path                              PID    Runtime      # DAGs    # Errors  Last Runtime    Last Run
-------------------------------------  -----  ---------  --------  ----------  --------------  -------------------
/opt/airflow/dags/youtube_pipeline.py                           0           1  0.04s           2026-09-16T14:39:00
================================================================================
[2026-09-16T14:39:55.835+0000] {manager.py:878} INFO - 
================================================================================
DAG File Processing Stats

File Path                              PID    Runtime      # DAGs    # Errors  Last Runtime    Last Run
-------------------------------------  -----  ---------  --------  ----------  --------------  -------------------
/opt/airflow/dags/youtube_pipeline.py                           0           1  0.13s           2026-09-16T14:39:30
================================================================================
[2026-09-16T14:40:25.980+0000] {manager.py:878} INFO - 
================================================================================
DAG File Processing Stats

File Path                              PID    Runtime      # DAGs    # Errors  Last Runtime    Last Run
-------------------------------------  -----  ---------  --------  ----------  --------------  -------------------
/opt/airflow/dags/youtube_pipeline.py                           0           1  0.06s           2026-09-16T14:40:00
================================================================================
[2026-09-16T14:40:56.151+0000] {manager.py:878} INFO - 
================================================================================
DAG File Processing Stats

File Path                              PID    Runtime      # DAGs    # Errors  Last Runtime    Last Run
-------------------------------------  -----  ---------  --------  ----------  --------------  -------------------
/opt/airflow/dags/youtube_pipeline.py                           0           1  0.17s           2026-09-16T14:40:31
================================================================================
[2026-09-16T14:41:26.385+0000] {manager.py:878} INFO - 
================================================================================
DAG File Processing Stats

File Path                              PID    Runtime      # DAGs    # Errors  Last Runtime    Last Run
-------------------------------------  -----  ---------  --------  ----------  --------------  -------------------
/opt/airflow/dags/youtube_pipeline.py                           0           1  0.03s           2026-09-16T14:41:01
================================================================================
[2026-09-16T14:41:34.429+0000] {manager.py:737} INFO - Searching for files in /opt/airflow/dags
[2026-09-16T14:41:34.431+0000] {manager.py:740} INFO - There are 1 files in /opt/airflow/dags
[2026-09-16T14:41:56.531+0000] {manager.py:878} INFO - 
================================================================================
DAG File Processing Stats

File Path                              PID    Runtime      # DAGs    # Errors  Last Runtime    Last Run
-------------------------------------  -----  ---------  --------  ----------  --------------  -------------------
/opt/airflow/dags/youtube_pipeline.py                           0           1  0.04s           2026-09-16T14:41:31
================================================================================
[2026-09-16T14:42:26.675+0000] {manager.py:878} INFO - 
================================================================================
DAG File Processing Stats

File Path                              PID    Runtime      # DAGs    # Errors  Last Runtime    Last Run
-------------------------------------  -----  ---------  --------  ----------  --------------  -------------------
/opt/airflow/dags/youtube_pipeline.py                           0           1  0.04s           2026-09-16T14:42:01
================================================================================
[2026-09-16T14:42:56.819+0000] {manager.py:878} INFO - 
================================================================================
DAG File Processing Stats

File Path                              PID    Runtime      # DAGs    # Errors  Last Runtime    Last Run
-------------------------------------  -----  ---------  --------  ----------  --------------  -------------------
/opt/airflow/dags/youtube_pipeline.py                           0           1  0.06s           2026-09-16T14:42:31
================================================================================
[2026-09-16T14:43:26.971+0000] {manager.py:878} INFO - 
================================================================================
DAG File Processing Stats

File Path                              PID    Runtime      # DAGs    # Errors  Last Runtime    Last Run
-------------------------------------  -----  ---------  --------  ----------  --------------  -------------------
/opt/airflow/dags/youtube_pipeline.py                           0           1  0.04s           2026-09-16T14:43:01
================================================================================
[2026-09-16T14:43:57.123+0000] {manager.py:878} INFO - 
================================================================================
DAG File Processing Stats

File Path                              PID    Runtime      # DAGs    # Errors  Last Runtime    Last Run
-------------------------------------  -----  ---------  --------  ----------  --------------  -------------------
/opt/airflow/dags/youtube_pipeline.py                           0           1  0.04s           2026-09-16T14:43:32
================================================================================
[2026-09-16T14:44:27.271+0000] {manager.py:878} INFO - 
================================================================================
DAG File Processing Stats

File Path                              PID    Runtime      # DAGs    # Errors  Last Runtime    Last Run
-------------------------------------  -----  ---------  --------  ----------  --------------  -------------------
/opt/airflow/dags/youtube_pipeline.py                           0           1  0.03s           2026-09-16T14:44:02
================================================================================
[2026-09-16T14:44:57.398+0000] {manager.py:878} INFO - 
================================================================================
DAG File Processing Stats

File Path                              PID    Runtime      # DAGs    # Errors  Last Runtime    Last Run
-------------------------------------  -----  ---------  --------  ----------  --------------  -------------------
/opt/airflow/dags/youtube_pipeline.py                           0           1  0.11s           2026-09-16T14:44:32
================================================================================
[2026-09-16T14:45:27.527+0000] {manager.py:878} INFO - 
================================================================================
DAG File Processing Stats

File Path                              PID    Runtime      # DAGs    # Errors  Last Runtime    Last Run
-------------------------------------  -----  ---------  --------  ----------  --------------  -------------------
/opt/airflow/dags/youtube_pipeline.py                           0           1  0.04s           2026-09-16T14:45:02
================================================================================
[2026-09-16T14:45:57.683+0000] {manager.py:878} INFO - 
================================================================================
DAG File Processing Stats

File Path                              PID    Runtime      # DAGs    # Errors  Last Runtime    Last Run
-------------------------------------  -----  ---------  --------  ----------  --------------  -------------------
/opt/airflow/dags/youtube_pipeline.py                           0           1  0.05s           2026-09-16T14:45:32
================================================================================
[2026-09-16T14:46:27.820+0000] {manager.py:878} INFO - 
================================================================================
DAG File Processing Stats

File Path                              PID    Runtime      # DAGs    # Errors  Last Runtime    Last Run
-------------------------------------  -----  ---------  --------  ----------  --------------  -------------------
/opt/airflow/dags/youtube_pipeline.py                           0           1  0.03s           2026-09-16T14:46:02
================================================================================
[2026-09-16T14:46:34.864+0000] {manager.py:737} INFO - Searching for files in /opt/airflow/dags
[2026-09-16T14:46:34.865+0000] {manager.py:740} INFO - There are 1 files in /opt/airflow/dags
[2026-09-16T14:46:57.967+0000] {manager.py:878} INFO - 
================================================================================
DAG File Processing Stats

File Path                              PID    Runtime      # DAGs    # Errors  Last Runtime    Last Run
-------------------------------------  -----  ---------  --------  ----------  --------------  -------------------
/opt/airflow/dags/youtube_pipeline.py                           0           1  0.12s           2026-09-16T14:46:32
================================================================================
[2026-09-16T14:47:28.112+0000] {manager.py:878} INFO - 
================================================================================
DAG File Processing Stats

File Path                              PID    Runtime      # DAGs    # Errors  Last Runtime    Last Run
-------------------------------------  -----  ---------  --------  ----------  --------------  -------------------
/opt/airflow/dags/youtube_pipeline.py                           0           1  0.04s           2026-09-16T14:47:03
================================================================================
[2026-09-16T14:47:58.268+0000] {manager.py:878} INFO - 
================================================================================
DAG File Processing Stats

File Path                              PID    Runtime      # DAGs    # Errors  Last Runtime    Last Run
-------------------------------------  -----  ---------  --------  ----------  --------------  -------------------
/opt/airflow/dags/youtube_pipeline.py                           0           1  0.15s           2026-09-16T14:47:33
================================================================================
[2026-09-16T14:48:28.408+0000] {manager.py:878} INFO - 
================================================================================
DAG File Processing Stats

File Path                              PID    Runtime      # DAGs    # Errors  Last Runtime    Last Run
-------------------------------------  -----  ---------  --------  ----------  --------------  -------------------
/opt/airflow/dags/youtube_pipeline.py                           0           1  0.04s           2026-09-16T14:48:03
================================================================================
[2026-09-16T14:48:58.556+0000] {manager.py:878} INFO - 
================================================================================
DAG File Processing Stats

File Path                              PID    Runtime      # DAGs    # Errors  Last Runtime    Last Run
-------------------------------------  -----  ---------  --------  ----------  --------------  -------------------
/opt/airflow/dags/youtube_pipeline.py                           0           1  0.15s           2026-09-16T14:48:33
================================================================================
[2026-09-16T14:49:28.696+0000] {manager.py:878} INFO - 
================================================================================
DAG File Processing Stats

File Path                              PID    Runtime      # DAGs    # Errors  Last Runtime    Last Run
-------------------------------------  -----  ---------  --------  ----------  --------------  -------------------
/opt/airflow/dags/youtube_pipeline.py                           0           1  0.04s           2026-09-16T14:49:03
================================================================================
[2026-09-16T14:49:58.840+0000] {manager.py:878} INFO - 
================================================================================
DAG File Processing Stats

File Path                              PID    Runtime      # DAGs    # Errors  Last Runtime    Last Run
-------------------------------------  -----  ---------  --------  ----------  --------------  -------------------
/opt/airflow/dags/youtube_pipeline.py                           0           1  0.14s           2026-09-16T14:49:33
================================================================================
[2026-09-16T14:50:29.051+0000] {manager.py:878} INFO - 
================================================================================
DAG File Processing Stats

File Path                              PID    Runtime      # DAGs    # Errors  Last Runtime    Last Run
-------------------------------------  -----  ---------  --------  ----------  --------------  -------------------
/opt/airflow/dags/youtube_pipeline.py                           0           1  0.03s           2026-09-16T14:50:03
================================================================================
[2026-09-16T14:50:33.067+0000] {manager.py:1128} WARNING - Skipping processing of missing file: /opt/airflow/dags/youtube_pipeline.py
[2026-09-16T14:51:35.334+0000] {manager.py:737} INFO - Searching for files in /opt/airflow/dags
[2026-09-16T14:51:35.335+0000] {manager.py:740} INFO - There are 1 files in /opt/airflow/dags
[2026-09-16T14:51:59.432+0000] {manager.py:878} INFO - 
================================================================================
DAG File Processing Stats

File Path                            PID    Runtime      # DAGs    # Errors  Last Runtime    Last Run
-----------------------------------  -----  ---------  --------  ----------  --------------  -------------------
/opt/airflow/dags/extraction_DAG.py                           0           1  0.03s           2026-09-16T14:51:35
================================================================================
[2026-09-16T14:52:29.553+0000] {manager.py:878} INFO - 
================================================================================
DAG File Processing Stats

File Path                            PID    Runtime      # DAGs    # Errors  Last Runtime    Last Run
-----------------------------------  -----  ---------  --------  ----------  --------------  -------------------
/opt/airflow/dags/extraction_DAG.py                           0           1  0.04s           2026-09-16T14:52:05
================================================================================
[2026-09-16T14:52:59.664+0000] {manager.py:878} INFO - 
================================================================================
DAG File Processing Stats

File Path                            PID    Runtime      # DAGs    # Errors  Last Runtime    Last Run
-----------------------------------  -----  ---------  --------  ----------  --------------  -------------------
/opt/airflow/dags/extraction_DAG.py                           0           1  0.12s           2026-09-16T14:52:35
================================================================================
[2026-09-16T14:53:29.866+0000] {manager.py:878} INFO - 
================================================================================
DAG File Processing Stats

File Path                            PID    Runtime      # DAGs    # Errors  Last Runtime    Last Run
-----------------------------------  -----  ---------  --------  ----------  --------------  -------------------
/opt/airflow/dags/extraction_DAG.py                           0           1  0.03s           2026-09-16T14:53:05
================================================================================
[2026-09-16T14:53:59.987+0000] {manager.py:878} INFO - 
================================================================================
DAG File Processing Stats

File Path                            PID    Runtime      # DAGs    # Errors  Last Runtime    Last Run
-----------------------------------  -----  ---------  --------  ----------  --------------  -------------------
/opt/airflow/dags/extraction_DAG.py                           0           1  0.03s           2026-09-16T14:53:35
================================================================================
[2026-09-16T14:54:30.103+0000] {manager.py:878} INFO - 
================================================================================
DAG File Processing Stats

File Path                            PID    Runtime      # DAGs    # Errors  Last Runtime    Last Run
-----------------------------------  -----  ---------  --------  ----------  --------------  -------------------
/opt/airflow/dags/extraction_DAG.py                           0           1  0.04s           2026-09-16T14:54:06
================================================================================
[2026-09-16T14:55:00.245+0000] {manager.py:878} INFO - 
================================================================================
DAG File Processing Stats

File Path                            PID    Runtime      # DAGs    # Errors  Last Runtime    Last Run
-----------------------------------  -----  ---------  --------  ----------  --------------  -------------------
/opt/airflow/dags/extraction_DAG.py                           0           1  0.13s           2026-09-16T14:54:36
================================================================================
[2026-09-16T14:55:30.357+0000] {manager.py:878} INFO - 
================================================================================
DAG File Processing Stats

File Path                            PID    Runtime      # DAGs    # Errors  Last Runtime    Last Run
-----------------------------------  -----  ---------  --------  ----------  --------------  -------------------
/opt/airflow/dags/extraction_DAG.py                           0           1  0.05s           2026-09-16T14:55:06
================================================================================
[2026-09-16T14:56:00.503+0000] {manager.py:878} INFO - 
================================================================================
DAG File Processing Stats

File Path                            PID    Runtime      # DAGs    # Errors  Last Runtime    Last Run
-----------------------------------  -----  ---------  --------  ----------  --------------  -------------------
/opt/airflow/dags/extraction_DAG.py                           0           1  0.05s           2026-09-16T14:55:36
================================================================================
[2026-09-16T14:56:30.616+0000] {manager.py:878} INFO - 
================================================================================
DAG File Processing Stats

File Path                            PID    Runtime      # DAGs    # Errors  Last Runtime    Last Run
-----------------------------------  -----  ---------  --------  ----------  --------------  -------------------
/opt/airflow/dags/extraction_DAG.py                           0           1  0.04s           2026-09-16T14:56:06
================================================================================
[2026-09-16T14:56:35.629+0000] {manager.py:737} INFO - Searching for files in /opt/airflow/dags
[2026-09-16T14:56:35.629+0000] {manager.py:740} INFO - There are 1 files in /opt/airflow/dags
[2026-09-16T14:57:00.719+0000] {manager.py:878} INFO - 
================================================================================
DAG File Processing Stats

File Path                            PID    Runtime      # DAGs    # Errors  Last Runtime    Last Run
-----------------------------------  -----  ---------  --------  ----------  --------------  -------------------
/opt/airflow/dags/extraction_DAG.py                           0           1  0.04s           2026-09-16T14:56:36
================================================================================
[2026-09-16T14:57:30.835+0000] {manager.py:878} INFO - 
================================================================================
DAG File Processing Stats

File Path                            PID    Runtime      # DAGs    # Errors  Last Runtime    Last Run
-----------------------------------  -----  ---------  --------  ----------  --------------  -------------------
/opt/airflow/dags/extraction_DAG.py                           0           1  0.05s           2026-09-16T14:57:06
================================================================================
[2026-09-16T14:58:00.966+0000] {manager.py:878} INFO - 
================================================================================
DAG File Processing Stats

File Path                            PID    Runtime      # DAGs    # Errors  Last Runtime    Last Run
-----------------------------------  -----  ---------  --------  ----------  --------------  -------------------
/opt/airflow/dags/extraction_DAG.py                           0           1  0.05s           2026-09-16T14:57:36
================================================================================
[2026-09-16T14:58:31.070+0000] {manager.py:878} INFO - 
================================================================================
DAG File Processing Stats

File Path                            PID    Runtime      # DAGs    # Errors  Last Runtime    Last Run
-----------------------------------  -----  ---------  --------  ----------  --------------  -------------------
/opt/airflow/dags/extraction_DAG.py                           0           1  0.03s           2026-09-16T14:58:07
================================================================================
[2026-09-16T14:59:01.171+0000] {manager.py:878} INFO - 
================================================================================
DAG File Processing Stats

File Path                            PID    Runtime      # DAGs    # Errors  Last Runtime    Last Run
-----------------------------------  -----  ---------  --------  ----------  --------------  -------------------
/opt/airflow/dags/extraction_DAG.py                           0           1  0.03s           2026-09-16T14:58:37
================================================================================
[2026-09-16T14:59:31.276+0000] {manager.py:878} INFO - 
================================================================================
DAG File Processing Stats

File Path                            PID    Runtime      # DAGs    # Errors  Last Runtime    Last Run
-----------------------------------  -----  ---------  --------  ----------  --------------  -------------------
/opt/airflow/dags/extraction_DAG.py                           0           1  0.03s           2026-09-16T14:59:07
================================================================================
[2026-09-16T15:00:01.370+0000] {manager.py:878} INFO - 
================================================================================
DAG File Processing Stats

File Path                            PID    Runtime      # DAGs    # Errors  Last Runtime    Last Run
-----------------------------------  -----  ---------  --------  ----------  --------------  -------------------
/opt/airflow/dags/extraction_DAG.py                           0           1  0.31s           2026-09-16T14:59:37
================================================================================
[2026-09-16T15:00:31.760+0000] {manager.py:878} INFO - 
================================================================================
DAG File Processing Stats

File Path                            PID    Runtime      # DAGs    # Errors  Last Runtime    Last Run
-----------------------------------  -----  ---------  --------  ----------  --------------  -------------------
/opt/airflow/dags/extraction_DAG.py                           0           1  0.03s           2026-09-16T15:00:07
================================================================================
[2026-09-16T15:01:01.868+0000] {manager.py:878} INFO - 
================================================================================
DAG File Processing Stats

File Path                            PID    Runtime      # DAGs    # Errors  Last Runtime    Last Run
-----------------------------------  -----  ---------  --------  ----------  --------------  -------------------
/opt/airflow/dags/extraction_DAG.py                           0           1  0.03s           2026-09-16T15:00:37
================================================================================
[2026-09-16T15:01:31.994+0000] {manager.py:878} INFO - 
================================================================================
DAG File Processing Stats

File Path                            PID    Runtime      # DAGs    # Errors  Last Runtime    Last Run
-----------------------------------  -----  ---------  --------  ----------  --------------  -------------------
/opt/airflow/dags/extraction_DAG.py                           0           1  0.04s           2026-09-16T15:01:07
================================================================================
[2026-09-16T15:01:36.011+0000] {manager.py:737} INFO - Searching for files in /opt/airflow/dags
[2026-09-16T15:01:36.013+0000] {manager.py:740} INFO - There are 1 files in /opt/airflow/dags
[2026-09-16T15:02:02.153+0000] {manager.py:878} INFO - 
================================================================================
DAG File Processing Stats

File Path                            PID    Runtime      # DAGs    # Errors  Last Runtime    Last Run
-----------------------------------  -----  ---------  --------  ----------  --------------  -------------------
/opt/airflow/dags/extraction_DAG.py                           0           1  0.13s           2026-09-16T15:01:38
================================================================================
[2026-09-16T15:02:32.270+0000] {manager.py:878} INFO - 
================================================================================
DAG File Processing Stats

File Path                            PID    Runtime      # DAGs    # Errors  Last Runtime    Last Run
-----------------------------------  -----  ---------  --------  ----------  --------------  -------------------
/opt/airflow/dags/extraction_DAG.py                           0           1  0.06s           2026-09-16T15:02:08
================================================================================
[2026-09-16T15:03:02.441+0000] {manager.py:878} INFO - 
================================================================================
DAG File Processing Stats

File Path                            PID    Runtime      # DAGs    # Errors  Last Runtime    Last Run
-----------------------------------  -----  ---------  --------  ----------  --------------  -------------------
/opt/airflow/dags/extraction_DAG.py                           0           1  0.07s           2026-09-16T15:02:38
================================================================================
[2026-09-16T15:03:32.585+0000] {manager.py:878} INFO - 
================================================================================
DAG File Processing Stats

File Path                            PID    Runtime      # DAGs    # Errors  Last Runtime    Last Run
-----------------------------------  -----  ---------  --------  ----------  --------------  -------------------
/opt/airflow/dags/extraction_DAG.py                           0           1  0.05s           2026-09-16T15:03:08
================================================================================
[2026-09-16T15:04:02.733+0000] {manager.py:878} INFO - 
================================================================================
DAG File Processing Stats

File Path                            PID    Runtime      # DAGs    # Errors  Last Runtime    Last Run
-----------------------------------  -----  ---------  --------  ----------  --------------  -------------------
/opt/airflow/dags/extraction_DAG.py                           0           1  0.13s           2026-09-16T15:03:38
================================================================================
[2026-09-16T15:04:32.864+0000] {manager.py:878} INFO - 
================================================================================
DAG File Processing Stats

File Path                            PID    Runtime      # DAGs    # Errors  Last Runtime    Last Run
-----------------------------------  -----  ---------  --------  ----------  --------------  -------------------
/opt/airflow/dags/extraction_DAG.py                           0           1  0.04s           2026-09-16T15:04:08
================================================================================
[2026-09-16T15:05:03.005+0000] {manager.py:878} INFO - 
================================================================================
DAG File Processing Stats

File Path                            PID    Runtime      # DAGs    # Errors  Last Runtime    Last Run
-----------------------------------  -----  ---------  --------  ----------  --------------  -------------------
/opt/airflow/dags/extraction_DAG.py                           0           1  0.14s           2026-09-16T15:04:39
================================================================================
[2026-09-16T15:05:33.253+0000] {manager.py:878} INFO - 
================================================================================
DAG File Processing Stats

File Path                            PID    Runtime      # DAGs    # Errors  Last Runtime    Last Run
-----------------------------------  -----  ---------  --------  ----------  --------------  -------------------
/opt/airflow/dags/extraction_DAG.py                           0           1  0.05s           2026-09-16T15:05:09
================================================================================
[2026-09-16T15:06:03.386+0000] {manager.py:878} INFO - 
================================================================================
DAG File Processing Stats

File Path                            PID    Runtime      # DAGs    # Errors  Last Runtime    Last Run
-----------------------------------  -----  ---------  --------  ----------  --------------  -------------------
/opt/airflow/dags/extraction_DAG.py                           0           1  0.04s           2026-09-16T15:05:39
================================================================================
[2026-09-16T15:06:33.530+0000] {manager.py:878} INFO - 
================================================================================
DAG File Processing Stats

File Path                            PID    Runtime      # DAGs    # Errors  Last Runtime    Last Run
-----------------------------------  -----  ---------  --------  ----------  --------------  -------------------
/opt/airflow/dags/extraction_DAG.py                           0           1  0.04s           2026-09-16T15:06:09
================================================================================
[2026-09-16T15:06:36.546+0000] {manager.py:737} INFO - Searching for files in /opt/airflow/dags
[2026-09-16T15:06:36.548+0000] {manager.py:740} INFO - There are 1 files in /opt/airflow/dags
[2026-09-16T15:07:03.674+0000] {manager.py:878} INFO - 
================================================================================
DAG File Processing Stats

File Path                            PID    Runtime      # DAGs    # Errors  Last Runtime    Last Run
-----------------------------------  -----  ---------  --------  ----------  --------------  -------------------
/opt/airflow/dags/extraction_DAG.py                           0           1  0.18s           2026-09-16T15:06:39
================================================================================
[2026-09-16T15:07:33.939+0000] {manager.py:878} INFO - 
================================================================================
DAG File Processing Stats

File Path                            PID    Runtime      # DAGs    # Errors  Last Runtime    Last Run
-----------------------------------  -----  ---------  --------  ----------  --------------  -------------------
/opt/airflow/dags/extraction_DAG.py                           0           1  0.04s           2026-09-16T15:07:09
================================================================================
[2026-09-16T15:08:04.044+0000] {manager.py:878} INFO - 
================================================================================
DAG File Processing Stats

File Path                            PID    Runtime      # DAGs    # Errors  Last Runtime    Last Run
-----------------------------------  -----  ---------  --------  ----------  --------------  -------------------
/opt/airflow/dags/extraction_DAG.py                           0           1  0.05s           2026-09-16T15:07:40
================================================================================
[2026-09-16T15:08:34.180+0000] {manager.py:878} INFO - 
================================================================================
DAG File Processing Stats

File Path                            PID    Runtime      # DAGs    # Errors  Last Runtime    Last Run
-----------------------------------  -----  ---------  --------  ----------  --------------  -------------------
/opt/airflow/dags/extraction_DAG.py                           0           1  0.03s           2026-09-16T15:08:10
================================================================================
[2026-09-16T15:09:04.322+0000] {manager.py:878} INFO - 
================================================================================
DAG File Processing Stats

File Path                            PID    Runtime      # DAGs    # Errors  Last Runtime    Last Run
-----------------------------------  -----  ---------  --------  ----------  --------------  -------------------
/opt/airflow/dags/extraction_DAG.py                           0           1  0.07s           2026-09-16T15:08:40
================================================================================
[2026-09-16T15:09:34.457+0000] {manager.py:878} INFO - 
================================================================================
DAG File Processing Stats

File Path                            PID    Runtime      # DAGs    # Errors  Last Runtime    Last Run
-----------------------------------  -----  ---------  --------  ----------  --------------  -------------------
/opt/airflow/dags/extraction_DAG.py                           0           1  0.03s           2026-09-16T15:09:10
================================================================================
[2026-09-16T15:10:04.590+0000] {manager.py:878} INFO - 
================================================================================
DAG File Processing Stats

File Path                            PID    Runtime      # DAGs    # Errors  Last Runtime    Last Run
-----------------------------------  -----  ---------  --------  ----------  --------------  -------------------
/opt/airflow/dags/extraction_DAG.py                           0           1  0.14s           2026-09-16T15:09:40
================================================================================
[2026-09-16T15:10:34.819+0000] {manager.py:878} INFO - 
================================================================================
DAG File Processing Stats

File Path                            PID    Runtime      # DAGs    # Errors  Last Runtime    Last Run
-----------------------------------  -----  ---------  --------  ----------  --------------  -------------------
/opt/airflow/dags/extraction_DAG.py                           0           1  0.03s           2026-09-16T15:10:10
================================================================================
[2026-09-16T15:11:04.957+0000] {manager.py:878} INFO - 
================================================================================
DAG File Processing Stats

File Path                            PID    Runtime      # DAGs    # Errors  Last Runtime    Last Run
-----------------------------------  -----  ---------  --------  ----------  --------------  -------------------
/opt/airflow/dags/extraction_DAG.py                           0           1  0.04s           2026-09-16T15:10:40
================================================================================
[2026-09-16T15:11:35.088+0000] {manager.py:878} INFO - 
================================================================================
DAG File Processing Stats

File Path                            PID    Runtime      # DAGs    # Errors  Last Runtime    Last Run
-----------------------------------  -----  ---------  --------  ----------  --------------  -------------------
/opt/airflow/dags/extraction_DAG.py                           0           1  0.03s           2026-09-16T15:11:11
================================================================================
[2026-09-16T15:11:37.096+0000] {manager.py:737} INFO - Searching for files in /opt/airflow/dags
[2026-09-16T15:11:37.097+0000] {manager.py:740} INFO - There are 1 files in /opt/airflow/dags
[2026-09-16T15:12:05.245+0000] {manager.py:878} INFO - 
================================================================================
DAG File Processing Stats

File Path                            PID    Runtime      # DAGs    # Errors  Last Runtime    Last Run
-----------------------------------  -----  ---------  --------  ----------  --------------  -------------------
/opt/airflow/dags/extraction_DAG.py                           0           1  0.17s           2026-09-16T15:11:41
================================================================================
[2026-09-16T15:12:35.517+0000] {manager.py:878} INFO - 
================================================================================
DAG File Processing Stats

File Path                            PID    Runtime      # DAGs    # Errors  Last Runtime    Last Run
-----------------------------------  -----  ---------  --------  ----------  --------------  -------------------
/opt/airflow/dags/extraction_DAG.py                           0           1  0.05s           2026-09-16T15:12:11
================================================================================
[2026-09-16T15:13:05.684+0000] {manager.py:878} INFO - 
================================================================================
DAG File Processing Stats

File Path                            PID    Runtime      # DAGs    # Errors  Last Runtime    Last Run
-----------------------------------  -----  ---------  --------  ----------  --------------  -------------------
/opt/airflow/dags/extraction_DAG.py                           0           1  0.16s           2026-09-16T15:12:41
================================================================================
[2026-09-16T15:13:35.814+0000] {manager.py:878} INFO - 
================================================================================
DAG File Processing Stats

File Path                            PID    Runtime      # DAGs    # Errors  Last Runtime    Last Run
-----------------------------------  -----  ---------  --------  ----------  --------------  -------------------
/opt/airflow/dags/extraction_DAG.py                           0           1  0.04s           2026-09-16T15:13:11
================================================================================
[2026-09-16T15:14:05.943+0000] {manager.py:878} INFO - 
================================================================================
DAG File Processing Stats

File Path                            PID    Runtime      # DAGs    # Errors  Last Runtime    Last Run
-----------------------------------  -----  ---------  --------  ----------  --------------  -------------------
/opt/airflow/dags/extraction_DAG.py                           0           1  0.12s           2026-09-16T15:13:41
================================================================================
[2026-09-16T15:14:36.069+0000] {manager.py:878} INFO - 
================================================================================
DAG File Processing Stats

File Path                            PID    Runtime      # DAGs    # Errors  Last Runtime    Last Run
-----------------------------------  -----  ---------  --------  ----------  --------------  -------------------
/opt/airflow/dags/extraction_DAG.py                           0           1  0.04s           2026-09-16T15:14:12
================================================================================
[2026-09-16T15:15:06.222+0000] {manager.py:878} INFO - 
================================================================================
DAG File Processing Stats

File Path                            PID    Runtime      # DAGs    # Errors  Last Runtime    Last Run
-----------------------------------  -----  ---------  --------  ----------  --------------  -------------------
/opt/airflow/dags/extraction_DAG.py                           0           1  0.04s           2026-09-16T15:14:42
================================================================================
[2026-09-16T15:15:36.359+0000] {manager.py:878} INFO - 
================================================================================
DAG File Processing Stats

File Path                            PID    Runtime      # DAGs    # Errors  Last Runtime    Last Run
-----------------------------------  -----  ---------  --------  ----------  --------------  -------------------
/opt/airflow/dags/extraction_DAG.py                           0           1  0.03s           2026-09-16T15:15:12
================================================================================
[2026-09-16T15:16:06.480+0000] {manager.py:878} INFO - 
================================================================================
DAG File Processing Stats

File Path                            PID    Runtime      # DAGs    # Errors  Last Runtime    Last Run
-----------------------------------  -----  ---------  --------  ----------  --------------  -------------------
/opt/airflow/dags/extraction_DAG.py                           0           1  0.04s           2026-09-16T15:15:42
================================================================================
[2026-09-16T15:16:36.586+0000] {manager.py:878} INFO - 
================================================================================
DAG File Processing Stats

File Path                            PID    Runtime      # DAGs    # Errors  Last Runtime    Last Run
-----------------------------------  -----  ---------  --------  ----------  --------------  -------------------
/opt/airflow/dags/extraction_DAG.py                           0           1  0.04s           2026-09-16T15:16:12
================================================================================
[2026-09-16T15:16:37.590+0000] {manager.py:737} INFO - Searching for files in /opt/airflow/dags
[2026-09-16T15:16:37.591+0000] {manager.py:740} INFO - There are 1 files in /opt/airflow/dags
[2026-09-16T15:17:06.714+0000] {manager.py:878} INFO - 
================================================================================
DAG File Processing Stats

File Path                            PID    Runtime      # DAGs    # Errors  Last Runtime    Last Run
-----------------------------------  -----  ---------  --------  ----------  --------------  -------------------
/opt/airflow/dags/extraction_DAG.py                           0           1  0.15s           2026-09-16T15:16:42
================================================================================
[2026-09-16T15:17:36.944+0000] {manager.py:878} INFO - 
================================================================================
DAG File Processing Stats

File Path                            PID    Runtime      # DAGs    # Errors  Last Runtime    Last Run
-----------------------------------  -----  ---------  --------  ----------  --------------  -------------------
/opt/airflow/dags/extraction_DAG.py                           0           1  0.03s           2026-09-16T15:17:12
================================================================================
[2026-09-16T15:18:07.082+0000] {manager.py:878} INFO - 
================================================================================
DAG File Processing Stats

File Path                            PID    Runtime      # DAGs    # Errors  Last Runtime    Last Run
-----------------------------------  -----  ---------  --------  ----------  --------------  -------------------
/opt/airflow/dags/extraction_DAG.py                           0           1  0.10s           2026-09-16T15:17:43
================================================================================
[2026-09-16T15:18:37.191+0000] {manager.py:878} INFO - 
================================================================================
DAG File Processing Stats

File Path                            PID    Runtime      # DAGs    # Errors  Last Runtime    Last Run
-----------------------------------  -----  ---------  --------  ----------  --------------  -------------------
/opt/airflow/dags/extraction_DAG.py                           0           1  0.04s           2026-09-16T15:18:13
================================================================================
[2026-09-16T15:19:07.341+0000] {manager.py:878} INFO - 
================================================================================
DAG File Processing Stats

File Path                            PID    Runtime      # DAGs    # Errors  Last Runtime    Last Run
-----------------------------------  -----  ---------  --------  ----------  --------------  -------------------
/opt/airflow/dags/extraction_DAG.py                           0           1  0.12s           2026-09-16T15:18:43
================================================================================
[2026-09-16T15:19:37.481+0000] {manager.py:878} INFO - 
================================================================================
DAG File Processing Stats

File Path                            PID    Runtime      # DAGs    # Errors  Last Runtime    Last Run
-----------------------------------  -----  ---------  --------  ----------  --------------  -------------------
/opt/airflow/dags/extraction_DAG.py                           0           1  0.05s           2026-09-16T15:19:13
================================================================================
[2026-09-16T15:20:07.655+0000] {manager.py:878} INFO - 
================================================================================
DAG File Processing Stats

File Path                            PID    Runtime      # DAGs    # Errors  Last Runtime    Last Run
-----------------------------------  -----  ---------  --------  ----------  --------------  -------------------
/opt/airflow/dags/extraction_DAG.py                           0           1  0.15s           2026-09-16T15:19:43
================================================================================
[2026-09-16T15:20:37.797+0000] {manager.py:878} INFO - 
================================================================================
DAG File Processing Stats

File Path                            PID    Runtime      # DAGs    # Errors  Last Runtime    Last Run
-----------------------------------  -----  ---------  --------  ----------  --------------  -------------------
/opt/airflow/dags/extraction_DAG.py                           0           1  0.05s           2026-09-16T15:20:13
================================================================================
[2026-09-16T15:21:07.959+0000] {manager.py:878} INFO - 
================================================================================
DAG File Processing Stats

File Path                            PID    Runtime      # DAGs    # Errors  Last Runtime    Last Run
-----------------------------------  -----  ---------  --------  ----------  --------------  -------------------
/opt/airflow/dags/extraction_DAG.py                           0           1  0.06s           2026-09-16T15:20:43
================================================================================
[2026-09-16T15:21:38.090+0000] {manager.py:737} INFO - Searching for files in /opt/airflow/dags
[2026-09-16T15:21:38.092+0000] {manager.py:740} INFO - There are 1 files in /opt/airflow/dags
[2026-09-16T15:21:38.106+0000] {manager.py:878} INFO - 
================================================================================
DAG File Processing Stats

File Path                            PID    Runtime      # DAGs    # Errors  Last Runtime    Last Run
-----------------------------------  -----  ---------  --------  ----------  --------------  -------------------
/opt/airflow/dags/extraction_DAG.py                           0           1  0.04s           2026-09-16T15:21:14
================================================================================
[2026-09-16T15:22:08.258+0000] {manager.py:878} INFO - 
================================================================================
DAG File Processing Stats

File Path                            PID    Runtime      # DAGs    # Errors  Last Runtime    Last Run
-----------------------------------  -----  ---------  --------  ----------  --------------  -------------------
/opt/airflow/dags/extraction_DAG.py                           0           1  0.06s           2026-09-16T15:21:44
================================================================================
[2026-09-16T15:22:38.416+0000] {manager.py:878} INFO - 
================================================================================
DAG File Processing Stats

File Path                            PID    Runtime      # DAGs    # Errors  Last Runtime    Last Run
-----------------------------------  -----  ---------  --------  ----------  --------------  -------------------
/opt/airflow/dags/extraction_DAG.py                           0           1  0.05s           2026-09-16T15:22:14
================================================================================
[2026-09-16T15:23:08.559+0000] {manager.py:878} INFO - 
================================================================================
DAG File Processing Stats

File Path                            PID    Runtime      # DAGs    # Errors  Last Runtime    Last Run
-----------------------------------  -----  ---------  --------  ----------  --------------  -------------------
/opt/airflow/dags/extraction_DAG.py                           0           1  0.15s           2026-09-16T15:22:44
================================================================================
[2026-09-16T15:23:38.820+0000] {manager.py:878} INFO - 
================================================================================
DAG File Processing Stats

File Path                            PID    Runtime      # DAGs    # Errors  Last Runtime    Last Run
-----------------------------------  -----  ---------  --------  ----------  --------------  -------------------
/opt/airflow/dags/extraction_DAG.py                           0           1  0.05s           2026-09-16T15:23:14
================================================================================
[2026-09-16T15:24:08.970+0000] {manager.py:878} INFO - 
================================================================================
DAG File Processing Stats

File Path                            PID    Runtime      # DAGs    # Errors  Last Runtime    Last Run
-----------------------------------  -----  ---------  --------  ----------  --------------  -------------------
/opt/airflow/dags/extraction_DAG.py                           0           1  0.04s           2026-09-16T15:23:44
================================================================================
[2026-09-16T15:24:39.107+0000] {manager.py:878} INFO - 
================================================================================
DAG File Processing Stats

File Path                            PID    Runtime      # DAGs    # Errors  Last Runtime    Last Run
-----------------------------------  -----  ---------  --------  ----------  --------------  -------------------
/opt/airflow/dags/extraction_DAG.py                           0           1  0.04s           2026-09-16T15:24:15
================================================================================
[2026-09-16T15:25:09.242+0000] {manager.py:878} INFO - 
================================================================================
DAG File Processing Stats

File Path                            PID    Runtime      # DAGs    # Errors  Last Runtime    Last Run
-----------------------------------  -----  ---------  --------  ----------  --------------  -------------------
/opt/airflow/dags/extraction_DAG.py                           0           1  0.05s           2026-09-16T15:24:45
================================================================================
[2026-09-16T15:25:39.366+0000] {manager.py:878} INFO - 
================================================================================
DAG File Processing Stats

File Path                            PID    Runtime      # DAGs    # Errors  Last Runtime    Last Run
-----------------------------------  -----  ---------  --------  ----------  --------------  -------------------
/opt/airflow/dags/extraction_DAG.py                           0           1  0.03s           2026-09-16T15:25:15
================================================================================
[2026-09-16T15:26:09.460+0000] {manager.py:878} INFO - 
================================================================================
DAG File Processing Stats

File Path                            PID    Runtime      # DAGs    # Errors  Last Runtime    Last Run
-----------------------------------  -----  ---------  --------  ----------  --------------  -------------------
/opt/airflow/dags/extraction_DAG.py                           0           1  0.12s           2026-09-16T15:25:45
================================================================================
[2026-09-16T15:26:38.648+0000] {manager.py:737} INFO - Searching for files in /opt/airflow/dags
[2026-09-16T15:26:38.694+0000] {manager.py:740} INFO - There are 1 files in /opt/airflow/dags
[2026-09-16T15:26:39.703+0000] {manager.py:878} INFO - 
================================================================================
DAG File Processing Stats

File Path                            PID    Runtime      # DAGs    # Errors  Last Runtime    Last Run
-----------------------------------  -----  ---------  --------  ----------  --------------  -------------------
/opt/airflow/dags/extraction_DAG.py                           0           1  0.03s           2026-09-16T15:26:15
================================================================================
[2026-09-16T15:27:09.812+0000] {manager.py:878} INFO - 
================================================================================
DAG File Processing Stats

File Path                            PID    Runtime      # DAGs    # Errors  Last Runtime    Last Run
-----------------------------------  -----  ---------  --------  ----------  --------------  -------------------
/opt/airflow/dags/extraction_DAG.py                           0           1  0.04s           2026-09-16T15:26:45
================================================================================
[2026-09-16T15:27:39.955+0000] {manager.py:878} INFO - 
================================================================================
DAG File Processing Stats

File Path                            PID    Runtime      # DAGs    # Errors  Last Runtime    Last Run
-----------------------------------  -----  ---------  --------  ----------  --------------  -------------------
/opt/airflow/dags/extraction_DAG.py                           0           1  0.04s           2026-09-16T15:27:15
================================================================================
[2026-09-16T15:28:10.089+0000] {manager.py:878} INFO - 
================================================================================
DAG File Processing Stats

File Path                            PID    Runtime      # DAGs    # Errors  Last Runtime    Last Run
-----------------------------------  -----  ---------  --------  ----------  --------------  -------------------
/opt/airflow/dags/extraction_DAG.py                           0           1  0.04s           2026-09-16T15:27:46
================================================================================
[2026-09-16T15:28:40.235+0000] {manager.py:878} INFO - 
================================================================================
DAG File Processing Stats

File Path                            PID    Runtime      # DAGs    # Errors  Last Runtime    Last Run
-----------------------------------  -----  ---------  --------  ----------  --------------  -------------------
/opt/airflow/dags/extraction_DAG.py                           0           1  0.04s           2026-09-16T15:28:16
================================================================================
[2026-09-16T15:29:10.372+0000] {manager.py:878} INFO - 
================================================================================
DAG File Processing Stats

File Path                            PID    Runtime      # DAGs    # Errors  Last Runtime    Last Run
-----------------------------------  -----  ---------  --------  ----------  --------------  -------------------
/opt/airflow/dags/extraction_DAG.py                           0           1  0.05s           2026-09-16T15:28:46
================================================================================
[2026-09-16T15:29:40.491+0000] {manager.py:878} INFO - 
================================================================================
DAG File Processing Stats

File Path                            PID    Runtime      # DAGs    # Errors  Last Runtime    Last Run
-----------------------------------  -----  ---------  --------  ----------  --------------  -------------------
/opt/airflow/dags/extraction_DAG.py                           0           1  0.03s           2026-09-16T15:29:16
================================================================================
[2026-09-16T15:30:10.607+0000] {manager.py:878} INFO - 
================================================================================
DAG File Processing Stats

File Path                            PID    Runtime      # DAGs    # Errors  Last Runtime    Last Run
-----------------------------------  -----  ---------  --------  ----------  --------------  -------------------
/opt/airflow/dags/extraction_DAG.py                           0           1  0.12s           2026-09-16T15:29:46
================================================================================
[2026-09-16T15:30:40.800+0000] {manager.py:878} INFO - 
================================================================================
DAG File Processing Stats

File Path                            PID    Runtime      # DAGs    # Errors  Last Runtime    Last Run
-----------------------------------  -----  ---------  --------  ----------  --------------  -------------------
/opt/airflow/dags/extraction_DAG.py                           0           1  0.03s           2026-09-16T15:30:16
================================================================================
[2026-09-16T15:31:10.921+0000] {manager.py:878} INFO - 
================================================================================
DAG File Processing Stats

File Path                            PID    Runtime      # DAGs    # Errors  Last Runtime    Last Run
-----------------------------------  -----  ---------  --------  ----------  --------------  -------------------
/opt/airflow/dags/extraction_DAG.py                           0           1  0.04s           2026-09-16T15:30:46
================================================================================
[2026-09-16T15:31:39.059+0000] {manager.py:737} INFO - Searching for files in /opt/airflow/dags
[2026-09-16T15:31:39.062+0000] {manager.py:740} INFO - There are 1 files in /opt/airflow/dags
[2026-09-16T15:31:41.085+0000] {manager.py:878} INFO - 
================================================================================
DAG File Processing Stats

File Path                            PID    Runtime      # DAGs    # Errors  Last Runtime    Last Run
-----------------------------------  -----  ---------  --------  ----------  --------------  -------------------
/opt/airflow/dags/extraction_DAG.py                           0           1  0.03s           2026-09-16T15:31:16
================================================================================
[2026-09-16T15:32:11.206+0000] {manager.py:878} INFO - 
================================================================================
DAG File Processing Stats

File Path                            PID    Runtime      # DAGs    # Errors  Last Runtime    Last Run
-----------------------------------  -----  ---------  --------  ----------  --------------  -------------------
/opt/airflow/dags/extraction_DAG.py                           0           1  0.05s           2026-09-16T15:31:47
================================================================================
[2026-09-16T15:32:41.302+0000] {manager.py:878} INFO - 
================================================================================
DAG File Processing Stats

File Path                            PID    Runtime      # DAGs    # Errors  Last Runtime    Last Run
-----------------------------------  -----  ---------  --------  ----------  --------------  -------------------
/opt/airflow/dags/extraction_DAG.py                           0           1  0.03s           2026-09-16T15:32:17
================================================================================
[2026-09-16T15:33:11.404+0000] {manager.py:878} INFO - 
================================================================================
DAG File Processing Stats

File Path                            PID    Runtime      # DAGs    # Errors  Last Runtime    Last Run
-----------------------------------  -----  ---------  --------  ----------  --------------  -------------------
/opt/airflow/dags/extraction_DAG.py                           0           1  0.04s           2026-09-16T15:32:47
================================================================================
[2026-09-16T15:33:41.518+0000] {manager.py:878} INFO - 
================================================================================
DAG File Processing Stats

File Path                            PID    Runtime      # DAGs    # Errors  Last Runtime    Last Run
-----------------------------------  -----  ---------  --------  ----------  --------------  -------------------
/opt/airflow/dags/extraction_DAG.py                           0           1  0.03s           2026-09-16T15:33:17
================================================================================
[2026-09-16T15:34:11.615+0000] {manager.py:878} INFO - 
================================================================================
DAG File Processing Stats

File Path                            PID    Runtime      # DAGs    # Errors  Last Runtime    Last Run
-----------------------------------  -----  ---------  --------  ----------  --------------  -------------------
/opt/airflow/dags/extraction_DAG.py                           0           1  0.03s           2026-09-16T15:33:47
================================================================================
[2026-09-16T15:34:41.707+0000] {manager.py:878} INFO - 
================================================================================
DAG File Processing Stats

File Path                            PID    Runtime      # DAGs    # Errors  Last Runtime    Last Run
-----------------------------------  -----  ---------  --------  ----------  --------------  -------------------
/opt/airflow/dags/extraction_DAG.py                           0           1  0.03s           2026-09-16T15:34:17
================================================================================
[2026-09-16T15:35:11.848+0000] {manager.py:878} INFO - 
================================================================================
DAG File Processing Stats

File Path                            PID    Runtime      # DAGs    # Errors  Last Runtime    Last Run
-----------------------------------  -----  ---------  --------  ----------  --------------  -------------------
/opt/airflow/dags/extraction_DAG.py                           0           1  0.14s           2026-09-16T15:34:47
================================================================================
[2026-09-16T15:35:42.040+0000] {manager.py:878} INFO - 
================================================================================
DAG File Processing Stats

File Path                            PID    Runtime      # DAGs    # Errors  Last Runtime    Last Run
-----------------------------------  -----  ---------  --------  ----------  --------------  -------------------
/opt/airflow/dags/extraction_DAG.py                           0           1  0.03s           2026-09-16T15:35:18
================================================================================
[2026-09-16T15:36:12.186+0000] {manager.py:878} INFO - 
================================================================================
DAG File Processing Stats

File Path                            PID    Runtime      # DAGs    # Errors  Last Runtime    Last Run
-----------------------------------  -----  ---------  --------  ----------  --------------  -------------------
/opt/airflow/dags/extraction_DAG.py                           0           1  0.06s           2026-09-16T15:35:48
================================================================================
[2026-09-16T15:36:39.331+0000] {manager.py:737} INFO - Searching for files in /opt/airflow/dags
[2026-09-16T15:36:39.333+0000] {manager.py:740} INFO - There are 1 files in /opt/airflow/dags
[2026-09-16T15:36:42.359+0000] {manager.py:878} INFO - 
================================================================================
DAG File Processing Stats

File Path                            PID    Runtime      # DAGs    # Errors  Last Runtime    Last Run
-----------------------------------  -----  ---------  --------  ----------  --------------  -------------------
/opt/airflow/dags/extraction_DAG.py                           0           1  0.04s           2026-09-16T15:36:18
================================================================================
[2026-09-16T15:37:12.505+0000] {manager.py:878} INFO - 
================================================================================
DAG File Processing Stats

File Path                            PID    Runtime      # DAGs    # Errors  Last Runtime    Last Run
-----------------------------------  -----  ---------  --------  ----------  --------------  -------------------
/opt/airflow/dags/extraction_DAG.py                           0           1  0.05s           2026-09-16T15:36:48
================================================================================
[2026-09-16T15:37:42.655+0000] {manager.py:878} INFO - 
================================================================================
DAG File Processing Stats

File Path                            PID    Runtime      # DAGs    # Errors  Last Runtime    Last Run
-----------------------------------  -----  ---------  --------  ----------  --------------  -------------------
/opt/airflow/dags/extraction_DAG.py                           0           1  0.04s           2026-09-16T15:37:18
================================================================================
[2026-09-16T15:38:12.779+0000] {manager.py:878} INFO - 
================================================================================
DAG File Processing Stats

File Path                            PID    Runtime      # DAGs    # Errors  Last Runtime    Last Run
-----------------------------------  -----  ---------  --------  ----------  --------------  -------------------
/opt/airflow/dags/extraction_DAG.py                           0           1  0.03s           2026-09-16T15:37:48
================================================================================
[2026-09-16T15:38:42.918+0000] {manager.py:878} INFO - 
================================================================================
DAG File Processing Stats

File Path                            PID    Runtime      # DAGs    # Errors  Last Runtime    Last Run
-----------------------------------  -----  ---------  --------  ----------  --------------  -------------------
/opt/airflow/dags/extraction_DAG.py                           0           1  0.04s           2026-09-16T15:38:18
================================================================================
[2026-09-16T15:39:13.071+0000] {manager.py:878} INFO - 
================================================================================
DAG File Processing Stats

File Path                            PID    Runtime      # DAGs    # Errors  Last Runtime    Last Run
-----------------------------------  -----  ---------  --------  ----------  --------------  -------------------
/opt/airflow/dags/extraction_DAG.py                           0           1  0.07s           2026-09-16T15:38:49
================================================================================
[2026-09-16T15:39:43.236+0000] {manager.py:878} INFO - 
================================================================================
DAG File Processing Stats

File Path                            PID    Runtime      # DAGs    # Errors  Last Runtime    Last Run
-----------------------------------  -----  ---------  --------  ----------  --------------  -------------------
/opt/airflow/dags/extraction_DAG.py                           0           1  0.04s           2026-09-16T15:39:19
================================================================================
[2026-09-16T15:40:13.378+0000] {manager.py:878} INFO - 
================================================================================
DAG File Processing Stats

File Path                            PID    Runtime      # DAGs    # Errors  Last Runtime    Last Run
-----------------------------------  -----  ---------  --------  ----------  --------------  -------------------
/opt/airflow/dags/extraction_DAG.py                           0           1  0.14s           2026-09-16T15:39:49
================================================================================
[2026-09-16T15:40:43.638+0000] {manager.py:878} INFO - 
================================================================================
DAG File Processing Stats

File Path                            PID    Runtime      # DAGs    # Errors  Last Runtime    Last Run
-----------------------------------  -----  ---------  --------  ----------  --------------  -------------------
/opt/airflow/dags/extraction_DAG.py                           0           1  0.04s           2026-09-16T15:40:19
================================================================================
[2026-09-16T15:41:13.797+0000] {manager.py:878} INFO - 
================================================================================
DAG File Processing Stats

File Path                            PID    Runtime      # DAGs    # Errors  Last Runtime    Last Run
-----------------------------------  -----  ---------  --------  ----------  --------------  -------------------
/opt/airflow/dags/extraction_DAG.py                           0           1  0.15s           2026-09-16T15:40:49
================================================================================
[2026-09-16T15:41:39.910+0000] {manager.py:737} INFO - Searching for files in /opt/airflow/dags
[2026-09-16T15:41:39.912+0000] {manager.py:740} INFO - There are 1 files in /opt/airflow/dags
[2026-09-16T15:41:43.940+0000] {manager.py:878} INFO - 
================================================================================
DAG File Processing Stats

File Path                            PID    Runtime      # DAGs    # Errors  Last Runtime    Last Run
-----------------------------------  -----  ---------  --------  ----------  --------------  -------------------
/opt/airflow/dags/extraction_DAG.py                           0           1  0.04s           2026-09-16T15:41:19
================================================================================
[2026-09-16T15:42:14.071+0000] {manager.py:878} INFO - 
================================================================================
DAG File Processing Stats

File Path                            PID    Runtime      # DAGs    # Errors  Last Runtime    Last Run
-----------------------------------  -----  ---------  --------  ----------  --------------  -------------------
/opt/airflow/dags/extraction_DAG.py                           0           1  0.13s           2026-09-16T15:41:50
================================================================================
[2026-09-16T15:42:44.213+0000] {manager.py:878} INFO - 
================================================================================
DAG File Processing Stats

File Path                            PID    Runtime      # DAGs    # Errors  Last Runtime    Last Run
-----------------------------------  -----  ---------  --------  ----------  --------------  -------------------
/opt/airflow/dags/extraction_DAG.py                           0           1  0.03s           2026-09-16T15:42:20
================================================================================
[2026-09-16T15:43:14.357+0000] {manager.py:878} INFO - 
================================================================================
DAG File Processing Stats

File Path                            PID    Runtime      # DAGs    # Errors  Last Runtime    Last Run
-----------------------------------  -----  ---------  --------  ----------  --------------  -------------------
/opt/airflow/dags/extraction_DAG.py                           0           1  0.17s           2026-09-16T15:42:50
================================================================================
[2026-09-16T15:43:44.637+0000] {manager.py:878} INFO - 
================================================================================
DAG File Processing Stats

File Path                            PID    Runtime      # DAGs    # Errors  Last Runtime    Last Run
-----------------------------------  -----  ---------  --------  ----------  --------------  -------------------
/opt/airflow/dags/extraction_DAG.py                           0           1  0.04s           2026-09-16T15:43:20
================================================================================
[2026-09-16T15:44:14.787+0000] {manager.py:878} INFO - 
================================================================================
DAG File Processing Stats

File Path                            PID    Runtime      # DAGs    # Errors  Last Runtime    Last Run
-----------------------------------  -----  ---------  --------  ----------  --------------  -------------------
/opt/airflow/dags/extraction_DAG.py                           0           1  0.14s           2026-09-16T15:43:50
================================================================================
[2026-09-16T15:44:44.917+0000] {manager.py:878} INFO - 
================================================================================
DAG File Processing Stats

File Path                            PID    Runtime      # DAGs    # Errors  Last Runtime    Last Run
-----------------------------------  -----  ---------  --------  ----------  --------------  -------------------
/opt/airflow/dags/extraction_DAG.py                           0           1  0.03s           2026-09-16T15:44:20
================================================================================
[2026-09-16T15:45:15.045+0000] {manager.py:878} INFO - 
================================================================================
DAG File Processing Stats

File Path                            PID    Runtime      # DAGs    # Errors  Last Runtime    Last Run
-----------------------------------  -----  ---------  --------  ----------  --------------  -------------------
/opt/airflow/dags/extraction_DAG.py                           0           1  0.18s           2026-09-16T15:44:51
================================================================================
[2026-09-16T15:45:45.338+0000] {manager.py:878} INFO - 
================================================================================
DAG File Processing Stats

File Path                            PID    Runtime      # DAGs    # Errors  Last Runtime    Last Run
-----------------------------------  -----  ---------  --------  ----------  --------------  -------------------
/opt/airflow/dags/extraction_DAG.py                           0           1  0.05s           2026-09-16T15:45:21
================================================================================
[2026-09-16T15:46:15.487+0000] {manager.py:878} INFO - 
================================================================================
DAG File Processing Stats

File Path                            PID    Runtime      # DAGs    # Errors  Last Runtime    Last Run
-----------------------------------  -----  ---------  --------  ----------  --------------  -------------------
/opt/airflow/dags/extraction_DAG.py                           0           1  0.11s           2026-09-16T15:45:51
================================================================================
[2026-09-16T15:46:40.610+0000] {manager.py:737} INFO - Searching for files in /opt/airflow/dags
[2026-09-16T15:46:40.612+0000] {manager.py:740} INFO - There are 1 files in /opt/airflow/dags
[2026-09-16T15:46:45.644+0000] {manager.py:878} INFO - 
================================================================================
DAG File Processing Stats

File Path                            PID    Runtime      # DAGs    # Errors  Last Runtime    Last Run
-----------------------------------  -----  ---------  --------  ----------  --------------  -------------------
/opt/airflow/dags/extraction_DAG.py                           0           1  0.05s           2026-09-16T15:46:21
================================================================================
[2026-09-16T15:47:15.785+0000] {manager.py:878} INFO - 
================================================================================
DAG File Processing Stats

File Path                            PID    Runtime      # DAGs    # Errors  Last Runtime    Last Run
-----------------------------------  -----  ---------  --------  ----------  --------------  -------------------
/opt/airflow/dags/extraction_DAG.py                           0           1  0.14s           2026-09-16T15:46:51
================================================================================
[2026-09-16T15:47:46.004+0000] {manager.py:878} INFO - 
================================================================================
DAG File Processing Stats

File Path                            PID    Runtime      # DAGs    # Errors  Last Runtime    Last Run
-----------------------------------  -----  ---------  --------  ----------  --------------  -------------------
/opt/airflow/dags/extraction_DAG.py                           0           1  0.03s           2026-09-16T15:47:21
================================================================================
[2026-09-16T15:48:16.095+0000] {manager.py:878} INFO - 
================================================================================
DAG File Processing Stats

File Path                            PID    Runtime      # DAGs    # Errors  Last Runtime    Last Run
-----------------------------------  -----  ---------  --------  ----------  --------------  -------------------
/opt/airflow/dags/extraction_DAG.py                           0           1  0.04s           2026-09-16T15:47:52
================================================================================
[2026-09-16T15:48:46.183+0000] {manager.py:878} INFO - 
================================================================================
DAG File Processing Stats

File Path                            PID    Runtime      # DAGs    # Errors  Last Runtime    Last Run
-----------------------------------  -----  ---------  --------  ----------  --------------  -------------------
/opt/airflow/dags/extraction_DAG.py                           0           1  0.03s           2026-09-16T15:48:22
================================================================================
[2026-09-16T15:49:16.277+0000] {manager.py:878} INFO - 
================================================================================
DAG File Processing Stats

File Path                            PID    Runtime      # DAGs    # Errors  Last Runtime    Last Run
-----------------------------------  -----  ---------  --------  ----------  --------------  -------------------
/opt/airflow/dags/extraction_DAG.py                           0           1  0.04s           2026-09-16T15:48:52
================================================================================
[2026-09-16T15:49:46.414+0000] {manager.py:878} INFO - 
================================================================================
DAG File Processing Stats

File Path                            PID    Runtime      # DAGs    # Errors  Last Runtime    Last Run
-----------------------------------  -----  ---------  --------  ----------  --------------  -------------------
/opt/airflow/dags/extraction_DAG.py                           0           1  0.03s           2026-09-16T15:49:22
================================================================================
[2026-09-16T15:50:16.550+0000] {manager.py:878} INFO - 
================================================================================
DAG File Processing Stats

File Path                            PID    Runtime      # DAGs    # Errors  Last Runtime    Last Run
-----------------------------------  -----  ---------  --------  ----------  --------------  -------------------
/opt/airflow/dags/extraction_DAG.py                           0           1  0.14s           2026-09-16T15:49:52
================================================================================
[2026-09-16T15:50:46.788+0000] {manager.py:878} INFO - 
================================================================================
DAG File Processing Stats

File Path                            PID    Runtime      # DAGs    # Errors  Last Runtime    Last Run
-----------------------------------  -----  ---------  --------  ----------  --------------  -------------------
/opt/airflow/dags/extraction_DAG.py                           0           1  0.03s           2026-09-16T15:50:22
================================================================================
[2026-09-16T15:51:16.950+0000] {manager.py:878} INFO - 
================================================================================
DAG File Processing Stats

File Path                            PID    Runtime      # DAGs    # Errors  Last Runtime    Last Run
-----------------------------------  -----  ---------  --------  ----------  --------------  -------------------
/opt/airflow/dags/extraction_DAG.py                           0           1  0.05s           2026-09-16T15:50:52
================================================================================
[2026-09-16T15:51:41.087+0000] {manager.py:737} INFO - Searching for files in /opt/airflow/dags
[2026-09-16T15:51:41.089+0000] {manager.py:740} INFO - There are 1 files in /opt/airflow/dags
[2026-09-16T15:51:47.128+0000] {manager.py:878} INFO - 
================================================================================
DAG File Processing Stats

File Path                            PID    Runtime      # DAGs    # Errors  Last Runtime    Last Run
-----------------------------------  -----  ---------  --------  ----------  --------------  -------------------
/opt/airflow/dags/extraction_DAG.py                           0           1  0.03s           2026-09-16T15:51:23
================================================================================
[2026-09-16T15:52:17.280+0000] {manager.py:878} INFO - 
================================================================================
DAG File Processing Stats

File Path                            PID    Runtime      # DAGs    # Errors  Last Runtime    Last Run
-----------------------------------  -----  ---------  --------  ----------  --------------  -------------------
/opt/airflow/dags/extraction_DAG.py                           0           1  0.10s           2026-09-16T15:51:53
================================================================================
[2026-09-16T15:52:47.377+0000] {manager.py:878} INFO - 
================================================================================
DAG File Processing Stats

File Path                            PID    Runtime      # DAGs    # Errors  Last Runtime    Last Run
-----------------------------------  -----  ---------  --------  ----------  --------------  -------------------
/opt/airflow/dags/extraction_DAG.py                           0           1  0.03s           2026-09-16T15:52:23
================================================================================
[2026-09-16T15:53:17.472+0000] {manager.py:878} INFO - 
================================================================================
DAG File Processing Stats

File Path                            PID    Runtime      # DAGs    # Errors  Last Runtime    Last Run
-----------------------------------  -----  ---------  --------  ----------  --------------  -------------------
/opt/airflow/dags/extraction_DAG.py                           0           1  0.11s           2026-09-16T15:52:53
================================================================================
[2026-09-16T15:53:47.637+0000] {manager.py:878} INFO - 
================================================================================
DAG File Processing Stats

File Path                            PID    Runtime      # DAGs    # Errors  Last Runtime    Last Run
-----------------------------------  -----  ---------  --------  ----------  --------------  -------------------
/opt/airflow/dags/extraction_DAG.py                           0           1  0.03s           2026-09-16T15:53:23
================================================================================
[2026-09-16T15:54:17.740+0000] {manager.py:878} INFO - 
================================================================================
DAG File Processing Stats

File Path                            PID    Runtime      # DAGs    # Errors  Last Runtime    Last Run
-----------------------------------  -----  ---------  --------  ----------  --------------  -------------------
/opt/airflow/dags/extraction_DAG.py                           0           1  0.12s           2026-09-16T15:53:53
================================================================================
[2026-09-16T15:54:47.958+0000] {manager.py:878} INFO - 
================================================================================
DAG File Processing Stats

File Path                            PID    Runtime      # DAGs    # Errors  Last Runtime    Last Run
-----------------------------------  -----  ---------  --------  ----------  --------------  -------------------
/opt/airflow/dags/extraction_DAG.py                           0           1  0.03s           2026-09-16T15:54:23
================================================================================
[2026-09-16T15:55:18.116+0000] {manager.py:878} INFO - 
================================================================================
DAG File Processing Stats

File Path                            PID    Runtime      # DAGs    # Errors  Last Runtime    Last Run
-----------------------------------  -----  ---------  --------  ----------  --------------  -------------------
/opt/airflow/dags/extraction_DAG.py                           0           1  0.14s           2026-09-16T15:54:54
================================================================================
[2026-09-16T15:55:48.272+0000] {manager.py:878} INFO - 
================================================================================
DAG File Processing Stats

File Path                            PID    Runtime      # DAGs    # Errors  Last Runtime    Last Run
-----------------------------------  -----  ---------  --------  ----------  --------------  -------------------
/opt/airflow/dags/extraction_DAG.py                           0           1  0.03s           2026-09-16T15:55:24
================================================================================
[2026-09-16T15:56:18.431+0000] {manager.py:878} INFO - 
================================================================================
DAG File Processing Stats

File Path                            PID    Runtime      # DAGs    # Errors  Last Runtime    Last Run
-----------------------------------  -----  ---------  --------  ----------  --------------  -------------------
/opt/airflow/dags/extraction_DAG.py                           0           1  0.03s           2026-09-16T15:55:54
================================================================================
[2026-09-16T15:56:41.541+0000] {manager.py:737} INFO - Searching for files in /opt/airflow/dags
[2026-09-16T15:56:41.544+0000] {manager.py:740} INFO - There are 1 files in /opt/airflow/dags
[2026-09-16T15:56:48.591+0000] {manager.py:878} INFO - 
================================================================================
DAG File Processing Stats

File Path                            PID    Runtime      # DAGs    # Errors  Last Runtime    Last Run
-----------------------------------  -----  ---------  --------  ----------  --------------  -------------------
/opt/airflow/dags/extraction_DAG.py                           0           1  0.03s           2026-09-16T15:56:24
================================================================================
[2026-09-16T15:57:18.755+0000] {manager.py:878} INFO - 
================================================================================
DAG File Processing Stats

File Path                            PID    Runtime      # DAGs    # Errors  Last Runtime    Last Run
-----------------------------------  -----  ---------  --------  ----------  --------------  -------------------
/opt/airflow/dags/extraction_DAG.py                           0           1  0.15s           2026-09-16T15:56:54
================================================================================
[2026-09-16T15:57:48.912+0000] {manager.py:878} INFO - 
================================================================================
DAG File Processing Stats

File Path                            PID    Runtime      # DAGs    # Errors  Last Runtime    Last Run
-----------------------------------  -----  ---------  --------  ----------  --------------  -------------------
/opt/airflow/dags/extraction_DAG.py                           0           1  0.03s           2026-09-16T15:57:24
================================================================================
[2026-09-16T15:58:19.085+0000] {manager.py:878} INFO - 
================================================================================
DAG File Processing Stats

File Path                            PID    Runtime      # DAGs    # Errors  Last Runtime    Last Run
-----------------------------------  -----  ---------  --------  ----------  --------------  -------------------
/opt/airflow/dags/extraction_DAG.py                           0           1  0.04s           2026-09-16T15:57:54
================================================================================
[2026-09-16T15:58:49.240+0000] {manager.py:878} INFO - 
================================================================================
DAG File Processing Stats

File Path                            PID    Runtime      # DAGs    # Errors  Last Runtime    Last Run
-----------------------------------  -----  ---------  --------  ----------  --------------  -------------------
/opt/airflow/dags/extraction_DAG.py                           0           1  0.04s           2026-09-16T15:58:25
================================================================================
[2026-09-16T15:59:19.399+0000] {manager.py:878} INFO - 
================================================================================
DAG File Processing Stats

File Path                            PID    Runtime      # DAGs    # Errors  Last Runtime    Last Run
-----------------------------------  -----  ---------  --------  ----------  --------------  -------------------
/opt/airflow/dags/extraction_DAG.py                           0           1  0.14s           2026-09-16T15:58:55
================================================================================
[2026-09-16T15:59:49.536+0000] {manager.py:878} INFO - 
================================================================================
DAG File Processing Stats

File Path                            PID    Runtime      # DAGs    # Errors  Last Runtime    Last Run
-----------------------------------  -----  ---------  --------  ----------  --------------  -------------------
/opt/airflow/dags/extraction_DAG.py                           0           1  0.05s           2026-09-16T15:59:25
================================================================================
[2026-09-16T16:00:19.701+0000] {manager.py:878} INFO - 
================================================================================
DAG File Processing Stats

File Path                            PID    Runtime      # DAGs    # Errors  Last Runtime    Last Run
-----------------------------------  -----  ---------  --------  ----------  --------------  -------------------
/opt/airflow/dags/extraction_DAG.py                           0           1  0.17s           2026-09-16T15:59:55
================================================================================
[2026-09-16T16:00:49.970+0000] {manager.py:878} INFO - 
================================================================================
DAG File Processing Stats

File Path                            PID    Runtime      # DAGs    # Errors  Last Runtime    Last Run
-----------------------------------  -----  ---------  --------  ----------  --------------  -------------------
/opt/airflow/dags/extraction_DAG.py                           0           1  0.04s           2026-09-16T16:00:25
================================================================================
[2026-09-16T16:01:20.143+0000] {manager.py:878} INFO - 
================================================================================
DAG File Processing Stats

File Path                            PID    Runtime      # DAGs    # Errors  Last Runtime    Last Run
-----------------------------------  -----  ---------  --------  ----------  --------------  -------------------
/opt/airflow/dags/extraction_DAG.py                           0           1  0.17s           2026-09-16T16:00:56
================================================================================
[2026-09-16T16:01:42.384+0000] {manager.py:737} INFO - Searching for files in /opt/airflow/dags
[2026-09-16T16:01:42.387+0000] {manager.py:740} INFO - There are 1 files in /opt/airflow/dags
[2026-09-16T16:01:50.431+0000] {manager.py:878} INFO - 
================================================================================
DAG File Processing Stats

File Path                            PID    Runtime      # DAGs    # Errors  Last Runtime    Last Run
-----------------------------------  -----  ---------  --------  ----------  --------------  -------------------
/opt/airflow/dags/extraction_DAG.py                           0           1  0.04s           2026-09-16T16:01:26
================================================================================
[2026-09-16T16:02:20.577+0000] {manager.py:878} INFO - 
================================================================================
DAG File Processing Stats

File Path                            PID    Runtime      # DAGs    # Errors  Last Runtime    Last Run
-----------------------------------  -----  ---------  --------  ----------  --------------  -------------------
/opt/airflow/dags/extraction_DAG.py                           0           1  0.04s           2026-09-16T16:01:56
================================================================================
[2026-09-16T16:02:50.747+0000] {manager.py:878} INFO - 
================================================================================
DAG File Processing Stats

File Path                            PID    Runtime      # DAGs    # Errors  Last Runtime    Last Run
-----------------------------------  -----  ---------  --------  ----------  --------------  -------------------
/opt/airflow/dags/extraction_DAG.py                           0           1  0.03s           2026-09-16T16:02:26
================================================================================
[2026-09-16T16:03:20.916+0000] {manager.py:878} INFO - 
================================================================================
DAG File Processing Stats

File Path                            PID    Runtime      # DAGs    # Errors  Last Runtime    Last Run
-----------------------------------  -----  ---------  --------  ----------  --------------  -------------------
/opt/airflow/dags/extraction_DAG.py                           0           1  0.14s           2026-09-16T16:02:56
================================================================================
[2026-09-16T16:03:51.071+0000] {manager.py:878} INFO - 
================================================================================
DAG File Processing Stats

File Path                            PID    Runtime      # DAGs    # Errors  Last Runtime    Last Run
-----------------------------------  -----  ---------  --------  ----------  --------------  -------------------
/opt/airflow/dags/extraction_DAG.py                           0           1  0.04s           2026-09-16T16:03:26
================================================================================
[2026-09-16T16:04:21.233+0000] {manager.py:878} INFO - 
================================================================================
DAG File Processing Stats

File Path                            PID    Runtime      # DAGs    # Errors  Last Runtime    Last Run
-----------------------------------  -----  ---------  --------  ----------  --------------  -------------------
/opt/airflow/dags/extraction_DAG.py                           0           1  0.06s           2026-09-16T16:03:57
================================================================================
[2026-09-16T16:04:51.396+0000] {manager.py:878} INFO - 
================================================================================
DAG File Processing Stats

File Path                            PID    Runtime      # DAGs    # Errors  Last Runtime    Last Run
-----------------------------------  -----  ---------  --------  ----------  --------------  -------------------
/opt/airflow/dags/extraction_DAG.py                           0           1  0.03s           2026-09-16T16:04:27
================================================================================
[2026-09-16T16:05:21.503+0000] {manager.py:878} INFO - 
================================================================================
DAG File Processing Stats

File Path                            PID    Runtime      # DAGs    # Errors  Last Runtime    Last Run
-----------------------------------  -----  ---------  --------  ----------  --------------  -------------------
/opt/airflow/dags/extraction_DAG.py                           0           1  0.04s           2026-09-16T16:04:57
================================================================================
[2026-09-16T16:05:51.614+0000] {manager.py:878} INFO - 
================================================================================
DAG File Processing Stats

File Path                            PID    Runtime      # DAGs    # Errors  Last Runtime    Last Run
-----------------------------------  -----  ---------  --------  ----------  --------------  -------------------
/opt/airflow/dags/extraction_DAG.py                           0           1  0.03s           2026-09-16T16:05:27
================================================================================
[2026-09-16T16:06:21.707+0000] {manager.py:878} INFO - 
================================================================================
DAG File Processing Stats

File Path                            PID    Runtime      # DAGs    # Errors  Last Runtime    Last Run
-----------------------------------  -----  ---------  --------  ----------  --------------  -------------------
/opt/airflow/dags/extraction_DAG.py                           0           1  0.05s           2026-09-16T16:05:57
================================================================================
[2026-09-16T16:06:42.779+0000] {manager.py:737} INFO - Searching for files in /opt/airflow/dags
[2026-09-16T16:06:42.781+0000] {manager.py:740} INFO - There are 1 files in /opt/airflow/dags
[2026-09-16T16:06:51.836+0000] {manager.py:878} INFO - 
================================================================================
DAG File Processing Stats

File Path                            PID    Runtime      # DAGs    # Errors  Last Runtime    Last Run
-----------------------------------  -----  ---------  --------  ----------  --------------  -------------------
/opt/airflow/dags/extraction_DAG.py                           0           1  0.03s           2026-09-16T16:06:27
================================================================================
[2026-09-16T16:07:21.986+0000] {manager.py:878} INFO - 
================================================================================
DAG File Processing Stats

File Path                            PID    Runtime      # DAGs    # Errors  Last Runtime    Last Run
-----------------------------------  -----  ---------  --------  ----------  --------------  -------------------
/opt/airflow/dags/extraction_DAG.py                           0           1  0.13s           2026-09-16T16:06:57
================================================================================
[2026-09-16T16:07:52.120+0000] {manager.py:878} INFO - 
================================================================================
DAG File Processing Stats

File Path                            PID    Runtime      # DAGs    # Errors  Last Runtime    Last Run
-----------------------------------  -----  ---------  --------  ----------  --------------  -------------------
/opt/airflow/dags/extraction_DAG.py                           0           1  0.03s           2026-09-16T16:07:28
================================================================================
[2026-09-16T16:08:22.280+0000] {manager.py:878} INFO - 
================================================================================
DAG File Processing Stats

File Path                            PID    Runtime      # DAGs    # Errors  Last Runtime    Last Run
-----------------------------------  -----  ---------  --------  ----------  --------------  -------------------
/opt/airflow/dags/extraction_DAG.py                           0           1  0.11s           2026-09-16T16:07:58
================================================================================
[2026-09-16T16:08:52.414+0000] {manager.py:878} INFO - 
================================================================================
DAG File Processing Stats

File Path                            PID    Runtime      # DAGs    # Errors  Last Runtime    Last Run
-----------------------------------  -----  ---------  --------  ----------  --------------  -------------------
/opt/airflow/dags/extraction_DAG.py                           0           1  0.04s           2026-09-16T16:08:28
================================================================================
[2026-09-16T16:09:22.570+0000] {manager.py:878} INFO - 
================================================================================
DAG File Processing Stats

File Path                            PID    Runtime      # DAGs    # Errors  Last Runtime    Last Run
-----------------------------------  -----  ---------  --------  ----------  --------------  -------------------
/opt/airflow/dags/extraction_DAG.py                           0           1  0.06s           2026-09-16T16:08:58
================================================================================
[2026-09-16T16:09:52.742+0000] {manager.py:878} INFO - 
================================================================================
DAG File Processing Stats

File Path                            PID    Runtime      # DAGs    # Errors  Last Runtime    Last Run
-----------------------------------  -----  ---------  --------  ----------  --------------  -------------------
/opt/airflow/dags/extraction_DAG.py                           0           1  0.04s           2026-09-16T16:09:28
================================================================================
[2026-09-16T16:10:22.897+0000] {manager.py:878} INFO - 
================================================================================
DAG File Processing Stats

File Path                            PID    Runtime      # DAGs    # Errors  Last Runtime    Last Run
-----------------------------------  -----  ---------  --------  ----------  --------------  -------------------
/opt/airflow/dags/extraction_DAG.py                           0           1  0.21s           2026-09-16T16:09:58
================================================================================
[2026-09-16T16:10:53.226+0000] {manager.py:878} INFO - 
================================================================================
DAG File Processing Stats

File Path                            PID    Runtime      # DAGs    # Errors  Last Runtime    Last Run
-----------------------------------  -----  ---------  --------  ----------  --------------  -------------------
/opt/airflow/dags/extraction_DAG.py                           0           1  0.04s           2026-09-16T16:10:29
================================================================================
[2026-09-16T16:11:23.387+0000] {manager.py:878} INFO - 
================================================================================
DAG File Processing Stats

File Path                            PID    Runtime      # DAGs    # Errors  Last Runtime    Last Run
-----------------------------------  -----  ---------  --------  ----------  --------------  -------------------
/opt/airflow/dags/extraction_DAG.py                           0           1  0.14s           2026-09-16T16:10:59
================================================================================
[2026-09-16T16:11:43.495+0000] {manager.py:737} INFO - Searching for files in /opt/airflow/dags
[2026-09-16T16:11:43.497+0000] {manager.py:740} INFO - There are 1 files in /opt/airflow/dags
[2026-09-16T16:11:53.556+0000] {manager.py:878} INFO - 
================================================================================
DAG File Processing Stats

File Path                            PID    Runtime      # DAGs    # Errors  Last Runtime    Last Run
-----------------------------------  -----  ---------  --------  ----------  --------------  -------------------
/opt/airflow/dags/extraction_DAG.py                           0           1  0.04s           2026-09-16T16:11:29
================================================================================
[2026-09-16T16:12:23.702+0000] {manager.py:878} INFO - 
================================================================================
DAG File Processing Stats

File Path                            PID    Runtime      # DAGs    # Errors  Last Runtime    Last Run
-----------------------------------  -----  ---------  --------  ----------  --------------  -------------------
/opt/airflow/dags/extraction_DAG.py                           0           1  0.14s           2026-09-16T16:11:59
================================================================================
[2026-09-16T16:12:53.843+0000] {manager.py:878} INFO - 
================================================================================
DAG File Processing Stats

File Path                            PID    Runtime      # DAGs    # Errors  Last Runtime    Last Run
-----------------------------------  -----  ---------  --------  ----------  --------------  -------------------
/opt/airflow/dags/extraction_DAG.py                           0           1  0.03s           2026-09-16T16:12:29
================================================================================
[2026-09-16T16:13:24.006+0000] {manager.py:878} INFO - 
================================================================================
DAG File Processing Stats

File Path                            PID    Runtime      # DAGs    # Errors  Last Runtime    Last Run
-----------------------------------  -----  ---------  --------  ----------  --------------  -------------------
/opt/airflow/dags/extraction_DAG.py                           0           1  0.14s           2026-09-16T16:13:00
================================================================================
[2026-09-16T16:13:54.166+0000] {manager.py:878} INFO - 
================================================================================
DAG File Processing Stats

File Path                            PID    Runtime      # DAGs    # Errors  Last Runtime    Last Run
-----------------------------------  -----  ---------  --------  ----------  --------------  -------------------
/opt/airflow/dags/extraction_DAG.py                           0           1  0.04s           2026-09-16T16:13:30
================================================================================
[2026-09-16T16:14:24.329+0000] {manager.py:878} INFO - 
================================================================================
DAG File Processing Stats

File Path                            PID    Runtime      # DAGs    # Errors  Last Runtime    Last Run
-----------------------------------  -----  ---------  --------  ----------  --------------  -------------------
/opt/airflow/dags/extraction_DAG.py                           0           1  0.33s           2026-09-16T16:14:00
================================================================================
[2026-09-16T16:14:54.767+0000] {manager.py:878} INFO - 
================================================================================
DAG File Processing Stats

File Path                            PID    Runtime      # DAGs    # Errors  Last Runtime    Last Run
-----------------------------------  -----  ---------  --------  ----------  --------------  -------------------
/opt/airflow/dags/extraction_DAG.py                           0           1  0.04s           2026-09-16T16:14:30
================================================================================
[2026-09-16T16:15:24.920+0000] {manager.py:878} INFO - 
================================================================================
DAG File Processing Stats

File Path                            PID    Runtime      # DAGs    # Errors  Last Runtime    Last Run
-----------------------------------  -----  ---------  --------  ----------  --------------  -------------------
/opt/airflow/dags/extraction_DAG.py                           0           1  0.03s           2026-09-16T16:15:00
================================================================================
[2026-09-16T16:15:55.066+0000] {manager.py:878} INFO - 
================================================================================
DAG File Processing Stats

File Path                            PID    Runtime      # DAGs    # Errors  Last Runtime    Last Run
-----------------------------------  -----  ---------  --------  ----------  --------------  -------------------
/opt/airflow/dags/extraction_DAG.py                           0           1  0.03s           2026-09-16T16:15:30
================================================================================
[2026-09-16T16:16:25.225+0000] {manager.py:878} INFO - 
================================================================================
DAG File Processing Stats

File Path                            PID    Runtime      # DAGs    # Errors  Last Runtime    Last Run
-----------------------------------  -----  ---------  --------  ----------  --------------  -------------------
/opt/airflow/dags/extraction_DAG.py                           0           1  0.07s           2026-09-16T16:16:01
================================================================================
[2026-09-16T16:16:44.356+0000] {manager.py:737} INFO - Searching for files in /opt/airflow/dags
[2026-09-16T16:16:44.358+0000] {manager.py:740} INFO - There are 1 files in /opt/airflow/dags
[2026-09-16T16:16:55.426+0000] {manager.py:878} INFO - 
================================================================================
DAG File Processing Stats

File Path                            PID    Runtime      # DAGs    # Errors  Last Runtime    Last Run
-----------------------------------  -----  ---------  --------  ----------  --------------  -------------------
/opt/airflow/dags/extraction_DAG.py                           0           1  0.04s           2026-09-16T16:16:31
================================================================================
[2026-09-16T16:17:25.560+0000] {manager.py:878} INFO - 
================================================================================
DAG File Processing Stats

File Path                            PID    Runtime      # DAGs    # Errors  Last Runtime    Last Run
-----------------------------------  -----  ---------  --------  ----------  --------------  -------------------
/opt/airflow/dags/extraction_DAG.py                           0           1  0.13s           2026-09-16T16:17:01
================================================================================
[2026-09-16T16:17:55.821+0000] {manager.py:878} INFO - 
================================================================================
DAG File Processing Stats

File Path                            PID    Runtime      # DAGs    # Errors  Last Runtime    Last Run
-----------------------------------  -----  ---------  --------  ----------  --------------  -------------------
/opt/airflow/dags/extraction_DAG.py                           0           1  0.04s           2026-09-16T16:17:31
================================================================================
[2026-09-16T16:18:25.992+0000] {manager.py:878} INFO - 
================================================================================
DAG File Processing Stats

File Path                            PID    Runtime      # DAGs    # Errors  Last Runtime    Last Run
-----------------------------------  -----  ---------  --------  ----------  --------------  -------------------
/opt/airflow/dags/extraction_DAG.py                           0           1  0.15s           2026-09-16T16:18:02
================================================================================
[2026-09-16T16:18:56.151+0000] {manager.py:878} INFO - 
================================================================================
DAG File Processing Stats

File Path                            PID    Runtime      # DAGs    # Errors  Last Runtime    Last Run
-----------------------------------  -----  ---------  --------  ----------  --------------  -------------------
/opt/airflow/dags/extraction_DAG.py                           0           1  0.05s           2026-09-16T16:18:32
================================================================================
[2026-09-16T16:19:26.308+0000] {manager.py:878} INFO - 
================================================================================
DAG File Processing Stats

File Path                            PID    Runtime      # DAGs    # Errors  Last Runtime    Last Run
-----------------------------------  -----  ---------  --------  ----------  --------------  -------------------
/opt/airflow/dags/extraction_DAG.py                           0           1  0.14s           2026-09-16T16:19:02
================================================================================
[2026-09-16T16:19:56.445+0000] {manager.py:878} INFO - 
================================================================================
DAG File Processing Stats

File Path                            PID    Runtime      # DAGs    # Errors  Last Runtime    Last Run
-----------------------------------  -----  ---------  --------  ----------  --------------  -------------------
/opt/airflow/dags/extraction_DAG.py                           0           1  0.04s           2026-09-16T16:19:32
================================================================================
[2026-09-16T16:20:26.580+0000] {manager.py:878} INFO - 
================================================================================
DAG File Processing Stats

File Path                            PID    Runtime      # DAGs    # Errors  Last Runtime    Last Run
-----------------------------------  -----  ---------  --------  ----------  --------------  -------------------
/opt/airflow/dags/extraction_DAG.py                           0           1  0.04s           2026-09-16T16:20:02
================================================================================
[2026-09-16T16:20:56.738+0000] {manager.py:878} INFO - 
================================================================================
DAG File Processing Stats

File Path                            PID    Runtime      # DAGs    # Errors  Last Runtime    Last Run
-----------------------------------  -----  ---------  --------  ----------  --------------  -------------------
/opt/airflow/dags/extraction_DAG.py                           0           1  0.04s           2026-09-16T16:20:32
================================================================================
[2026-09-16T16:21:26.900+0000] {manager.py:878} INFO - 
================================================================================
DAG File Processing Stats

File Path                            PID    Runtime      # DAGs    # Errors  Last Runtime    Last Run
-----------------------------------  -----  ---------  --------  ----------  --------------  -------------------
/opt/airflow/dags/extraction_DAG.py                           0           1  0.17s           2026-09-16T16:21:02
================================================================================
[2026-09-16T16:21:45.134+0000] {manager.py:737} INFO - Searching for files in /opt/airflow/dags
[2026-09-16T16:21:45.136+0000] {manager.py:740} INFO - There are 1 files in /opt/airflow/dags
[2026-09-16T16:21:57.213+0000] {manager.py:878} INFO - 
================================================================================
DAG File Processing Stats

File Path                            PID    Runtime      # DAGs    # Errors  Last Runtime    Last Run
-----------------------------------  -----  ---------  --------  ----------  --------------  -------------------
/opt/airflow/dags/extraction_DAG.py                           0           1  0.03s           2026-09-16T16:21:33
================================================================================
[2026-09-16T16:22:27.367+0000] {manager.py:878} INFO - 
================================================================================
DAG File Processing Stats

File Path                            PID    Runtime      # DAGs    # Errors  Last Runtime    Last Run
-----------------------------------  -----  ---------  --------  ----------  --------------  -------------------
/opt/airflow/dags/extraction_DAG.py                           0           1  0.09s           2026-09-16T16:22:03
================================================================================
[2026-09-16T16:22:57.519+0000] {manager.py:878} INFO - 
================================================================================
DAG File Processing Stats

File Path                            PID    Runtime      # DAGs    # Errors  Last Runtime    Last Run
-----------------------------------  -----  ---------  --------  ----------  --------------  -------------------
/opt/airflow/dags/extraction_DAG.py                           0           1  0.05s           2026-09-16T16:22:33
================================================================================
[2026-09-16T16:23:27.675+0000] {manager.py:878} INFO - 
================================================================================
DAG File Processing Stats

File Path                            PID    Runtime      # DAGs    # Errors  Last Runtime    Last Run
-----------------------------------  -----  ---------  --------  ----------  --------------  -------------------
/opt/airflow/dags/extraction_DAG.py                           0           1  0.06s           2026-09-16T16:23:03
================================================================================
[2026-09-16T16:23:57.854+0000] {manager.py:878} INFO - 
================================================================================
DAG File Processing Stats

File Path                            PID    Runtime      # DAGs    # Errors  Last Runtime    Last Run
-----------------------------------  -----  ---------  --------  ----------  --------------  -------------------
/opt/airflow/dags/extraction_DAG.py                           0           1  0.04s           2026-09-16T16:23:33
================================================================================
[2026-09-16T16:24:28.018+0000] {manager.py:878} INFO - 
================================================================================
DAG File Processing Stats

File Path                            PID    Runtime      # DAGs    # Errors  Last Runtime    Last Run
-----------------------------------  -----  ---------  --------  ----------  --------------  -------------------
/opt/airflow/dags/extraction_DAG.py                           0           1  0.07s           2026-09-16T16:24:03
================================================================================
[2026-09-16T16:24:58.170+0000] {manager.py:878} INFO - 
================================================================================
DAG File Processing Stats

File Path                            PID    Runtime      # DAGs    # Errors  Last Runtime    Last Run
-----------------------------------  -----  ---------  --------  ----------  --------------  -------------------
/opt/airflow/dags/extraction_DAG.py                           0           1  0.03s           2026-09-16T16:24:34
================================================================================
[2026-09-16T16:25:28.314+0000] {manager.py:878} INFO - 
================================================================================
DAG File Processing Stats

File Path                            PID    Runtime      # DAGs    # Errors  Last Runtime    Last Run
-----------------------------------  -----  ---------  --------  ----------  --------------  -------------------
/opt/airflow/dags/extraction_DAG.py                           0           1  0.03s           2026-09-16T16:25:04
================================================================================
[2026-09-16T16:25:58.462+0000] {manager.py:878} INFO - 
================================================================================
DAG File Processing Stats

File Path                            PID    Runtime      # DAGs    # Errors  Last Runtime    Last Run
-----------------------------------  -----  ---------  --------  ----------  --------------  -------------------
/opt/airflow/dags/extraction_DAG.py                           0           1  0.03s           2026-09-16T16:25:34
================================================================================
[2026-09-16T16:26:28.612+0000] {manager.py:878} INFO - 
================================================================================
DAG File Processing Stats

File Path                            PID    Runtime      # DAGs    # Errors  Last Runtime    Last Run
-----------------------------------  -----  ---------  --------  ----------  --------------  -------------------
/opt/airflow/dags/extraction_DAG.py                           0           1  0.06s           2026-09-16T16:26:04
================================================================================
[2026-09-16T16:26:45.717+0000] {manager.py:737} INFO - Searching for files in /opt/airflow/dags
[2026-09-16T16:26:45.719+0000] {manager.py:740} INFO - There are 1 files in /opt/airflow/dags
[2026-09-16T16:26:58.792+0000] {manager.py:878} INFO - 
================================================================================
DAG File Processing Stats

File Path                            PID    Runtime      # DAGs    # Errors  Last Runtime    Last Run
-----------------------------------  -----  ---------  --------  ----------  --------------  -------------------
/opt/airflow/dags/extraction_DAG.py                           0           1  0.04s           2026-09-16T16:26:34
================================================================================
[2026-09-16T16:27:28.951+0000] {manager.py:878} INFO - 
================================================================================
DAG File Processing Stats

File Path                            PID    Runtime      # DAGs    # Errors  Last Runtime    Last Run
-----------------------------------  -----  ---------  --------  ----------  --------------  -------------------
/opt/airflow/dags/extraction_DAG.py                           0           1  0.04s           2026-09-16T16:27:04
================================================================================
[2026-09-16T16:27:49.020+0000] {manager.py:452} INFO - Exiting gracefully upon receiving signal 15
[2026-09-17T08:01:48.380+0000] {manager.py:470} INFO - Processing files using up to 2 processes at a time 
[2026-09-17T08:01:48.407+0000] {manager.py:471} INFO - Process each file at most once every 30 seconds
[2026-09-17T08:01:48.408+0000] {manager.py:472} INFO - Checking for new files in /opt/airflow/dags every 300 seconds
[2026-09-17T08:01:48.408+0000] {manager.py:737} INFO - Searching for files in /opt/airflow/dags
[2026-09-17T08:01:48.455+0000] {manager.py:740} INFO - There are 1 files in /opt/airflow/dags
[2026-09-17T08:01:48.518+0000] {manager.py:878} INFO - 
================================================================================
DAG File Processing Stats

File Path                              PID  Runtime      # DAGs    # Errors  Last Runtime    Last Run
-----------------------------------  -----  ---------  --------  ----------  --------------  ----------
/opt/airflow/dags/extraction_DAG.py     41  0.03s             0           0
================================================================================
[2026-09-17T08:02:18.643+0000] {manager.py:878} INFO - 
================================================================================
DAG File Processing Stats

File Path                              PID  Runtime      # DAGs    # Errors  Last Runtime    Last Run
-----------------------------------  -----  ---------  --------  ----------  --------------  -------------------
/opt/airflow/dags/extraction_DAG.py     48  0.00s             0           1  0.04s           2026-09-17T08:01:48
================================================================================
[2026-09-17T08:02:48.777+0000] {manager.py:878} INFO - 
================================================================================
DAG File Processing Stats

File Path                              PID  Runtime      # DAGs    # Errors  Last Runtime    Last Run
-----------------------------------  -----  ---------  --------  ----------  --------------  -------------------
/opt/airflow/dags/extraction_DAG.py     55  0.00s             0           1  0.03s           2026-09-17T08:02:18
================================================================================
[2026-09-17T08:03:18.914+0000] {manager.py:878} INFO - 
================================================================================
DAG File Processing Stats

File Path                              PID  Runtime      # DAGs    # Errors  Last Runtime    Last Run
-----------------------------------  -----  ---------  --------  ----------  --------------  -------------------
/opt/airflow/dags/extraction_DAG.py     62  0.00s             0           1  0.09s           2026-09-17T08:02:48
================================================================================
[2026-09-17T08:03:49.058+0000] {manager.py:878} INFO - 
================================================================================
DAG File Processing Stats

File Path                              PID  Runtime      # DAGs    # Errors  Last Runtime    Last Run
-----------------------------------  -----  ---------  --------  ----------  --------------  -------------------
/opt/airflow/dags/extraction_DAG.py     69  0.00s             0           1  0.03s           2026-09-17T08:03:18
================================================================================
[2026-09-17T08:04:19.200+0000] {manager.py:878} INFO - 
================================================================================
DAG File Processing Stats

File Path                              PID  Runtime      # DAGs    # Errors  Last Runtime    Last Run
-----------------------------------  -----  ---------  --------  ----------  --------------  -------------------
/opt/airflow/dags/extraction_DAG.py     76  0.01s             0           1  0.09s           2026-09-17T08:03:49
================================================================================
[2026-09-17T08:04:49.333+0000] {manager.py:878} INFO - 
================================================================================
DAG File Processing Stats

File Path                              PID  Runtime      # DAGs    # Errors  Last Runtime    Last Run
-----------------------------------  -----  ---------  --------  ----------  --------------  -------------------
/opt/airflow/dags/extraction_DAG.py     83  0.00s             0           1  0.04s           2026-09-17T08:04:19
================================================================================
[2026-09-17T08:05:19.453+0000] {manager.py:878} INFO - 
================================================================================
DAG File Processing Stats

File Path                            PID    Runtime      # DAGs    # Errors  Last Runtime    Last Run
-----------------------------------  -----  ---------  --------  ----------  --------------  -------------------
/opt/airflow/dags/extraction_DAG.py                           0           1  0.14s           2026-09-17T08:04:49
================================================================================
[2026-09-17T08:05:49.744+0000] {manager.py:878} INFO - 
================================================================================
DAG File Processing Stats

File Path                              PID  Runtime      # DAGs    # Errors  Last Runtime    Last Run
-----------------------------------  -----  ---------  --------  ----------  --------------  -------------------
/opt/airflow/dags/extraction_DAG.py     97  0.00s             0           1  0.04s           2026-09-17T08:05:19
================================================================================
[2026-09-17T08:06:19.890+0000] {manager.py:878} INFO - 
================================================================================
DAG File Processing Stats

File Path                              PID  Runtime      # DAGs    # Errors  Last Runtime    Last Run
-----------------------------------  -----  ---------  --------  ----------  --------------  -------------------
/opt/airflow/dags/extraction_DAG.py    104  0.00s             0           1  0.13s           2026-09-17T08:05:49
================================================================================
[2026-09-17T08:06:49.035+0000] {manager.py:737} INFO - Searching for files in /opt/airflow/dags
[2026-09-17T08:06:49.037+0000] {manager.py:740} INFO - There are 1 files in /opt/airflow/dags
[2026-09-17T08:06:50.067+0000] {manager.py:878} INFO - 
================================================================================
DAG File Processing Stats

File Path                              PID  Runtime      # DAGs    # Errors  Last Runtime    Last Run
-----------------------------------  -----  ---------  --------  ----------  --------------  -------------------
/opt/airflow/dags/extraction_DAG.py    111  0.00s             0           1  0.03s           2026-09-17T08:06:19
================================================================================
[2026-09-17T08:07:20.219+0000] {manager.py:878} INFO - 
================================================================================
DAG File Processing Stats

File Path                              PID  Runtime      # DAGs    # Errors  Last Runtime    Last Run
-----------------------------------  -----  ---------  --------  ----------  --------------  -------------------
/opt/airflow/dags/extraction_DAG.py    118  0.00s             0           1  0.14s           2026-09-17T08:06:50
================================================================================
[2026-09-17T08:07:50.384+0000] {manager.py:878} INFO - 
================================================================================
DAG File Processing Stats

File Path                              PID  Runtime      # DAGs    # Errors  Last Runtime    Last Run
-----------------------------------  -----  ---------  --------  ----------  --------------  -------------------
/opt/airflow/dags/extraction_DAG.py    125  0.00s             0           1  0.04s           2026-09-17T08:07:20
================================================================================
[2026-09-17T08:08:20.540+0000] {manager.py:878} INFO - 
================================================================================
DAG File Processing Stats

File Path                              PID  Runtime      # DAGs    # Errors  Last Runtime    Last Run
-----------------------------------  -----  ---------  --------  ----------  --------------  -------------------
/opt/airflow/dags/extraction_DAG.py    138  0.00s             0           1  0.12s           2026-09-17T08:07:50
================================================================================
[2026-09-17T08:08:50.701+0000] {manager.py:878} INFO - 
================================================================================
DAG File Processing Stats

File Path                              PID  Runtime      # DAGs    # Errors  Last Runtime    Last Run
-----------------------------------  -----  ---------  --------  ----------  --------------  -------------------
/opt/airflow/dags/extraction_DAG.py    145  0.00s             0           1  0.05s           2026-09-17T08:08:20
================================================================================
[2026-09-17T08:09:20.854+0000] {manager.py:878} INFO - 
================================================================================
DAG File Processing Stats

File Path                              PID  Runtime      # DAGs    # Errors  Last Runtime    Last Run
-----------------------------------  -----  ---------  --------  ----------  --------------  -------------------
/opt/airflow/dags/extraction_DAG.py    152  0.00s             0           1  0.08s           2026-09-17T08:08:50
================================================================================
[2026-09-17T08:09:51.035+0000] {manager.py:878} INFO - 
================================================================================
DAG File Processing Stats

File Path                              PID  Runtime      # DAGs    # Errors  Last Runtime    Last Run
-----------------------------------  -----  ---------  --------  ----------  --------------  -------------------
/opt/airflow/dags/extraction_DAG.py    159  0.00s             0           1  0.04s           2026-09-17T08:09:20
================================================================================
[2026-09-17T08:10:21.155+0000] {manager.py:878} INFO - 
================================================================================
DAG File Processing Stats

File Path                            PID    Runtime      # DAGs    # Errors  Last Runtime    Last Run
-----------------------------------  -----  ---------  --------  ----------  --------------  -------------------
/opt/airflow/dags/extraction_DAG.py                           0           1  0.13s           2026-09-17T08:09:51
================================================================================
[2026-09-17T08:10:51.404+0000] {manager.py:878} INFO - 
================================================================================
DAG File Processing Stats

File Path                              PID  Runtime      # DAGs    # Errors  Last Runtime    Last Run
-----------------------------------  -----  ---------  --------  ----------  --------------  -------------------
/opt/airflow/dags/extraction_DAG.py    173  0.00s             0           1  0.03s           2026-09-17T08:10:21
================================================================================
[2026-09-17T08:11:21.544+0000] {manager.py:878} INFO - 
================================================================================
DAG File Processing Stats

File Path                            PID    Runtime      # DAGs    # Errors  Last Runtime    Last Run
-----------------------------------  -----  ---------  --------  ----------  --------------  -------------------
/opt/airflow/dags/extraction_DAG.py                           0           1  0.36s           2026-09-17T08:10:51
================================================================================
[2026-09-17T08:11:50.030+0000] {manager.py:737} INFO - Searching for files in /opt/airflow/dags
[2026-09-17T08:11:50.032+0000] {manager.py:740} INFO - There are 1 files in /opt/airflow/dags
[2026-09-17T08:11:52.066+0000] {manager.py:878} INFO - 
================================================================================
DAG File Processing Stats

File Path                              PID  Runtime      # DAGs    # Errors  Last Runtime    Last Run
-----------------------------------  -----  ---------  --------  ----------  --------------  -------------------
/opt/airflow/dags/extraction_DAG.py    187  0.01s             0           1  0.03s           2026-09-17T08:11:21
================================================================================
[2026-09-17T08:12:22.233+0000] {manager.py:878} INFO - 
================================================================================
DAG File Processing Stats

File Path                              PID  Runtime      # DAGs    # Errors  Last Runtime    Last Run
-----------------------------------  -----  ---------  --------  ----------  --------------  -------------------
/opt/airflow/dags/extraction_DAG.py    194  0.01s             0           1  0.14s           2026-09-17T08:11:52
================================================================================
[2026-09-17T08:12:52.384+0000] {manager.py:878} INFO - 
================================================================================
DAG File Processing Stats

File Path                              PID  Runtime      # DAGs    # Errors  Last Runtime    Last Run
-----------------------------------  -----  ---------  --------  ----------  --------------  -------------------
/opt/airflow/dags/extraction_DAG.py    201  0.01s             0           1  0.03s           2026-09-17T08:12:22
================================================================================
[2026-09-17T08:13:22.546+0000] {manager.py:878} INFO - 
================================================================================
DAG File Processing Stats

File Path                              PID  Runtime      # DAGs    # Errors  Last Runtime    Last Run
-----------------------------------  -----  ---------  --------  ----------  --------------  -------------------
/opt/airflow/dags/extraction_DAG.py    208  0.00s             0           1  0.13s           2026-09-17T08:12:52
================================================================================
[2026-09-17T08:13:52.713+0000] {manager.py:878} INFO - 
================================================================================
DAG File Processing Stats

File Path                              PID  Runtime      # DAGs    # Errors  Last Runtime    Last Run
-----------------------------------  -----  ---------  --------  ----------  --------------  -------------------
/opt/airflow/dags/extraction_DAG.py    215  0.00s             0           1  0.03s           2026-09-17T08:13:22
================================================================================
[2026-09-17T08:14:22.871+0000] {manager.py:878} INFO - 
================================================================================
DAG File Processing Stats

File Path                              PID  Runtime      # DAGs    # Errors  Last Runtime    Last Run
-----------------------------------  -----  ---------  --------  ----------  --------------  -------------------
/opt/airflow/dags/extraction_DAG.py    222  0.01s             0           1  0.14s           2026-09-17T08:13:52
================================================================================
[2026-09-17T08:14:53.032+0000] {manager.py:878} INFO - 
================================================================================
DAG File Processing Stats

File Path                              PID  Runtime      # DAGs    # Errors  Last Runtime    Last Run
-----------------------------------  -----  ---------  --------  ----------  --------------  -------------------
/opt/airflow/dags/extraction_DAG.py    229  0.00s             0           1  0.03s           2026-09-17T08:14:22
================================================================================
[2026-09-17T08:15:23.188+0000] {manager.py:878} INFO - 
================================================================================
DAG File Processing Stats

File Path                              PID  Runtime      # DAGs    # Errors  Last Runtime    Last Run
-----------------------------------  -----  ---------  --------  ----------  --------------  -------------------
/opt/airflow/dags/extraction_DAG.py    236  0.00s             0           1  0.13s           2026-09-17T08:14:53
================================================================================
[2026-09-17T08:15:53.344+0000] {manager.py:878} INFO - 
================================================================================
DAG File Processing Stats

File Path                              PID  Runtime      # DAGs    # Errors  Last Runtime    Last Run
-----------------------------------  -----  ---------  --------  ----------  --------------  -------------------
/opt/airflow/dags/extraction_DAG.py    243  0.00s             0           1  0.04s           2026-09-17T08:15:23
================================================================================
[2026-09-17T08:16:23.491+0000] {manager.py:878} INFO - 
================================================================================
DAG File Processing Stats

File Path                              PID  Runtime      # DAGs    # Errors  Last Runtime    Last Run
-----------------------------------  -----  ---------  --------  ----------  --------------  -------------------
/opt/airflow/dags/extraction_DAG.py    250  0.00s             0           1  0.13s           2026-09-17T08:15:53
================================================================================
[2026-09-17T08:16:50.625+0000] {manager.py:737} INFO - Searching for files in /opt/airflow/dags
[2026-09-17T08:16:50.627+0000] {manager.py:740} INFO - There are 1 files in /opt/airflow/dags
[2026-09-17T08:16:53.667+0000] {manager.py:878} INFO - 
================================================================================
DAG File Processing Stats

File Path                              PID  Runtime      # DAGs    # Errors  Last Runtime    Last Run
-----------------------------------  -----  ---------  --------  ----------  --------------  -------------------
/opt/airflow/dags/extraction_DAG.py    257  0.00s             0           1  0.03s           2026-09-17T08:16:23
================================================================================
[2026-09-17T08:17:23.826+0000] {manager.py:878} INFO - 
================================================================================
DAG File Processing Stats

File Path                              PID  Runtime      # DAGs    # Errors  Last Runtime    Last Run
-----------------------------------  -----  ---------  --------  ----------  --------------  -------------------
/opt/airflow/dags/extraction_DAG.py    264  0.00s             0           1  0.14s           2026-09-17T08:16:53
================================================================================
[2026-09-17T08:17:53.991+0000] {manager.py:878} INFO - 
================================================================================
DAG File Processing Stats

File Path                              PID  Runtime      # DAGs    # Errors  Last Runtime    Last Run
-----------------------------------  -----  ---------  --------  ----------  --------------  -------------------
/opt/airflow/dags/extraction_DAG.py    271  0.00s             0           1  0.03s           2026-09-17T08:17:23
================================================================================
[2026-09-17T08:18:24.147+0000] {manager.py:878} INFO - 
================================================================================
DAG File Processing Stats

File Path                              PID  Runtime      # DAGs    # Errors  Last Runtime    Last Run
-----------------------------------  -----  ---------  --------  ----------  --------------  -------------------
/opt/airflow/dags/extraction_DAG.py    278  0.00s             0           1  0.12s           2026-09-17T08:17:54
================================================================================
[2026-09-17T08:18:54.299+0000] {manager.py:878} INFO - 
================================================================================
DAG File Processing Stats

File Path                              PID  Runtime      # DAGs    # Errors  Last Runtime    Last Run
-----------------------------------  -----  ---------  --------  ----------  --------------  -------------------
/opt/airflow/dags/extraction_DAG.py    285  0.00s             0           1  0.03s           2026-09-17T08:18:24
================================================================================
[2026-09-17T08:19:24.447+0000] {manager.py:878} INFO - 
================================================================================
DAG File Processing Stats

File Path                              PID  Runtime      # DAGs    # Errors  Last Runtime    Last Run
-----------------------------------  -----  ---------  --------  ----------  --------------  -------------------
/opt/airflow/dags/extraction_DAG.py    292  0.01s             0           1  0.11s           2026-09-17T08:18:54
================================================================================
[2026-09-17T08:19:54.609+0000] {manager.py:878} INFO - 
================================================================================
DAG File Processing Stats

File Path                              PID  Runtime      # DAGs    # Errors  Last Runtime    Last Run
-----------------------------------  -----  ---------  --------  ----------  --------------  -------------------
/opt/airflow/dags/extraction_DAG.py    299  0.00s             0           1  0.05s           2026-09-17T08:19:24
================================================================================
[2026-09-17T08:20:24.769+0000] {manager.py:878} INFO - 
================================================================================
DAG File Processing Stats

File Path                            PID    Runtime      # DAGs    # Errors  Last Runtime    Last Run
-----------------------------------  -----  ---------  --------  ----------  --------------  -------------------
/opt/airflow/dags/extraction_DAG.py                           0           1  0.17s           2026-09-17T08:19:54
================================================================================
[2026-09-17T08:20:55.066+0000] {manager.py:878} INFO - 
================================================================================
DAG File Processing Stats

File Path                              PID  Runtime      # DAGs    # Errors  Last Runtime    Last Run
-----------------------------------  -----  ---------  --------  ----------  --------------  -------------------
/opt/airflow/dags/extraction_DAG.py    313  0.00s             0           1  0.04s           2026-09-17T08:20:24
================================================================================
[2026-09-17T08:21:25.237+0000] {manager.py:878} INFO - 
================================================================================
DAG File Processing Stats

File Path                              PID  Runtime      # DAGs    # Errors  Last Runtime    Last Run
-----------------------------------  -----  ---------  --------  ----------  --------------  -------------------
/opt/airflow/dags/extraction_DAG.py    320  0.00s             0           1  0.04s           2026-09-17T08:20:55
================================================================================
[2026-09-17T08:21:51.366+0000] {manager.py:737} INFO - Searching for files in /opt/airflow/dags
[2026-09-17T08:21:51.368+0000] {manager.py:740} INFO - There are 1 files in /opt/airflow/dags
[2026-09-17T08:21:55.402+0000] {manager.py:878} INFO - 
================================================================================
DAG File Processing Stats

File Path                              PID  Runtime      # DAGs    # Errors  Last Runtime    Last Run
-----------------------------------  -----  ---------  --------  ----------  --------------  -------------------
/opt/airflow/dags/extraction_DAG.py    327  0.00s             0           1  0.03s           2026-09-17T08:21:25
================================================================================
[2026-09-17T08:22:25.569+0000] {manager.py:878} INFO - 
================================================================================
DAG File Processing Stats

File Path                              PID  Runtime      # DAGs    # Errors  Last Runtime    Last Run
-----------------------------------  -----  ---------  --------  ----------  --------------  -------------------
/opt/airflow/dags/extraction_DAG.py    334  0.01s             0           1  0.05s           2026-09-17T08:21:55
================================================================================
[2026-09-17T08:22:55.732+0000] {manager.py:878} INFO - 
================================================================================
DAG File Processing Stats

File Path                              PID  Runtime      # DAGs    # Errors  Last Runtime    Last Run
-----------------------------------  -----  ---------  --------  ----------  --------------  -------------------
/opt/airflow/dags/extraction_DAG.py    341  0.00s             0           1  0.04s           2026-09-17T08:22:25
================================================================================
[2026-09-17T08:23:25.894+0000] {manager.py:878} INFO - 
================================================================================
DAG File Processing Stats

File Path                              PID  Runtime      # DAGs    # Errors  Last Runtime    Last Run
-----------------------------------  -----  ---------  --------  ----------  --------------  -------------------
/opt/airflow/dags/extraction_DAG.py    348  0.00s             0           1  0.05s           2026-09-17T08:22:55
================================================================================
[2026-09-17T08:23:56.060+0000] {manager.py:878} INFO - 
================================================================================
DAG File Processing Stats

File Path                              PID  Runtime      # DAGs    # Errors  Last Runtime    Last Run
-----------------------------------  -----  ---------  --------  ----------  --------------  -------------------
/opt/airflow/dags/extraction_DAG.py    355  0.01s             0           1  0.03s           2026-09-17T08:23:25
================================================================================
[2026-09-17T08:24:26.219+0000] {manager.py:878} INFO - 
================================================================================
DAG File Processing Stats

File Path                              PID  Runtime      # DAGs    # Errors  Last Runtime    Last Run
-----------------------------------  -----  ---------  --------  ----------  --------------  -------------------
/opt/airflow/dags/extraction_DAG.py    362  0.00s             0           1  0.05s           2026-09-17T08:23:56
================================================================================
[2026-09-17T08:24:56.369+0000] {manager.py:878} INFO - 
================================================================================
DAG File Processing Stats

File Path                              PID  Runtime      # DAGs    # Errors  Last Runtime    Last Run
-----------------------------------  -----  ---------  --------  ----------  --------------  -------------------
/opt/airflow/dags/extraction_DAG.py    368  0.00s             0           1  0.03s           2026-09-17T08:24:26
================================================================================
[2026-09-17T08:25:26.516+0000] {manager.py:878} INFO - 
================================================================================
DAG File Processing Stats

File Path                              PID  Runtime      # DAGs    # Errors  Last Runtime    Last Run
-----------------------------------  -----  ---------  --------  ----------  --------------  -------------------
/opt/airflow/dags/extraction_DAG.py    375  0.00s             0           1  0.14s           2026-09-17T08:24:56
================================================================================
[2026-09-17T08:25:56.658+0000] {manager.py:878} INFO - 
================================================================================
DAG File Processing Stats

File Path                              PID  Runtime      # DAGs    # Errors  Last Runtime    Last Run
-----------------------------------  -----  ---------  --------  ----------  --------------  -------------------
/opt/airflow/dags/extraction_DAG.py    382  0.00s             0           1  0.03s           2026-09-17T08:25:26
================================================================================
[2026-09-17T08:26:26.806+0000] {manager.py:878} INFO - 
================================================================================
DAG File Processing Stats

File Path                              PID  Runtime      # DAGs    # Errors  Last Runtime    Last Run
-----------------------------------  -----  ---------  --------  ----------  --------------  -------------------
/opt/airflow/dags/extraction_DAG.py    389  0.00s             0           1  0.13s           2026-09-17T08:25:56
================================================================================
[2026-09-17T08:26:51.920+0000] {manager.py:737} INFO - Searching for files in /opt/airflow/dags
[2026-09-17T08:26:51.922+0000] {manager.py:740} INFO - There are 1 files in /opt/airflow/dags
[2026-09-17T08:26:56.961+0000] {manager.py:878} INFO - 
================================================================================
DAG File Processing Stats

File Path                              PID  Runtime      # DAGs    # Errors  Last Runtime    Last Run
-----------------------------------  -----  ---------  --------  ----------  --------------  -------------------
/opt/airflow/dags/extraction_DAG.py    396  0.00s             0           1  0.03s           2026-09-17T08:26:26
================================================================================
[2026-09-17T08:27:27.108+0000] {manager.py:878} INFO - 
================================================================================
DAG File Processing Stats

File Path                              PID  Runtime      # DAGs    # Errors  Last Runtime    Last Run
-----------------------------------  -----  ---------  --------  ----------  --------------  -------------------
/opt/airflow/dags/extraction_DAG.py    403  0.00s             0           1  0.04s           2026-09-17T08:26:56
================================================================================
[2026-09-17T08:27:57.270+0000] {manager.py:878} INFO - 
================================================================================
DAG File Processing Stats

File Path                              PID  Runtime      # DAGs    # Errors  Last Runtime    Last Run
-----------------------------------  -----  ---------  --------  ----------  --------------  -------------------
/opt/airflow/dags/extraction_DAG.py    410  0.00s             0           1  0.02s           2026-09-17T08:27:27
================================================================================
[2026-09-17T08:28:27.412+0000] {manager.py:878} INFO - 
================================================================================
DAG File Processing Stats

File Path                            PID    Runtime      # DAGs    # Errors  Last Runtime    Last Run
-----------------------------------  -----  ---------  --------  ----------  --------------  -------------------
/opt/airflow/dags/extraction_DAG.py                           0           1  0.15s           2026-09-17T08:27:57
================================================================================
[2026-09-17T08:28:57.708+0000] {manager.py:878} INFO - 
================================================================================
DAG File Processing Stats

File Path                              PID  Runtime      # DAGs    # Errors  Last Runtime    Last Run
-----------------------------------  -----  ---------  --------  ----------  --------------  -------------------
/opt/airflow/dags/extraction_DAG.py    424  0.01s             0           1  0.05s           2026-09-17T08:28:27
================================================================================
[2026-09-17T08:29:27.883+0000] {manager.py:878} INFO - 
================================================================================
DAG File Processing Stats

File Path                              PID  Runtime      # DAGs    # Errors  Last Runtime    Last Run
-----------------------------------  -----  ---------  --------  ----------  --------------  -------------------
/opt/airflow/dags/extraction_DAG.py    431  0.01s             0           1  0.14s           2026-09-17T08:28:57
================================================================================
[2026-09-17T08:29:58.049+0000] {manager.py:878} INFO - 
================================================================================
DAG File Processing Stats

File Path                              PID  Runtime      # DAGs    # Errors  Last Runtime    Last Run
-----------------------------------  -----  ---------  --------  ----------  --------------  -------------------
/opt/airflow/dags/extraction_DAG.py    438  0.00s             0           1  0.04s           2026-09-17T08:29:27
================================================================================
[2026-09-17T08:30:28.216+0000] {manager.py:878} INFO - 
================================================================================
DAG File Processing Stats

File Path                              PID  Runtime      # DAGs    # Errors  Last Runtime    Last Run
-----------------------------------  -----  ---------  --------  ----------  --------------  -------------------
/opt/airflow/dags/extraction_DAG.py    445  0.00s             0           1  0.15s           2026-09-17T08:29:58
================================================================================
[2026-09-17T08:30:58.369+0000] {manager.py:878} INFO - 
================================================================================
DAG File Processing Stats

File Path                              PID  Runtime      # DAGs    # Errors  Last Runtime    Last Run
-----------------------------------  -----  ---------  --------  ----------  --------------  -------------------
/opt/airflow/dags/extraction_DAG.py    452  0.01s             0           1  0.04s           2026-09-17T08:30:28
================================================================================
[2026-09-17T08:31:28.526+0000] {manager.py:878} INFO - 
================================================================================
DAG File Processing Stats

File Path                              PID  Runtime      # DAGs    # Errors  Last Runtime    Last Run
-----------------------------------  -----  ---------  --------  ----------  --------------  -------------------
/opt/airflow/dags/extraction_DAG.py    459  0.01s             0           1  0.04s           2026-09-17T08:30:58
================================================================================
[2026-09-17T08:31:52.655+0000] {manager.py:737} INFO - Searching for files in /opt/airflow/dags
[2026-09-17T08:31:52.657+0000] {manager.py:740} INFO - There are 1 files in /opt/airflow/dags
[2026-09-17T08:31:58.694+0000] {manager.py:878} INFO - 
================================================================================
DAG File Processing Stats

File Path                              PID  Runtime      # DAGs    # Errors  Last Runtime    Last Run
-----------------------------------  -----  ---------  --------  ----------  --------------  -------------------
/opt/airflow/dags/extraction_DAG.py    466  0.00s             0           1  0.05s           2026-09-17T08:31:28
================================================================================
[2026-09-17T08:32:28.856+0000] {manager.py:878} INFO - 
================================================================================
DAG File Processing Stats

File Path                              PID  Runtime      # DAGs    # Errors  Last Runtime    Last Run
-----------------------------------  -----  ---------  --------  ----------  --------------  -------------------
/opt/airflow/dags/extraction_DAG.py    473  0.00s             0           1  0.11s           2026-09-17T08:31:58
================================================================================
[2026-09-17T08:32:59.000+0000] {manager.py:878} INFO - 
================================================================================
DAG File Processing Stats

File Path                              PID  Runtime      # DAGs    # Errors  Last Runtime    Last Run
-----------------------------------  -----  ---------  --------  ----------  --------------  -------------------
/opt/airflow/dags/extraction_DAG.py    481  0.00s             0           1  0.04s           2026-09-17T08:32:28
================================================================================
[2026-09-17T08:33:29.159+0000] {manager.py:878} INFO - 
================================================================================
DAG File Processing Stats

File Path                              PID  Runtime      # DAGs    # Errors  Last Runtime    Last Run
-----------------------------------  -----  ---------  --------  ----------  --------------  -------------------
/opt/airflow/dags/extraction_DAG.py    488  0.00s             0           1  0.13s           2026-09-17T08:32:59
================================================================================
[2026-09-17T08:33:59.315+0000] {manager.py:878} INFO - 
================================================================================
DAG File Processing Stats

File Path                              PID  Runtime      # DAGs    # Errors  Last Runtime    Last Run
-----------------------------------  -----  ---------  --------  ----------  --------------  -------------------
/opt/airflow/dags/extraction_DAG.py    495  0.00s             0           1  0.04s           2026-09-17T08:33:29
================================================================================
[2026-09-17T08:34:29.461+0000] {manager.py:878} INFO - 
================================================================================
DAG File Processing Stats

File Path                            PID    Runtime      # DAGs    # Errors  Last Runtime    Last Run
-----------------------------------  -----  ---------  --------  ----------  --------------  -------------------
/opt/airflow/dags/extraction_DAG.py                           0           1  0.16s           2026-09-17T08:33:59
================================================================================
[2026-09-17T08:34:59.771+0000] {manager.py:878} INFO - 
================================================================================
DAG File Processing Stats

File Path                              PID  Runtime      # DAGs    # Errors  Last Runtime    Last Run
-----------------------------------  -----  ---------  --------  ----------  --------------  -------------------
/opt/airflow/dags/extraction_DAG.py    509  0.00s             0           1  0.04s           2026-09-17T08:34:29
================================================================================
[2026-09-17T08:35:29.931+0000] {manager.py:878} INFO - 
================================================================================
DAG File Processing Stats

File Path                              PID  Runtime      # DAGs    # Errors  Last Runtime    Last Run
-----------------------------------  -----  ---------  --------  ----------  --------------  -------------------
/opt/airflow/dags/extraction_DAG.py    517  0.00s             0           1  0.14s           2026-09-17T08:34:59
================================================================================
[2026-09-17T08:36:00.087+0000] {manager.py:878} INFO - 
================================================================================
DAG File Processing Stats

File Path                              PID  Runtime      # DAGs    # Errors  Last Runtime    Last Run
-----------------------------------  -----  ---------  --------  ----------  --------------  -------------------
/opt/airflow/dags/extraction_DAG.py    524  0.00s             0           1  0.03s           2026-09-17T08:35:29
================================================================================
[2026-09-17T08:36:30.253+0000] {manager.py:878} INFO - 
================================================================================
DAG File Processing Stats

File Path                              PID  Runtime      # DAGs    # Errors  Last Runtime    Last Run
-----------------------------------  -----  ---------  --------  ----------  --------------  -------------------
/opt/airflow/dags/extraction_DAG.py    531  0.00s             0           1  0.12s           2026-09-17T08:36:00
================================================================================
[2026-09-17T08:36:53.363+0000] {manager.py:737} INFO - Searching for files in /opt/airflow/dags
[2026-09-17T08:36:53.365+0000] {manager.py:740} INFO - There are 1 files in /opt/airflow/dags
[2026-09-17T08:37:00.418+0000] {manager.py:878} INFO - 
================================================================================
DAG File Processing Stats

File Path                              PID  Runtime      # DAGs    # Errors  Last Runtime    Last Run
-----------------------------------  -----  ---------  --------  ----------  --------------  -------------------
/opt/airflow/dags/extraction_DAG.py    538  0.00s             0           1  0.04s           2026-09-17T08:36:30
================================================================================
[2026-09-17T08:37:30.575+0000] {manager.py:878} INFO - 
================================================================================
DAG File Processing Stats

File Path                              PID  Runtime      # DAGs    # Errors  Last Runtime    Last Run
-----------------------------------  -----  ---------  --------  ----------  --------------  -------------------
/opt/airflow/dags/extraction_DAG.py    545  0.00s             0           1  0.15s           2026-09-17T08:37:00
================================================================================
[2026-09-17T08:38:00.729+0000] {manager.py:878} INFO - 
================================================================================
DAG File Processing Stats

File Path                              PID  Runtime      # DAGs    # Errors  Last Runtime    Last Run
-----------------------------------  -----  ---------  --------  ----------  --------------  -------------------
/opt/airflow/dags/extraction_DAG.py    552  0.00s             0           1  0.04s           2026-09-17T08:37:30
================================================================================
[2026-09-17T08:38:30.888+0000] {manager.py:878} INFO - 
================================================================================
DAG File Processing Stats

File Path                              PID  Runtime      # DAGs    # Errors  Last Runtime    Last Run
-----------------------------------  -----  ---------  --------  ----------  --------------  -------------------
/opt/airflow/dags/extraction_DAG.py    559  0.00s             0           1  0.14s           2026-09-17T08:38:00
================================================================================
[2026-09-17T08:39:01.042+0000] {manager.py:878} INFO - 
================================================================================
DAG File Processing Stats

File Path                              PID  Runtime      # DAGs    # Errors  Last Runtime    Last Run
-----------------------------------  -----  ---------  --------  ----------  --------------  -------------------
/opt/airflow/dags/extraction_DAG.py    565  0.01s             0           1  0.04s           2026-09-17T08:38:30
================================================================================
[2026-09-17T08:39:31.207+0000] {manager.py:878} INFO - 
================================================================================
DAG File Processing Stats

File Path                              PID  Runtime      # DAGs    # Errors  Last Runtime    Last Run
-----------------------------------  -----  ---------  --------  ----------  --------------  -------------------
/opt/airflow/dags/extraction_DAG.py    571  0.01s             0           1  0.08s           2026-09-17T08:39:01
================================================================================
[2026-09-17T08:40:01.365+0000] {manager.py:878} INFO - 
================================================================================
DAG File Processing Stats

File Path                              PID  Runtime      # DAGs    # Errors  Last Runtime    Last Run
-----------------------------------  -----  ---------  --------  ----------  --------------  -------------------
/opt/airflow/dags/extraction_DAG.py    578  0.00s             0           1  0.03s           2026-09-17T08:39:31
================================================================================
[2026-09-17T08:40:31.519+0000] {manager.py:878} INFO - 
================================================================================
DAG File Processing Stats

File Path                              PID  Runtime      # DAGs    # Errors  Last Runtime    Last Run
-----------------------------------  -----  ---------  --------  ----------  --------------  -------------------
/opt/airflow/dags/extraction_DAG.py    585  0.00s             0           1  0.12s           2026-09-17T08:40:01
================================================================================
[2026-09-17T08:41:01.683+0000] {manager.py:878} INFO - 
================================================================================
DAG File Processing Stats

File Path                              PID  Runtime      # DAGs    # Errors  Last Runtime    Last Run
-----------------------------------  -----  ---------  --------  ----------  --------------  -------------------
/opt/airflow/dags/extraction_DAG.py    592  0.00s             0           1  0.03s           2026-09-17T08:40:31
================================================================================
[2026-09-17T08:41:31.840+0000] {manager.py:878} INFO - 
================================================================================
DAG File Processing Stats

File Path                              PID  Runtime      # DAGs    # Errors  Last Runtime    Last Run
-----------------------------------  -----  ---------  --------  ----------  --------------  -------------------
/opt/airflow/dags/extraction_DAG.py    599  0.01s             0           1  0.13s           2026-09-17T08:41:01
================================================================================
[2026-09-17T08:41:53.920+0000] {manager.py:737} INFO - Searching for files in /opt/airflow/dags
[2026-09-17T08:41:53.921+0000] {manager.py:740} INFO - There are 1 files in /opt/airflow/dags
[2026-09-17T08:42:01.967+0000] {manager.py:878} INFO - 
================================================================================
DAG File Processing Stats

File Path                              PID  Runtime      # DAGs    # Errors  Last Runtime    Last Run
-----------------------------------  -----  ---------  --------  ----------  --------------  -------------------
/opt/airflow/dags/extraction_DAG.py    606  0.01s             0           1  0.05s           2026-09-17T08:41:31
================================================================================
[2026-09-17T08:42:32.103+0000] {manager.py:878} INFO - 
================================================================================
DAG File Processing Stats

File Path                              PID  Runtime      # DAGs    # Errors  Last Runtime    Last Run
-----------------------------------  -----  ---------  --------  ----------  --------------  -------------------
/opt/airflow/dags/extraction_DAG.py    613  0.00s             0           1  0.04s           2026-09-17T08:42:02
================================================================================
[2026-09-17T08:43:02.247+0000] {manager.py:878} INFO - 
================================================================================
DAG File Processing Stats

File Path                              PID  Runtime      # DAGs    # Errors  Last Runtime    Last Run
-----------------------------------  -----  ---------  --------  ----------  --------------  -------------------
/opt/airflow/dags/extraction_DAG.py    619  0.00s             0           1  0.03s           2026-09-17T08:42:32
================================================================================
[2026-09-17T08:43:32.397+0000] {manager.py:878} INFO - 
================================================================================
DAG File Processing Stats

File Path                              PID  Runtime      # DAGs    # Errors  Last Runtime    Last Run
-----------------------------------  -----  ---------  --------  ----------  --------------  -------------------
/opt/airflow/dags/extraction_DAG.py    626  0.01s             0           1  0.05s           2026-09-17T08:43:02
================================================================================
[2026-09-17T08:44:02.527+0000] {manager.py:878} INFO - 
================================================================================
DAG File Processing Stats

File Path                              PID  Runtime      # DAGs    # Errors  Last Runtime    Last Run
-----------------------------------  -----  ---------  --------  ----------  --------------  -------------------
/opt/airflow/dags/extraction_DAG.py    633  0.01s             0           1  0.05s           2026-09-17T08:43:32
================================================================================
[2026-09-17T08:44:32.650+0000] {manager.py:878} INFO - 
================================================================================
DAG File Processing Stats

File Path                              PID  Runtime      # DAGs    # Errors  Last Runtime    Last Run
-----------------------------------  -----  ---------  --------  ----------  --------------  -------------------
/opt/airflow/dags/extraction_DAG.py    640  0.00s             0           1  0.08s           2026-09-17T08:44:02
================================================================================
[2026-09-17T08:45:02.761+0000] {manager.py:878} INFO - 
================================================================================
DAG File Processing Stats

File Path                              PID  Runtime      # DAGs    # Errors  Last Runtime    Last Run
-----------------------------------  -----  ---------  --------  ----------  --------------  -------------------
/opt/airflow/dags/extraction_DAG.py    647  0.00s             0           1  0.03s           2026-09-17T08:44:32
================================================================================
[2026-09-17T08:45:32.912+0000] {manager.py:878} INFO - 
================================================================================
DAG File Processing Stats

File Path                              PID  Runtime      # DAGs    # Errors  Last Runtime    Last Run
-----------------------------------  -----  ---------  --------  ----------  --------------  -------------------
/opt/airflow/dags/extraction_DAG.py    654  0.00s             0           1  0.08s           2026-09-17T08:45:02
================================================================================
[2026-09-17T08:46:03.051+0000] {manager.py:878} INFO - 
================================================================================
DAG File Processing Stats

File Path                              PID  Runtime      # DAGs    # Errors  Last Runtime    Last Run
-----------------------------------  -----  ---------  --------  ----------  --------------  -------------------
/opt/airflow/dags/extraction_DAG.py    661  0.01s             0           1  0.04s           2026-09-17T08:45:32
================================================================================
[2026-09-17T08:46:33.176+0000] {manager.py:878} INFO - 
================================================================================
DAG File Processing Stats

File Path                              PID  Runtime      # DAGs    # Errors  Last Runtime    Last Run
-----------------------------------  -----  ---------  --------  ----------  --------------  -------------------
/opt/airflow/dags/extraction_DAG.py    668  0.00s             0           1  0.04s           2026-09-17T08:46:03
================================================================================
[2026-09-17T08:46:54.254+0000] {manager.py:737} INFO - Searching for files in /opt/airflow/dags
[2026-09-17T08:46:54.255+0000] {manager.py:740} INFO - There are 1 files in /opt/airflow/dags
[2026-09-17T08:47:03.299+0000] {manager.py:878} INFO - 
================================================================================
DAG File Processing Stats

File Path                              PID  Runtime      # DAGs    # Errors  Last Runtime    Last Run
-----------------------------------  -----  ---------  --------  ----------  --------------  -------------------
/opt/airflow/dags/extraction_DAG.py    675  0.01s             0           1  0.03s           2026-09-17T08:46:33
================================================================================
[2026-09-17T08:47:33.406+0000] {manager.py:878} INFO - 
================================================================================
DAG File Processing Stats

File Path                            PID    Runtime      # DAGs    # Errors  Last Runtime    Last Run
-----------------------------------  -----  ---------  --------  ----------  --------------  -------------------
/opt/airflow/dags/extraction_DAG.py                           0           1  0.27s           2026-09-17T08:47:03
================================================================================
[2026-09-17T08:48:03.767+0000] {manager.py:878} INFO - 
================================================================================
DAG File Processing Stats

File Path                              PID  Runtime      # DAGs    # Errors  Last Runtime    Last Run
-----------------------------------  -----  ---------  --------  ----------  --------------  -------------------
/opt/airflow/dags/extraction_DAG.py    689  0.01s             0           1  0.03s           2026-09-17T08:47:33
================================================================================
[2026-09-17T08:48:33.887+0000] {manager.py:878} INFO - 
================================================================================
DAG File Processing Stats

File Path                            PID    Runtime      # DAGs    # Errors  Last Runtime    Last Run
-----------------------------------  -----  ---------  --------  ----------  --------------  -------------------
/opt/airflow/dags/extraction_DAG.py                           0           1  0.42s           2026-09-17T08:48:04
================================================================================
[2026-09-17T08:49:04.421+0000] {manager.py:878} INFO - 
================================================================================
DAG File Processing Stats

File Path                              PID  Runtime      # DAGs    # Errors  Last Runtime    Last Run
-----------------------------------  -----  ---------  --------  ----------  --------------  -------------------
/opt/airflow/dags/extraction_DAG.py    703  0.00s             0           1  0.04s           2026-09-17T08:48:34
================================================================================
[2026-09-17T08:49:34.548+0000] {manager.py:878} INFO - 
================================================================================
DAG File Processing Stats

File Path                              PID  Runtime      # DAGs    # Errors  Last Runtime    Last Run
-----------------------------------  -----  ---------  --------  ----------  --------------  -------------------
/opt/airflow/dags/extraction_DAG.py    710  0.00s             0           1  0.06s           2026-09-17T08:49:04
================================================================================
[2026-09-17T08:50:04.679+0000] {manager.py:878} INFO - 
================================================================================
DAG File Processing Stats

File Path                              PID  Runtime      # DAGs    # Errors  Last Runtime    Last Run
-----------------------------------  -----  ---------  --------  ----------  --------------  -------------------
/opt/airflow/dags/extraction_DAG.py    717  0.00s             0           1  0.04s           2026-09-17T08:49:34
================================================================================
[2026-09-17T08:50:34.798+0000] {manager.py:878} INFO - 
================================================================================
DAG File Processing Stats

File Path                            PID    Runtime      # DAGs    # Errors  Last Runtime    Last Run
-----------------------------------  -----  ---------  --------  ----------  --------------  -------------------
/opt/airflow/dags/extraction_DAG.py                           0           1  0.42s           2026-09-17T08:50:05
================================================================================
[2026-09-17T08:51:05.344+0000] {manager.py:878} INFO - 
================================================================================
DAG File Processing Stats

File Path                              PID  Runtime      # DAGs    # Errors  Last Runtime    Last Run
-----------------------------------  -----  ---------  --------  ----------  --------------  -------------------
/opt/airflow/dags/extraction_DAG.py    731  0.01s             0           1  0.04s           2026-09-17T08:50:35
================================================================================
[2026-09-17T08:51:35.506+0000] {manager.py:878} INFO - 
================================================================================
DAG File Processing Stats

File Path                              PID  Runtime      # DAGs    # Errors  Last Runtime    Last Run
-----------------------------------  -----  ---------  --------  ----------  --------------  -------------------
/opt/airflow/dags/extraction_DAG.py    738  0.01s             0           1  0.13s           2026-09-17T08:51:05
================================================================================
[2026-09-17T08:51:54.591+0000] {manager.py:737} INFO - Searching for files in /opt/airflow/dags
[2026-09-17T08:51:54.593+0000] {manager.py:740} INFO - There are 1 files in /opt/airflow/dags
[2026-09-17T08:52:05.653+0000] {manager.py:878} INFO - 
================================================================================
DAG File Processing Stats

File Path                              PID  Runtime      # DAGs    # Errors  Last Runtime    Last Run
-----------------------------------  -----  ---------  --------  ----------  --------------  -------------------
/opt/airflow/dags/extraction_DAG.py    745  0.00s             0           1  0.04s           2026-09-17T08:51:35
================================================================================
[2026-09-17T08:52:35.789+0000] {manager.py:878} INFO - 
================================================================================
DAG File Processing Stats

File Path                              PID  Runtime      # DAGs    # Errors  Last Runtime    Last Run
-----------------------------------  -----  ---------  --------  ----------  --------------  -------------------
/opt/airflow/dags/extraction_DAG.py    752  0.01s             0           1  0.12s           2026-09-17T08:52:05
================================================================================
[2026-09-17T08:53:05.914+0000] {manager.py:878} INFO - 
================================================================================
DAG File Processing Stats

File Path                              PID  Runtime      # DAGs    # Errors  Last Runtime    Last Run
-----------------------------------  -----  ---------  --------  ----------  --------------  -------------------
/opt/airflow/dags/extraction_DAG.py    759  0.00s             0           1  0.04s           2026-09-17T08:52:35
================================================================================
[2026-09-17T08:53:36.029+0000] {manager.py:878} INFO - 
================================================================================
DAG File Processing Stats

File Path                              PID  Runtime      # DAGs    # Errors  Last Runtime    Last Run
-----------------------------------  -----  ---------  --------  ----------  --------------  -------------------
/opt/airflow/dags/extraction_DAG.py    766  0.01s             0           1  0.07s           2026-09-17T08:53:05
================================================================================
[2026-09-17T08:54:06.164+0000] {manager.py:878} INFO - 
================================================================================
DAG File Processing Stats

File Path                              PID  Runtime      # DAGs    # Errors  Last Runtime    Last Run
-----------------------------------  -----  ---------  --------  ----------  --------------  -------------------
/opt/airflow/dags/extraction_DAG.py    773  0.00s             0           1  0.03s           2026-09-17T08:53:36
================================================================================
[2026-09-17T08:54:36.290+0000] {manager.py:878} INFO - 
================================================================================
DAG File Processing Stats

File Path                            PID    Runtime      # DAGs    # Errors  Last Runtime    Last Run
-----------------------------------  -----  ---------  --------  ----------  --------------  -------------------
/opt/airflow/dags/extraction_DAG.py                           0           1  0.16s           2026-09-17T08:54:06
================================================================================
[2026-09-17T08:55:06.543+0000] {manager.py:878} INFO - 
================================================================================
DAG File Processing Stats

File Path                              PID  Runtime      # DAGs    # Errors  Last Runtime    Last Run
-----------------------------------  -----  ---------  --------  ----------  --------------  -------------------
/opt/airflow/dags/extraction_DAG.py    787  0.00s             0           1  0.03s           2026-09-17T08:54:36
================================================================================
[2026-09-17T08:55:36.656+0000] {manager.py:878} INFO - 
================================================================================
DAG File Processing Stats

File Path                              PID  Runtime      # DAGs    # Errors  Last Runtime    Last Run
-----------------------------------  -----  ---------  --------  ----------  --------------  -------------------
/opt/airflow/dags/extraction_DAG.py    794  0.01s             0           1  0.03s           2026-09-17T08:55:06
================================================================================
[2026-09-17T08:56:06.765+0000] {manager.py:878} INFO - 
================================================================================
DAG File Processing Stats

File Path                              PID  Runtime      # DAGs    # Errors  Last Runtime    Last Run
-----------------------------------  -----  ---------  --------  ----------  --------------  -------------------
/opt/airflow/dags/extraction_DAG.py    801  0.00s             0           1  0.04s           2026-09-17T08:55:36
================================================================================
[2026-09-17T08:56:36.892+0000] {manager.py:878} INFO - 
================================================================================
DAG File Processing Stats

File Path                            PID    Runtime      # DAGs    # Errors  Last Runtime    Last Run
-----------------------------------  -----  ---------  --------  ----------  --------------  -------------------
/opt/airflow/dags/extraction_DAG.py                           0           1  0.13s           2026-09-17T08:56:06
================================================================================
[2026-09-17T08:56:55.056+0000] {manager.py:737} INFO - Searching for files in /opt/airflow/dags
[2026-09-17T08:56:55.057+0000] {manager.py:740} INFO - There are 1 files in /opt/airflow/dags
[2026-09-17T08:57:07.109+0000] {manager.py:878} INFO - 
================================================================================
DAG File Processing Stats

File Path                              PID  Runtime      # DAGs    # Errors  Last Runtime    Last Run
-----------------------------------  -----  ---------  --------  ----------  --------------  -------------------
/opt/airflow/dags/extraction_DAG.py    815  0.00s             0           1  0.03s           2026-09-17T08:56:37
================================================================================
[2026-09-17T08:57:37.219+0000] {manager.py:878} INFO - 
================================================================================
DAG File Processing Stats

File Path                            PID    Runtime      # DAGs    # Errors  Last Runtime    Last Run
-----------------------------------  -----  ---------  --------  ----------  --------------  -------------------
/opt/airflow/dags/extraction_DAG.py                           0           1  0.23s           2026-09-17T08:57:07
================================================================================
[2026-09-17T08:58:07.589+0000] {manager.py:878} INFO - 
================================================================================
DAG File Processing Stats

File Path                              PID  Runtime      # DAGs    # Errors  Last Runtime    Last Run
-----------------------------------  -----  ---------  --------  ----------  --------------  -------------------
/opt/airflow/dags/extraction_DAG.py    829  0.00s             0           1  0.06s           2026-09-17T08:57:37
================================================================================
[2026-09-17T08:58:37.733+0000] {manager.py:878} INFO - 
================================================================================
DAG File Processing Stats

File Path                            PID    Runtime      # DAGs    # Errors  Last Runtime    Last Run
-----------------------------------  -----  ---------  --------  ----------  --------------  -------------------
/opt/airflow/dags/extraction_DAG.py                           0           1  0.70s           2026-09-17T08:58:08
================================================================================
[2026-09-17T08:59:08.554+0000] {manager.py:878} INFO - 
================================================================================
DAG File Processing Stats

File Path                              PID  Runtime      # DAGs    # Errors  Last Runtime    Last Run
-----------------------------------  -----  ---------  --------  ----------  --------------  -------------------
/opt/airflow/dags/extraction_DAG.py    843  0.00s             0           1  0.04s           2026-09-17T08:58:38
================================================================================
[2026-09-17T08:59:38.714+0000] {manager.py:878} INFO - 
================================================================================
DAG File Processing Stats

File Path                              PID  Runtime      # DAGs    # Errors  Last Runtime    Last Run
-----------------------------------  -----  ---------  --------  ----------  --------------  -------------------
/opt/airflow/dags/extraction_DAG.py    850  0.00s             0           1  0.04s           2026-09-17T08:59:08
================================================================================
[2026-09-17T09:00:08.866+0000] {manager.py:878} INFO - 
================================================================================
DAG File Processing Stats

File Path                              PID  Runtime      # DAGs    # Errors  Last Runtime    Last Run
-----------------------------------  -----  ---------  --------  ----------  --------------  -------------------
/opt/airflow/dags/extraction_DAG.py    856  0.00s             0           1  0.04s           2026-09-17T08:59:38
================================================================================
[2026-09-17T09:00:39.010+0000] {manager.py:878} INFO - 
================================================================================
DAG File Processing Stats

File Path                              PID  Runtime      # DAGs    # Errors  Last Runtime    Last Run
-----------------------------------  -----  ---------  --------  ----------  --------------  -------------------
/opt/airflow/dags/extraction_DAG.py    862  0.01s             0           1  0.04s           2026-09-17T09:00:08
================================================================================
[2026-09-17T09:01:09.151+0000] {manager.py:878} INFO - 
================================================================================
DAG File Processing Stats

File Path                              PID  Runtime      # DAGs    # Errors  Last Runtime    Last Run
-----------------------------------  -----  ---------  --------  ----------  --------------  -------------------
/opt/airflow/dags/extraction_DAG.py    869  0.01s             0           1  0.04s           2026-09-17T09:00:39
================================================================================
[2026-09-17T09:01:39.284+0000] {manager.py:878} INFO - 
================================================================================
DAG File Processing Stats

File Path                              PID  Runtime      # DAGs    # Errors  Last Runtime    Last Run
-----------------------------------  -----  ---------  --------  ----------  --------------  -------------------
/opt/airflow/dags/extraction_DAG.py    876  0.01s             0           1  0.13s           2026-09-17T09:01:09
================================================================================
[2026-09-17T09:01:55.355+0000] {manager.py:737} INFO - Searching for files in /opt/airflow/dags
[2026-09-17T09:01:55.357+0000] {manager.py:740} INFO - There are 1 files in /opt/airflow/dags
[2026-09-17T09:02:09.434+0000] {manager.py:878} INFO - 
================================================================================
DAG File Processing Stats

File Path                              PID  Runtime      # DAGs    # Errors  Last Runtime    Last Run
-----------------------------------  -----  ---------  --------  ----------  --------------  -------------------
/opt/airflow/dags/extraction_DAG.py    883  0.00s             0           1  0.05s           2026-09-17T09:01:39
================================================================================
[2026-09-17T09:02:39.562+0000] {manager.py:878} INFO - 
================================================================================
DAG File Processing Stats

File Path                              PID  Runtime      # DAGs    # Errors  Last Runtime    Last Run
-----------------------------------  -----  ---------  --------  ----------  --------------  -------------------
/opt/airflow/dags/extraction_DAG.py    890  0.00s             0           1  0.12s           2026-09-17T09:02:09
================================================================================
[2026-09-17T09:03:09.688+0000] {manager.py:878} INFO - 
================================================================================
DAG File Processing Stats

File Path                              PID  Runtime      # DAGs    # Errors  Last Runtime    Last Run
-----------------------------------  -----  ---------  --------  ----------  --------------  -------------------
/opt/airflow/dags/extraction_DAG.py    897  0.00s             0           1  0.03s           2026-09-17T09:02:39
================================================================================
[2026-09-17T09:03:39.817+0000] {manager.py:878} INFO - 
================================================================================
DAG File Processing Stats

File Path                              PID  Runtime      # DAGs    # Errors  Last Runtime    Last Run
-----------------------------------  -----  ---------  --------  ----------  --------------  -------------------
/opt/airflow/dags/extraction_DAG.py    904  0.00s             0           1  0.13s           2026-09-17T09:03:09
================================================================================
[2026-09-17T09:04:09.940+0000] {manager.py:878} INFO - 
================================================================================
DAG File Processing Stats

File Path                              PID  Runtime      # DAGs    # Errors  Last Runtime    Last Run
-----------------------------------  -----  ---------  --------  ----------  --------------  -------------------
/opt/airflow/dags/extraction_DAG.py    911  0.01s             0           1  0.03s           2026-09-17T09:03:39
================================================================================
[2026-09-17T09:04:40.053+0000] {manager.py:878} INFO - 
================================================================================
DAG File Processing Stats

File Path                              PID  Runtime      # DAGs    # Errors  Last Runtime    Last Run
-----------------------------------  -----  ---------  --------  ----------  --------------  -------------------
/opt/airflow/dags/extraction_DAG.py    918  0.00s             0           1  0.04s           2026-09-17T09:04:09
================================================================================
[2026-09-17T09:05:10.171+0000] {manager.py:878} INFO - 
================================================================================
DAG File Processing Stats

File Path                              PID  Runtime      # DAGs    # Errors  Last Runtime    Last Run
-----------------------------------  -----  ---------  --------  ----------  --------------  -------------------
/opt/airflow/dags/extraction_DAG.py    925  0.00s             0           1  0.04s           2026-09-17T09:04:40
================================================================================
[2026-09-17T09:05:40.307+0000] {manager.py:878} INFO - 
================================================================================
DAG File Processing Stats

File Path                              PID  Runtime      # DAGs    # Errors  Last Runtime    Last Run
-----------------------------------  -----  ---------  --------  ----------  --------------  -------------------
/opt/airflow/dags/extraction_DAG.py    932  0.01s             0           1  0.04s           2026-09-17T09:05:10
================================================================================
[2026-09-17T09:06:10.425+0000] {manager.py:878} INFO - 
================================================================================
DAG File Processing Stats

File Path                              PID  Runtime      # DAGs    # Errors  Last Runtime    Last Run
-----------------------------------  -----  ---------  --------  ----------  --------------  -------------------
/opt/airflow/dags/extraction_DAG.py    939  0.01s             0           1  0.04s           2026-09-17T09:05:40
================================================================================
[2026-09-17T09:06:40.559+0000] {manager.py:878} INFO - 
================================================================================
DAG File Processing Stats

File Path                              PID  Runtime      # DAGs    # Errors  Last Runtime    Last Run
-----------------------------------  -----  ---------  --------  ----------  --------------  -------------------
/opt/airflow/dags/extraction_DAG.py    946  0.01s             0           1  0.05s           2026-09-17T09:06:10
================================================================================
[2026-09-17T09:06:55.636+0000] {manager.py:737} INFO - Searching for files in /opt/airflow/dags
[2026-09-17T09:06:55.637+0000] {manager.py:740} INFO - There are 1 files in /opt/airflow/dags
[2026-09-17T09:07:10.721+0000] {manager.py:878} INFO - 
================================================================================
DAG File Processing Stats

File Path                              PID  Runtime      # DAGs    # Errors  Last Runtime    Last Run
-----------------------------------  -----  ---------  --------  ----------  --------------  -------------------
/opt/airflow/dags/extraction_DAG.py    953  0.01s             0           1  0.04s           2026-09-17T09:06:40
================================================================================
[2026-09-17T09:07:40.857+0000] {manager.py:878} INFO - 
================================================================================
DAG File Processing Stats

File Path                              PID  Runtime      # DAGs    # Errors  Last Runtime    Last Run
-----------------------------------  -----  ---------  --------  ----------  --------------  -------------------
/opt/airflow/dags/extraction_DAG.py    960  0.01s             0           1  0.06s           2026-09-17T09:07:10
================================================================================
[2026-09-17T09:08:10.999+0000] {manager.py:878} INFO - 
================================================================================
DAG File Processing Stats

File Path                              PID  Runtime      # DAGs    # Errors  Last Runtime    Last Run
-----------------------------------  -----  ---------  --------  ----------  --------------  -------------------
/opt/airflow/dags/extraction_DAG.py    967  0.00s             0           1  0.04s           2026-09-17T09:07:40
================================================================================
[2026-09-17T09:08:41.109+0000] {manager.py:878} INFO - 
================================================================================
DAG File Processing Stats

File Path                            PID    Runtime      # DAGs    # Errors  Last Runtime    Last Run
-----------------------------------  -----  ---------  --------  ----------  --------------  -------------------
/opt/airflow/dags/extraction_DAG.py                           0           1  0.12s           2026-09-17T09:08:11
================================================================================
[2026-09-17T09:09:11.365+0000] {manager.py:878} INFO - 
================================================================================
DAG File Processing Stats

File Path                              PID  Runtime      # DAGs    # Errors  Last Runtime    Last Run
-----------------------------------  -----  ---------  --------  ----------  --------------  -------------------
/opt/airflow/dags/extraction_DAG.py    981  0.01s             0           1  0.05s           2026-09-17T09:08:41
================================================================================
[2026-09-17T09:09:41.523+0000] {manager.py:878} INFO - 
================================================================================
DAG File Processing Stats

File Path                              PID  Runtime      # DAGs    # Errors  Last Runtime    Last Run
-----------------------------------  -----  ---------  --------  ----------  --------------  -------------------
/opt/airflow/dags/extraction_DAG.py    988  0.00s             0           1  0.15s           2026-09-17T09:09:11
================================================================================
[2026-09-17T09:10:11.673+0000] {manager.py:878} INFO - 
================================================================================
DAG File Processing Stats

File Path                              PID  Runtime      # DAGs    # Errors  Last Runtime    Last Run
-----------------------------------  -----  ---------  --------  ----------  --------------  -------------------
/opt/airflow/dags/extraction_DAG.py    995  0.01s             0           1  0.05s           2026-09-17T09:09:41
================================================================================
[2026-09-17T09:10:41.826+0000] {manager.py:878} INFO - 
================================================================================
DAG File Processing Stats

File Path                              PID  Runtime      # DAGs    # Errors  Last Runtime    Last Run
-----------------------------------  -----  ---------  --------  ----------  --------------  -------------------
/opt/airflow/dags/extraction_DAG.py   1002  0.01s             0           1  0.15s           2026-09-17T09:10:11
================================================================================
[2026-09-17T09:11:11.965+0000] {manager.py:878} INFO - 
================================================================================
DAG File Processing Stats

File Path                              PID  Runtime      # DAGs    # Errors  Last Runtime    Last Run
-----------------------------------  -----  ---------  --------  ----------  --------------  -------------------
/opt/airflow/dags/extraction_DAG.py   1009  0.01s             0           1  0.04s           2026-09-17T09:10:41
================================================================================
[2026-09-17T09:11:42.105+0000] {manager.py:878} INFO - 
================================================================================
DAG File Processing Stats

File Path                              PID  Runtime      # DAGs    # Errors  Last Runtime    Last Run
-----------------------------------  -----  ---------  --------  ----------  --------------  -------------------
/opt/airflow/dags/extraction_DAG.py   1016  0.00s             0           1  0.09s           2026-09-17T09:11:12
================================================================================
[2026-09-17T09:11:56.158+0000] {manager.py:737} INFO - Searching for files in /opt/airflow/dags
[2026-09-17T09:11:56.160+0000] {manager.py:740} INFO - There are 1 files in /opt/airflow/dags
[2026-09-17T09:12:12.233+0000] {manager.py:878} INFO - 
================================================================================
DAG File Processing Stats

File Path                              PID  Runtime      # DAGs    # Errors  Last Runtime    Last Run
-----------------------------------  -----  ---------  --------  ----------  --------------  -------------------
/opt/airflow/dags/extraction_DAG.py   1024  0.00s             0           1  0.03s           2026-09-17T09:11:42
================================================================================
[2026-09-17T09:12:42.359+0000] {manager.py:878} INFO - 
================================================================================
DAG File Processing Stats

File Path                              PID  Runtime      # DAGs    # Errors  Last Runtime    Last Run
-----------------------------------  -----  ---------  --------  ----------  --------------  -------------------
/opt/airflow/dags/extraction_DAG.py   1031  0.00s             0           1  0.04s           2026-09-17T09:12:12
================================================================================
[2026-09-17T09:13:12.502+0000] {manager.py:878} INFO - 
================================================================================
DAG File Processing Stats

File Path                              PID  Runtime      # DAGs    # Errors  Last Runtime    Last Run
-----------------------------------  -----  ---------  --------  ----------  --------------  -------------------
/opt/airflow/dags/extraction_DAG.py   1039  0.00s             0           1  0.03s           2026-09-17T09:12:42
================================================================================
[2026-09-17T09:13:42.639+0000] {manager.py:878} INFO - 
================================================================================
DAG File Processing Stats

File Path                              PID  Runtime      # DAGs    # Errors  Last Runtime    Last Run
-----------------------------------  -----  ---------  --------  ----------  --------------  -------------------
/opt/airflow/dags/extraction_DAG.py   1046  0.01s             0           1  0.03s           2026-09-17T09:13:12
================================================================================
[2026-09-17T09:14:12.788+0000] {manager.py:878} INFO - 
================================================================================
DAG File Processing Stats

File Path                              PID  Runtime      # DAGs    # Errors  Last Runtime    Last Run
-----------------------------------  -----  ---------  --------  ----------  --------------  -------------------
/opt/airflow/dags/extraction_DAG.py   1053  0.01s             0           1  0.05s           2026-09-17T09:13:42
================================================================================
[2026-09-17T09:14:42.942+0000] {manager.py:878} INFO - 
================================================================================
DAG File Processing Stats

File Path                              PID  Runtime      # DAGs    # Errors  Last Runtime    Last Run
-----------------------------------  -----  ---------  --------  ----------  --------------  -------------------
/opt/airflow/dags/extraction_DAG.py   1060  0.01s             0           1  0.14s           2026-09-17T09:14:12
================================================================================
[2026-09-17T09:15:13.043+0000] {manager.py:878} INFO - 
================================================================================
DAG File Processing Stats

File Path                              PID  Runtime      # DAGs    # Errors  Last Runtime    Last Run
-----------------------------------  -----  ---------  --------  ----------  --------------  -------------------
/opt/airflow/dags/extraction_DAG.py   1067  0.00s             0           1  0.04s           2026-09-17T09:14:42
================================================================================
[2026-09-17T09:15:43.148+0000] {manager.py:878} INFO - 
================================================================================
DAG File Processing Stats

File Path                            PID    Runtime      # DAGs    # Errors  Last Runtime    Last Run
-----------------------------------  -----  ---------  --------  ----------  --------------  -------------------
/opt/airflow/dags/extraction_DAG.py                           0           1  0.13s           2026-09-17T09:15:13
================================================================================
[2026-09-17T09:16:13.352+0000] {manager.py:878} INFO - 
================================================================================
DAG File Processing Stats

File Path                              PID  Runtime      # DAGs    # Errors  Last Runtime    Last Run
-----------------------------------  -----  ---------  --------  ----------  --------------  -------------------
/opt/airflow/dags/extraction_DAG.py   1081  0.00s             0           1  0.03s           2026-09-17T09:15:43
================================================================================
[2026-09-17T09:16:43.446+0000] {manager.py:878} INFO - 
================================================================================
DAG File Processing Stats

File Path                            PID    Runtime      # DAGs    # Errors  Last Runtime    Last Run
-----------------------------------  -----  ---------  --------  ----------  --------------  -------------------
/opt/airflow/dags/extraction_DAG.py                           0           1  0.13s           2026-09-17T09:16:13
================================================================================
[2026-09-17T09:16:56.605+0000] {manager.py:737} INFO - Searching for files in /opt/airflow/dags
[2026-09-17T09:16:56.606+0000] {manager.py:740} INFO - There are 1 files in /opt/airflow/dags
[2026-09-17T09:17:13.671+0000] {manager.py:878} INFO - 
================================================================================
DAG File Processing Stats

File Path                              PID  Runtime      # DAGs    # Errors  Last Runtime    Last Run
-----------------------------------  -----  ---------  --------  ----------  --------------  -------------------
/opt/airflow/dags/extraction_DAG.py   1095  0.00s             0           1  0.04s           2026-09-17T09:16:43
================================================================================
[2026-09-17T09:17:43.810+0000] {manager.py:878} INFO - 
================================================================================
DAG File Processing Stats

File Path                              PID  Runtime      # DAGs    # Errors  Last Runtime    Last Run
-----------------------------------  -----  ---------  --------  ----------  --------------  -------------------
/opt/airflow/dags/extraction_DAG.py   1102  0.00s             0           1  0.13s           2026-09-17T09:17:13
================================================================================
[2026-09-17T09:18:13.923+0000] {manager.py:878} INFO - 
================================================================================
DAG File Processing Stats

File Path                              PID  Runtime      # DAGs    # Errors  Last Runtime    Last Run
-----------------------------------  -----  ---------  --------  ----------  --------------  -------------------
/opt/airflow/dags/extraction_DAG.py   1109  0.00s             0           1  0.04s           2026-09-17T09:17:43
================================================================================
[2026-09-17T09:18:44.066+0000] {manager.py:878} INFO - 
================================================================================
DAG File Processing Stats

File Path                              PID  Runtime      # DAGs    # Errors  Last Runtime    Last Run
-----------------------------------  -----  ---------  --------  ----------  --------------  -------------------
/opt/airflow/dags/extraction_DAG.py   1116  0.01s             0           1  0.12s           2026-09-17T09:18:14
================================================================================
[2026-09-17T09:19:14.206+0000] {manager.py:878} INFO - 
================================================================================
DAG File Processing Stats

File Path                              PID  Runtime      # DAGs    # Errors  Last Runtime    Last Run
-----------------------------------  -----  ---------  --------  ----------  --------------  -------------------
/opt/airflow/dags/extraction_DAG.py   1123  0.01s             0           1  0.04s           2026-09-17T09:18:44
================================================================================
[2026-09-17T09:19:44.341+0000] {manager.py:878} INFO - 
================================================================================
DAG File Processing Stats

File Path                            PID    Runtime      # DAGs    # Errors  Last Runtime    Last Run
-----------------------------------  -----  ---------  --------  ----------  --------------  -------------------
/opt/airflow/dags/extraction_DAG.py                           0           1  0.14s           2026-09-17T09:19:14
================================================================================
[2026-09-17T09:20:14.609+0000] {manager.py:878} INFO - 
================================================================================
DAG File Processing Stats

File Path                              PID  Runtime      # DAGs    # Errors  Last Runtime    Last Run
-----------------------------------  -----  ---------  --------  ----------  --------------  -------------------
/opt/airflow/dags/extraction_DAG.py   1137  0.01s             0           1  0.04s           2026-09-17T09:19:44
================================================================================
[2026-09-17T09:20:44.737+0000] {manager.py:878} INFO - 
================================================================================
DAG File Processing Stats

File Path                            PID    Runtime      # DAGs    # Errors  Last Runtime    Last Run
-----------------------------------  -----  ---------  --------  ----------  --------------  -------------------
/opt/airflow/dags/extraction_DAG.py                           0           1  0.15s           2026-09-17T09:20:14
================================================================================
[2026-09-17T09:21:14.979+0000] {manager.py:878} INFO - 
================================================================================
DAG File Processing Stats

File Path                              PID  Runtime      # DAGs    # Errors  Last Runtime    Last Run
-----------------------------------  -----  ---------  --------  ----------  --------------  -------------------
/opt/airflow/dags/extraction_DAG.py   1151  0.00s             0           1  0.03s           2026-09-17T09:20:44
================================================================================
[2026-09-17T09:21:45.106+0000] {manager.py:878} INFO - 
================================================================================
DAG File Processing Stats

File Path                            PID    Runtime      # DAGs    # Errors  Last Runtime    Last Run
-----------------------------------  -----  ---------  --------  ----------  --------------  -------------------
/opt/airflow/dags/extraction_DAG.py                           0           1  0.03s           2026-09-17T09:21:21
================================================================================
[2026-09-17T09:21:57.170+0000] {manager.py:737} INFO - Searching for files in /opt/airflow/dags
[2026-09-17T09:21:57.172+0000] {manager.py:740} INFO - There are 1 files in /opt/airflow/dags
[2026-09-17T09:22:15.276+0000] {manager.py:878} INFO - 
================================================================================
DAG File Processing Stats

File Path                            PID    Runtime      # DAGs    # Errors  Last Runtime    Last Run
-----------------------------------  -----  ---------  --------  ----------  --------------  -------------------
/opt/airflow/dags/extraction_DAG.py                           0           1  0.06s           2026-09-17T09:21:51
================================================================================
[2026-09-17T09:22:45.415+0000] {manager.py:878} INFO - 
================================================================================
DAG File Processing Stats

File Path                            PID    Runtime      # DAGs    # Errors  Last Runtime    Last Run
-----------------------------------  -----  ---------  --------  ----------  --------------  -------------------
/opt/airflow/dags/extraction_DAG.py                           0           1  0.04s           2026-09-17T09:22:21
================================================================================
[2026-09-17T09:23:15.553+0000] {manager.py:878} INFO - 
================================================================================
DAG File Processing Stats

File Path                            PID    Runtime      # DAGs    # Errors  Last Runtime    Last Run
-----------------------------------  -----  ---------  --------  ----------  --------------  -------------------
/opt/airflow/dags/extraction_DAG.py                           0           1  0.13s           2026-09-17T09:22:51
================================================================================
[2026-09-17T09:23:45.690+0000] {manager.py:878} INFO - 
================================================================================
DAG File Processing Stats

File Path                            PID    Runtime      # DAGs    # Errors  Last Runtime    Last Run
-----------------------------------  -----  ---------  --------  ----------  --------------  -------------------
/opt/airflow/dags/extraction_DAG.py                           0           1  0.04s           2026-09-17T09:23:21
================================================================================
[2026-09-17T09:24:15.850+0000] {manager.py:878} INFO - 
================================================================================
DAG File Processing Stats

File Path                            PID    Runtime      # DAGs    # Errors  Last Runtime    Last Run
-----------------------------------  -----  ---------  --------  ----------  --------------  -------------------
/opt/airflow/dags/extraction_DAG.py                           0           1  0.04s           2026-09-17T09:23:51
================================================================================
[2026-09-17T09:24:45.981+0000] {manager.py:878} INFO - 
================================================================================
DAG File Processing Stats

File Path                            PID    Runtime      # DAGs    # Errors  Last Runtime    Last Run
-----------------------------------  -----  ---------  --------  ----------  --------------  -------------------
/opt/airflow/dags/extraction_DAG.py                           0           1  0.12s           2026-09-17T09:24:22
================================================================================
[2026-09-17T09:25:16.125+0000] {manager.py:878} INFO - 
================================================================================
DAG File Processing Stats

File Path                            PID    Runtime      # DAGs    # Errors  Last Runtime    Last Run
-----------------------------------  -----  ---------  --------  ----------  --------------  -------------------
/opt/airflow/dags/extraction_DAG.py                           0           1  0.04s           2026-09-17T09:24:52
================================================================================
[2026-09-17T09:25:46.272+0000] {manager.py:878} INFO - 
================================================================================
DAG File Processing Stats

File Path                            PID    Runtime      # DAGs    # Errors  Last Runtime    Last Run
-----------------------------------  -----  ---------  --------  ----------  --------------  -------------------
/opt/airflow/dags/extraction_DAG.py                           0           1  0.34s           2026-09-17T09:25:22
================================================================================
[2026-09-17T09:26:16.743+0000] {manager.py:878} INFO - 
================================================================================
DAG File Processing Stats

File Path                            PID    Runtime      # DAGs    # Errors  Last Runtime    Last Run
-----------------------------------  -----  ---------  --------  ----------  --------------  -------------------
/opt/airflow/dags/extraction_DAG.py                           0           1  0.04s           2026-09-17T09:25:52
================================================================================
[2026-09-17T09:26:46.902+0000] {manager.py:878} INFO - 
================================================================================
DAG File Processing Stats

File Path                            PID    Runtime      # DAGs    # Errors  Last Runtime    Last Run
-----------------------------------  -----  ---------  --------  ----------  --------------  -------------------
/opt/airflow/dags/extraction_DAG.py                           0           1  0.14s           2026-09-17T09:26:22
================================================================================
[2026-09-17T09:26:57.959+0000] {manager.py:737} INFO - Searching for files in /opt/airflow/dags
[2026-09-17T09:26:57.961+0000] {manager.py:740} INFO - There are 1 files in /opt/airflow/dags
[2026-09-17T09:27:17.059+0000] {manager.py:878} INFO - 
================================================================================
DAG File Processing Stats

File Path                            PID    Runtime      # DAGs    # Errors  Last Runtime    Last Run
-----------------------------------  -----  ---------  --------  ----------  --------------  -------------------
/opt/airflow/dags/extraction_DAG.py                           0           1  0.04s           2026-09-17T09:26:52
================================================================================
[2026-09-17T09:27:47.211+0000] {manager.py:878} INFO - 
================================================================================
DAG File Processing Stats

File Path                            PID    Runtime      # DAGs    # Errors  Last Runtime    Last Run
-----------------------------------  -----  ---------  --------  ----------  --------------  -------------------
/opt/airflow/dags/extraction_DAG.py                           0           1  0.16s           2026-09-17T09:27:23
================================================================================
[2026-09-17T09:28:17.474+0000] {manager.py:878} INFO - 
================================================================================
DAG File Processing Stats

File Path                            PID    Runtime      # DAGs    # Errors  Last Runtime    Last Run
-----------------------------------  -----  ---------  --------  ----------  --------------  -------------------
/opt/airflow/dags/extraction_DAG.py                           0           1  0.04s           2026-09-17T09:27:53
================================================================================
[2026-09-17T09:28:47.648+0000] {manager.py:878} INFO - 
================================================================================
DAG File Processing Stats

File Path                            PID    Runtime      # DAGs    # Errors  Last Runtime    Last Run
-----------------------------------  -----  ---------  --------  ----------  --------------  -------------------
/opt/airflow/dags/extraction_DAG.py                           0           1  0.15s           2026-09-17T09:28:23
================================================================================
[2026-09-17T09:29:17.805+0000] {manager.py:878} INFO - 
================================================================================
DAG File Processing Stats

File Path                            PID    Runtime      # DAGs    # Errors  Last Runtime    Last Run
-----------------------------------  -----  ---------  --------  ----------  --------------  -------------------
/opt/airflow/dags/extraction_DAG.py                           0           1  0.05s           2026-09-17T09:28:53
================================================================================
[2026-09-17T09:29:47.961+0000] {manager.py:878} INFO - 
================================================================================
DAG File Processing Stats

File Path                            PID    Runtime      # DAGs    # Errors  Last Runtime    Last Run
-----------------------------------  -----  ---------  --------  ----------  --------------  -------------------
/opt/airflow/dags/extraction_DAG.py                           0           1  0.06s           2026-09-17T09:29:23
================================================================================
[2026-09-17T09:30:18.121+0000] {manager.py:878} INFO - 
================================================================================
DAG File Processing Stats

File Path                            PID    Runtime      # DAGs    # Errors  Last Runtime    Last Run
-----------------------------------  -----  ---------  --------  ----------  --------------  -------------------
/opt/airflow/dags/extraction_DAG.py                           0           1  0.03s           2026-09-17T09:29:54
================================================================================
[2026-09-17T09:30:48.273+0000] {manager.py:878} INFO - 
================================================================================
DAG File Processing Stats

File Path                            PID    Runtime      # DAGs    # Errors  Last Runtime    Last Run
-----------------------------------  -----  ---------  --------  ----------  --------------  -------------------
/opt/airflow/dags/extraction_DAG.py                           0           1  0.15s           2026-09-17T09:30:24
================================================================================
[2026-09-17T09:31:18.527+0000] {manager.py:878} INFO - 
================================================================================
DAG File Processing Stats

File Path                            PID    Runtime      # DAGs    # Errors  Last Runtime    Last Run
-----------------------------------  -----  ---------  --------  ----------  --------------  -------------------
/opt/airflow/dags/extraction_DAG.py                           0           1  0.03s           2026-09-17T09:30:54
================================================================================
[2026-09-17T09:31:48.689+0000] {manager.py:878} INFO - 
================================================================================
DAG File Processing Stats

File Path                            PID    Runtime      # DAGs    # Errors  Last Runtime    Last Run
-----------------------------------  -----  ---------  --------  ----------  --------------  -------------------
/opt/airflow/dags/extraction_DAG.py                           0           1  0.16s           2026-09-17T09:31:24
================================================================================
[2026-09-17T09:31:58.754+0000] {manager.py:737} INFO - Searching for files in /opt/airflow/dags
[2026-09-17T09:31:58.756+0000] {manager.py:740} INFO - There are 1 files in /opt/airflow/dags
[2026-09-17T09:32:18.870+0000] {manager.py:878} INFO - 
================================================================================
DAG File Processing Stats

File Path                            PID    Runtime      # DAGs    # Errors  Last Runtime    Last Run
-----------------------------------  -----  ---------  --------  ----------  --------------  -------------------
/opt/airflow/dags/extraction_DAG.py                           0           1  0.04s           2026-09-17T09:31:54
================================================================================
[2026-09-17T09:32:49.021+0000] {manager.py:878} INFO - 
================================================================================
DAG File Processing Stats

File Path                            PID    Runtime      # DAGs    # Errors  Last Runtime    Last Run
-----------------------------------  -----  ---------  --------  ----------  --------------  -------------------
/opt/airflow/dags/extraction_DAG.py                           0           1  0.15s           2026-09-17T09:32:25
================================================================================
[2026-09-17T09:33:19.169+0000] {manager.py:878} INFO - 
================================================================================
DAG File Processing Stats

File Path                            PID    Runtime      # DAGs    # Errors  Last Runtime    Last Run
-----------------------------------  -----  ---------  --------  ----------  --------------  -------------------
/opt/airflow/dags/extraction_DAG.py                           0           1  0.04s           2026-09-17T09:32:55
================================================================================
[2026-09-17T09:33:49.323+0000] {manager.py:878} INFO - 
================================================================================
DAG File Processing Stats

File Path                            PID    Runtime      # DAGs    # Errors  Last Runtime    Last Run
-----------------------------------  -----  ---------  --------  ----------  --------------  -------------------
/opt/airflow/dags/extraction_DAG.py                           0           1  0.14s           2026-09-17T09:33:25
================================================================================
[2026-09-17T09:34:19.458+0000] {manager.py:878} INFO - 
================================================================================
DAG File Processing Stats

File Path                            PID    Runtime      # DAGs    # Errors  Last Runtime    Last Run
-----------------------------------  -----  ---------  --------  ----------  --------------  -------------------
/opt/airflow/dags/extraction_DAG.py                           0           1  0.03s           2026-09-17T09:33:55
================================================================================
[2026-09-17T09:34:49.604+0000] {manager.py:878} INFO - 
================================================================================
DAG File Processing Stats

File Path                            PID    Runtime      # DAGs    # Errors  Last Runtime    Last Run
-----------------------------------  -----  ---------  --------  ----------  --------------  -------------------
/opt/airflow/dags/extraction_DAG.py                           0           1  0.12s           2026-09-17T09:34:25
================================================================================
[2026-09-17T09:35:19.740+0000] {manager.py:878} INFO - 
================================================================================
DAG File Processing Stats

File Path                            PID    Runtime      # DAGs    # Errors  Last Runtime    Last Run
-----------------------------------  -----  ---------  --------  ----------  --------------  -------------------
/opt/airflow/dags/extraction_DAG.py                           0           1  0.03s           2026-09-17T09:34:55
================================================================================
[2026-09-17T09:35:49.892+0000] {manager.py:878} INFO - 
================================================================================
DAG File Processing Stats

File Path                            PID    Runtime      # DAGs    # Errors  Last Runtime    Last Run
-----------------------------------  -----  ---------  --------  ----------  --------------  -------------------
/opt/airflow/dags/extraction_DAG.py                           0           1  0.17s           2026-09-17T09:35:25
================================================================================
[2026-09-17T09:36:20.188+0000] {manager.py:878} INFO - 
================================================================================
DAG File Processing Stats

File Path                            PID    Runtime      # DAGs    # Errors  Last Runtime    Last Run
-----------------------------------  -----  ---------  --------  ----------  --------------  -------------------
/opt/airflow/dags/extraction_DAG.py                           0           1  0.04s           2026-09-17T09:35:56
================================================================================
[2026-09-17T09:36:50.344+0000] {manager.py:878} INFO - 
================================================================================
DAG File Processing Stats

File Path                            PID    Runtime      # DAGs    # Errors  Last Runtime    Last Run
-----------------------------------  -----  ---------  --------  ----------  --------------  -------------------
/opt/airflow/dags/extraction_DAG.py                           0           1  0.13s           2026-09-17T09:36:26
================================================================================
[2026-09-17T09:36:59.386+0000] {manager.py:737} INFO - Searching for files in /opt/airflow/dags
[2026-09-17T09:36:59.388+0000] {manager.py:740} INFO - There are 1 files in /opt/airflow/dags
[2026-09-17T09:37:20.494+0000] {manager.py:878} INFO - 
================================================================================
DAG File Processing Stats

File Path                            PID    Runtime      # DAGs    # Errors  Last Runtime    Last Run
-----------------------------------  -----  ---------  --------  ----------  --------------  -------------------
/opt/airflow/dags/extraction_DAG.py                           0           1  0.03s           2026-09-17T09:36:56
================================================================================
[2026-09-17T09:37:50.647+0000] {manager.py:878} INFO - 
================================================================================
DAG File Processing Stats

File Path                            PID    Runtime      # DAGs    # Errors  Last Runtime    Last Run
-----------------------------------  -----  ---------  --------  ----------  --------------  -------------------
/opt/airflow/dags/extraction_DAG.py                           0           1  0.16s           2026-09-17T09:37:26
================================================================================
[2026-09-17T09:38:20.932+0000] {manager.py:878} INFO - 
================================================================================
DAG File Processing Stats

File Path                            PID    Runtime      # DAGs    # Errors  Last Runtime    Last Run
-----------------------------------  -----  ---------  --------  ----------  --------------  -------------------
/opt/airflow/dags/extraction_DAG.py                           0           1  0.05s           2026-09-17T09:37:56
================================================================================
[2026-09-17T09:38:51.090+0000] {manager.py:878} INFO - 
================================================================================
DAG File Processing Stats

File Path                            PID    Runtime      # DAGs    # Errors  Last Runtime    Last Run
-----------------------------------  -----  ---------  --------  ----------  --------------  -------------------
/opt/airflow/dags/extraction_DAG.py                           0           1  0.24s           2026-09-17T09:38:27
================================================================================
[2026-09-17T09:39:21.436+0000] {manager.py:878} INFO - 
================================================================================
DAG File Processing Stats

File Path                            PID    Runtime      # DAGs    # Errors  Last Runtime    Last Run
-----------------------------------  -----  ---------  --------  ----------  --------------  -------------------
/opt/airflow/dags/extraction_DAG.py                           0           1  0.03s           2026-09-17T09:38:57
================================================================================
[2026-09-17T09:39:51.567+0000] {manager.py:878} INFO - 
================================================================================
DAG File Processing Stats

File Path                            PID    Runtime      # DAGs    # Errors  Last Runtime    Last Run
-----------------------------------  -----  ---------  --------  ----------  --------------  -------------------
/opt/airflow/dags/extraction_DAG.py                           0           1  0.03s           2026-09-17T09:39:27
================================================================================
[2026-09-17T09:40:21.707+0000] {manager.py:878} INFO - 
================================================================================
DAG File Processing Stats

File Path                            PID    Runtime      # DAGs    # Errors  Last Runtime    Last Run
-----------------------------------  -----  ---------  --------  ----------  --------------  -------------------
/opt/airflow/dags/extraction_DAG.py                           0           1  0.04s           2026-09-17T09:39:57
================================================================================
[2026-09-17T09:40:51.838+0000] {manager.py:878} INFO - 
================================================================================
DAG File Processing Stats

File Path                            PID    Runtime      # DAGs    # Errors  Last Runtime    Last Run
-----------------------------------  -----  ---------  --------  ----------  --------------  -------------------
/opt/airflow/dags/extraction_DAG.py                           0           1  0.04s           2026-09-17T09:40:27
================================================================================
[2026-09-17T09:41:21.997+0000] {manager.py:878} INFO - 
================================================================================
DAG File Processing Stats

File Path                            PID    Runtime      # DAGs    # Errors  Last Runtime    Last Run
-----------------------------------  -----  ---------  --------  ----------  --------------  -------------------
/opt/airflow/dags/extraction_DAG.py                           0           1  0.04s           2026-09-17T09:40:57
================================================================================
[2026-09-17T09:41:52.127+0000] {manager.py:878} INFO - 
================================================================================
DAG File Processing Stats

File Path                            PID    Runtime      # DAGs    # Errors  Last Runtime    Last Run
-----------------------------------  -----  ---------  --------  ----------  --------------  -------------------
/opt/airflow/dags/extraction_DAG.py                           0           1  0.07s           2026-09-17T09:41:28
================================================================================
[2026-09-17T09:42:00.153+0000] {manager.py:737} INFO - Searching for files in /opt/airflow/dags
[2026-09-17T09:42:00.154+0000] {manager.py:740} INFO - There are 1 files in /opt/airflow/dags
[2026-09-17T09:42:22.233+0000] {manager.py:878} INFO - 
================================================================================
DAG File Processing Stats

File Path                            PID    Runtime      # DAGs    # Errors  Last Runtime    Last Run
-----------------------------------  -----  ---------  --------  ----------  --------------  -------------------
/opt/airflow/dags/extraction_DAG.py                           0           1  0.03s           2026-09-17T09:41:58
================================================================================
[2026-09-17T09:42:52.366+0000] {manager.py:878} INFO - 
================================================================================
DAG File Processing Stats

File Path                            PID    Runtime      # DAGs    # Errors  Last Runtime    Last Run
-----------------------------------  -----  ---------  --------  ----------  --------------  -------------------
/opt/airflow/dags/extraction_DAG.py                           0           1  0.12s           2026-09-17T09:42:28
================================================================================
[2026-09-17T09:43:22.490+0000] {manager.py:878} INFO - 
================================================================================
DAG File Processing Stats

File Path                            PID    Runtime      # DAGs    # Errors  Last Runtime    Last Run
-----------------------------------  -----  ---------  --------  ----------  --------------  -------------------
/opt/airflow/dags/extraction_DAG.py                           0           1  0.04s           2026-09-17T09:42:58
================================================================================
[2026-09-17T09:43:52.624+0000] {manager.py:878} INFO - 
================================================================================
DAG File Processing Stats

File Path                            PID    Runtime      # DAGs    # Errors  Last Runtime    Last Run
-----------------------------------  -----  ---------  --------  ----------  --------------  -------------------
/opt/airflow/dags/extraction_DAG.py                           0           1  0.47s           2026-09-17T09:43:28
================================================================================
[2026-09-17T09:44:23.206+0000] {manager.py:878} INFO - 
================================================================================
DAG File Processing Stats

File Path                            PID    Runtime      # DAGs    # Errors  Last Runtime    Last Run
-----------------------------------  -----  ---------  --------  ----------  --------------  -------------------
/opt/airflow/dags/extraction_DAG.py                           0           1  0.04s           2026-09-17T09:43:59
================================================================================
[2026-09-17T09:44:53.313+0000] {manager.py:878} INFO - 
================================================================================
DAG File Processing Stats

File Path                            PID    Runtime      # DAGs    # Errors  Last Runtime    Last Run
-----------------------------------  -----  ---------  --------  ----------  --------------  -------------------
/opt/airflow/dags/extraction_DAG.py                           0           1  0.12s           2026-09-17T09:44:29
================================================================================
[2026-09-17T09:45:23.518+0000] {manager.py:878} INFO - 
================================================================================
DAG File Processing Stats

File Path                            PID    Runtime      # DAGs    # Errors  Last Runtime    Last Run
-----------------------------------  -----  ---------  --------  ----------  --------------  -------------------
/opt/airflow/dags/extraction_DAG.py                           0           1  0.04s           2026-09-17T09:44:59
================================================================================
[2026-09-17T09:45:53.660+0000] {manager.py:878} INFO - 
================================================================================
DAG File Processing Stats

File Path                            PID    Runtime      # DAGs    # Errors  Last Runtime    Last Run
-----------------------------------  -----  ---------  --------  ----------  --------------  -------------------
/opt/airflow/dags/extraction_DAG.py                           0           1  0.12s           2026-09-17T09:45:29
================================================================================
[2026-09-17T09:46:23.774+0000] {manager.py:878} INFO - 
================================================================================
DAG File Processing Stats

File Path                            PID    Runtime      # DAGs    # Errors  Last Runtime    Last Run
-----------------------------------  -----  ---------  --------  ----------  --------------  -------------------
/opt/airflow/dags/extraction_DAG.py                           0           1  0.03s           2026-09-17T09:45:59
================================================================================
[2026-09-17T09:46:53.918+0000] {manager.py:878} INFO - 
================================================================================
DAG File Processing Stats

File Path                            PID    Runtime      # DAGs    # Errors  Last Runtime    Last Run
-----------------------------------  -----  ---------  --------  ----------  --------------  -------------------
/opt/airflow/dags/extraction_DAG.py                           0           1  0.09s           2026-09-17T09:46:29
================================================================================
[2026-09-17T09:47:00.955+0000] {manager.py:737} INFO - Searching for files in /opt/airflow/dags
[2026-09-17T09:47:00.957+0000] {manager.py:740} INFO - There are 1 files in /opt/airflow/dags
[2026-09-17T09:47:24.068+0000] {manager.py:878} INFO - 
================================================================================
DAG File Processing Stats

File Path                            PID    Runtime      # DAGs    # Errors  Last Runtime    Last Run
-----------------------------------  -----  ---------  --------  ----------  --------------  -------------------
/opt/airflow/dags/extraction_DAG.py                           0           1  0.05s           2026-09-17T09:46:59
================================================================================
[2026-09-17T09:47:54.194+0000] {manager.py:878} INFO - 
================================================================================
DAG File Processing Stats

File Path                            PID    Runtime      # DAGs    # Errors  Last Runtime    Last Run
-----------------------------------  -----  ---------  --------  ----------  --------------  -------------------
/opt/airflow/dags/extraction_DAG.py                           0           1  0.15s           2026-09-17T09:47:30
================================================================================
[2026-09-17T09:48:24.450+0000] {manager.py:878} INFO - 
================================================================================
DAG File Processing Stats

File Path                            PID    Runtime      # DAGs    # Errors  Last Runtime    Last Run
-----------------------------------  -----  ---------  --------  ----------  --------------  -------------------
/opt/airflow/dags/extraction_DAG.py                           0           1  0.04s           2026-09-17T09:48:00
================================================================================
[2026-09-17T09:48:54.578+0000] {manager.py:878} INFO - 
================================================================================
DAG File Processing Stats

File Path                            PID    Runtime      # DAGs    # Errors  Last Runtime    Last Run
-----------------------------------  -----  ---------  --------  ----------  --------------  -------------------
/opt/airflow/dags/extraction_DAG.py                           0           1  0.14s           2026-09-17T09:48:30
================================================================================
[2026-09-17T09:49:24.836+0000] {manager.py:878} INFO - 
================================================================================
DAG File Processing Stats

File Path                            PID    Runtime      # DAGs    # Errors  Last Runtime    Last Run
-----------------------------------  -----  ---------  --------  ----------  --------------  -------------------
/opt/airflow/dags/extraction_DAG.py                           0           1  0.05s           2026-09-17T09:49:00
================================================================================
[2026-09-17T09:49:54.985+0000] {manager.py:878} INFO - 
================================================================================
DAG File Processing Stats

File Path                            PID    Runtime      # DAGs    # Errors  Last Runtime    Last Run
-----------------------------------  -----  ---------  --------  ----------  --------------  -------------------
/opt/airflow/dags/extraction_DAG.py                           0           1  0.05s           2026-09-17T09:49:30
================================================================================
[2026-09-17T09:50:25.130+0000] {manager.py:878} INFO - 
================================================================================
DAG File Processing Stats

File Path                            PID    Runtime      # DAGs    # Errors  Last Runtime    Last Run
-----------------------------------  -----  ---------  --------  ----------  --------------  -------------------
/opt/airflow/dags/extraction_DAG.py                           0           1  0.04s           2026-09-17T09:50:01
================================================================================
[2026-09-17T09:50:55.270+0000] {manager.py:878} INFO - 
================================================================================
DAG File Processing Stats

File Path                            PID    Runtime      # DAGs    # Errors  Last Runtime    Last Run
-----------------------------------  -----  ---------  --------  ----------  --------------  -------------------
/opt/airflow/dags/extraction_DAG.py                           0           1  0.15s           2026-09-17T09:50:31
================================================================================
[2026-09-17T09:51:25.509+0000] {manager.py:878} INFO - 
================================================================================
DAG File Processing Stats

File Path                            PID    Runtime      # DAGs    # Errors  Last Runtime    Last Run
-----------------------------------  -----  ---------  --------  ----------  --------------  -------------------
/opt/airflow/dags/extraction_DAG.py                           0           1  0.05s           2026-09-17T09:51:01
================================================================================
[2026-09-17T09:51:55.637+0000] {manager.py:878} INFO - 
================================================================================
DAG File Processing Stats

File Path                            PID    Runtime      # DAGs    # Errors  Last Runtime    Last Run
-----------------------------------  -----  ---------  --------  ----------  --------------  -------------------
/opt/airflow/dags/extraction_DAG.py                           0           1  0.14s           2026-09-17T09:51:31
================================================================================
[2026-09-17T09:52:01.660+0000] {manager.py:737} INFO - Searching for files in /opt/airflow/dags
[2026-09-17T09:52:01.662+0000] {manager.py:740} INFO - There are 1 files in /opt/airflow/dags
[2026-09-17T09:52:25.870+0000] {manager.py:878} INFO - 
================================================================================
DAG File Processing Stats

File Path                            PID    Runtime      # DAGs    # Errors  Last Runtime    Last Run
-----------------------------------  -----  ---------  --------  ----------  --------------  -------------------
/opt/airflow/dags/extraction_DAG.py                           0           1  0.03s           2026-09-17T09:52:01
================================================================================
[2026-09-17T09:52:55.990+0000] {manager.py:878} INFO - 
================================================================================
DAG File Processing Stats

File Path                            PID    Runtime      # DAGs    # Errors  Last Runtime    Last Run
-----------------------------------  -----  ---------  --------  ----------  --------------  -------------------
/opt/airflow/dags/extraction_DAG.py                           0           1  0.07s           2026-09-17T09:52:31
================================================================================
[2026-09-17T09:53:26.144+0000] {manager.py:878} INFO - 
================================================================================
DAG File Processing Stats

File Path                            PID    Runtime      # DAGs    # Errors  Last Runtime    Last Run
-----------------------------------  -----  ---------  --------  ----------  --------------  -------------------
/opt/airflow/dags/extraction_DAG.py                           0           1  0.04s           2026-09-17T09:53:02
================================================================================
[2026-09-17T09:53:56.277+0000] {manager.py:878} INFO - 
================================================================================
DAG File Processing Stats

File Path                            PID    Runtime      # DAGs    # Errors  Last Runtime    Last Run
-----------------------------------  -----  ---------  --------  ----------  --------------  -------------------
/opt/airflow/dags/extraction_DAG.py                           0           1  0.13s           2026-09-17T09:53:32
================================================================================
[2026-09-17T09:54:26.410+0000] {manager.py:878} INFO - 
================================================================================
DAG File Processing Stats

File Path                            PID    Runtime      # DAGs    # Errors  Last Runtime    Last Run
-----------------------------------  -----  ---------  --------  ----------  --------------  -------------------
/opt/airflow/dags/extraction_DAG.py                           0           1  0.03s           2026-09-17T09:54:02
================================================================================
[2026-09-17T09:54:56.553+0000] {manager.py:878} INFO - 
================================================================================
DAG File Processing Stats

File Path                            PID    Runtime      # DAGs    # Errors  Last Runtime    Last Run
-----------------------------------  -----  ---------  --------  ----------  --------------  -------------------
/opt/airflow/dags/extraction_DAG.py                           0           1  0.12s           2026-09-17T09:54:32
================================================================================
[2026-09-17T09:55:26.663+0000] {manager.py:878} INFO - 
================================================================================
DAG File Processing Stats

File Path                            PID    Runtime      # DAGs    # Errors  Last Runtime    Last Run
-----------------------------------  -----  ---------  --------  ----------  --------------  -------------------
/opt/airflow/dags/extraction_DAG.py                           0           1  0.03s           2026-09-17T09:55:02
================================================================================
[2026-09-17T09:55:56.811+0000] {manager.py:878} INFO - 
================================================================================
DAG File Processing Stats

File Path                            PID    Runtime      # DAGs    # Errors  Last Runtime    Last Run
-----------------------------------  -----  ---------  --------  ----------  --------------  -------------------
/opt/airflow/dags/extraction_DAG.py                           0           1  0.15s           2026-09-17T09:55:32
================================================================================
[2026-09-17T09:56:26.955+0000] {manager.py:878} INFO - 
================================================================================
DAG File Processing Stats

File Path                            PID    Runtime      # DAGs    # Errors  Last Runtime    Last Run
-----------------------------------  -----  ---------  --------  ----------  --------------  -------------------
/opt/airflow/dags/extraction_DAG.py                           0           1  0.04s           2026-09-17T09:56:02
================================================================================
[2026-09-17T09:56:57.092+0000] {manager.py:878} INFO - 
================================================================================
DAG File Processing Stats

File Path                            PID    Runtime      # DAGs    # Errors  Last Runtime    Last Run
-----------------------------------  -----  ---------  --------  ----------  --------------  -------------------
/opt/airflow/dags/extraction_DAG.py                           0           1  0.14s           2026-09-17T09:56:33
================================================================================
[2026-09-17T09:57:02.115+0000] {manager.py:737} INFO - Searching for files in /opt/airflow/dags
[2026-09-17T09:57:02.117+0000] {manager.py:740} INFO - There are 1 files in /opt/airflow/dags
[2026-09-17T09:57:27.232+0000] {manager.py:878} INFO - 
================================================================================
DAG File Processing Stats

File Path                            PID    Runtime      # DAGs    # Errors  Last Runtime    Last Run
-----------------------------------  -----  ---------  --------  ----------  --------------  -------------------
/opt/airflow/dags/extraction_DAG.py                           0           1  0.04s           2026-09-17T09:57:03
================================================================================
[2026-09-17T09:57:57.371+0000] {manager.py:878} INFO - 
================================================================================
DAG File Processing Stats

File Path                            PID    Runtime      # DAGs    # Errors  Last Runtime    Last Run
-----------------------------------  -----  ---------  --------  ----------  --------------  -------------------
/opt/airflow/dags/extraction_DAG.py                           0           1  0.13s           2026-09-17T09:57:33
================================================================================
[2026-09-17T09:58:27.475+0000] {manager.py:878} INFO - 
================================================================================
DAG File Processing Stats

File Path                            PID    Runtime      # DAGs    # Errors  Last Runtime    Last Run
-----------------------------------  -----  ---------  --------  ----------  --------------  -------------------
/opt/airflow/dags/extraction_DAG.py                           0           1  0.03s           2026-09-17T09:58:03
================================================================================
[2026-09-17T09:58:57.577+0000] {manager.py:878} INFO - 
================================================================================
DAG File Processing Stats

File Path                            PID    Runtime      # DAGs    # Errors  Last Runtime    Last Run
-----------------------------------  -----  ---------  --------  ----------  --------------  -------------------
/opt/airflow/dags/extraction_DAG.py                           0           1  0.04s           2026-09-17T09:58:33
================================================================================
[2026-09-17T09:59:27.712+0000] {manager.py:878} INFO - 
================================================================================
DAG File Processing Stats

File Path                            PID    Runtime      # DAGs    # Errors  Last Runtime    Last Run
-----------------------------------  -----  ---------  --------  ----------  --------------  -------------------
/opt/airflow/dags/extraction_DAG.py                           0           1  0.04s           2026-09-17T09:59:03
================================================================================
[2026-09-17T09:59:57.849+0000] {manager.py:878} INFO - 
================================================================================
DAG File Processing Stats

File Path                            PID    Runtime      # DAGs    # Errors  Last Runtime    Last Run
-----------------------------------  -----  ---------  --------  ----------  --------------  -------------------
/opt/airflow/dags/extraction_DAG.py                           0           1  0.14s           2026-09-17T09:59:33
================================================================================
[2026-09-17T10:00:28.069+0000] {manager.py:878} INFO - 
================================================================================
DAG File Processing Stats

File Path                            PID    Runtime      # DAGs    # Errors  Last Runtime    Last Run
-----------------------------------  -----  ---------  --------  ----------  --------------  -------------------
/opt/airflow/dags/extraction_DAG.py                           0           1  0.03s           2026-09-17T10:00:04
================================================================================
[2026-09-17T10:00:58.185+0000] {manager.py:878} INFO - 
================================================================================
DAG File Processing Stats

File Path                            PID    Runtime      # DAGs    # Errors  Last Runtime    Last Run
-----------------------------------  -----  ---------  --------  ----------  --------------  -------------------
/opt/airflow/dags/extraction_DAG.py                           0           1  0.05s           2026-09-17T10:00:34
================================================================================
[2026-09-17T10:01:28.345+0000] {manager.py:878} INFO - 
================================================================================
DAG File Processing Stats

File Path                            PID    Runtime      # DAGs    # Errors  Last Runtime    Last Run
-----------------------------------  -----  ---------  --------  ----------  --------------  -------------------
/opt/airflow/dags/extraction_DAG.py                           0           1  0.05s           2026-09-17T10:01:26
================================================================================
[2026-09-17T10:01:58.499+0000] {manager.py:878} INFO - 
================================================================================
DAG File Processing Stats

File Path                            PID    Runtime      # DAGs    # Errors  Last Runtime    Last Run
-----------------------------------  -----  ---------  --------  ----------  --------------  -------------------
/opt/airflow/dags/extraction_DAG.py                           0           1  0.04s           2026-09-17T10:01:40
================================================================================
[2026-09-17T10:02:02.510+0000] {manager.py:737} INFO - Searching for files in /opt/airflow/dags
[2026-09-17T10:02:02.512+0000] {manager.py:740} INFO - There are 1 files in /opt/airflow/dags
[2026-09-17T10:02:28.653+0000] {manager.py:878} INFO - 
================================================================================
DAG File Processing Stats

File Path                            PID    Runtime      # DAGs    # Errors  Last Runtime    Last Run
-----------------------------------  -----  ---------  --------  ----------  --------------  -------------------
/opt/airflow/dags/extraction_DAG.py                           0           1  0.26s           2026-09-17T10:02:10
================================================================================
[2026-09-17T10:02:59.027+0000] {manager.py:878} INFO - 
================================================================================
DAG File Processing Stats

File Path                            PID    Runtime      # DAGs    # Errors  Last Runtime    Last Run
-----------------------------------  -----  ---------  --------  ----------  --------------  -------------------
/opt/airflow/dags/extraction_DAG.py                           0           1  0.04s           2026-09-17T10:02:40
================================================================================
[2026-09-17T10:03:29.155+0000] {manager.py:878} INFO - 
================================================================================
DAG File Processing Stats

File Path                            PID    Runtime      # DAGs    # Errors  Last Runtime    Last Run
-----------------------------------  -----  ---------  --------  ----------  --------------  -------------------
/opt/airflow/dags/extraction_DAG.py                           0           1  0.06s           2026-09-17T10:03:00
================================================================================
[2026-09-17T10:03:59.309+0000] {manager.py:878} INFO - 
================================================================================
DAG File Processing Stats

File Path                            PID    Runtime      # DAGs    # Errors  Last Runtime    Last Run
-----------------------------------  -----  ---------  --------  ----------  --------------  -------------------
/opt/airflow/dags/extraction_DAG.py                           0           1  0.13s           2026-09-17T10:03:48
================================================================================
[2026-09-17T10:04:29.430+0000] {manager.py:878} INFO - 
================================================================================
DAG File Processing Stats

File Path                            PID    Runtime      # DAGs    # Errors  Last Runtime    Last Run
-----------------------------------  -----  ---------  --------  ----------  --------------  -------------------
/opt/airflow/dags/extraction_DAG.py                           0           1  0.03s           2026-09-17T10:04:18
================================================================================
[2026-09-17T10:04:59.562+0000] {manager.py:878} INFO - 
================================================================================
DAG File Processing Stats

File Path                            PID    Runtime      # DAGs    # Errors  Last Runtime    Last Run
-----------------------------------  -----  ---------  --------  ----------  --------------  -------------------
/opt/airflow/dags/extraction_DAG.py                           0           1  0.07s           2026-09-17T10:04:48
================================================================================
[2026-09-17T10:05:29.715+0000] {manager.py:878} INFO - 
================================================================================
DAG File Processing Stats

File Path                            PID    Runtime      # DAGs    # Errors  Last Runtime    Last Run
-----------------------------------  -----  ---------  --------  ----------  --------------  -------------------
/opt/airflow/dags/extraction_DAG.py                           0           1  0.05s           2026-09-17T10:05:16
================================================================================
[2026-09-17T10:05:59.834+0000] {manager.py:878} INFO - 
================================================================================
DAG File Processing Stats

File Path                            PID    Runtime      # DAGs    # Errors  Last Runtime    Last Run
-----------------------------------  -----  ---------  --------  ----------  --------------  -------------------
/opt/airflow/dags/extraction_DAG.py                           0           1  0.12s           2026-09-17T10:05:46
================================================================================
[2026-09-17T10:06:29.969+0000] {manager.py:878} INFO - 
================================================================================
DAG File Processing Stats

File Path                            PID    Runtime      # DAGs    # Errors  Last Runtime    Last Run
-----------------------------------  -----  ---------  --------  ----------  --------------  -------------------
/opt/airflow/dags/extraction_DAG.py                           0           1  0.04s           2026-09-17T10:06:16
================================================================================
[2026-09-17T10:07:00.101+0000] {manager.py:878} INFO - 
================================================================================
DAG File Processing Stats

File Path                            PID    Runtime      # DAGs    # Errors  Last Runtime    Last Run
-----------------------------------  -----  ---------  --------  ----------  --------------  -------------------
/opt/airflow/dags/extraction_DAG.py                           0           1  0.14s           2026-09-17T10:06:47
================================================================================
[2026-09-17T10:07:03.112+0000] {manager.py:737} INFO - Searching for files in /opt/airflow/dags
[2026-09-17T10:07:03.114+0000] {manager.py:740} INFO - There are 1 files in /opt/airflow/dags
[2026-09-17T10:07:30.335+0000] {manager.py:878} INFO - 
================================================================================
DAG File Processing Stats

File Path                            PID    Runtime      # DAGs    # Errors  Last Runtime    Last Run
-----------------------------------  -----  ---------  --------  ----------  --------------  -------------------
/opt/airflow/dags/extraction_DAG.py                           0           1  0.03s           2026-09-17T10:07:17
================================================================================
[2026-09-17T10:08:00.462+0000] {manager.py:878} INFO - 
================================================================================
DAG File Processing Stats

File Path                            PID    Runtime      # DAGs    # Errors  Last Runtime    Last Run
-----------------------------------  -----  ---------  --------  ----------  --------------  -------------------
/opt/airflow/dags/extraction_DAG.py                           0           1  0.15s           2026-09-17T10:07:32
================================================================================
[2026-09-17T10:08:30.718+0000] {manager.py:878} INFO - 
================================================================================
DAG File Processing Stats

File Path                            PID    Runtime      # DAGs    # Errors  Last Runtime    Last Run
-----------------------------------  -----  ---------  --------  ----------  --------------  -------------------
/opt/airflow/dags/extraction_DAG.py                           0           1  0.03s           2026-09-17T10:08:02
================================================================================
[2026-09-17T10:09:00.886+0000] {manager.py:878} INFO - 
================================================================================
DAG File Processing Stats

File Path                            PID    Runtime      # DAGs    # Errors  Last Runtime    Last Run
-----------------------------------  -----  ---------  --------  ----------  --------------  -------------------
/opt/airflow/dags/extraction_DAG.py                           0           1  0.04s           2026-09-17T10:08:57
================================================================================
[2026-09-17T10:09:31.016+0000] {manager.py:878} INFO - 
================================================================================
DAG File Processing Stats

File Path                            PID    Runtime      # DAGs    # Errors  Last Runtime    Last Run
-----------------------------------  -----  ---------  --------  ----------  --------------  -------------------
/opt/airflow/dags/extraction_DAG.py                           0           1  0.04s           2026-09-17T10:09:28
================================================================================
[2026-09-17T10:10:01.163+0000] {manager.py:878} INFO - 
================================================================================
DAG File Processing Stats

File Path                            PID    Runtime      # DAGs    # Errors  Last Runtime    Last Run
-----------------------------------  -----  ---------  --------  ----------  --------------  -------------------
/opt/airflow/dags/extraction_DAG.py                           0           1  0.04s           2026-09-17T10:09:58
================================================================================
[2026-09-17T10:10:31.293+0000] {manager.py:878} INFO - 
================================================================================
DAG File Processing Stats

File Path                            PID    Runtime      # DAGs    # Errors  Last Runtime    Last Run
-----------------------------------  -----  ---------  --------  ----------  --------------  -------------------
/opt/airflow/dags/extraction_DAG.py                           0           1  0.12s           2026-09-17T10:10:28
================================================================================
[2026-09-17T10:11:01.487+0000] {manager.py:878} INFO - 
================================================================================
DAG File Processing Stats

File Path                            PID    Runtime      # DAGs    # Errors  Last Runtime    Last Run
-----------------------------------  -----  ---------  --------  ----------  --------------  -------------------
/opt/airflow/dags/extraction_DAG.py                           0           1  0.03s           2026-09-17T10:10:58
================================================================================
[2026-09-17T10:11:31.621+0000] {manager.py:878} INFO - 
================================================================================
DAG File Processing Stats

File Path                            PID    Runtime      # DAGs    # Errors  Last Runtime    Last Run
-----------------------------------  -----  ---------  --------  ----------  --------------  -------------------
/opt/airflow/dags/extraction_DAG.py                           0           1  0.19s           2026-09-17T10:11:28
================================================================================
[2026-09-17T10:12:01.911+0000] {manager.py:878} INFO - 
================================================================================
DAG File Processing Stats

File Path                            PID    Runtime      # DAGs    # Errors  Last Runtime    Last Run
-----------------------------------  -----  ---------  --------  ----------  --------------  -------------------
/opt/airflow/dags/extraction_DAG.py                           0           1  0.04s           2026-09-17T10:11:58
================================================================================
[2026-09-17T10:12:03.917+0000] {manager.py:737} INFO - Searching for files in /opt/airflow/dags
[2026-09-17T10:12:03.918+0000] {manager.py:740} INFO - There are 1 files in /opt/airflow/dags
[2026-09-17T10:12:32.051+0000] {manager.py:878} INFO - 
================================================================================
DAG File Processing Stats

File Path                            PID    Runtime      # DAGs    # Errors  Last Runtime    Last Run
-----------------------------------  -----  ---------  --------  ----------  --------------  -------------------
/opt/airflow/dags/extraction_DAG.py                           0           1  0.13s           2026-09-17T10:12:29
================================================================================
[2026-09-17T10:13:02.185+0000] {manager.py:878} INFO - 
================================================================================
DAG File Processing Stats

File Path                            PID    Runtime      # DAGs    # Errors  Last Runtime    Last Run
-----------------------------------  -----  ---------  --------  ----------  --------------  -------------------
/opt/airflow/dags/extraction_DAG.py                           0           1  0.04s           2026-09-17T10:12:59
================================================================================
[2026-09-17T10:13:32.332+0000] {manager.py:878} INFO - 
================================================================================
DAG File Processing Stats

File Path                            PID    Runtime      # DAGs    # Errors  Last Runtime    Last Run
-----------------------------------  -----  ---------  --------  ----------  --------------  -------------------
/opt/airflow/dags/extraction_DAG.py                           0           1  0.08s           2026-09-17T10:13:29
================================================================================
[2026-09-17T10:14:02.505+0000] {manager.py:878} INFO - 
================================================================================
DAG File Processing Stats

File Path                            PID    Runtime      # DAGs    # Errors  Last Runtime    Last Run
-----------------------------------  -----  ---------  --------  ----------  --------------  -------------------
/opt/airflow/dags/extraction_DAG.py                           1           0  1.18s           2026-09-17T10:13:56
================================================================================
[2026-09-17T10:14:32.739+0000] {manager.py:878} INFO - 
================================================================================
DAG File Processing Stats

File Path                            PID    Runtime      # DAGs    # Errors  Last Runtime    Last Run
-----------------------------------  -----  ---------  --------  ----------  --------------  -------------------
/opt/airflow/dags/extraction_DAG.py                           1           0  0.38s           2026-09-17T10:14:27
================================================================================
[2026-09-17T10:15:03.220+0000] {manager.py:878} INFO - 
================================================================================
DAG File Processing Stats

File Path                            PID    Runtime      # DAGs    # Errors  Last Runtime    Last Run
-----------------------------------  -----  ---------  --------  ----------  --------------  -------------------
/opt/airflow/dags/extraction_DAG.py                           0           1  0.03s           2026-09-17T10:14:57
================================================================================
[2026-09-17T10:15:33.347+0000] {manager.py:878} INFO - 
================================================================================
DAG File Processing Stats

File Path                            PID    Runtime      # DAGs    # Errors  Last Runtime    Last Run
-----------------------------------  -----  ---------  --------  ----------  --------------  -------------------
/opt/airflow/dags/extraction_DAG.py                           1           0  0.50s           2026-09-17T10:15:27
================================================================================
[2026-09-17T10:16:03.949+0000] {manager.py:878} INFO - 
================================================================================
DAG File Processing Stats

File Path                            PID    Runtime      # DAGs    # Errors  Last Runtime    Last Run
-----------------------------------  -----  ---------  --------  ----------  --------------  -------------------
/opt/airflow/dags/extraction_DAG.py                           1           0  0.37s           2026-09-17T10:15:58
================================================================================
[2026-09-17T10:16:34.416+0000] {manager.py:878} INFO - 
================================================================================
DAG File Processing Stats

File Path                            PID    Runtime      # DAGs    # Errors  Last Runtime    Last Run
-----------------------------------  -----  ---------  --------  ----------  --------------  -------------------
/opt/airflow/dags/extraction_DAG.py                           1           0  0.37s           2026-09-17T10:16:28
================================================================================
[2026-09-17T10:17:04.224+0000] {manager.py:737} INFO - Searching for files in /opt/airflow/dags
[2026-09-17T10:17:04.225+0000] {manager.py:740} INFO - There are 1 files in /opt/airflow/dags
[2026-09-17T10:17:04.872+0000] {manager.py:878} INFO - 
================================================================================
DAG File Processing Stats

File Path                            PID    Runtime      # DAGs    # Errors  Last Runtime    Last Run
-----------------------------------  -----  ---------  --------  ----------  --------------  -------------------
/opt/airflow/dags/extraction_DAG.py                           1           0  0.36s           2026-09-17T10:16:59
================================================================================
[2026-09-17T10:17:35.344+0000] {manager.py:878} INFO - 
================================================================================
DAG File Processing Stats

File Path                            PID    Runtime      # DAGs    # Errors  Last Runtime    Last Run
-----------------------------------  -----  ---------  --------  ----------  --------------  -------------------
/opt/airflow/dags/extraction_DAG.py                           1           0  0.46s           2026-09-17T10:17:29
================================================================================
[2026-09-17T10:18:05.925+0000] {manager.py:878} INFO - 
================================================================================
DAG File Processing Stats

File Path                            PID    Runtime      # DAGs    # Errors  Last Runtime    Last Run
-----------------------------------  -----  ---------  --------  ----------  --------------  -------------------
/opt/airflow/dags/extraction_DAG.py                           1           0  0.35s           2026-09-17T10:18:00
================================================================================
[2026-09-17T10:18:36.397+0000] {manager.py:878} INFO - 
================================================================================
DAG File Processing Stats

File Path                            PID    Runtime      # DAGs    # Errors  Last Runtime    Last Run
-----------------------------------  -----  ---------  --------  ----------  --------------  -------------------
/opt/airflow/dags/extraction_DAG.py                           1           0  0.35s           2026-09-17T10:18:30
================================================================================
[2026-09-17T10:19:06.850+0000] {manager.py:878} INFO - 
================================================================================
DAG File Processing Stats

File Path                            PID    Runtime      # DAGs    # Errors  Last Runtime    Last Run
-----------------------------------  -----  ---------  --------  ----------  --------------  -------------------
/opt/airflow/dags/extraction_DAG.py                           1           0  0.38s           2026-09-17T10:19:01
================================================================================
[2026-09-17T10:19:37.352+0000] {manager.py:878} INFO - 
================================================================================
DAG File Processing Stats

File Path                            PID    Runtime      # DAGs    # Errors  Last Runtime    Last Run
-----------------------------------  -----  ---------  --------  ----------  --------------  -------------------
/opt/airflow/dags/extraction_DAG.py                           1           0  0.34s           2026-09-17T10:19:31
================================================================================
[2026-09-17T10:20:07.778+0000] {manager.py:878} INFO - 
================================================================================
DAG File Processing Stats

File Path                            PID    Runtime      # DAGs    # Errors  Last Runtime    Last Run
-----------------------------------  -----  ---------  --------  ----------  --------------  -------------------
/opt/airflow/dags/extraction_DAG.py                           1           0  0.38s           2026-09-17T10:20:02
================================================================================
[2026-09-17T10:20:38.247+0000] {manager.py:878} INFO - 
================================================================================
DAG File Processing Stats

File Path                            PID    Runtime      # DAGs    # Errors  Last Runtime    Last Run
-----------------------------------  -----  ---------  --------  ----------  --------------  -------------------
/opt/airflow/dags/extraction_DAG.py                           1           0  0.38s           2026-09-17T10:20:32
================================================================================
[2026-09-17T10:21:08.746+0000] {manager.py:878} INFO - 
================================================================================
DAG File Processing Stats

File Path                            PID    Runtime      # DAGs    # Errors  Last Runtime    Last Run
-----------------------------------  -----  ---------  --------  ----------  --------------  -------------------
/opt/airflow/dags/extraction_DAG.py                           1           0  0.35s           2026-09-17T10:21:03
================================================================================
[2026-09-17T10:21:39.195+0000] {manager.py:878} INFO - 
================================================================================
DAG File Processing Stats

File Path                            PID    Runtime      # DAGs    # Errors  Last Runtime    Last Run
-----------------------------------  -----  ---------  --------  ----------  --------------  -------------------
/opt/airflow/dags/extraction_DAG.py                           1           0  1.08s           2026-09-17T10:21:34
================================================================================
[2026-09-17T10:22:04.279+0000] {manager.py:737} INFO - Searching for files in /opt/airflow/dags
[2026-09-17T10:22:04.281+0000] {manager.py:740} INFO - There are 1 files in /opt/airflow/dags
[2026-09-17T10:22:09.367+0000] {manager.py:878} INFO - 
================================================================================
DAG File Processing Stats

File Path                            PID    Runtime      # DAGs    # Errors  Last Runtime    Last Run
-----------------------------------  -----  ---------  --------  ----------  --------------  -------------------
/opt/airflow/dags/extraction_DAG.py                           1           0  0.35s           2026-09-17T10:22:04
================================================================================
[2026-09-17T10:22:39.737+0000] {manager.py:878} INFO - 
================================================================================
DAG File Processing Stats

File Path                            PID    Runtime      # DAGs    # Errors  Last Runtime    Last Run
-----------------------------------  -----  ---------  --------  ----------  --------------  -------------------
/opt/airflow/dags/extraction_DAG.py                           1           0  0.39s           2026-09-17T10:22:35
================================================================================
[2026-09-17T10:23:10.235+0000] {manager.py:878} INFO - 
================================================================================
DAG File Processing Stats

File Path                            PID    Runtime      # DAGs    # Errors  Last Runtime    Last Run
-----------------------------------  -----  ---------  --------  ----------  --------------  -------------------
/opt/airflow/dags/extraction_DAG.py                           1           0  0.35s           2026-09-17T10:23:05
================================================================================
[2026-09-17T10:23:40.673+0000] {manager.py:878} INFO - 
================================================================================
DAG File Processing Stats

File Path                            PID    Runtime      # DAGs    # Errors  Last Runtime    Last Run
-----------------------------------  -----  ---------  --------  ----------  --------------  -------------------
/opt/airflow/dags/extraction_DAG.py                           1           0  0.37s           2026-09-17T10:23:36
================================================================================
[2026-09-17T10:24:11.138+0000] {manager.py:878} INFO - 
================================================================================
DAG File Processing Stats

File Path                            PID    Runtime      # DAGs    # Errors  Last Runtime    Last Run
-----------------------------------  -----  ---------  --------  ----------  --------------  -------------------
/opt/airflow/dags/extraction_DAG.py                           1           0  0.36s           2026-09-17T10:24:06
================================================================================
[2026-09-17T10:24:41.599+0000] {manager.py:878} INFO - 
================================================================================
DAG File Processing Stats

File Path                            PID    Runtime      # DAGs    # Errors  Last Runtime    Last Run
-----------------------------------  -----  ---------  --------  ----------  --------------  -------------------
/opt/airflow/dags/extraction_DAG.py                           1           0  0.35s           2026-09-17T10:24:36
================================================================================
[2026-09-17T10:25:12.057+0000] {manager.py:878} INFO - 
================================================================================
DAG File Processing Stats

File Path                            PID    Runtime      # DAGs    # Errors  Last Runtime    Last Run
-----------------------------------  -----  ---------  --------  ----------  --------------  -------------------
/opt/airflow/dags/extraction_DAG.py                           1           0  0.36s           2026-09-17T10:25:07
================================================================================
[2026-09-17T10:25:42.508+0000] {manager.py:878} INFO - 
================================================================================
DAG File Processing Stats

File Path                            PID    Runtime      # DAGs    # Errors  Last Runtime    Last Run
-----------------------------------  -----  ---------  --------  ----------  --------------  -------------------
/opt/airflow/dags/extraction_DAG.py                           1           0  0.51s           2026-09-17T10:25:37
================================================================================
[2026-09-17T10:26:13.132+0000] {manager.py:878} INFO - 
================================================================================
DAG File Processing Stats

File Path                            PID    Runtime      # DAGs    # Errors  Last Runtime    Last Run
-----------------------------------  -----  ---------  --------  ----------  --------------  -------------------
/opt/airflow/dags/extraction_DAG.py                           1           0  0.37s           2026-09-17T10:26:08
================================================================================
[2026-09-17T10:26:43.612+0000] {manager.py:878} INFO - 
================================================================================
DAG File Processing Stats

File Path                            PID    Runtime      # DAGs    # Errors  Last Runtime    Last Run
-----------------------------------  -----  ---------  --------  ----------  --------------  -------------------
/opt/airflow/dags/extraction_DAG.py                           1           0  0.49s           2026-09-17T10:26:39
================================================================================
[2026-09-17T10:27:04.683+0000] {manager.py:737} INFO - Searching for files in /opt/airflow/dags
[2026-09-17T10:27:04.685+0000] {manager.py:740} INFO - There are 1 files in /opt/airflow/dags
[2026-09-17T10:27:14.225+0000] {manager.py:878} INFO - 
================================================================================
DAG File Processing Stats

File Path                            PID    Runtime      # DAGs    # Errors  Last Runtime    Last Run
-----------------------------------  -----  ---------  --------  ----------  --------------  -------------------
/opt/airflow/dags/extraction_DAG.py                           1           0  0.35s           2026-09-17T10:27:09
================================================================================
[2026-09-17T10:27:44.683+0000] {manager.py:878} INFO - 
================================================================================
DAG File Processing Stats

File Path                            PID    Runtime      # DAGs    # Errors  Last Runtime    Last Run
-----------------------------------  -----  ---------  --------  ----------  --------------  -------------------
/opt/airflow/dags/extraction_DAG.py                           1           0  0.38s           2026-09-17T10:27:40
================================================================================
[2026-09-17T10:28:15.158+0000] {manager.py:878} INFO - 
================================================================================
DAG File Processing Stats

File Path                            PID    Runtime      # DAGs    # Errors  Last Runtime    Last Run
-----------------------------------  -----  ---------  --------  ----------  --------------  -------------------
/opt/airflow/dags/extraction_DAG.py                           1           0  0.36s           2026-09-17T10:28:10
================================================================================
[2026-09-17T10:28:45.594+0000] {manager.py:878} INFO - 
================================================================================
DAG File Processing Stats

File Path                            PID    Runtime      # DAGs    # Errors  Last Runtime    Last Run
-----------------------------------  -----  ---------  --------  ----------  --------------  -------------------
/opt/airflow/dags/extraction_DAG.py                           1           0  0.37s           2026-09-17T10:28:40
================================================================================
[2026-09-17T10:29:16.048+0000] {manager.py:878} INFO - 
================================================================================
DAG File Processing Stats

File Path                            PID    Runtime      # DAGs    # Errors  Last Runtime    Last Run
-----------------------------------  -----  ---------  --------  ----------  --------------  -------------------
/opt/airflow/dags/extraction_DAG.py                           1           0  0.36s           2026-09-17T10:29:11
================================================================================
[2026-09-17T10:29:46.530+0000] {manager.py:878} INFO - 
================================================================================
DAG File Processing Stats

File Path                            PID    Runtime      # DAGs    # Errors  Last Runtime    Last Run
-----------------------------------  -----  ---------  --------  ----------  --------------  -------------------
/opt/airflow/dags/extraction_DAG.py                           1           0  0.35s           2026-09-17T10:29:41
================================================================================
[2026-09-17T10:30:16.994+0000] {manager.py:878} INFO - 
================================================================================
DAG File Processing Stats

File Path                            PID    Runtime      # DAGs    # Errors  Last Runtime    Last Run
-----------------------------------  -----  ---------  --------  ----------  --------------  -------------------
/opt/airflow/dags/extraction_DAG.py                           1           0  0.38s           2026-09-17T10:30:12
================================================================================
[2026-09-17T10:30:47.469+0000] {manager.py:878} INFO - 
================================================================================
DAG File Processing Stats

File Path                            PID    Runtime      # DAGs    # Errors  Last Runtime    Last Run
-----------------------------------  -----  ---------  --------  ----------  --------------  -------------------
/opt/airflow/dags/extraction_DAG.py                           1           0  0.44s           2026-09-17T10:30:42
================================================================================
[2026-09-17T10:31:17.993+0000] {manager.py:878} INFO - 
================================================================================
DAG File Processing Stats

File Path                            PID    Runtime      # DAGs    # Errors  Last Runtime    Last Run
-----------------------------------  -----  ---------  --------  ----------  --------------  -------------------
/opt/airflow/dags/extraction_DAG.py                           1           0  0.46s           2026-09-17T10:31:13
================================================================================
[2026-09-17T10:31:48.559+0000] {manager.py:878} INFO - 
================================================================================
DAG File Processing Stats

File Path                            PID    Runtime      # DAGs    # Errors  Last Runtime    Last Run
-----------------------------------  -----  ---------  --------  ----------  --------------  -------------------
/opt/airflow/dags/extraction_DAG.py                           1           0  0.36s           2026-09-17T10:31:43
================================================================================
[2026-09-17T10:32:04.962+0000] {manager.py:737} INFO - Searching for files in /opt/airflow/dags
[2026-09-17T10:32:04.963+0000] {manager.py:740} INFO - There are 1 files in /opt/airflow/dags
[2026-09-17T10:32:19.015+0000] {manager.py:878} INFO - 
================================================================================
DAG File Processing Stats

File Path                            PID    Runtime      # DAGs    # Errors  Last Runtime    Last Run
-----------------------------------  -----  ---------  --------  ----------  --------------  -------------------
/opt/airflow/dags/extraction_DAG.py                           1           0  0.44s           2026-09-17T10:32:14
================================================================================
[2026-09-17T10:32:49.555+0000] {manager.py:878} INFO - 
================================================================================
DAG File Processing Stats

File Path                            PID    Runtime      # DAGs    # Errors  Last Runtime    Last Run
-----------------------------------  -----  ---------  --------  ----------  --------------  -------------------
/opt/airflow/dags/extraction_DAG.py                           1           0  0.36s           2026-09-17T10:32:44
================================================================================
[2026-09-17T10:33:20.036+0000] {manager.py:878} INFO - 
================================================================================
DAG File Processing Stats

File Path                            PID    Runtime      # DAGs    # Errors  Last Runtime    Last Run
-----------------------------------  -----  ---------  --------  ----------  --------------  -------------------
/opt/airflow/dags/extraction_DAG.py                           1           0  0.45s           2026-09-17T10:33:15
================================================================================
[2026-09-17T10:33:50.579+0000] {manager.py:878} INFO - 
================================================================================
DAG File Processing Stats

File Path                            PID    Runtime      # DAGs    # Errors  Last Runtime    Last Run
-----------------------------------  -----  ---------  --------  ----------  --------------  -------------------
/opt/airflow/dags/extraction_DAG.py                           1           0  0.37s           2026-09-17T10:33:45
================================================================================
[2026-09-17T10:34:21.043+0000] {manager.py:878} INFO - 
================================================================================
DAG File Processing Stats

File Path                            PID    Runtime      # DAGs    # Errors  Last Runtime    Last Run
-----------------------------------  -----  ---------  --------  ----------  --------------  -------------------
/opt/airflow/dags/extraction_DAG.py                           1           0  0.39s           2026-09-17T10:34:16
================================================================================
[2026-09-17T10:34:51.555+0000] {manager.py:878} INFO - 
================================================================================
DAG File Processing Stats

File Path                            PID    Runtime      # DAGs    # Errors  Last Runtime    Last Run
-----------------------------------  -----  ---------  --------  ----------  --------------  -------------------
/opt/airflow/dags/extraction_DAG.py                           1           0  0.37s           2026-09-17T10:34:46
================================================================================
[2026-09-17T10:35:21.998+0000] {manager.py:878} INFO - 
================================================================================
DAG File Processing Stats

File Path                            PID    Runtime      # DAGs    # Errors  Last Runtime    Last Run
-----------------------------------  -----  ---------  --------  ----------  --------------  -------------------
/opt/airflow/dags/extraction_DAG.py                           1           0  0.38s           2026-09-17T10:35:17
================================================================================
[2026-09-17T10:35:52.469+0000] {manager.py:878} INFO - 
================================================================================
DAG File Processing Stats

File Path                            PID    Runtime      # DAGs    # Errors  Last Runtime    Last Run
-----------------------------------  -----  ---------  --------  ----------  --------------  -------------------
/opt/airflow/dags/extraction_DAG.py                           1           0  0.39s           2026-09-17T10:35:47
================================================================================
[2026-09-17T10:36:22.970+0000] {manager.py:878} INFO - 
================================================================================
DAG File Processing Stats

File Path                            PID    Runtime      # DAGs    # Errors  Last Runtime    Last Run
-----------------------------------  -----  ---------  --------  ----------  --------------  -------------------
/opt/airflow/dags/extraction_DAG.py                           0           1  0.06s           2026-09-17T10:36:18
================================================================================
[2026-09-17T10:36:53.109+0000] {manager.py:878} INFO - 
================================================================================
DAG File Processing Stats

File Path                            PID    Runtime      # DAGs    # Errors  Last Runtime    Last Run
-----------------------------------  -----  ---------  --------  ----------  --------------  -------------------
/opt/airflow/dags/extraction_DAG.py                           1           0  0.38s           2026-09-17T10:36:48
================================================================================
[2026-09-17T10:37:05.147+0000] {manager.py:737} INFO - Searching for files in /opt/airflow/dags
[2026-09-17T10:37:05.148+0000] {manager.py:740} INFO - There are 1 files in /opt/airflow/dags
[2026-09-17T10:37:23.544+0000] {manager.py:878} INFO - 
================================================================================
DAG File Processing Stats

File Path                            PID    Runtime      # DAGs    # Errors  Last Runtime    Last Run
-----------------------------------  -----  ---------  --------  ----------  --------------  -------------------
/opt/airflow/dags/extraction_DAG.py                           1           0  0.46s           2026-09-17T10:37:18
================================================================================
[2026-09-17T10:37:54.089+0000] {manager.py:878} INFO - 
================================================================================
DAG File Processing Stats

File Path                            PID    Runtime      # DAGs    # Errors  Last Runtime    Last Run
-----------------------------------  -----  ---------  --------  ----------  --------------  -------------------
/opt/airflow/dags/extraction_DAG.py                           1           0  0.39s           2026-09-17T10:37:49
================================================================================
[2026-09-17T10:38:24.595+0000] {manager.py:878} INFO - 
================================================================================
DAG File Processing Stats

File Path                            PID    Runtime      # DAGs    # Errors  Last Runtime    Last Run
-----------------------------------  -----  ---------  --------  ----------  --------------  -------------------
/opt/airflow/dags/extraction_DAG.py                           1           0  0.36s           2026-09-17T10:38:19
================================================================================
[2026-09-17T10:38:55.063+0000] {manager.py:878} INFO - 
================================================================================
DAG File Processing Stats

File Path                            PID    Runtime      # DAGs    # Errors  Last Runtime    Last Run
-----------------------------------  -----  ---------  --------  ----------  --------------  -------------------
/opt/airflow/dags/extraction_DAG.py                           1           0  0.35s           2026-09-17T10:38:50
================================================================================
[2026-09-17T10:39:25.518+0000] {manager.py:878} INFO - 
================================================================================
DAG File Processing Stats

File Path                            PID    Runtime      # DAGs    # Errors  Last Runtime    Last Run
-----------------------------------  -----  ---------  --------  ----------  --------------  -------------------
/opt/airflow/dags/extraction_DAG.py                           1           0  0.37s           2026-09-17T10:39:20
================================================================================
[2026-09-17T10:39:56.002+0000] {manager.py:878} INFO - 
================================================================================
DAG File Processing Stats

File Path                            PID    Runtime      # DAGs    # Errors  Last Runtime    Last Run
-----------------------------------  -----  ---------  --------  ----------  --------------  -------------------
/opt/airflow/dags/extraction_DAG.py                           1           0  0.45s           2026-09-17T10:39:51
================================================================================
[2026-09-17T10:40:26.579+0000] {manager.py:878} INFO - 
================================================================================
DAG File Processing Stats

File Path                            PID    Runtime      # DAGs    # Errors  Last Runtime    Last Run
-----------------------------------  -----  ---------  --------  ----------  --------------  -------------------
/opt/airflow/dags/extraction_DAG.py                           1           0  0.36s           2026-09-17T10:40:21
================================================================================
[2026-09-17T10:40:57.060+0000] {manager.py:878} INFO - 
================================================================================
DAG File Processing Stats

File Path                            PID    Runtime      # DAGs    # Errors  Last Runtime    Last Run
-----------------------------------  -----  ---------  --------  ----------  --------------  -------------------
/opt/airflow/dags/extraction_DAG.py                           1           0  0.36s           2026-09-17T10:40:52
================================================================================
[2026-09-17T10:41:27.518+0000] {manager.py:878} INFO - 
================================================================================
DAG File Processing Stats

File Path                            PID    Runtime      # DAGs    # Errors  Last Runtime    Last Run
-----------------------------------  -----  ---------  --------  ----------  --------------  -------------------
/opt/airflow/dags/extraction_DAG.py                           1           0  0.41s           2026-09-17T10:41:22
================================================================================
[2026-09-17T10:41:58.018+0000] {manager.py:878} INFO - 
================================================================================
DAG File Processing Stats

File Path                            PID    Runtime      # DAGs    # Errors  Last Runtime    Last Run
-----------------------------------  -----  ---------  --------  ----------  --------------  -------------------
/opt/airflow/dags/extraction_DAG.py                           1           0  0.36s           2026-09-17T10:41:53
================================================================================
[2026-09-17T10:42:05.400+0000] {manager.py:737} INFO - Searching for files in /opt/airflow/dags
[2026-09-17T10:42:05.402+0000] {manager.py:740} INFO - There are 1 files in /opt/airflow/dags
[2026-09-17T10:42:28.481+0000] {manager.py:878} INFO - 
================================================================================
DAG File Processing Stats

File Path                            PID    Runtime      # DAGs    # Errors  Last Runtime    Last Run
-----------------------------------  -----  ---------  --------  ----------  --------------  -------------------
/opt/airflow/dags/extraction_DAG.py                           1           0  0.37s           2026-09-17T10:42:23
================================================================================
[2026-09-17T10:42:58.946+0000] {manager.py:878} INFO - 
================================================================================
DAG File Processing Stats

File Path                            PID    Runtime      # DAGs    # Errors  Last Runtime    Last Run
-----------------------------------  -----  ---------  --------  ----------  --------------  -------------------
/opt/airflow/dags/extraction_DAG.py                           1           0  0.37s           2026-09-17T10:42:54
================================================================================
[2026-09-17T10:43:29.395+0000] {manager.py:878} INFO - 
================================================================================
DAG File Processing Stats

File Path                            PID    Runtime      # DAGs    # Errors  Last Runtime    Last Run
-----------------------------------  -----  ---------  --------  ----------  --------------  -------------------
/opt/airflow/dags/extraction_DAG.py                           1           0  0.49s           2026-09-17T10:43:24
================================================================================
[2026-09-17T10:43:59.399+0000] {manager.py:878} INFO - 
================================================================================
DAG File Processing Stats

File Path                            PID    Runtime      # DAGs    # Errors  Last Runtime    Last Run
-----------------------------------  -----  ---------  --------  ----------  --------------  -------------------
/opt/airflow/dags/extraction_DAG.py                           1           0  0.42s           2026-09-17T10:43:55
================================================================================
[2026-09-17T10:44:29.510+0000] {manager.py:878} INFO - 
================================================================================
DAG File Processing Stats

File Path                            PID    Runtime      # DAGs    # Errors  Last Runtime    Last Run
-----------------------------------  -----  ---------  --------  ----------  --------------  -------------------
/opt/airflow/dags/extraction_DAG.py                           1           0  0.39s           2026-09-17T10:44:25
================================================================================
[2026-09-17T10:45:00.002+0000] {manager.py:878} INFO - 
================================================================================
DAG File Processing Stats

File Path                            PID    Runtime      # DAGs    # Errors  Last Runtime    Last Run
-----------------------------------  -----  ---------  --------  ----------  --------------  -------------------
/opt/airflow/dags/extraction_DAG.py                           1           0  0.36s           2026-09-17T10:44:56
================================================================================
[2026-09-17T10:45:30.483+0000] {manager.py:878} INFO - 
================================================================================
DAG File Processing Stats

File Path                            PID    Runtime      # DAGs    # Errors  Last Runtime    Last Run
-----------------------------------  -----  ---------  --------  ----------  --------------  -------------------
/opt/airflow/dags/extraction_DAG.py                           1           0  0.39s           2026-09-17T10:45:26
================================================================================
[2026-09-17T10:46:00.985+0000] {manager.py:878} INFO - 
================================================================================
DAG File Processing Stats

File Path                            PID    Runtime      # DAGs    # Errors  Last Runtime    Last Run
-----------------------------------  -----  ---------  --------  ----------  --------------  -------------------
/opt/airflow/dags/extraction_DAG.py                           1           0  0.37s           2026-09-17T10:45:57
================================================================================
[2026-09-17T10:46:31.480+0000] {manager.py:878} INFO - 
================================================================================
DAG File Processing Stats

File Path                            PID    Runtime      # DAGs    # Errors  Last Runtime    Last Run
-----------------------------------  -----  ---------  --------  ----------  --------------  -------------------
/opt/airflow/dags/extraction_DAG.py                           1           0  0.39s           2026-09-17T10:46:27
================================================================================
[2026-09-17T10:47:01.982+0000] {manager.py:878} INFO - 
================================================================================
DAG File Processing Stats

File Path                            PID    Runtime      # DAGs    # Errors  Last Runtime    Last Run
-----------------------------------  -----  ---------  --------  ----------  --------------  -------------------
/opt/airflow/dags/extraction_DAG.py                           1           0  0.38s           2026-09-17T10:46:58
================================================================================
[2026-09-17T10:47:05.998+0000] {manager.py:737} INFO - Searching for files in /opt/airflow/dags
[2026-09-17T10:47:06.000+0000] {manager.py:740} INFO - There are 1 files in /opt/airflow/dags
[2026-09-17T10:47:32.488+0000] {manager.py:878} INFO - 
================================================================================
DAG File Processing Stats

File Path                            PID    Runtime      # DAGs    # Errors  Last Runtime    Last Run
-----------------------------------  -----  ---------  --------  ----------  --------------  -------------------
/opt/airflow/dags/extraction_DAG.py                           1           0  0.36s           2026-09-17T10:47:28
================================================================================
[2026-09-17T10:48:02.957+0000] {manager.py:878} INFO - 
================================================================================
DAG File Processing Stats

File Path                            PID    Runtime      # DAGs    # Errors  Last Runtime    Last Run
-----------------------------------  -----  ---------  --------  ----------  --------------  -------------------
/opt/airflow/dags/extraction_DAG.py                           1           0  0.36s           2026-09-17T10:47:59
================================================================================
[2026-09-17T10:48:33.442+0000] {manager.py:878} INFO - 
================================================================================
DAG File Processing Stats

File Path                            PID    Runtime      # DAGs    # Errors  Last Runtime    Last Run
-----------------------------------  -----  ---------  --------  ----------  --------------  -------------------
/opt/airflow/dags/extraction_DAG.py                           1           0  0.38s           2026-09-17T10:48:29
================================================================================
[2026-09-17T10:49:03.930+0000] {manager.py:878} INFO - 
================================================================================
DAG File Processing Stats

File Path                            PID    Runtime      # DAGs    # Errors  Last Runtime    Last Run
-----------------------------------  -----  ---------  --------  ----------  --------------  -------------------
/opt/airflow/dags/extraction_DAG.py                           1           0  0.38s           2026-09-17T10:49:00
================================================================================
[2026-09-17T10:49:34.419+0000] {manager.py:878} INFO - 
================================================================================
DAG File Processing Stats

File Path                            PID    Runtime      # DAGs    # Errors  Last Runtime    Last Run
-----------------------------------  -----  ---------  --------  ----------  --------------  -------------------
/opt/airflow/dags/extraction_DAG.py                           1           0  0.36s           2026-09-17T10:49:30
================================================================================
[2026-09-17T10:50:04.863+0000] {manager.py:878} INFO - 
================================================================================
DAG File Processing Stats

File Path                            PID    Runtime      # DAGs    # Errors  Last Runtime    Last Run
-----------------------------------  -----  ---------  --------  ----------  --------------  -------------------
/opt/airflow/dags/extraction_DAG.py                           1           0  0.53s           2026-09-17T10:50:01
================================================================================
[2026-09-17T10:50:35.517+0000] {manager.py:878} INFO - 
================================================================================
DAG File Processing Stats

File Path                            PID    Runtime      # DAGs    # Errors  Last Runtime    Last Run
-----------------------------------  -----  ---------  --------  ----------  --------------  -------------------
/opt/airflow/dags/extraction_DAG.py                           1           0  0.35s           2026-09-17T10:50:31
================================================================================
[2026-09-17T10:51:05.985+0000] {manager.py:878} INFO - 
================================================================================
DAG File Processing Stats

File Path                            PID    Runtime      # DAGs    # Errors  Last Runtime    Last Run
-----------------------------------  -----  ---------  --------  ----------  --------------  -------------------
/opt/airflow/dags/extraction_DAG.py                           1           0  0.37s           2026-09-17T10:51:02
================================================================================
[2026-09-17T10:51:36.483+0000] {manager.py:878} INFO - 
================================================================================
DAG File Processing Stats

File Path                            PID    Runtime      # DAGs    # Errors  Last Runtime    Last Run
-----------------------------------  -----  ---------  --------  ----------  --------------  -------------------
/opt/airflow/dags/extraction_DAG.py                           1           0  0.38s           2026-09-17T10:51:32
================================================================================
[2026-09-17T10:52:06.331+0000] {manager.py:737} INFO - Searching for files in /opt/airflow/dags
[2026-09-17T10:52:06.334+0000] {manager.py:740} INFO - There are 1 files in /opt/airflow/dags
[2026-09-17T10:52:06.984+0000] {manager.py:878} INFO - 
================================================================================
DAG File Processing Stats

File Path                            PID    Runtime      # DAGs    # Errors  Last Runtime    Last Run
-----------------------------------  -----  ---------  --------  ----------  --------------  -------------------
/opt/airflow/dags/extraction_DAG.py                           1           0  0.36s           2026-09-17T10:52:03
================================================================================
[2026-09-17T10:52:37.480+0000] {manager.py:878} INFO - 
================================================================================
DAG File Processing Stats

File Path                            PID    Runtime      # DAGs    # Errors  Last Runtime    Last Run
-----------------------------------  -----  ---------  --------  ----------  --------------  -------------------
/opt/airflow/dags/extraction_DAG.py                           1           0  0.37s           2026-09-17T10:52:33
================================================================================
[2026-09-17T10:53:07.965+0000] {manager.py:878} INFO - 
================================================================================
DAG File Processing Stats

File Path                            PID    Runtime      # DAGs    # Errors  Last Runtime    Last Run
-----------------------------------  -----  ---------  --------  ----------  --------------  -------------------
/opt/airflow/dags/extraction_DAG.py                           1           0  0.46s           2026-09-17T10:53:04
================================================================================
[2026-09-17T10:53:38.557+0000] {manager.py:878} INFO - 
================================================================================
DAG File Processing Stats

File Path                            PID    Runtime      # DAGs    # Errors  Last Runtime    Last Run
-----------------------------------  -----  ---------  --------  ----------  --------------  -------------------
/opt/airflow/dags/extraction_DAG.py                           1           0  0.35s           2026-09-17T10:53:34
================================================================================
[2026-09-17T10:54:09.014+0000] {manager.py:878} INFO - 
================================================================================
DAG File Processing Stats

File Path                            PID    Runtime      # DAGs    # Errors  Last Runtime    Last Run
-----------------------------------  -----  ---------  --------  ----------  --------------  -------------------
/opt/airflow/dags/extraction_DAG.py                           1           0  0.40s           2026-09-17T10:54:05
================================================================================
[2026-09-17T10:54:39.525+0000] {manager.py:878} INFO - 
================================================================================
DAG File Processing Stats

File Path                            PID    Runtime      # DAGs    # Errors  Last Runtime    Last Run
-----------------------------------  -----  ---------  --------  ----------  --------------  -------------------
/opt/airflow/dags/extraction_DAG.py                           1           0  0.40s           2026-09-17T10:54:35
================================================================================
[2026-09-17T10:55:10.034+0000] {manager.py:878} INFO - 
================================================================================
DAG File Processing Stats

File Path                            PID    Runtime      # DAGs    # Errors  Last Runtime    Last Run
-----------------------------------  -----  ---------  --------  ----------  --------------  -------------------
/opt/airflow/dags/extraction_DAG.py                           1           0  0.38s           2026-09-17T10:55:06
================================================================================
[2026-09-17T10:55:40.512+0000] {manager.py:878} INFO - 
================================================================================
DAG File Processing Stats

File Path                            PID    Runtime      # DAGs    # Errors  Last Runtime    Last Run
-----------------------------------  -----  ---------  --------  ----------  --------------  -------------------
/opt/airflow/dags/extraction_DAG.py                           1           0  0.46s           2026-09-17T10:55:36
================================================================================
[2026-09-17T10:56:11.086+0000] {manager.py:878} INFO - 
================================================================================
DAG File Processing Stats

File Path                            PID    Runtime      # DAGs    # Errors  Last Runtime    Last Run
-----------------------------------  -----  ---------  --------  ----------  --------------  -------------------
/opt/airflow/dags/extraction_DAG.py                           1           0  0.40s           2026-09-17T10:56:07
================================================================================
[2026-09-17T10:56:41.577+0000] {manager.py:878} INFO - 
================================================================================
DAG File Processing Stats

File Path                            PID    Runtime      # DAGs    # Errors  Last Runtime    Last Run
-----------------------------------  -----  ---------  --------  ----------  --------------  -------------------
/opt/airflow/dags/extraction_DAG.py                           1           0  0.39s           2026-09-17T10:56:37
================================================================================
[2026-09-17T10:57:06.405+0000] {manager.py:737} INFO - Searching for files in /opt/airflow/dags
[2026-09-17T10:57:06.406+0000] {manager.py:740} INFO - There are 2 files in /opt/airflow/dags
[2026-09-17T10:57:11.941+0000] {manager.py:878} INFO - 
================================================================================
DAG File Processing Stats

File Path                                PID    Runtime      # DAGs    # Errors  Last Runtime    Last Run
---------------------------------------  -----  ---------  --------  ----------  --------------  -------------------
/opt/airflow/dags/transformation_DAG.py                           1           0  0.51s           2026-09-17T10:57:06
/opt/airflow/dags/extraction_DAG.py                               1           0  0.35s           2026-09-17T10:56:59
================================================================================
[2026-09-17T10:57:42.568+0000] {manager.py:878} INFO - 
================================================================================
DAG File Processing Stats

File Path                                PID    Runtime      # DAGs    # Errors  Last Runtime    Last Run
---------------------------------------  -----  ---------  --------  ----------  --------------  -------------------
/opt/airflow/dags/extraction_DAG.py                               1           0  0.39s           2026-09-17T10:57:29
/opt/airflow/dags/transformation_DAG.py                           1           0  0.38s           2026-09-17T10:57:37
================================================================================
[2026-09-17T10:58:13.422+0000] {manager.py:878} INFO - 
================================================================================
DAG File Processing Stats

File Path                                PID    Runtime      # DAGs    # Errors  Last Runtime    Last Run
---------------------------------------  -----  ---------  --------  ----------  --------------  -------------------
/opt/airflow/dags/transformation_DAG.py                           1           0  0.37s           2026-09-17T10:58:08
/opt/airflow/dags/extraction_DAG.py                               1           0  0.36s           2026-09-17T10:58:00
================================================================================
[2026-09-17T10:58:43.555+0000] {manager.py:878} INFO - 
================================================================================
DAG File Processing Stats

File Path                                PID    Runtime      # DAGs    # Errors  Last Runtime    Last Run
---------------------------------------  -----  ---------  --------  ----------  --------------  -------------------
/opt/airflow/dags/extraction_DAG.py                               1           0  0.40s           2026-09-17T10:58:26
/opt/airflow/dags/transformation_DAG.py                           1           0  0.36s           2026-09-17T10:58:38
================================================================================
[2026-09-17T10:59:14.371+0000] {manager.py:878} INFO - 
================================================================================
DAG File Processing Stats

File Path                                PID    Runtime      # DAGs    # Errors  Last Runtime    Last Run
---------------------------------------  -----  ---------  --------  ----------  --------------  -------------------
/opt/airflow/dags/transformation_DAG.py                           1           0  0.40s           2026-09-17T10:59:09
/opt/airflow/dags/extraction_DAG.py                               1           0  0.35s           2026-09-17T10:58:57
================================================================================
[2026-09-17T10:59:44.851+0000] {manager.py:878} INFO - 
================================================================================
DAG File Processing Stats

File Path                                PID    Runtime      # DAGs    # Errors  Last Runtime    Last Run
---------------------------------------  -----  ---------  --------  ----------  --------------  -------------------
/opt/airflow/dags/extraction_DAG.py                               1           0  0.38s           2026-09-17T10:59:27
/opt/airflow/dags/transformation_DAG.py                           1           0  0.37s           2026-09-17T10:59:39
================================================================================
[2026-09-17T11:00:15.316+0000] {manager.py:878} INFO - 
================================================================================
DAG File Processing Stats

File Path                                PID    Runtime      # DAGs    # Errors  Last Runtime    Last Run
---------------------------------------  -----  ---------  --------  ----------  --------------  -------------------
/opt/airflow/dags/transformation_DAG.py                           1           0  0.36s           2026-09-17T11:00:10
/opt/airflow/dags/extraction_DAG.py                               1           0  0.35s           2026-09-17T10:59:58
================================================================================
[2026-09-17T11:00:45.462+0000] {manager.py:878} INFO - 
================================================================================
DAG File Processing Stats

File Path                                PID    Runtime      # DAGs    # Errors  Last Runtime    Last Run
---------------------------------------  -----  ---------  --------  ----------  --------------  -------------------
/opt/airflow/dags/extraction_DAG.py                               1           0  0.43s           2026-09-17T11:00:28
/opt/airflow/dags/transformation_DAG.py                           1           0  0.34s           2026-09-17T11:00:40
================================================================================
[2026-09-17T11:01:16.248+0000] {manager.py:878} INFO - 
================================================================================
DAG File Processing Stats

File Path                                PID    Runtime      # DAGs    # Errors  Last Runtime    Last Run
---------------------------------------  -----  ---------  --------  ----------  --------------  -------------------
/opt/airflow/dags/transformation_DAG.py                           1           0  0.39s           2026-09-17T11:01:11
/opt/airflow/dags/extraction_DAG.py                               1           0  0.36s           2026-09-17T11:00:59
================================================================================
[2026-09-17T11:01:46.418+0000] {manager.py:878} INFO - 
================================================================================
DAG File Processing Stats

File Path                                PID    Runtime      # DAGs    # Errors  Last Runtime    Last Run
---------------------------------------  -----  ---------  --------  ----------  --------------  -------------------
/opt/airflow/dags/extraction_DAG.py                               1           0  0.45s           2026-09-17T11:01:29
/opt/airflow/dags/transformation_DAG.py                           1           0  0.36s           2026-09-17T11:01:41
================================================================================
[2026-09-17T11:02:06.833+0000] {manager.py:737} INFO - Searching for files in /opt/airflow/dags
[2026-09-17T11:02:06.835+0000] {manager.py:740} INFO - There are 2 files in /opt/airflow/dags
[2026-09-17T11:02:17.227+0000] {manager.py:878} INFO - 
================================================================================
DAG File Processing Stats

File Path                                PID    Runtime      # DAGs    # Errors  Last Runtime    Last Run
---------------------------------------  -----  ---------  --------  ----------  --------------  -------------------
/opt/airflow/dags/extraction_DAG.py                               1           0  0.36s           2026-09-17T11:02:00
/opt/airflow/dags/transformation_DAG.py                           1           0  0.36s           2026-09-17T11:02:12
================================================================================
[2026-09-17T11:02:47.367+0000] {manager.py:878} INFO - 
================================================================================
DAG File Processing Stats

File Path                                PID    Runtime      # DAGs    # Errors  Last Runtime    Last Run
---------------------------------------  -----  ---------  --------  ----------  --------------  -------------------
/opt/airflow/dags/extraction_DAG.py                               1           0  0.39s           2026-09-17T11:02:30
/opt/airflow/dags/transformation_DAG.py                           1           0  0.35s           2026-09-17T11:02:42
================================================================================
[2026-09-17T11:03:18.190+0000] {manager.py:878} INFO - 
================================================================================
DAG File Processing Stats

File Path                                PID    Runtime      # DAGs    # Errors  Last Runtime    Last Run
---------------------------------------  -----  ---------  --------  ----------  --------------  -------------------
/opt/airflow/dags/transformation_DAG.py                           1           0  0.38s           2026-09-17T11:03:13
/opt/airflow/dags/extraction_DAG.py                               1           0  0.36s           2026-09-17T11:03:01
================================================================================
[2026-09-17T11:03:48.348+0000] {manager.py:878} INFO - 
================================================================================
DAG File Processing Stats

File Path                                PID    Runtime      # DAGs    # Errors  Last Runtime    Last Run
---------------------------------------  -----  ---------  --------  ----------  --------------  -------------------
/opt/airflow/dags/extraction_DAG.py                               1           0  0.39s           2026-09-17T11:03:31
/opt/airflow/dags/transformation_DAG.py                           1           0  0.35s           2026-09-17T11:03:43
================================================================================
[2026-09-17T11:04:19.167+0000] {manager.py:878} INFO - 
================================================================================
DAG File Processing Stats

File Path                                PID    Runtime      # DAGs    # Errors  Last Runtime    Last Run
---------------------------------------  -----  ---------  --------  ----------  --------------  -------------------
/opt/airflow/dags/transformation_DAG.py                           1           0  0.36s           2026-09-17T11:04:14
/opt/airflow/dags/extraction_DAG.py                               1           0  0.35s           2026-09-17T11:04:02
================================================================================
[2026-09-17T11:04:49.640+0000] {manager.py:878} INFO - 
================================================================================
DAG File Processing Stats

File Path                                PID    Runtime      # DAGs    # Errors  Last Runtime    Last Run
---------------------------------------  -----  ---------  --------  ----------  --------------  -------------------
/opt/airflow/dags/transformation_DAG.py                           1           0  0.36s           2026-09-17T11:04:44
/opt/airflow/dags/extraction_DAG.py                               1           0  0.35s           2026-09-17T11:04:32
================================================================================
[2026-09-17T11:05:19.791+0000] {manager.py:878} INFO - 
================================================================================
DAG File Processing Stats

File Path                                PID    Runtime      # DAGs    # Errors  Last Runtime    Last Run
---------------------------------------  -----  ---------  --------  ----------  --------------  -------------------
/opt/airflow/dags/extraction_DAG.py                               1           0  0.39s           2026-09-17T11:05:03
/opt/airflow/dags/transformation_DAG.py                           0           1  0.05s           2026-09-17T11:05:10
================================================================================
[2026-09-17T11:05:49.934+0000] {manager.py:878} INFO - 
================================================================================
DAG File Processing Stats

File Path                                PID    Runtime      # DAGs    # Errors  Last Runtime    Last Run
---------------------------------------  -----  ---------  --------  ----------  --------------  -------------------
/opt/airflow/dags/extraction_DAG.py                               1           0  0.35s           2026-09-17T11:05:34
/opt/airflow/dags/transformation_DAG.py                           0           1  0.03s           2026-09-17T11:05:40
================================================================================
[2026-09-17T11:06:20.318+0000] {manager.py:878} INFO - 
================================================================================
DAG File Processing Stats

File Path                                PID    Runtime      # DAGs    # Errors  Last Runtime    Last Run
---------------------------------------  -----  ---------  --------  ----------  --------------  -------------------
/opt/airflow/dags/extraction_DAG.py                               1           0  0.38s           2026-09-17T11:06:05
/opt/airflow/dags/transformation_DAG.py                           0           1  0.27s           2026-09-17T11:06:05
================================================================================
[2026-09-17T11:06:50.471+0000] {manager.py:878} INFO - 
================================================================================
DAG File Processing Stats

File Path                                PID    Runtime      # DAGs    # Errors  Last Runtime    Last Run
---------------------------------------  -----  ---------  --------  ----------  --------------  -------------------
/opt/airflow/dags/extraction_DAG.py                               1           0  0.68s           2026-09-17T11:06:36
/opt/airflow/dags/transformation_DAG.py                           0           1  0.37s           2026-09-17T11:06:41
================================================================================
[2026-09-17T11:07:06.890+0000] {manager.py:737} INFO - Searching for files in /opt/airflow/dags
[2026-09-17T11:07:06.892+0000] {manager.py:740} INFO - There are 2 files in /opt/airflow/dags
[2026-09-17T11:07:20.948+0000] {manager.py:878} INFO - 
================================================================================
DAG File Processing Stats

File Path                                PID    Runtime      # DAGs    # Errors  Last Runtime    Last Run
---------------------------------------  -----  ---------  --------  ----------  --------------  -------------------
/opt/airflow/dags/extraction_DAG.py                               1           0  0.36s           2026-09-17T11:07:06
/opt/airflow/dags/transformation_DAG.py                           0           1  0.34s           2026-09-17T11:07:11
================================================================================
[2026-09-17T11:07:51.053+0000] {manager.py:878} INFO - 
================================================================================
DAG File Processing Stats

File Path                                PID    Runtime      # DAGs    # Errors  Last Runtime    Last Run
---------------------------------------  -----  ---------  --------  ----------  --------------  -------------------
/opt/airflow/dags/extraction_DAG.py                               1           0  0.36s           2026-09-17T11:07:37
/opt/airflow/dags/transformation_DAG.py                           0           1  0.33s           2026-09-17T11:07:42
================================================================================
[2026-09-17T11:08:21.837+0000] {manager.py:878} INFO - 
================================================================================
DAG File Processing Stats

File Path                                PID    Runtime      # DAGs    # Errors  Last Runtime    Last Run
---------------------------------------  -----  ---------  --------  ----------  --------------  -------------------
/opt/airflow/dags/transformation_DAG.py                           0           1  0.45s           2026-09-17T11:08:12
/opt/airflow/dags/extraction_DAG.py                               1           0  0.36s           2026-09-17T11:08:07
================================================================================
[2026-09-17T11:08:52.026+0000] {manager.py:878} INFO - 
================================================================================
DAG File Processing Stats

File Path                                PID    Runtime      # DAGs    # Errors  Last Runtime    Last Run
---------------------------------------  -----  ---------  --------  ----------  --------------  -------------------
/opt/airflow/dags/extraction_DAG.py                               1           0  0.47s           2026-09-17T11:08:38
/opt/airflow/dags/transformation_DAG.py                           0           1  0.33s           2026-09-17T11:08:43
================================================================================
[2026-09-17T11:09:22.825+0000] {manager.py:878} INFO - 
================================================================================
DAG File Processing Stats

File Path                                PID    Runtime      # DAGs    # Errors  Last Runtime    Last Run
---------------------------------------  -----  ---------  --------  ----------  --------------  -------------------
/opt/airflow/dags/extraction_DAG.py                               1           0  0.40s           2026-09-17T11:09:08
/opt/airflow/dags/transformation_DAG.py                           0           1  0.34s           2026-09-17T11:09:21
================================================================================
[2026-09-17T11:09:52.924+0000] {manager.py:878} INFO - 
================================================================================
DAG File Processing Stats

File Path                                PID    Runtime      # DAGs    # Errors  Last Runtime    Last Run
---------------------------------------  -----  ---------  --------  ----------  --------------  -------------------
/opt/airflow/dags/extraction_DAG.py                               1           0  0.38s           2026-09-17T11:09:39
/opt/airflow/dags/transformation_DAG.py                           0           1  0.34s           2026-09-17T11:09:52
================================================================================
[2026-09-17T11:10:23.457+0000] {manager.py:878} INFO - 
================================================================================
DAG File Processing Stats

File Path                                PID    Runtime      # DAGs    # Errors  Last Runtime    Last Run
---------------------------------------  -----  ---------  --------  ----------  --------------  -------------------
/opt/airflow/dags/transformation_DAG.py                           1           0  0.42s           2026-09-17T11:10:00
/opt/airflow/dags/extraction_DAG.py                               1           0  0.38s           2026-09-17T11:10:09
================================================================================
[2026-09-17T11:10:53.907+0000] {manager.py:878} INFO - 
================================================================================
DAG File Processing Stats

File Path                                PID    Runtime      # DAGs    # Errors  Last Runtime    Last Run
---------------------------------------  -----  ---------  --------  ----------  --------------  -------------------
/opt/airflow/dags/extraction_DAG.py                               1           0  0.40s           2026-09-17T11:10:40
/opt/airflow/dags/transformation_DAG.py                           1           0  0.36s           2026-09-17T11:10:30
================================================================================
[2026-09-17T11:11:24.612+0000] {manager.py:878} INFO - 
================================================================================
DAG File Processing Stats

File Path                                PID    Runtime      # DAGs    # Errors  Last Runtime    Last Run
---------------------------------------  -----  ---------  --------  ----------  --------------  -------------------
/opt/airflow/dags/transformation_DAG.py                           1           0  0.61s           2026-09-17T11:11:01
/opt/airflow/dags/extraction_DAG.py                               1           0  0.36s           2026-09-17T11:11:10
================================================================================
[2026-09-17T11:11:55.094+0000] {manager.py:878} INFO - 
================================================================================
DAG File Processing Stats

File Path                                PID    Runtime      # DAGs    # Errors  Last Runtime    Last Run
---------------------------------------  -----  ---------  --------  ----------  --------------  -------------------
/opt/airflow/dags/extraction_DAG.py                               1           0  0.38s           2026-09-17T11:11:41
/opt/airflow/dags/transformation_DAG.py                           1           0  0.37s           2026-09-17T11:11:32
================================================================================
[2026-09-17T11:12:07.189+0000] {manager.py:737} INFO - Searching for files in /opt/airflow/dags
[2026-09-17T11:12:07.190+0000] {manager.py:740} INFO - There are 2 files in /opt/airflow/dags
[2026-09-17T11:12:25.262+0000] {manager.py:878} INFO - 
================================================================================
DAG File Processing Stats

File Path                                PID    Runtime      # DAGs    # Errors  Last Runtime    Last Run
---------------------------------------  -----  ---------  --------  ----------  --------------  -------------------
/opt/airflow/dags/transformation_DAG.py                           1           0  0.46s           2026-09-17T11:12:02
/opt/airflow/dags/extraction_DAG.py                               1           0  0.35s           2026-09-17T11:12:11
================================================================================
[2026-09-17T11:12:56.110+0000] {manager.py:878} INFO - 
================================================================================
DAG File Processing Stats

File Path                                PID    Runtime      # DAGs    # Errors  Last Runtime    Last Run
---------------------------------------  -----  ---------  --------  ----------  --------------  -------------------
/opt/airflow/dags/extraction_DAG.py                               1           0  0.46s           2026-09-17T11:12:42
/opt/airflow/dags/transformation_DAG.py                           1           0  0.39s           2026-09-17T11:12:33
================================================================================
[2026-09-17T11:13:26.247+0000] {manager.py:878} INFO - 
================================================================================
DAG File Processing Stats

File Path                                PID    Runtime      # DAGs    # Errors  Last Runtime    Last Run
---------------------------------------  -----  ---------  --------  ----------  --------------  -------------------
/opt/airflow/dags/extraction_DAG.py                               1           0  0.36s           2026-09-17T11:13:12
/opt/airflow/dags/transformation_DAG.py                           0           1  0.04s           2026-09-17T11:13:03
================================================================================
[2026-09-17T11:13:56.380+0000] {manager.py:878} INFO - 
================================================================================
DAG File Processing Stats

File Path                                PID    Runtime      # DAGs    # Errors  Last Runtime    Last Run
---------------------------------------  -----  ---------  --------  ----------  --------------  -------------------
/opt/airflow/dags/extraction_DAG.py                               1           0  0.38s           2026-09-17T11:13:43
/opt/airflow/dags/transformation_DAG.py                           0           1  0.04s           2026-09-17T11:13:33
================================================================================
[2026-09-17T11:14:26.539+0000] {manager.py:878} INFO - 
================================================================================
DAG File Processing Stats

File Path                                PID    Runtime      # DAGs    # Errors  Last Runtime    Last Run
---------------------------------------  -----  ---------  --------  ----------  --------------  -------------------
/opt/airflow/dags/extraction_DAG.py                               1           0  0.36s           2026-09-17T11:14:14
/opt/airflow/dags/transformation_DAG.py                           0           1  0.05s           2026-09-17T11:14:03
================================================================================
[2026-09-17T11:14:57.043+0000] {manager.py:878} INFO - 
================================================================================
DAG File Processing Stats

File Path                                PID    Runtime      # DAGs    # Errors  Last Runtime    Last Run
---------------------------------------  -----  ---------  --------  ----------  --------------  -------------------
/opt/airflow/dags/transformation_DAG.py                           1           0  0.41s           2026-09-17T11:14:33
/opt/airflow/dags/extraction_DAG.py                               1           0  0.37s           2026-09-17T11:14:45
================================================================================
[2026-09-17T11:15:27.509+0000] {manager.py:878} INFO - 
================================================================================
DAG File Processing Stats

File Path                                PID    Runtime      # DAGs    # Errors  Last Runtime    Last Run
---------------------------------------  -----  ---------  --------  ----------  --------------  -------------------
/opt/airflow/dags/extraction_DAG.py                               1           0  0.38s           2026-09-17T11:15:15
/opt/airflow/dags/transformation_DAG.py                           1           0  0.37s           2026-09-17T11:15:04
================================================================================
[2026-09-17T11:15:57.975+0000] {manager.py:878} INFO - 
================================================================================
DAG File Processing Stats

File Path                                PID    Runtime      # DAGs    # Errors  Last Runtime    Last Run
---------------------------------------  -----  ---------  --------  ----------  --------------  -------------------
/opt/airflow/dags/extraction_DAG.py                               1           0  0.37s           2026-09-17T11:15:46
/opt/airflow/dags/transformation_DAG.py                           1           0  0.35s           2026-09-17T11:15:34
================================================================================
[2026-09-17T11:16:28.524+0000] {manager.py:878} INFO - 
================================================================================
DAG File Processing Stats

File Path                                PID    Runtime      # DAGs    # Errors  Last Runtime    Last Run
---------------------------------------  -----  ---------  --------  ----------  --------------  -------------------
/opt/airflow/dags/transformation_DAG.py                           1           0  0.45s           2026-09-17T11:16:05
/opt/airflow/dags/extraction_DAG.py                               1           0  0.40s           2026-09-17T11:16:16
================================================================================
[2026-09-17T11:16:58.980+0000] {manager.py:878} INFO - 
================================================================================
DAG File Processing Stats

File Path                                PID    Runtime      # DAGs    # Errors  Last Runtime    Last Run
---------------------------------------  -----  ---------  --------  ----------  --------------  -------------------
/opt/airflow/dags/extraction_DAG.py                               1           0  0.47s           2026-09-17T11:16:47
/opt/airflow/dags/transformation_DAG.py                           1           0  0.36s           2026-09-17T11:16:35
================================================================================
[2026-09-17T11:17:07.392+0000] {manager.py:737} INFO - Searching for files in /opt/airflow/dags
[2026-09-17T11:17:07.393+0000] {manager.py:740} INFO - There are 2 files in /opt/airflow/dags
[2026-09-17T11:17:29.800+0000] {manager.py:878} INFO - 
================================================================================
DAG File Processing Stats

File Path                                PID    Runtime      # DAGs    # Errors  Last Runtime    Last Run
---------------------------------------  -----  ---------  --------  ----------  --------------  -------------------
/opt/airflow/dags/transformation_DAG.py                           1           0  0.72s           2026-09-17T11:17:06
/opt/airflow/dags/extraction_DAG.py                               1           0  0.37s           2026-09-17T11:17:17
================================================================================
[2026-09-17T11:18:00.292+0000] {manager.py:878} INFO - 
================================================================================
DAG File Processing Stats

File Path                                PID    Runtime      # DAGs    # Errors  Last Runtime    Last Run
---------------------------------------  -----  ---------  --------  ----------  --------------  -------------------
/opt/airflow/dags/extraction_DAG.py                               1           0  0.46s           2026-09-17T11:17:48
/opt/airflow/dags/transformation_DAG.py                           1           0  0.39s           2026-09-17T11:17:37
================================================================================
[2026-09-17T11:18:30.858+0000] {manager.py:878} INFO - 
================================================================================
DAG File Processing Stats

File Path                                PID    Runtime      # DAGs    # Errors  Last Runtime    Last Run
---------------------------------------  -----  ---------  --------  ----------  --------------  -------------------
/opt/airflow/dags/transformation_DAG.py                           1           0  0.44s           2026-09-17T11:18:07
/opt/airflow/dags/extraction_DAG.py                               1           0  0.35s           2026-09-17T11:18:18
================================================================================
[2026-09-17T11:19:01.349+0000] {manager.py:878} INFO - 
================================================================================
DAG File Processing Stats

File Path                                PID    Runtime      # DAGs    # Errors  Last Runtime    Last Run
---------------------------------------  -----  ---------  --------  ----------  --------------  -------------------
/opt/airflow/dags/extraction_DAG.py                               1           0  0.46s           2026-09-17T11:18:49
/opt/airflow/dags/transformation_DAG.py                           1           0  0.37s           2026-09-17T11:18:38
================================================================================
[2026-09-17T11:19:31.810+0000] {manager.py:878} INFO - 
================================================================================
DAG File Processing Stats

File Path                                PID    Runtime      # DAGs    # Errors  Last Runtime    Last Run
---------------------------------------  -----  ---------  --------  ----------  --------------  -------------------
/opt/airflow/dags/extraction_DAG.py                               1           0  0.43s           2026-09-17T11:19:19
/opt/airflow/dags/transformation_DAG.py                           1           0  0.36s           2026-09-17T11:19:08
================================================================================
[2026-09-17T11:20:02.260+0000] {manager.py:878} INFO - 
================================================================================
DAG File Processing Stats

File Path                                PID    Runtime      # DAGs    # Errors  Last Runtime    Last Run
---------------------------------------  -----  ---------  --------  ----------  --------------  -------------------
/opt/airflow/dags/extraction_DAG.py                               1           0  0.45s           2026-09-17T11:19:50
/opt/airflow/dags/transformation_DAG.py                           1           0  0.35s           2026-09-17T11:19:39
================================================================================
[2026-09-17T11:20:32.737+0000] {manager.py:878} INFO - 
================================================================================
DAG File Processing Stats

File Path                                PID    Runtime      # DAGs    # Errors  Last Runtime    Last Run
---------------------------------------  -----  ---------  --------  ----------  --------------  -------------------
/opt/airflow/dags/transformation_DAG.py                           1           0  0.37s           2026-09-17T11:20:09
/opt/airflow/dags/extraction_DAG.py                               1           0  0.36s           2026-09-17T11:20:20
================================================================================
[2026-09-17T11:21:03.224+0000] {manager.py:878} INFO - 
================================================================================
DAG File Processing Stats

File Path                                PID    Runtime      # DAGs    # Errors  Last Runtime    Last Run
---------------------------------------  -----  ---------  --------  ----------  --------------  -------------------
/opt/airflow/dags/extraction_DAG.py                               1           0  0.49s           2026-09-17T11:20:51
/opt/airflow/dags/transformation_DAG.py                           1           0  0.36s           2026-09-17T11:20:40
================================================================================
[2026-09-17T11:21:33.708+0000] {manager.py:878} INFO - 
================================================================================
DAG File Processing Stats

File Path                                PID    Runtime      # DAGs    # Errors  Last Runtime    Last Run
---------------------------------------  -----  ---------  --------  ----------  --------------  -------------------
/opt/airflow/dags/extraction_DAG.py                               1           0  0.36s           2026-09-17T11:21:22
/opt/airflow/dags/transformation_DAG.py                           1           0  0.36s           2026-09-17T11:21:10
================================================================================
[2026-09-17T11:22:04.213+0000] {manager.py:878} INFO - 
================================================================================
DAG File Processing Stats

File Path                                PID    Runtime      # DAGs    # Errors  Last Runtime    Last Run
---------------------------------------  -----  ---------  --------  ----------  --------------  -------------------
/opt/airflow/dags/extraction_DAG.py                               1           0  0.48s           2026-09-17T11:21:52
/opt/airflow/dags/transformation_DAG.py                           1           0  0.38s           2026-09-17T11:21:41
================================================================================
[2026-09-17T11:22:07.662+0000] {manager.py:737} INFO - Searching for files in /opt/airflow/dags
[2026-09-17T11:22:07.665+0000] {manager.py:740} INFO - There are 2 files in /opt/airflow/dags
[2026-09-17T11:22:34.700+0000] {manager.py:878} INFO - 
================================================================================
DAG File Processing Stats

File Path                                PID    Runtime      # DAGs    # Errors  Last Runtime    Last Run
---------------------------------------  -----  ---------  --------  ----------  --------------  -------------------
/opt/airflow/dags/extraction_DAG.py                               1           0  0.41s           2026-09-17T11:22:23
/opt/airflow/dags/transformation_DAG.py                           1           0  0.36s           2026-09-17T11:22:11
================================================================================
[2026-09-17T11:23:05.196+0000] {manager.py:878} INFO - 
================================================================================
DAG File Processing Stats

File Path                                PID    Runtime      # DAGs    # Errors  Last Runtime    Last Run
---------------------------------------  -----  ---------  --------  ----------  --------------  -------------------
/opt/airflow/dags/transformation_DAG.py                           0           1  0.39s           2026-09-17T11:22:42
/opt/airflow/dags/extraction_DAG.py                               1           0  0.37s           2026-09-17T11:22:53
================================================================================
[2026-09-17T11:23:35.659+0000] {manager.py:878} INFO - 
================================================================================
DAG File Processing Stats

File Path                                PID    Runtime      # DAGs    # Errors  Last Runtime    Last Run
---------------------------------------  -----  ---------  --------  ----------  --------------  -------------------
/opt/airflow/dags/extraction_DAG.py                               1           0  0.36s           2026-09-17T11:23:23
/opt/airflow/dags/transformation_DAG.py                           1           0  0.36s           2026-09-17T11:23:12
================================================================================
[2026-09-17T11:24:06.159+0000] {manager.py:878} INFO - 
================================================================================
DAG File Processing Stats

File Path                                PID    Runtime      # DAGs    # Errors  Last Runtime    Last Run
---------------------------------------  -----  ---------  --------  ----------  --------------  -------------------
/opt/airflow/dags/transformation_DAG.py                           1           0  0.40s           2026-09-17T11:23:43
/opt/airflow/dags/extraction_DAG.py                               1           0  0.39s           2026-09-17T11:23:54
================================================================================
[2026-09-17T11:24:36.651+0000] {manager.py:878} INFO - 
================================================================================
DAG File Processing Stats

File Path                                PID    Runtime      # DAGs    # Errors  Last Runtime    Last Run
---------------------------------------  -----  ---------  --------  ----------  --------------  -------------------
/opt/airflow/dags/transformation_DAG.py                           1           0  0.38s           2026-09-17T11:24:13
/opt/airflow/dags/extraction_DAG.py                               1           0  0.36s           2026-09-17T11:24:24
================================================================================
[2026-09-17T11:25:07.158+0000] {manager.py:878} INFO - 
================================================================================
DAG File Processing Stats

File Path                                PID    Runtime      # DAGs    # Errors  Last Runtime    Last Run
---------------------------------------  -----  ---------  --------  ----------  --------------  -------------------
/opt/airflow/dags/extraction_DAG.py                               1           0  0.44s           2026-09-17T11:24:55
/opt/airflow/dags/transformation_DAG.py                           0           1  0.38s           2026-09-17T11:24:44
================================================================================
[2026-09-17T11:25:37.610+0000] {manager.py:878} INFO - 
================================================================================
DAG File Processing Stats

File Path                                PID    Runtime      # DAGs    # Errors  Last Runtime    Last Run
---------------------------------------  -----  ---------  --------  ----------  --------------  -------------------
/opt/airflow/dags/extraction_DAG.py                               1           0  0.32s           2026-09-17T11:25:25
/opt/airflow/dags/transformation_DAG.py                           0           1  0.31s           2026-09-17T11:25:14
================================================================================
[2026-09-17T11:26:08.122+0000] {manager.py:878} INFO - 
================================================================================
DAG File Processing Stats

File Path                                PID    Runtime      # DAGs    # Errors  Last Runtime    Last Run
---------------------------------------  -----  ---------  --------  ----------  --------------  -------------------
/opt/airflow/dags/transformation_DAG.py                           0           1  0.37s           2026-09-17T11:25:45
/opt/airflow/dags/extraction_DAG.py                               1           0  0.35s           2026-09-17T11:25:56
================================================================================
[2026-09-17T11:26:38.571+0000] {manager.py:878} INFO - 
================================================================================
DAG File Processing Stats

File Path                                PID    Runtime      # DAGs    # Errors  Last Runtime    Last Run
---------------------------------------  -----  ---------  --------  ----------  --------------  -------------------
/opt/airflow/dags/extraction_DAG.py                               1           0  0.34s           2026-09-17T11:26:26
/opt/airflow/dags/transformation_DAG.py                           0           1  0.31s           2026-09-17T11:26:15
================================================================================
[2026-09-17T11:27:08.020+0000] {manager.py:737} INFO - Searching for files in /opt/airflow/dags
[2026-09-17T11:27:08.021+0000] {manager.py:740} INFO - There are 2 files in /opt/airflow/dags
[2026-09-17T11:27:09.032+0000] {manager.py:878} INFO - 
================================================================================
DAG File Processing Stats

File Path                                PID    Runtime      # DAGs    # Errors  Last Runtime    Last Run
---------------------------------------  -----  ---------  --------  ----------  --------------  -------------------
/opt/airflow/dags/extraction_DAG.py                               1           0  0.36s           2026-09-17T11:26:57
/opt/airflow/dags/transformation_DAG.py                           0           1  0.33s           2026-09-17T11:26:45
================================================================================
[2026-09-17T11:27:39.473+0000] {manager.py:878} INFO - 
================================================================================
DAG File Processing Stats

File Path                                PID    Runtime      # DAGs    # Errors  Last Runtime    Last Run
---------------------------------------  -----  ---------  --------  ----------  --------------  -------------------
/opt/airflow/dags/extraction_DAG.py                               1           0  0.34s           2026-09-17T11:27:27
/opt/airflow/dags/transformation_DAG.py                           0           1  0.31s           2026-09-17T11:27:16
================================================================================
[2026-09-17T11:28:10.002+0000] {manager.py:878} INFO - 
================================================================================
DAG File Processing Stats

File Path                                PID    Runtime      # DAGs    # Errors  Last Runtime    Last Run
---------------------------------------  -----  ---------  --------  ----------  --------------  -------------------
/opt/airflow/dags/transformation_DAG.py                           0           1  0.40s           2026-09-17T11:27:46
/opt/airflow/dags/extraction_DAG.py                               1           0  0.37s           2026-09-17T11:27:58
================================================================================
[2026-09-17T11:28:40.462+0000] {manager.py:878} INFO - 
================================================================================
DAG File Processing Stats

File Path                                PID    Runtime      # DAGs    # Errors  Last Runtime    Last Run
---------------------------------------  -----  ---------  --------  ----------  --------------  -------------------
/opt/airflow/dags/extraction_DAG.py                               1           0  0.34s           2026-09-17T11:28:28
/opt/airflow/dags/transformation_DAG.py                           0           1  0.32s           2026-09-17T11:28:17
================================================================================
[2026-09-17T11:29:10.921+0000] {manager.py:878} INFO - 
================================================================================
DAG File Processing Stats

File Path                                PID    Runtime      # DAGs    # Errors  Last Runtime    Last Run
---------------------------------------  -----  ---------  --------  ----------  --------------  -------------------
/opt/airflow/dags/extraction_DAG.py                               1           0  0.44s           2026-09-17T11:28:59
/opt/airflow/dags/transformation_DAG.py                           0           1  0.33s           2026-09-17T11:28:47
================================================================================
[2026-09-17T11:29:41.389+0000] {manager.py:878} INFO - 
================================================================================
DAG File Processing Stats

File Path                                PID    Runtime      # DAGs    # Errors  Last Runtime    Last Run
---------------------------------------  -----  ---------  --------  ----------  --------------  -------------------
/opt/airflow/dags/extraction_DAG.py                               1           0  0.33s           2026-09-17T11:29:29
/opt/airflow/dags/transformation_DAG.py                           0           1  0.33s           2026-09-17T11:29:18
================================================================================
[2026-09-17T11:30:11.846+0000] {manager.py:878} INFO - 
================================================================================
DAG File Processing Stats

File Path                                PID    Runtime      # DAGs    # Errors  Last Runtime    Last Run
---------------------------------------  -----  ---------  --------  ----------  --------------  -------------------
/opt/airflow/dags/extraction_DAG.py                               1           0  0.43s           2026-09-17T11:30:00
/opt/airflow/dags/transformation_DAG.py                           0           1  0.31s           2026-09-17T11:29:48
================================================================================
[2026-09-17T11:30:42.281+0000] {manager.py:878} INFO - 
================================================================================
DAG File Processing Stats

File Path                                PID    Runtime      # DAGs    # Errors  Last Runtime    Last Run
---------------------------------------  -----  ---------  --------  ----------  --------------  -------------------
/opt/airflow/dags/extraction_DAG.py                               1           0  0.33s           2026-09-17T11:30:30
/opt/airflow/dags/transformation_DAG.py                           0           1  0.30s           2026-09-17T11:30:19
================================================================================
[2026-09-17T11:31:12.751+0000] {manager.py:878} INFO - 
================================================================================
DAG File Processing Stats

File Path                                PID    Runtime      # DAGs    # Errors  Last Runtime    Last Run
---------------------------------------  -----  ---------  --------  ----------  --------------  -------------------
/opt/airflow/dags/extraction_DAG.py                               1           0  0.43s           2026-09-17T11:31:01
/opt/airflow/dags/transformation_DAG.py                           0           1  0.33s           2026-09-17T11:30:49
================================================================================
[2026-09-17T11:31:43.208+0000] {manager.py:878} INFO - 
================================================================================
DAG File Processing Stats

File Path                                PID    Runtime      # DAGs    # Errors  Last Runtime    Last Run
---------------------------------------  -----  ---------  --------  ----------  --------------  -------------------
/opt/airflow/dags/extraction_DAG.py                               1           0  0.34s           2026-09-17T11:31:31
/opt/airflow/dags/transformation_DAG.py                           0           1  0.31s           2026-09-17T11:31:20
================================================================================
[2026-09-17T11:32:08.074+0000] {manager.py:737} INFO - Searching for files in /opt/airflow/dags
[2026-09-17T11:32:08.075+0000] {manager.py:740} INFO - There are 2 files in /opt/airflow/dags
[2026-09-17T11:32:13.811+0000] {manager.py:878} INFO - 
================================================================================
DAG File Processing Stats

File Path                                PID    Runtime      # DAGs    # Errors  Last Runtime    Last Run
---------------------------------------  -----  ---------  --------  ----------  --------------  -------------------
/opt/airflow/dags/transformation_DAG.py                           0           1  0.46s           2026-09-17T11:31:50
/opt/airflow/dags/extraction_DAG.py                               1           0  0.43s           2026-09-17T11:32:02
================================================================================
[2026-09-17T11:32:44.261+0000] {manager.py:878} INFO - 
================================================================================
DAG File Processing Stats

File Path                                PID    Runtime      # DAGs    # Errors  Last Runtime    Last Run
---------------------------------------  -----  ---------  --------  ----------  --------------  -------------------
/opt/airflow/dags/extraction_DAG.py                               1           0  0.34s           2026-09-17T11:32:32
/opt/airflow/dags/transformation_DAG.py                           0           1  0.32s           2026-09-17T11:32:21
================================================================================
[2026-09-17T11:33:14.807+0000] {manager.py:878} INFO - 
================================================================================
DAG File Processing Stats

File Path                                PID    Runtime      # DAGs    # Errors  Last Runtime    Last Run
---------------------------------------  -----  ---------  --------  ----------  --------------  -------------------
/opt/airflow/dags/extraction_DAG.py                               1           0  0.47s           2026-09-17T11:33:03
/opt/airflow/dags/transformation_DAG.py                           0           1  0.41s           2026-09-17T11:32:51
================================================================================
[2026-09-17T11:33:45.254+0000] {manager.py:878} INFO - 
================================================================================
DAG File Processing Stats

File Path                                PID    Runtime      # DAGs    # Errors  Last Runtime    Last Run
---------------------------------------  -----  ---------  --------  ----------  --------------  -------------------
/opt/airflow/dags/extraction_DAG.py                               1           0  0.33s           2026-09-17T11:33:33
/opt/airflow/dags/transformation_DAG.py                           0           1  0.31s           2026-09-17T11:33:22
================================================================================
[2026-09-17T11:34:15.795+0000] {manager.py:878} INFO - 
================================================================================
DAG File Processing Stats

File Path                                PID    Runtime      # DAGs    # Errors  Last Runtime    Last Run
---------------------------------------  -----  ---------  --------  ----------  --------------  -------------------
/opt/airflow/dags/extraction_DAG.py                               1           0  0.44s           2026-09-17T11:34:04
/opt/airflow/dags/transformation_DAG.py                           0           1  0.41s           2026-09-17T11:33:52
================================================================================
[2026-09-17T11:34:46.273+0000] {manager.py:878} INFO - 
================================================================================
DAG File Processing Stats

File Path                                PID    Runtime      # DAGs    # Errors  Last Runtime    Last Run
---------------------------------------  -----  ---------  --------  ----------  --------------  -------------------
/opt/airflow/dags/transformation_DAG.py                           0           1  0.34s           2026-09-17T11:34:23
/opt/airflow/dags/extraction_DAG.py                               1           0  0.33s           2026-09-17T11:34:34
================================================================================
[2026-09-17T11:35:16.746+0000] {manager.py:878} INFO - 
================================================================================
DAG File Processing Stats

File Path                                PID    Runtime      # DAGs    # Errors  Last Runtime    Last Run
---------------------------------------  -----  ---------  --------  ----------  --------------  -------------------
/opt/airflow/dags/extraction_DAG.py                               1           0  0.43s           2026-09-17T11:35:05
/opt/airflow/dags/transformation_DAG.py                           0           1  0.33s           2026-09-17T11:34:53
================================================================================
[2026-09-17T11:35:47.205+0000] {manager.py:878} INFO - 
================================================================================
DAG File Processing Stats

File Path                                PID    Runtime      # DAGs    # Errors  Last Runtime    Last Run
---------------------------------------  -----  ---------  --------  ----------  --------------  -------------------
/opt/airflow/dags/extraction_DAG.py                               1           0  0.34s           2026-09-17T11:35:35
/opt/airflow/dags/transformation_DAG.py                           0           1  0.31s           2026-09-17T11:35:24
================================================================================
[2026-09-17T11:36:17.771+0000] {manager.py:878} INFO - 
================================================================================
DAG File Processing Stats

File Path                                PID    Runtime      # DAGs    # Errors  Last Runtime    Last Run
---------------------------------------  -----  ---------  --------  ----------  --------------  -------------------
/opt/airflow/dags/extraction_DAG.py                               1           0  0.43s           2026-09-17T11:36:06
/opt/airflow/dags/transformation_DAG.py                           0           1  0.42s           2026-09-17T11:35:54
================================================================================
[2026-09-17T11:36:48.221+0000] {manager.py:878} INFO - 
================================================================================
DAG File Processing Stats

File Path                                PID    Runtime      # DAGs    # Errors  Last Runtime    Last Run
---------------------------------------  -----  ---------  --------  ----------  --------------  -------------------
/opt/airflow/dags/extraction_DAG.py                               1           0  0.34s           2026-09-17T11:36:36
/opt/airflow/dags/transformation_DAG.py                           0           1  0.30s           2026-09-17T11:36:25
================================================================================
[2026-09-17T11:37:08.743+0000] {manager.py:737} INFO - Searching for files in /opt/airflow/dags
[2026-09-17T11:37:08.746+0000] {manager.py:740} INFO - There are 2 files in /opt/airflow/dags
[2026-09-17T11:37:18.808+0000] {manager.py:878} INFO - 
================================================================================
DAG File Processing Stats

File Path                                PID    Runtime      # DAGs    # Errors  Last Runtime    Last Run
---------------------------------------  -----  ---------  --------  ----------  --------------  -------------------
/opt/airflow/dags/extraction_DAG.py                               1           0  0.43s           2026-09-17T11:37:07
/opt/airflow/dags/transformation_DAG.py                           0           1  0.42s           2026-09-17T11:36:55
================================================================================
[2026-09-17T11:37:49.246+0000] {manager.py:878} INFO - 
================================================================================
DAG File Processing Stats

File Path                                PID    Runtime      # DAGs    # Errors  Last Runtime    Last Run
---------------------------------------  -----  ---------  --------  ----------  --------------  -------------------
/opt/airflow/dags/extraction_DAG.py                               1           0  0.35s           2026-09-17T11:37:37
/opt/airflow/dags/transformation_DAG.py                           0           1  0.30s           2026-09-17T11:37:26
================================================================================
[2026-09-17T11:38:19.781+0000] {manager.py:878} INFO - 
================================================================================
DAG File Processing Stats

File Path                                PID    Runtime      # DAGs    # Errors  Last Runtime    Last Run
---------------------------------------  -----  ---------  --------  ----------  --------------  -------------------
/opt/airflow/dags/extraction_DAG.py                               1           0  0.47s           2026-09-17T11:38:08
/opt/airflow/dags/transformation_DAG.py                           0           1  0.41s           2026-09-17T11:37:56
================================================================================
[2026-09-17T11:38:50.245+0000] {manager.py:878} INFO - 
================================================================================
DAG File Processing Stats

File Path                                PID    Runtime      # DAGs    # Errors  Last Runtime    Last Run
---------------------------------------  -----  ---------  --------  ----------  --------------  -------------------
/opt/airflow/dags/extraction_DAG.py                               1           0  0.36s           2026-09-17T11:38:38
/opt/airflow/dags/transformation_DAG.py                           0           1  0.32s           2026-09-17T11:38:27
================================================================================
[2026-09-17T11:39:20.703+0000] {manager.py:878} INFO - 
================================================================================
DAG File Processing Stats

File Path                                PID    Runtime      # DAGs    # Errors  Last Runtime    Last Run
---------------------------------------  -----  ---------  --------  ----------  --------------  -------------------
/opt/airflow/dags/extraction_DAG.py                               1           0  0.39s           2026-09-17T11:39:09
/opt/airflow/dags/transformation_DAG.py                           0           1  0.32s           2026-09-17T11:38:57
================================================================================
[2026-09-17T11:39:51.180+0000] {manager.py:878} INFO - 
================================================================================
DAG File Processing Stats

File Path                                PID    Runtime      # DAGs    # Errors  Last Runtime    Last Run
---------------------------------------  -----  ---------  --------  ----------  --------------  -------------------
/opt/airflow/dags/extraction_DAG.py                               1           0  0.35s           2026-09-17T11:39:39
/opt/airflow/dags/transformation_DAG.py                           0           1  0.33s           2026-09-17T11:39:28
================================================================================
[2026-09-17T11:40:21.751+0000] {manager.py:878} INFO - 
================================================================================
DAG File Processing Stats

File Path                                PID    Runtime      # DAGs    # Errors  Last Runtime    Last Run
---------------------------------------  -----  ---------  --------  ----------  --------------  -------------------
/opt/airflow/dags/transformation_DAG.py                           0           1  0.44s           2026-09-17T11:39:58
/opt/airflow/dags/extraction_DAG.py                               1           0  0.33s           2026-09-17T11:40:09
================================================================================
[2026-09-17T11:40:52.178+0000] {manager.py:878} INFO - 
================================================================================
DAG File Processing Stats

File Path                                PID    Runtime      # DAGs    # Errors  Last Runtime    Last Run
---------------------------------------  -----  ---------  --------  ----------  --------------  -------------------
/opt/airflow/dags/extraction_DAG.py                               1           0  0.33s           2026-09-17T11:40:40
/opt/airflow/dags/transformation_DAG.py                           0           1  0.31s           2026-09-17T11:40:29
================================================================================
[2026-09-17T11:41:22.642+0000] {manager.py:878} INFO - 
================================================================================
DAG File Processing Stats

File Path                                PID    Runtime      # DAGs    # Errors  Last Runtime    Last Run
---------------------------------------  -----  ---------  --------  ----------  --------------  -------------------
/opt/airflow/dags/extraction_DAG.py                               1           0  0.33s           2026-09-17T11:41:10
/opt/airflow/dags/transformation_DAG.py                           0           1  0.33s           2026-09-17T11:40:59
================================================================================
[2026-09-17T11:41:53.072+0000] {manager.py:878} INFO - 
================================================================================
DAG File Processing Stats

File Path                                PID    Runtime      # DAGs    # Errors  Last Runtime    Last Run
---------------------------------------  -----  ---------  --------  ----------  --------------  -------------------
/opt/airflow/dags/extraction_DAG.py                               1           0  0.35s           2026-09-17T11:41:41
/opt/airflow/dags/transformation_DAG.py                           0           1  0.31s           2026-09-17T11:41:29
================================================================================
[2026-09-17T11:42:09.461+0000] {manager.py:737} INFO - Searching for files in /opt/airflow/dags
[2026-09-17T11:42:09.463+0000] {manager.py:740} INFO - There are 2 files in /opt/airflow/dags
[2026-09-17T11:42:23.545+0000] {manager.py:878} INFO - 
================================================================================
DAG File Processing Stats

File Path                                PID    Runtime      # DAGs    # Errors  Last Runtime    Last Run
---------------------------------------  -----  ---------  --------  ----------  --------------  -------------------
/opt/airflow/dags/extraction_DAG.py                               1           0  0.32s           2026-09-17T11:42:11
/opt/airflow/dags/transformation_DAG.py                           0           1  0.32s           2026-09-17T11:42:00
================================================================================
[2026-09-17T11:42:54.000+0000] {manager.py:878} INFO - 
================================================================================
DAG File Processing Stats

File Path                                PID    Runtime      # DAGs    # Errors  Last Runtime    Last Run
---------------------------------------  -----  ---------  --------  ----------  --------------  -------------------
/opt/airflow/dags/extraction_DAG.py                               1           0  0.34s           2026-09-17T11:42:42
/opt/airflow/dags/transformation_DAG.py                           0           1  0.32s           2026-09-17T11:42:30
================================================================================
[2026-09-17T11:43:24.549+0000] {manager.py:878} INFO - 
================================================================================
DAG File Processing Stats

File Path                                PID    Runtime      # DAGs    # Errors  Last Runtime    Last Run
---------------------------------------  -----  ---------  --------  ----------  --------------  -------------------
/opt/airflow/dags/transformation_DAG.py                           0           1  0.42s           2026-09-17T11:43:01
/opt/airflow/dags/extraction_DAG.py                               1           0  0.33s           2026-09-17T11:43:12
================================================================================
[2026-09-17T11:43:54.985+0000] {manager.py:878} INFO - 
================================================================================
DAG File Processing Stats

File Path                                PID    Runtime      # DAGs    # Errors  Last Runtime    Last Run
---------------------------------------  -----  ---------  --------  ----------  --------------  -------------------
/opt/airflow/dags/extraction_DAG.py                               1           0  0.45s           2026-09-17T11:43:43
/opt/airflow/dags/transformation_DAG.py                           0           1  0.31s           2026-09-17T11:43:31
================================================================================
[2026-09-17T11:44:25.521+0000] {manager.py:878} INFO - 
================================================================================
DAG File Processing Stats

File Path                                PID    Runtime      # DAGs    # Errors  Last Runtime    Last Run
---------------------------------------  -----  ---------  --------  ----------  --------------  -------------------
/opt/airflow/dags/transformation_DAG.py                           0           1  0.39s           2026-09-17T11:44:02
/opt/airflow/dags/extraction_DAG.py                               1           0  0.35s           2026-09-17T11:44:13
================================================================================
[2026-09-17T11:44:55.631+0000] {manager.py:878} INFO - 
================================================================================
DAG File Processing Stats

File Path                                PID    Runtime      # DAGs    # Errors  Last Runtime    Last Run
---------------------------------------  -----  ---------  --------  ----------  --------------  -------------------
/opt/airflow/dags/extraction_DAG.py                               1           0  0.67s           2026-09-17T11:44:44
/opt/airflow/dags/transformation_DAG.py                           0           1  0.31s           2026-09-17T11:44:32
================================================================================
[2026-09-17T11:45:26.093+0000] {manager.py:878} INFO - 
================================================================================
DAG File Processing Stats

File Path                                PID    Runtime      # DAGs    # Errors  Last Runtime    Last Run
---------------------------------------  -----  ---------  --------  ----------  --------------  -------------------
/opt/airflow/dags/transformation_DAG.py                           0           1  0.39s           2026-09-17T11:45:03
/opt/airflow/dags/extraction_DAG.py                               1           0  0.32s           2026-09-17T11:45:15
================================================================================
[2026-09-17T11:45:56.859+0000] {manager.py:878} INFO - 
================================================================================
DAG File Processing Stats

File Path                                PID    Runtime      # DAGs    # Errors  Last Runtime    Last Run
---------------------------------------  -----  ---------  --------  ----------  --------------  -------------------
/opt/airflow/dags/extraction_DAG.py                               1           0  0.44s           2026-09-17T11:45:45
/opt/airflow/dags/transformation_DAG.py                           0           1  0.32s           2026-09-17T11:45:33
================================================================================
[2026-09-17T11:46:27.401+0000] {manager.py:878} INFO - 
================================================================================
DAG File Processing Stats

File Path                                PID    Runtime      # DAGs    # Errors  Last Runtime    Last Run
---------------------------------------  -----  ---------  --------  ----------  --------------  -------------------
/opt/airflow/dags/transformation_DAG.py                           0           1  0.41s           2026-09-17T11:46:04
/opt/airflow/dags/extraction_DAG.py                               1           0  0.33s           2026-09-17T11:46:16
================================================================================
[2026-09-17T11:46:57.845+0000] {manager.py:878} INFO - 
================================================================================
DAG File Processing Stats

File Path                                PID    Runtime      # DAGs    # Errors  Last Runtime    Last Run
---------------------------------------  -----  ---------  --------  ----------  --------------  -------------------
/opt/airflow/dags/extraction_DAG.py                               1           0  0.44s           2026-09-17T11:46:46
/opt/airflow/dags/transformation_DAG.py                           0           1  0.31s           2026-09-17T11:46:34
================================================================================
[2026-09-17T11:47:10.061+0000] {manager.py:737} INFO - Searching for files in /opt/airflow/dags
[2026-09-17T11:47:10.064+0000] {manager.py:740} INFO - There are 2 files in /opt/airflow/dags
[2026-09-17T11:47:28.395+0000] {manager.py:878} INFO - 
================================================================================
DAG File Processing Stats

File Path                                PID    Runtime      # DAGs    # Errors  Last Runtime    Last Run
---------------------------------------  -----  ---------  --------  ----------  --------------  -------------------
/opt/airflow/dags/transformation_DAG.py                           0           1  0.41s           2026-09-17T11:47:05
/opt/airflow/dags/extraction_DAG.py                               1           0  0.33s           2026-09-17T11:47:17
================================================================================
[2026-09-17T11:47:58.841+0000] {manager.py:878} INFO - 
================================================================================
DAG File Processing Stats

File Path                                PID    Runtime      # DAGs    # Errors  Last Runtime    Last Run
---------------------------------------  -----  ---------  --------  ----------  --------------  -------------------
/opt/airflow/dags/extraction_DAG.py                               1           0  0.47s           2026-09-17T11:47:48
/opt/airflow/dags/transformation_DAG.py                           0           1  0.31s           2026-09-17T11:47:35
================================================================================
[2026-09-17T11:48:29.275+0000] {manager.py:878} INFO - 
================================================================================
DAG File Processing Stats

File Path                                PID    Runtime      # DAGs    # Errors  Last Runtime    Last Run
---------------------------------------  -----  ---------  --------  ----------  --------------  -------------------
/opt/airflow/dags/extraction_DAG.py                               1           0  0.33s           2026-09-17T11:48:18
/opt/airflow/dags/transformation_DAG.py                           0           1  0.30s           2026-09-17T11:48:06
================================================================================
[2026-09-17T11:48:59.754+0000] {manager.py:878} INFO - 
================================================================================
DAG File Processing Stats

File Path                                PID    Runtime      # DAGs    # Errors  Last Runtime    Last Run
---------------------------------------  -----  ---------  --------  ----------  --------------  -------------------
/opt/airflow/dags/extraction_DAG.py                               1           0  0.44s           2026-09-17T11:48:49
/opt/airflow/dags/transformation_DAG.py                           0           1  0.35s           2026-09-17T11:48:36
================================================================================
[2026-09-17T11:49:30.214+0000] {manager.py:878} INFO - 
================================================================================
DAG File Processing Stats

File Path                                PID    Runtime      # DAGs    # Errors  Last Runtime    Last Run
---------------------------------------  -----  ---------  --------  ----------  --------------  -------------------
/opt/airflow/dags/extraction_DAG.py                               1           0  0.33s           2026-09-17T11:49:19
/opt/airflow/dags/transformation_DAG.py                           0           1  0.32s           2026-09-17T11:49:07
================================================================================
[2026-09-17T11:50:00.763+0000] {manager.py:878} INFO - 
================================================================================
DAG File Processing Stats

File Path                                PID    Runtime      # DAGs    # Errors  Last Runtime    Last Run
---------------------------------------  -----  ---------  --------  ----------  --------------  -------------------
/opt/airflow/dags/extraction_DAG.py                               1           0  0.43s           2026-09-17T11:49:50
/opt/airflow/dags/transformation_DAG.py                           0           1  0.41s           2026-09-17T11:49:37
================================================================================
[2026-09-17T11:50:31.239+0000] {manager.py:878} INFO - 
================================================================================
DAG File Processing Stats

File Path                                PID    Runtime      # DAGs    # Errors  Last Runtime    Last Run
---------------------------------------  -----  ---------  --------  ----------  --------------  -------------------
/opt/airflow/dags/extraction_DAG.py                               1           0  0.34s           2026-09-17T11:50:20
/opt/airflow/dags/transformation_DAG.py                           0           1  0.34s           2026-09-17T11:50:08
================================================================================
[2026-09-17T11:51:01.812+0000] {manager.py:878} INFO - 
================================================================================
DAG File Processing Stats

File Path                                PID    Runtime      # DAGs    # Errors  Last Runtime    Last Run
---------------------------------------  -----  ---------  --------  ----------  --------------  -------------------
/opt/airflow/dags/extraction_DAG.py                               1           0  0.44s           2026-09-17T11:50:51
/opt/airflow/dags/transformation_DAG.py                           0           1  0.43s           2026-09-17T11:50:38
================================================================================
[2026-09-17T11:51:32.267+0000] {manager.py:878} INFO - 
================================================================================
DAG File Processing Stats

File Path                                PID    Runtime      # DAGs    # Errors  Last Runtime    Last Run
---------------------------------------  -----  ---------  --------  ----------  --------------  -------------------
/opt/airflow/dags/extraction_DAG.py                               1           0  0.32s           2026-09-17T11:51:21
/opt/airflow/dags/transformation_DAG.py                           0           1  0.31s           2026-09-17T11:51:09
================================================================================
[2026-09-17T11:52:02.842+0000] {manager.py:878} INFO - 
================================================================================
DAG File Processing Stats

File Path                                PID    Runtime      # DAGs    # Errors  Last Runtime    Last Run
---------------------------------------  -----  ---------  --------  ----------  --------------  -------------------
/opt/airflow/dags/transformation_DAG.py                           0           1  0.44s           2026-09-17T11:51:39
/opt/airflow/dags/extraction_DAG.py                               1           0  0.40s           2026-09-17T11:51:52
================================================================================
[2026-09-17T11:52:10.132+0000] {manager.py:737} INFO - Searching for files in /opt/airflow/dags
[2026-09-17T11:52:10.133+0000] {manager.py:740} INFO - There are 2 files in /opt/airflow/dags
[2026-09-17T11:52:33.281+0000] {manager.py:878} INFO - 
================================================================================
DAG File Processing Stats

File Path                                PID    Runtime      # DAGs    # Errors  Last Runtime    Last Run
---------------------------------------  -----  ---------  --------  ----------  --------------  -------------------
/opt/airflow/dags/extraction_DAG.py                               1           0  0.33s           2026-09-17T11:52:22
/opt/airflow/dags/transformation_DAG.py                           0           1  0.30s           2026-09-17T11:52:10
================================================================================
[2026-09-17T11:53:03.750+0000] {manager.py:878} INFO - 
================================================================================
DAG File Processing Stats

File Path                                PID    Runtime      # DAGs    # Errors  Last Runtime    Last Run
---------------------------------------  -----  ---------  --------  ----------  --------------  -------------------
/opt/airflow/dags/extraction_DAG.py                               1           0  0.36s           2026-09-17T11:52:53
/opt/airflow/dags/transformation_DAG.py                           0           1  0.33s           2026-09-17T11:52:40
================================================================================
[2026-09-17T11:53:34.186+0000] {manager.py:878} INFO - 
================================================================================
DAG File Processing Stats

File Path                                PID    Runtime      # DAGs    # Errors  Last Runtime    Last Run
---------------------------------------  -----  ---------  --------  ----------  --------------  -------------------
/opt/airflow/dags/extraction_DAG.py                               1           0  0.33s           2026-09-17T11:53:23
/opt/airflow/dags/transformation_DAG.py                           0           1  0.30s           2026-09-17T11:53:11
================================================================================
[2026-09-17T11:54:04.732+0000] {manager.py:878} INFO - 
================================================================================
DAG File Processing Stats

File Path                                PID    Runtime      # DAGs    # Errors  Last Runtime    Last Run
---------------------------------------  -----  ---------  --------  ----------  --------------  -------------------
/opt/airflow/dags/extraction_DAG.py                               1           0  0.44s           2026-09-17T11:53:54
/opt/airflow/dags/transformation_DAG.py                           0           1  0.41s           2026-09-17T11:53:41
================================================================================
[2026-09-17T11:54:35.179+0000] {manager.py:878} INFO - 
================================================================================
DAG File Processing Stats

File Path                                PID    Runtime      # DAGs    # Errors  Last Runtime    Last Run
---------------------------------------  -----  ---------  --------  ----------  --------------  -------------------
/opt/airflow/dags/extraction_DAG.py                               1           0  0.34s           2026-09-17T11:54:24
/opt/airflow/dags/transformation_DAG.py                           0           1  0.31s           2026-09-17T11:54:12
================================================================================
[2026-09-17T11:55:05.635+0000] {manager.py:878} INFO - 
================================================================================
DAG File Processing Stats

File Path                                PID    Runtime      # DAGs    # Errors  Last Runtime    Last Run
---------------------------------------  -----  ---------  --------  ----------  --------------  -------------------
/opt/airflow/dags/extraction_DAG.py                               1           0  0.46s           2026-09-17T11:54:55
/opt/airflow/dags/transformation_DAG.py                           0           1  0.31s           2026-09-17T11:54:42
================================================================================
[2026-09-17T11:55:36.094+0000] {manager.py:878} INFO - 
================================================================================
DAG File Processing Stats

File Path                                PID    Runtime      # DAGs    # Errors  Last Runtime    Last Run
---------------------------------------  -----  ---------  --------  ----------  --------------  -------------------
/opt/airflow/dags/extraction_DAG.py                               1           0  0.34s           2026-09-17T11:55:25
/opt/airflow/dags/transformation_DAG.py                           0           1  0.32s           2026-09-17T11:55:12
================================================================================
[2026-09-17T11:56:06.537+0000] {manager.py:878} INFO - 
================================================================================
DAG File Processing Stats

File Path                                PID    Runtime      # DAGs    # Errors  Last Runtime    Last Run
---------------------------------------  -----  ---------  --------  ----------  --------------  -------------------
/opt/airflow/dags/extraction_DAG.py                               1           0  0.45s           2026-09-17T11:55:55
/opt/airflow/dags/transformation_DAG.py                           0           1  0.31s           2026-09-17T11:55:43
================================================================================
[2026-09-17T11:56:36.993+0000] {manager.py:878} INFO - 
================================================================================
DAG File Processing Stats

File Path                                PID    Runtime      # DAGs    # Errors  Last Runtime    Last Run
---------------------------------------  -----  ---------  --------  ----------  --------------  -------------------
/opt/airflow/dags/extraction_DAG.py                               1           0  0.34s           2026-09-17T11:56:26
/opt/airflow/dags/transformation_DAG.py                           0           1  0.31s           2026-09-17T11:56:13
================================================================================
[2026-09-17T11:57:07.459+0000] {manager.py:878} INFO - 
================================================================================
DAG File Processing Stats

File Path                                PID    Runtime      # DAGs    # Errors  Last Runtime    Last Run
---------------------------------------  -----  ---------  --------  ----------  --------------  -------------------
/opt/airflow/dags/extraction_DAG.py                               1           0  0.42s           2026-09-17T11:56:56
/opt/airflow/dags/transformation_DAG.py                           0           1  0.32s           2026-09-17T11:56:44
================================================================================
[2026-09-17T11:57:10.476+0000] {manager.py:737} INFO - Searching for files in /opt/airflow/dags
[2026-09-17T11:57:10.479+0000] {manager.py:740} INFO - There are 2 files in /opt/airflow/dags
[2026-09-17T11:57:37.927+0000] {manager.py:878} INFO - 
================================================================================
DAG File Processing Stats

File Path                                PID    Runtime      # DAGs    # Errors  Last Runtime    Last Run
---------------------------------------  -----  ---------  --------  ----------  --------------  -------------------
/opt/airflow/dags/extraction_DAG.py                               1           0  0.33s           2026-09-17T11:57:27
/opt/airflow/dags/transformation_DAG.py                           0           1  0.31s           2026-09-17T11:57:14
================================================================================
[2026-09-17T11:58:08.486+0000] {manager.py:878} INFO - 
================================================================================
DAG File Processing Stats

File Path                                PID    Runtime      # DAGs    # Errors  Last Runtime    Last Run
---------------------------------------  -----  ---------  --------  ----------  --------------  -------------------
/opt/airflow/dags/extraction_DAG.py                               1           0  0.43s           2026-09-17T11:57:57
/opt/airflow/dags/transformation_DAG.py                           0           1  0.42s           2026-09-17T11:57:45
================================================================================
[2026-09-17T11:58:38.938+0000] {manager.py:878} INFO - 
================================================================================
DAG File Processing Stats

File Path                                PID    Runtime      # DAGs    # Errors  Last Runtime    Last Run
---------------------------------------  -----  ---------  --------  ----------  --------------  -------------------
/opt/airflow/dags/extraction_DAG.py                               1           0  0.37s           2026-09-17T11:58:28
/opt/airflow/dags/transformation_DAG.py                           0           1  0.31s           2026-09-17T11:58:15
================================================================================
[2026-09-17T11:59:09.425+0000] {manager.py:878} INFO - 
================================================================================
DAG File Processing Stats

File Path                                PID    Runtime      # DAGs    # Errors  Last Runtime    Last Run
---------------------------------------  -----  ---------  --------  ----------  --------------  -------------------
/opt/airflow/dags/extraction_DAG.py                               1           0  0.47s           2026-09-17T11:58:58
/opt/airflow/dags/transformation_DAG.py                           0           1  0.34s           2026-09-17T11:58:46
================================================================================
[2026-09-17T11:59:39.878+0000] {manager.py:878} INFO - 
================================================================================
DAG File Processing Stats

File Path                                PID    Runtime      # DAGs    # Errors  Last Runtime    Last Run
---------------------------------------  -----  ---------  --------  ----------  --------------  -------------------
/opt/airflow/dags/extraction_DAG.py                               1           0  0.32s           2026-09-17T11:59:29
/opt/airflow/dags/transformation_DAG.py                           0           1  0.31s           2026-09-17T11:59:16
================================================================================
[2026-09-17T12:00:10.424+0000] {manager.py:878} INFO - 
================================================================================
DAG File Processing Stats

File Path                                PID    Runtime      # DAGs    # Errors  Last Runtime    Last Run
---------------------------------------  -----  ---------  --------  ----------  --------------  -------------------
/opt/airflow/dags/extraction_DAG.py                               1           0  0.46s           2026-09-17T12:00:00
/opt/airflow/dags/transformation_DAG.py                           0           1  0.40s           2026-09-17T11:59:47
================================================================================
[2026-09-17T12:00:40.868+0000] {manager.py:878} INFO - 
================================================================================
DAG File Processing Stats

File Path                                PID    Runtime      # DAGs    # Errors  Last Runtime    Last Run
---------------------------------------  -----  ---------  --------  ----------  --------------  -------------------
/opt/airflow/dags/extraction_DAG.py                               1           0  0.33s           2026-09-17T12:00:30
/opt/airflow/dags/transformation_DAG.py                           0           1  0.31s           2026-09-17T12:00:17
================================================================================
[2026-09-17T12:01:11.448+0000] {manager.py:878} INFO - 
================================================================================
DAG File Processing Stats

File Path                                PID    Runtime      # DAGs    # Errors  Last Runtime    Last Run
---------------------------------------  -----  ---------  --------  ----------  --------------  -------------------
/opt/airflow/dags/extraction_DAG.py                               1           0  0.45s           2026-09-17T12:01:01
/opt/airflow/dags/transformation_DAG.py                           0           1  0.43s           2026-09-17T12:00:48
================================================================================
[2026-09-17T12:01:41.900+0000] {manager.py:878} INFO - 
================================================================================
DAG File Processing Stats

File Path                                PID    Runtime      # DAGs    # Errors  Last Runtime    Last Run
---------------------------------------  -----  ---------  --------  ----------  --------------  -------------------
/opt/airflow/dags/extraction_DAG.py                               1           0  0.33s           2026-09-17T12:01:31
/opt/airflow/dags/transformation_DAG.py                           0           1  0.31s           2026-09-17T12:01:18
================================================================================
[2026-09-17T12:02:10.476+0000] {manager.py:737} INFO - Searching for files in /opt/airflow/dags
[2026-09-17T12:02:10.477+0000] {manager.py:740} INFO - There are 2 files in /opt/airflow/dags
[2026-09-17T12:02:12.458+0000] {manager.py:878} INFO - 
================================================================================
DAG File Processing Stats

File Path                                PID    Runtime      # DAGs    # Errors  Last Runtime    Last Run
---------------------------------------  -----  ---------  --------  ----------  --------------  -------------------
/opt/airflow/dags/transformation_DAG.py                           0           1  0.41s           2026-09-17T12:01:49
/opt/airflow/dags/extraction_DAG.py                               1           0  0.36s           2026-09-17T12:02:02
================================================================================
[2026-09-17T12:02:42.948+0000] {manager.py:878} INFO - 
================================================================================
DAG File Processing Stats

File Path                                PID    Runtime      # DAGs    # Errors  Last Runtime    Last Run
---------------------------------------  -----  ---------  --------  ----------  --------------  -------------------
/opt/airflow/dags/transformation_DAG.py                           0           1  0.35s           2026-09-17T12:02:19
/opt/airflow/dags/extraction_DAG.py                               1           0  0.33s           2026-09-17T12:02:32
================================================================================
[2026-09-17T12:03:13.450+0000] {manager.py:878} INFO - 
================================================================================
DAG File Processing Stats

File Path                                PID    Runtime      # DAGs    # Errors  Last Runtime    Last Run
---------------------------------------  -----  ---------  --------  ----------  --------------  -------------------
/opt/airflow/dags/extraction_DAG.py                               1           0  0.41s           2026-09-17T12:03:03
/opt/airflow/dags/transformation_DAG.py                           0           1  0.36s           2026-09-17T12:02:50
================================================================================
[2026-09-17T12:03:43.898+0000] {manager.py:878} INFO - 
================================================================================
DAG File Processing Stats

File Path                                PID    Runtime      # DAGs    # Errors  Last Runtime    Last Run
---------------------------------------  -----  ---------  --------  ----------  --------------  -------------------
/opt/airflow/dags/extraction_DAG.py                               1           0  0.33s           2026-09-17T12:03:33
/opt/airflow/dags/transformation_DAG.py                           0           1  0.31s           2026-09-17T12:03:20
================================================================================
[2026-09-17T12:04:14.383+0000] {manager.py:878} INFO - 
================================================================================
DAG File Processing Stats

File Path                                PID    Runtime      # DAGs    # Errors  Last Runtime    Last Run
---------------------------------------  -----  ---------  --------  ----------  --------------  -------------------
/opt/airflow/dags/extraction_DAG.py                               1           0  0.42s           2026-09-17T12:04:04
/opt/airflow/dags/transformation_DAG.py                           0           1  0.34s           2026-09-17T12:03:51
================================================================================
[2026-09-17T12:04:44.830+0000] {manager.py:878} INFO - 
================================================================================
DAG File Processing Stats

File Path                                PID    Runtime      # DAGs    # Errors  Last Runtime    Last Run
---------------------------------------  -----  ---------  --------  ----------  --------------  -------------------
/opt/airflow/dags/extraction_DAG.py                               1           0  0.33s           2026-09-17T12:04:34
/opt/airflow/dags/transformation_DAG.py                           0           1  0.31s           2026-09-17T12:04:21
================================================================================
[2026-09-17T12:05:15.308+0000] {manager.py:878} INFO - 
================================================================================
DAG File Processing Stats

File Path                                PID    Runtime      # DAGs    # Errors  Last Runtime    Last Run
---------------------------------------  -----  ---------  --------  ----------  --------------  -------------------
/opt/airflow/dags/extraction_DAG.py                               1           0  0.37s           2026-09-17T12:05:05
/opt/airflow/dags/transformation_DAG.py                           0           1  0.35s           2026-09-17T12:04:52
================================================================================
[2026-09-17T12:05:45.766+0000] {manager.py:878} INFO - 
================================================================================
DAG File Processing Stats

File Path                                PID    Runtime      # DAGs    # Errors  Last Runtime    Last Run
---------------------------------------  -----  ---------  --------  ----------  --------------  -------------------
/opt/airflow/dags/extraction_DAG.py                               1           0  0.34s           2026-09-17T12:05:35
/opt/airflow/dags/transformation_DAG.py                           0           1  0.32s           2026-09-17T12:05:22
================================================================================
[2026-09-17T12:06:16.251+0000] {manager.py:878} INFO - 
================================================================================
DAG File Processing Stats

File Path                                PID    Runtime      # DAGs    # Errors  Last Runtime    Last Run
---------------------------------------  -----  ---------  --------  ----------  --------------  -------------------
/opt/airflow/dags/extraction_DAG.py                               1           0  0.43s           2026-09-17T12:06:06
/opt/airflow/dags/transformation_DAG.py                           0           1  0.35s           2026-09-17T12:05:53
================================================================================
[2026-09-17T12:06:46.700+0000] {manager.py:878} INFO - 
================================================================================
DAG File Processing Stats

File Path                                PID    Runtime      # DAGs    # Errors  Last Runtime    Last Run
---------------------------------------  -----  ---------  --------  ----------  --------------  -------------------
/opt/airflow/dags/extraction_DAG.py                               1           0  0.33s           2026-09-17T12:06:36
/opt/airflow/dags/transformation_DAG.py                           0           1  0.31s           2026-09-17T12:06:23
================================================================================
[2026-09-17T12:07:10.554+0000] {manager.py:737} INFO - Searching for files in /opt/airflow/dags
[2026-09-17T12:07:10.557+0000] {manager.py:740} INFO - There are 2 files in /opt/airflow/dags
[2026-09-17T12:07:17.254+0000] {manager.py:878} INFO - 
================================================================================
DAG File Processing Stats

File Path                                PID    Runtime      # DAGs    # Errors  Last Runtime    Last Run
---------------------------------------  -----  ---------  --------  ----------  --------------  -------------------
/opt/airflow/dags/extraction_DAG.py                               1           0  0.46s           2026-09-17T12:07:07
/opt/airflow/dags/transformation_DAG.py                           0           1  0.42s           2026-09-17T12:06:54
================================================================================
[2026-09-17T12:07:47.697+0000] {manager.py:878} INFO - 
================================================================================
DAG File Processing Stats

File Path                                PID    Runtime      # DAGs    # Errors  Last Runtime    Last Run
---------------------------------------  -----  ---------  --------  ----------  --------------  -------------------
/opt/airflow/dags/extraction_DAG.py                               1           0  0.33s           2026-09-17T12:07:37
/opt/airflow/dags/transformation_DAG.py                           0           1  0.30s           2026-09-17T12:07:24
================================================================================
[2026-09-17T12:08:18.235+0000] {manager.py:878} INFO - 
================================================================================
DAG File Processing Stats

File Path                                PID    Runtime      # DAGs    # Errors  Last Runtime    Last Run
---------------------------------------  -----  ---------  --------  ----------  --------------  -------------------
/opt/airflow/dags/extraction_DAG.py                               1           0  0.45s           2026-09-17T12:08:08
/opt/airflow/dags/transformation_DAG.py                           0           1  0.41s           2026-09-17T12:07:55
================================================================================
[2026-09-17T12:08:48.688+0000] {manager.py:878} INFO - 
================================================================================
DAG File Processing Stats

File Path                                PID    Runtime      # DAGs    # Errors  Last Runtime    Last Run
---------------------------------------  -----  ---------  --------  ----------  --------------  -------------------
/opt/airflow/dags/extraction_DAG.py                               1           0  0.34s           2026-09-17T12:08:38
/opt/airflow/dags/transformation_DAG.py                           0           1  0.31s           2026-09-17T12:08:25
================================================================================
[2026-09-17T12:09:19.246+0000] {manager.py:878} INFO - 
================================================================================
DAG File Processing Stats

File Path                                PID    Runtime      # DAGs    # Errors  Last Runtime    Last Run
---------------------------------------  -----  ---------  --------  ----------  --------------  -------------------
/opt/airflow/dags/extraction_DAG.py                               1           0  0.43s           2026-09-17T12:09:09
/opt/airflow/dags/transformation_DAG.py                           0           1  0.43s           2026-09-17T12:08:56
================================================================================
[2026-09-17T12:09:49.709+0000] {manager.py:878} INFO - 
================================================================================
DAG File Processing Stats

File Path                                PID    Runtime      # DAGs    # Errors  Last Runtime    Last Run
---------------------------------------  -----  ---------  --------  ----------  --------------  -------------------
/opt/airflow/dags/extraction_DAG.py                               1           0  0.34s           2026-09-17T12:09:39
/opt/airflow/dags/transformation_DAG.py                           0           1  0.32s           2026-09-17T12:09:26
================================================================================
[2026-09-17T12:10:20.268+0000] {manager.py:878} INFO - 
================================================================================
DAG File Processing Stats

File Path                                PID    Runtime      # DAGs    # Errors  Last Runtime    Last Run
---------------------------------------  -----  ---------  --------  ----------  --------------  -------------------
/opt/airflow/dags/extraction_DAG.py                               1           0  0.44s           2026-09-17T12:10:10
/opt/airflow/dags/transformation_DAG.py                           0           1  0.42s           2026-09-17T12:09:57
================================================================================
[2026-09-17T12:10:50.727+0000] {manager.py:878} INFO - 
================================================================================
DAG File Processing Stats

File Path                                PID    Runtime      # DAGs    # Errors  Last Runtime    Last Run
---------------------------------------  -----  ---------  --------  ----------  --------------  -------------------
/opt/airflow/dags/extraction_DAG.py                               1           0  0.33s           2026-09-17T12:10:41
/opt/airflow/dags/transformation_DAG.py                           0           1  0.31s           2026-09-17T12:10:27
================================================================================
[2026-09-17T12:11:21.190+0000] {manager.py:878} INFO - 
================================================================================
DAG File Processing Stats

File Path                                PID    Runtime      # DAGs    # Errors  Last Runtime    Last Run
---------------------------------------  -----  ---------  --------  ----------  --------------  -------------------
/opt/airflow/dags/extraction_DAG.py                               1           0  0.46s           2026-09-17T12:11:11
/opt/airflow/dags/transformation_DAG.py                           0           1  0.33s           2026-09-17T12:10:58
================================================================================
[2026-09-17T12:11:51.640+0000] {manager.py:878} INFO - 
================================================================================
DAG File Processing Stats

File Path                                PID    Runtime      # DAGs    # Errors  Last Runtime    Last Run
---------------------------------------  -----  ---------  --------  ----------  --------------  -------------------
/opt/airflow/dags/extraction_DAG.py                               1           0  0.34s           2026-09-17T12:11:42
/opt/airflow/dags/transformation_DAG.py                           0           1  0.31s           2026-09-17T12:11:28
================================================================================
[2026-09-17T12:12:10.746+0000] {manager.py:737} INFO - Searching for files in /opt/airflow/dags
[2026-09-17T12:12:10.749+0000] {manager.py:740} INFO - There are 2 files in /opt/airflow/dags
[2026-09-17T12:12:22.174+0000] {manager.py:878} INFO - 
================================================================================
DAG File Processing Stats

File Path                                PID    Runtime      # DAGs    # Errors  Last Runtime    Last Run
---------------------------------------  -----  ---------  --------  ----------  --------------  -------------------
/opt/airflow/dags/extraction_DAG.py                               1           0  0.46s           2026-09-17T12:12:13
/opt/airflow/dags/transformation_DAG.py                           0           1  0.41s           2026-09-17T12:11:59
================================================================================
[2026-09-17T12:12:52.617+0000] {manager.py:878} INFO - 
================================================================================
DAG File Processing Stats

File Path                                PID    Runtime      # DAGs    # Errors  Last Runtime    Last Run
---------------------------------------  -----  ---------  --------  ----------  --------------  -------------------
/opt/airflow/dags/extraction_DAG.py                               1           0  0.33s           2026-09-17T12:12:43
/opt/airflow/dags/transformation_DAG.py                           0           1  0.31s           2026-09-17T12:12:29
================================================================================
[2026-09-17T12:13:22.751+0000] {manager.py:878} INFO - 
================================================================================
DAG File Processing Stats

File Path                                PID    Runtime      # DAGs    # Errors  Last Runtime    Last Run
---------------------------------------  -----  ---------  --------  ----------  --------------  -------------------
/opt/airflow/dags/extraction_DAG.py                               1           0  0.88s           2026-09-17T12:13:14
/opt/airflow/dags/transformation_DAG.py                           0           1  0.33s           2026-09-17T12:12:59
================================================================================
[2026-09-17T12:13:53.521+0000] {manager.py:878} INFO - 
================================================================================
DAG File Processing Stats

File Path                                PID    Runtime      # DAGs    # Errors  Last Runtime    Last Run
---------------------------------------  -----  ---------  --------  ----------  --------------  -------------------
/opt/airflow/dags/extraction_DAG.py                               1           0  0.33s           2026-09-17T12:13:45
/opt/airflow/dags/transformation_DAG.py                           0           1  0.32s           2026-09-17T12:13:30
================================================================================
[2026-09-17T12:14:23.998+0000] {manager.py:878} INFO - 
================================================================================
DAG File Processing Stats

File Path                                PID    Runtime      # DAGs    # Errors  Last Runtime    Last Run
---------------------------------------  -----  ---------  --------  ----------  --------------  -------------------
/opt/airflow/dags/extraction_DAG.py                               1           0  0.70s           2026-09-17T12:14:16
/opt/airflow/dags/transformation_DAG.py                           0           1  0.33s           2026-09-17T12:14:00
================================================================================
[2026-09-17T12:14:54.454+0000] {manager.py:878} INFO - 
================================================================================
DAG File Processing Stats

File Path                                PID    Runtime      # DAGs    # Errors  Last Runtime    Last Run
---------------------------------------  -----  ---------  --------  ----------  --------------  -------------------
/opt/airflow/dags/extraction_DAG.py                               1           0  0.33s           2026-09-17T12:14:46
/opt/airflow/dags/transformation_DAG.py                           0           1  0.32s           2026-09-17T12:14:31
================================================================================
[2026-09-17T12:15:24.934+0000] {manager.py:878} INFO - 
================================================================================
DAG File Processing Stats

File Path                                PID    Runtime      # DAGs    # Errors  Last Runtime    Last Run
---------------------------------------  -----  ---------  --------  ----------  --------------  -------------------
/opt/airflow/dags/extraction_DAG.py                               1           0  0.45s           2026-09-17T12:15:17
/opt/airflow/dags/transformation_DAG.py                           0           1  0.32s           2026-09-17T12:15:01
================================================================================
[2026-09-17T12:15:55.396+0000] {manager.py:878} INFO - 
================================================================================
DAG File Processing Stats

File Path                                PID    Runtime      # DAGs    # Errors  Last Runtime    Last Run
---------------------------------------  -----  ---------  --------  ----------  --------------  -------------------
/opt/airflow/dags/extraction_DAG.py                               1           0  0.33s           2026-09-17T12:15:47
/opt/airflow/dags/transformation_DAG.py                           0           1  0.32s           2026-09-17T12:15:32
================================================================================
[2026-09-17T12:16:25.868+0000] {manager.py:878} INFO - 
================================================================================
DAG File Processing Stats

File Path                                PID    Runtime      # DAGs    # Errors  Last Runtime    Last Run
---------------------------------------  -----  ---------  --------  ----------  --------------  -------------------
/opt/airflow/dags/extraction_DAG.py                               1           0  0.44s           2026-09-17T12:16:18
/opt/airflow/dags/transformation_DAG.py                           0           1  0.32s           2026-09-17T12:16:02
================================================================================
[2026-09-17T12:16:56.329+0000] {manager.py:878} INFO - 
================================================================================
DAG File Processing Stats

File Path                                PID    Runtime      # DAGs    # Errors  Last Runtime    Last Run
---------------------------------------  -----  ---------  --------  ----------  --------------  -------------------
/opt/airflow/dags/extraction_DAG.py                               1           0  0.35s           2026-09-17T12:16:48
/opt/airflow/dags/transformation_DAG.py                           0           1  0.33s           2026-09-17T12:16:33
================================================================================
[2026-09-17T12:17:11.405+0000] {manager.py:737} INFO - Searching for files in /opt/airflow/dags
[2026-09-17T12:17:11.407+0000] {manager.py:740} INFO - There are 2 files in /opt/airflow/dags
[2026-09-17T12:17:26.786+0000] {manager.py:878} INFO - 
================================================================================
DAG File Processing Stats

File Path                                PID    Runtime      # DAGs    # Errors  Last Runtime    Last Run
---------------------------------------  -----  ---------  --------  ----------  --------------  -------------------
/opt/airflow/dags/extraction_DAG.py                               1           0  0.44s           2026-09-17T12:17:19
/opt/airflow/dags/transformation_DAG.py                           0           1  0.32s           2026-09-17T12:17:03
================================================================================
[2026-09-17T12:17:57.259+0000] {manager.py:878} INFO - 
================================================================================
DAG File Processing Stats

File Path                                PID    Runtime      # DAGs    # Errors  Last Runtime    Last Run
---------------------------------------  -----  ---------  --------  ----------  --------------  -------------------
/opt/airflow/dags/transformation_DAG.py                           0           1  0.34s           2026-09-17T12:17:34
/opt/airflow/dags/extraction_DAG.py                               1           0  0.34s           2026-09-17T12:17:49
================================================================================
[2026-09-17T12:18:27.738+0000] {manager.py:878} INFO - 
================================================================================
DAG File Processing Stats

File Path                                PID    Runtime      # DAGs    # Errors  Last Runtime    Last Run
---------------------------------------  -----  ---------  --------  ----------  --------------  -------------------
/opt/airflow/dags/transformation_DAG.py                           0           1  0.34s           2026-09-17T12:18:04
/opt/airflow/dags/extraction_DAG.py                               1           0  0.32s           2026-09-17T12:18:20
================================================================================
[2026-09-17T12:18:58.169+0000] {manager.py:878} INFO - 
================================================================================
DAG File Processing Stats

File Path                                PID    Runtime      # DAGs    # Errors  Last Runtime    Last Run
---------------------------------------  -----  ---------  --------  ----------  --------------  -------------------
/opt/airflow/dags/extraction_DAG.py                               1           0  0.33s           2026-09-17T12:18:50
/opt/airflow/dags/transformation_DAG.py                           0           1  0.30s           2026-09-17T12:18:35
================================================================================
[2026-09-17T12:19:28.652+0000] {manager.py:878} INFO - 
================================================================================
DAG File Processing Stats

File Path                                PID    Runtime      # DAGs    # Errors  Last Runtime    Last Run
---------------------------------------  -----  ---------  --------  ----------  --------------  -------------------
/opt/airflow/dags/extraction_DAG.py                               1           0  0.34s           2026-09-17T12:19:20
/opt/airflow/dags/transformation_DAG.py                           0           1  0.33s           2026-09-17T12:19:05
================================================================================
[2026-09-17T12:19:59.114+0000] {manager.py:878} INFO - 
================================================================================
DAG File Processing Stats

File Path                                PID    Runtime      # DAGs    # Errors  Last Runtime    Last Run
---------------------------------------  -----  ---------  --------  ----------  --------------  -------------------
/opt/airflow/dags/extraction_DAG.py                               1           0  0.34s           2026-09-17T12:19:51
/opt/airflow/dags/transformation_DAG.py                           0           1  0.32s           2026-09-17T12:19:36
================================================================================
[2026-09-17T12:20:29.565+0000] {manager.py:878} INFO - 
================================================================================
DAG File Processing Stats

File Path                                PID    Runtime      # DAGs    # Errors  Last Runtime    Last Run
---------------------------------------  -----  ---------  --------  ----------  --------------  -------------------
/opt/airflow/dags/extraction_DAG.py                               1           0  0.32s           2026-09-17T12:20:21
/opt/airflow/dags/transformation_DAG.py                           0           1  0.31s           2026-09-17T12:20:06
================================================================================
[2026-09-17T12:21:00.013+0000] {manager.py:878} INFO - 
================================================================================
DAG File Processing Stats

File Path                                PID    Runtime      # DAGs    # Errors  Last Runtime    Last Run
---------------------------------------  -----  ---------  --------  ----------  --------------  -------------------
/opt/airflow/dags/extraction_DAG.py                               1           0  0.34s           2026-09-17T12:20:52
/opt/airflow/dags/transformation_DAG.py                           0           1  0.31s           2026-09-17T12:20:36
================================================================================
[2026-09-17T12:21:30.545+0000] {manager.py:878} INFO - 
================================================================================
DAG File Processing Stats

File Path                                PID    Runtime      # DAGs    # Errors  Last Runtime    Last Run
---------------------------------------  -----  ---------  --------  ----------  --------------  -------------------
/opt/airflow/dags/transformation_DAG.py                           0           1  0.40s           2026-09-17T12:21:07
/opt/airflow/dags/extraction_DAG.py                               1           0  0.32s           2026-09-17T12:21:22
================================================================================
[2026-09-17T12:22:00.990+0000] {manager.py:878} INFO - 
================================================================================
DAG File Processing Stats

File Path                                PID    Runtime      # DAGs    # Errors  Last Runtime    Last Run
---------------------------------------  -----  ---------  --------  ----------  --------------  -------------------
/opt/airflow/dags/extraction_DAG.py                               1           0  0.47s           2026-09-17T12:21:53
/opt/airflow/dags/transformation_DAG.py                           0           1  0.31s           2026-09-17T12:21:37
================================================================================
[2026-09-17T12:22:12.048+0000] {manager.py:737} INFO - Searching for files in /opt/airflow/dags
[2026-09-17T12:22:12.050+0000] {manager.py:740} INFO - There are 2 files in /opt/airflow/dags
[2026-09-17T12:22:31.472+0000] {manager.py:878} INFO - 
================================================================================
DAG File Processing Stats

File Path                                PID    Runtime      # DAGs    # Errors  Last Runtime    Last Run
---------------------------------------  -----  ---------  --------  ----------  --------------  -------------------
/opt/airflow/dags/extraction_DAG.py                               1           0  0.36s           2026-09-17T12:22:23
/opt/airflow/dags/transformation_DAG.py                           0           1  0.34s           2026-09-17T12:22:08
================================================================================
[2026-09-17T12:23:01.923+0000] {manager.py:878} INFO - 
================================================================================
DAG File Processing Stats

File Path                                PID    Runtime      # DAGs    # Errors  Last Runtime    Last Run
---------------------------------------  -----  ---------  --------  ----------  --------------  -------------------
/opt/airflow/dags/extraction_DAG.py                               1           0  0.34s           2026-09-17T12:22:54
/opt/airflow/dags/transformation_DAG.py                           0           1  0.31s           2026-09-17T12:22:38
================================================================================
[2026-09-17T12:23:32.410+0000] {manager.py:878} INFO - 
================================================================================
DAG File Processing Stats

File Path                                PID    Runtime      # DAGs    # Errors  Last Runtime    Last Run
---------------------------------------  -----  ---------  --------  ----------  --------------  -------------------
/opt/airflow/dags/transformation_DAG.py                           0           1  0.34s           2026-09-17T12:23:09
/opt/airflow/dags/extraction_DAG.py                               1           0  0.32s           2026-09-17T12:23:24
================================================================================
[2026-09-17T12:24:02.863+0000] {manager.py:878} INFO - 
================================================================================
DAG File Processing Stats

File Path                                PID    Runtime      # DAGs    # Errors  Last Runtime    Last Run
---------------------------------------  -----  ---------  --------  ----------  --------------  -------------------
/opt/airflow/dags/extraction_DAG.py                               1           0  0.44s           2026-09-17T12:23:55
/opt/airflow/dags/transformation_DAG.py                           0           1  0.30s           2026-09-17T12:23:39
================================================================================
[2026-09-17T12:24:33.325+0000] {manager.py:878} INFO - 
================================================================================
DAG File Processing Stats

File Path                                PID    Runtime      # DAGs    # Errors  Last Runtime    Last Run
---------------------------------------  -----  ---------  --------  ----------  --------------  -------------------
/opt/airflow/dags/extraction_DAG.py                               1           0  0.34s           2026-09-17T12:24:25
/opt/airflow/dags/transformation_DAG.py                           0           1  0.33s           2026-09-17T12:24:10
================================================================================
[2026-09-17T12:25:03.775+0000] {manager.py:878} INFO - 
================================================================================
DAG File Processing Stats

File Path                                PID    Runtime      # DAGs    # Errors  Last Runtime    Last Run
---------------------------------------  -----  ---------  --------  ----------  --------------  -------------------
/opt/airflow/dags/extraction_DAG.py                               1           0  0.33s           2026-09-17T12:24:56
/opt/airflow/dags/transformation_DAG.py                           0           1  0.30s           2026-09-17T12:24:40
================================================================================
[2026-09-17T12:25:34.211+0000] {manager.py:878} INFO - 
================================================================================
DAG File Processing Stats

File Path                                PID    Runtime      # DAGs    # Errors  Last Runtime    Last Run
---------------------------------------  -----  ---------  --------  ----------  --------------  -------------------
/opt/airflow/dags/extraction_DAG.py                               1           0  0.33s           2026-09-17T12:25:26
/opt/airflow/dags/transformation_DAG.py                           0           1  0.31s           2026-09-17T12:25:11
================================================================================
[2026-09-17T12:26:04.348+0000] {manager.py:878} INFO - 
================================================================================
DAG File Processing Stats

File Path                                PID    Runtime      # DAGs    # Errors  Last Runtime    Last Run
---------------------------------------  -----  ---------  --------  ----------  --------------  -------------------
/opt/airflow/dags/extraction_DAG.py                               1           0  0.69s           2026-09-17T12:25:57
/opt/airflow/dags/transformation_DAG.py                           0           1  0.32s           2026-09-17T12:25:41
================================================================================
[2026-09-17T12:26:34.786+0000] {manager.py:878} INFO - 
================================================================================
DAG File Processing Stats

File Path                                PID    Runtime      # DAGs    # Errors  Last Runtime    Last Run
---------------------------------------  -----  ---------  --------  ----------  --------------  -------------------
/opt/airflow/dags/extraction_DAG.py                               1           0  0.33s           2026-09-17T12:26:27
/opt/airflow/dags/transformation_DAG.py                           0           1  0.29s           2026-09-17T12:26:12
================================================================================
[2026-09-17T12:27:05.248+0000] {manager.py:878} INFO - 
================================================================================
DAG File Processing Stats

File Path                                PID    Runtime      # DAGs    # Errors  Last Runtime    Last Run
---------------------------------------  -----  ---------  --------  ----------  --------------  -------------------
/opt/airflow/dags/extraction_DAG.py                               1           0  0.46s           2026-09-17T12:26:58
/opt/airflow/dags/transformation_DAG.py                           0           1  0.33s           2026-09-17T12:26:43
================================================================================
[2026-09-17T12:27:12.278+0000] {manager.py:737} INFO - Searching for files in /opt/airflow/dags
[2026-09-17T12:27:12.280+0000] {manager.py:740} INFO - There are 2 files in /opt/airflow/dags
[2026-09-17T12:27:35.708+0000] {manager.py:878} INFO - 
================================================================================
DAG File Processing Stats

File Path                                PID    Runtime      # DAGs    # Errors  Last Runtime    Last Run
---------------------------------------  -----  ---------  --------  ----------  --------------  -------------------
/opt/airflow/dags/extraction_DAG.py                               1           0  0.34s           2026-09-17T12:27:28
/opt/airflow/dags/transformation_DAG.py                           0           1  0.31s           2026-09-17T12:27:13
================================================================================
[2026-09-17T12:28:06.285+0000] {manager.py:878} INFO - 
================================================================================
DAG File Processing Stats

File Path                                PID    Runtime      # DAGs    # Errors  Last Runtime    Last Run
---------------------------------------  -----  ---------  --------  ----------  --------------  -------------------
/opt/airflow/dags/transformation_DAG.py                           0           1  0.45s           2026-09-17T12:27:44
/opt/airflow/dags/extraction_DAG.py                               1           0  0.44s           2026-09-17T12:27:59
================================================================================
[2026-09-17T12:28:36.726+0000] {manager.py:878} INFO - 
================================================================================
DAG File Processing Stats

File Path                                PID    Runtime      # DAGs    # Errors  Last Runtime    Last Run
---------------------------------------  -----  ---------  --------  ----------  --------------  -------------------
/opt/airflow/dags/extraction_DAG.py                               1           0  0.33s           2026-09-17T12:28:29
/opt/airflow/dags/transformation_DAG.py                           0           1  0.31s           2026-09-17T12:28:14
================================================================================
[2026-09-17T12:29:06.774+0000] {manager.py:878} INFO - 
================================================================================
DAG File Processing Stats

File Path                                PID    Runtime      # DAGs    # Errors  Last Runtime    Last Run
---------------------------------------  -----  ---------  --------  ----------  --------------  -------------------
/opt/airflow/dags/extraction_DAG.py                               1           0  0.70s           2026-09-17T12:29:00
/opt/airflow/dags/transformation_DAG.py                           0           1  0.41s           2026-09-17T12:28:45
================================================================================
[2026-09-17T12:29:37.717+0000] {manager.py:878} INFO - 
================================================================================
DAG File Processing Stats

File Path                                PID    Runtime      # DAGs    # Errors  Last Runtime    Last Run
---------------------------------------  -----  ---------  --------  ----------  --------------  -------------------
/opt/airflow/dags/transformation_DAG.py                           0           1  0.32s           2026-09-17T12:29:15
/opt/airflow/dags/extraction_DAG.py                               1           0  0.32s           2026-09-17T12:29:31
================================================================================
[2026-09-17T12:30:08.238+0000] {manager.py:878} INFO - 
================================================================================
DAG File Processing Stats

File Path                                PID    Runtime      # DAGs    # Errors  Last Runtime    Last Run
---------------------------------------  -----  ---------  --------  ----------  --------------  -------------------
/opt/airflow/dags/extraction_DAG.py                               1           0  0.44s           2026-09-17T12:30:02
/opt/airflow/dags/transformation_DAG.py                           0           1  0.40s           2026-09-17T12:29:46
================================================================================
[2026-09-17T12:30:38.675+0000] {manager.py:878} INFO - 
================================================================================
DAG File Processing Stats

File Path                                PID    Runtime      # DAGs    # Errors  Last Runtime    Last Run
---------------------------------------  -----  ---------  --------  ----------  --------------  -------------------
/opt/airflow/dags/extraction_DAG.py                               1           0  0.37s           2026-09-17T12:30:32
/opt/airflow/dags/transformation_DAG.py                           0           1  0.30s           2026-09-17T12:30:16
================================================================================
[2026-09-17T12:31:09.194+0000] {manager.py:878} INFO - 
================================================================================
DAG File Processing Stats

File Path                                PID    Runtime      # DAGs    # Errors  Last Runtime    Last Run
---------------------------------------  -----  ---------  --------  ----------  --------------  -------------------
/opt/airflow/dags/extraction_DAG.py                               1           0  0.46s           2026-09-17T12:31:03
/opt/airflow/dags/transformation_DAG.py                           0           1  0.39s           2026-09-17T12:30:47
================================================================================
[2026-09-17T12:31:39.643+0000] {manager.py:878} INFO - 
================================================================================
DAG File Processing Stats

File Path                                PID    Runtime      # DAGs    # Errors  Last Runtime    Last Run
---------------------------------------  -----  ---------  --------  ----------  --------------  -------------------
/opt/airflow/dags/extraction_DAG.py                               1           0  0.33s           2026-09-17T12:31:33
/opt/airflow/dags/transformation_DAG.py                           0           1  0.32s           2026-09-17T12:31:17
================================================================================
[2026-09-17T12:32:10.199+0000] {manager.py:878} INFO - 
================================================================================
DAG File Processing Stats

File Path                                PID    Runtime      # DAGs    # Errors  Last Runtime    Last Run
---------------------------------------  -----  ---------  --------  ----------  --------------  -------------------
/opt/airflow/dags/extraction_DAG.py                               1           0  0.42s           2026-09-17T12:32:04
/opt/airflow/dags/transformation_DAG.py                           0           1  0.42s           2026-09-17T12:31:48
================================================================================
[2026-09-17T12:32:12.425+0000] {manager.py:737} INFO - Searching for files in /opt/airflow/dags
[2026-09-17T12:32:12.427+0000] {manager.py:740} INFO - There are 2 files in /opt/airflow/dags
[2026-09-17T12:32:40.634+0000] {manager.py:878} INFO - 
================================================================================
DAG File Processing Stats

File Path                                PID    Runtime      # DAGs    # Errors  Last Runtime    Last Run
---------------------------------------  -----  ---------  --------  ----------  --------------  -------------------
/opt/airflow/dags/extraction_DAG.py                               1           0  0.33s           2026-09-17T12:32:34
/opt/airflow/dags/transformation_DAG.py                           0           1  0.31s           2026-09-17T12:32:18
================================================================================
[2026-09-17T12:33:11.187+0000] {manager.py:878} INFO - 
================================================================================
DAG File Processing Stats

File Path                                PID    Runtime      # DAGs    # Errors  Last Runtime    Last Run
---------------------------------------  -----  ---------  --------  ----------  --------------  -------------------
/opt/airflow/dags/transformation_DAG.py                           0           1  0.42s           2026-09-17T12:32:49
/opt/airflow/dags/extraction_DAG.py                               1           0  0.39s           2026-09-17T12:33:05
================================================================================
[2026-09-17T12:33:41.631+0000] {manager.py:878} INFO - 
================================================================================
DAG File Processing Stats

File Path                                PID    Runtime      # DAGs    # Errors  Last Runtime    Last Run
---------------------------------------  -----  ---------  --------  ----------  --------------  -------------------
/opt/airflow/dags/extraction_DAG.py                               1           0  0.33s           2026-09-17T12:33:35
/opt/airflow/dags/transformation_DAG.py                           0           1  0.31s           2026-09-17T12:33:19
================================================================================
[2026-09-17T12:34:12.175+0000] {manager.py:878} INFO - 
================================================================================
DAG File Processing Stats

File Path                                PID    Runtime      # DAGs    # Errors  Last Runtime    Last Run
---------------------------------------  -----  ---------  --------  ----------  --------------  -------------------
/opt/airflow/dags/extraction_DAG.py                               1           0  0.45s           2026-09-17T12:34:06
/opt/airflow/dags/transformation_DAG.py                           0           1  0.41s           2026-09-17T12:33:50
================================================================================
[2026-09-17T12:34:42.637+0000] {manager.py:878} INFO - 
================================================================================
DAG File Processing Stats

File Path                                PID    Runtime      # DAGs    # Errors  Last Runtime    Last Run
---------------------------------------  -----  ---------  --------  ----------  --------------  -------------------
/opt/airflow/dags/extraction_DAG.py                               1           0  0.32s           2026-09-17T12:34:36
/opt/airflow/dags/transformation_DAG.py                           0           1  0.31s           2026-09-17T12:34:20
================================================================================
[2026-09-17T12:35:12.751+0000] {manager.py:878} INFO - 
================================================================================
DAG File Processing Stats

File Path                                PID    Runtime      # DAGs    # Errors  Last Runtime    Last Run
---------------------------------------  -----  ---------  --------  ----------  --------------  -------------------
/opt/airflow/dags/extraction_DAG.py                               1           0  0.67s           2026-09-17T12:35:07
/opt/airflow/dags/transformation_DAG.py                           0           1  0.42s           2026-09-17T12:34:51
================================================================================
[2026-09-17T12:35:43.617+0000] {manager.py:878} INFO - 
================================================================================
DAG File Processing Stats

File Path                                PID    Runtime      # DAGs    # Errors  Last Runtime    Last Run
---------------------------------------  -----  ---------  --------  ----------  --------------  -------------------
/opt/airflow/dags/extraction_DAG.py                               1           0  0.32s           2026-09-17T12:35:38
/opt/airflow/dags/transformation_DAG.py                           0           1  0.31s           2026-09-17T12:35:21
================================================================================
[2026-09-17T12:36:14.158+0000] {manager.py:878} INFO - 
================================================================================
DAG File Processing Stats

File Path                                PID    Runtime      # DAGs    # Errors  Last Runtime    Last Run
---------------------------------------  -----  ---------  --------  ----------  --------------  -------------------
/opt/airflow/dags/extraction_DAG.py                               1           0  0.69s           2026-09-17T12:36:09
/opt/airflow/dags/transformation_DAG.py                           0           1  0.40s           2026-09-17T12:35:52
================================================================================
[2026-09-17T12:36:44.612+0000] {manager.py:878} INFO - 
================================================================================
DAG File Processing Stats

File Path                                PID    Runtime      # DAGs    # Errors  Last Runtime    Last Run
---------------------------------------  -----  ---------  --------  ----------  --------------  -------------------
/opt/airflow/dags/extraction_DAG.py                               1           0  0.32s           2026-09-17T12:36:39
/opt/airflow/dags/transformation_DAG.py                           0           1  0.31s           2026-09-17T12:36:22
================================================================================
[2026-09-17T12:37:12.438+0000] {manager.py:737} INFO - Searching for files in /opt/airflow/dags
[2026-09-17T12:37:12.441+0000] {manager.py:740} INFO - There are 2 files in /opt/airflow/dags
[2026-09-17T12:37:15.177+0000] {manager.py:878} INFO - 
================================================================================
DAG File Processing Stats

File Path                                PID    Runtime      # DAGs    # Errors  Last Runtime    Last Run
---------------------------------------  -----  ---------  --------  ----------  --------------  -------------------
/opt/airflow/dags/transformation_DAG.py                           0           1  0.43s           2026-09-17T12:36:53
/opt/airflow/dags/extraction_DAG.py                               1           0  0.40s           2026-09-17T12:37:10
================================================================================
[2026-09-17T12:37:45.624+0000] {manager.py:878} INFO - 
================================================================================
DAG File Processing Stats

File Path                                PID    Runtime      # DAGs    # Errors  Last Runtime    Last Run
---------------------------------------  -----  ---------  --------  ----------  --------------  -------------------
/opt/airflow/dags/extraction_DAG.py                               1           0  0.35s           2026-09-17T12:37:40
/opt/airflow/dags/transformation_DAG.py                           0           1  0.32s           2026-09-17T12:37:23
================================================================================
[2026-09-17T12:38:16.081+0000] {manager.py:878} INFO - 
================================================================================
DAG File Processing Stats

File Path                                PID    Runtime      # DAGs    # Errors  Last Runtime    Last Run
---------------------------------------  -----  ---------  --------  ----------  --------------  -------------------
/opt/airflow/dags/extraction_DAG.py                               1           0  0.46s           2026-09-17T12:38:11
/opt/airflow/dags/transformation_DAG.py                           0           1  0.32s           2026-09-17T12:37:53
================================================================================
[2026-09-17T12:38:46.516+0000] {manager.py:878} INFO - 
================================================================================
DAG File Processing Stats

File Path                                PID    Runtime      # DAGs    # Errors  Last Runtime    Last Run
---------------------------------------  -----  ---------  --------  ----------  --------------  -------------------
/opt/airflow/dags/extraction_DAG.py                               1           0  0.33s           2026-09-17T12:38:42
/opt/airflow/dags/transformation_DAG.py                           0           1  0.30s           2026-09-17T12:38:24
================================================================================
[2026-09-17T12:39:17.056+0000] {manager.py:878} INFO - 
================================================================================
DAG File Processing Stats

File Path                                PID    Runtime      # DAGs    # Errors  Last Runtime    Last Run
---------------------------------------  -----  ---------  --------  ----------  --------------  -------------------
/opt/airflow/dags/extraction_DAG.py                               1           0  0.71s           2026-09-17T12:39:13
/opt/airflow/dags/transformation_DAG.py                           0           1  0.41s           2026-09-17T12:38:54
================================================================================
[2026-09-17T12:39:47.511+0000] {manager.py:878} INFO - 
================================================================================
DAG File Processing Stats

File Path                                PID    Runtime      # DAGs    # Errors  Last Runtime    Last Run
---------------------------------------  -----  ---------  --------  ----------  --------------  -------------------
/opt/airflow/dags/extraction_DAG.py                               1           0  0.34s           2026-09-17T12:39:43
/opt/airflow/dags/transformation_DAG.py                           0           1  0.31s           2026-09-17T12:39:25
================================================================================
[2026-09-17T12:40:17.688+0000] {manager.py:878} INFO - 
================================================================================
DAG File Processing Stats

File Path                                PID    Runtime      # DAGs    # Errors  Last Runtime    Last Run
---------------------------------------  -----  ---------  --------  ----------  --------------  -------------------
/opt/airflow/dags/extraction_DAG.py                               1           0  0.72s           2026-09-17T12:40:14
/opt/airflow/dags/transformation_DAG.py                           0           1  0.41s           2026-09-17T12:39:55
================================================================================
[2026-09-17T12:40:48.484+0000] {manager.py:878} INFO - 
================================================================================
DAG File Processing Stats

File Path                                PID    Runtime      # DAGs    # Errors  Last Runtime    Last Run
---------------------------------------  -----  ---------  --------  ----------  --------------  -------------------
/opt/airflow/dags/extraction_DAG.py                               1           0  0.36s           2026-09-17T12:40:45
/opt/airflow/dags/transformation_DAG.py                           0           1  0.31s           2026-09-17T12:40:26
================================================================================
[2026-09-17T12:41:19.026+0000] {manager.py:878} INFO - 
================================================================================
DAG File Processing Stats

File Path                                PID    Runtime      # DAGs    # Errors  Last Runtime    Last Run
---------------------------------------  -----  ---------  --------  ----------  --------------  -------------------
/opt/airflow/dags/transformation_DAG.py                           0           1  0.42s           2026-09-17T12:40:56
/opt/airflow/dags/extraction_DAG.py                               1           0  0.38s           2026-09-17T12:41:16
================================================================================
[2026-09-17T12:41:49.474+0000] {manager.py:878} INFO - 
================================================================================
DAG File Processing Stats

File Path                                PID    Runtime      # DAGs    # Errors  Last Runtime    Last Run
---------------------------------------  -----  ---------  --------  ----------  --------------  -------------------
/opt/airflow/dags/extraction_DAG.py                               1           0  0.32s           2026-09-17T12:41:46
/opt/airflow/dags/transformation_DAG.py                           0           1  0.32s           2026-09-17T12:41:27
================================================================================
[2026-09-17T12:42:12.599+0000] {manager.py:737} INFO - Searching for files in /opt/airflow/dags
[2026-09-17T12:42:12.602+0000] {manager.py:740} INFO - There are 2 files in /opt/airflow/dags
[2026-09-17T12:42:20.034+0000] {manager.py:878} INFO - 
================================================================================
DAG File Processing Stats

File Path                                PID    Runtime      # DAGs    # Errors  Last Runtime    Last Run
---------------------------------------  -----  ---------  --------  ----------  --------------  -------------------
/opt/airflow/dags/extraction_DAG.py                               1           0  0.43s           2026-09-17T12:42:17
/opt/airflow/dags/transformation_DAG.py                           0           1  0.43s           2026-09-17T12:41:57
================================================================================
[2026-09-17T12:42:50.500+0000] {manager.py:878} INFO - 
================================================================================
DAG File Processing Stats

File Path                                PID    Runtime      # DAGs    # Errors  Last Runtime    Last Run
---------------------------------------  -----  ---------  --------  ----------  --------------  -------------------
/opt/airflow/dags/extraction_DAG.py                               1           0  0.35s           2026-09-17T12:42:47
/opt/airflow/dags/transformation_DAG.py                           0           1  0.33s           2026-09-17T12:42:28
================================================================================
[2026-09-17T12:43:20.956+0000] {manager.py:878} INFO - 
================================================================================
DAG File Processing Stats

File Path                                PID    Runtime      # DAGs    # Errors  Last Runtime    Last Run
---------------------------------------  -----  ---------  --------  ----------  --------------  -------------------
/opt/airflow/dags/extraction_DAG.py                               1           0  0.45s           2026-09-17T12:43:18
/opt/airflow/dags/transformation_DAG.py                           0           1  0.32s           2026-09-17T12:42:58
================================================================================
[2026-09-17T12:43:51.504+0000] {manager.py:878} INFO - 
================================================================================
DAG File Processing Stats

File Path                                PID    Runtime      # DAGs    # Errors  Last Runtime    Last Run
---------------------------------------  -----  ---------  --------  ----------  --------------  -------------------
/opt/airflow/dags/transformation_DAG.py                           0           1  0.41s           2026-09-17T12:43:29
/opt/airflow/dags/extraction_DAG.py                               1           0  0.33s           2026-09-17T12:43:48
================================================================================
[2026-09-17T12:44:21.941+0000] {manager.py:878} INFO - 
================================================================================
DAG File Processing Stats

File Path                                PID    Runtime      # DAGs    # Errors  Last Runtime    Last Run
---------------------------------------  -----  ---------  --------  ----------  --------------  -------------------
/opt/airflow/dags/extraction_DAG.py                               1           0  0.34s           2026-09-17T12:44:19
/opt/airflow/dags/transformation_DAG.py                           0           1  0.31s           2026-09-17T12:43:59
================================================================================
[2026-09-17T12:44:52.484+0000] {manager.py:878} INFO - 
================================================================================
DAG File Processing Stats

File Path                                PID    Runtime      # DAGs    # Errors  Last Runtime    Last Run
---------------------------------------  -----  ---------  --------  ----------  --------------  -------------------
/opt/airflow/dags/extraction_DAG.py                               1           0  0.43s           2026-09-17T12:44:49
/opt/airflow/dags/transformation_DAG.py                           0           1  0.41s           2026-09-17T12:44:30
================================================================================
[2026-09-17T12:45:22.932+0000] {manager.py:878} INFO - 
================================================================================
DAG File Processing Stats

File Path                                PID    Runtime      # DAGs    # Errors  Last Runtime    Last Run
---------------------------------------  -----  ---------  --------  ----------  --------------  -------------------
/opt/airflow/dags/extraction_DAG.py                               1           0  0.33s           2026-09-17T12:45:20
/opt/airflow/dags/transformation_DAG.py                           0           1  0.31s           2026-09-17T12:45:00
================================================================================
[2026-09-17T12:45:53.386+0000] {manager.py:878} INFO - 
================================================================================
DAG File Processing Stats

File Path                                PID    Runtime      # DAGs    # Errors  Last Runtime    Last Run
---------------------------------------  -----  ---------  --------  ----------  --------------  -------------------
/opt/airflow/dags/extraction_DAG.py                               1           0  0.67s           2026-09-17T12:45:50
/opt/airflow/dags/transformation_DAG.py                           0           1  0.33s           2026-09-17T12:45:31
================================================================================
[2026-09-17T12:46:23.818+0000] {manager.py:878} INFO - 
================================================================================
DAG File Processing Stats

File Path                                PID    Runtime      # DAGs    # Errors  Last Runtime    Last Run
---------------------------------------  -----  ---------  --------  ----------  --------------  -------------------
/opt/airflow/dags/extraction_DAG.py                               1           0  0.33s           2026-09-17T12:46:21
/opt/airflow/dags/transformation_DAG.py                           0           1  0.30s           2026-09-17T12:46:01
================================================================================
[2026-09-17T12:46:54.264+0000] {manager.py:878} INFO - 
================================================================================
DAG File Processing Stats

File Path                                PID    Runtime      # DAGs    # Errors  Last Runtime    Last Run
---------------------------------------  -----  ---------  --------  ----------  --------------  -------------------
/opt/airflow/dags/extraction_DAG.py                               1           0  0.44s           2026-09-17T12:46:52
/opt/airflow/dags/transformation_DAG.py                           0           1  0.31s           2026-09-17T12:46:32
================================================================================
[2026-09-17T12:47:12.644+0000] {manager.py:737} INFO - Searching for files in /opt/airflow/dags
[2026-09-17T12:47:12.646+0000] {manager.py:740} INFO - There are 2 files in /opt/airflow/dags
[2026-09-17T12:47:24.710+0000] {manager.py:878} INFO - 
================================================================================
DAG File Processing Stats

File Path                                PID    Runtime      # DAGs    # Errors  Last Runtime    Last Run
---------------------------------------  -----  ---------  --------  ----------  --------------  -------------------
/opt/airflow/dags/extraction_DAG.py                               1           0  0.32s           2026-09-17T12:47:22
/opt/airflow/dags/transformation_DAG.py                           0           1  0.30s           2026-09-17T12:47:02
================================================================================
[2026-09-17T12:47:55.249+0000] {manager.py:878} INFO - 
================================================================================
DAG File Processing Stats

File Path                                PID    Runtime      # DAGs    # Errors  Last Runtime    Last Run
---------------------------------------  -----  ---------  --------  ----------  --------------  -------------------
/opt/airflow/dags/extraction_DAG.py                               1           0  0.47s           2026-09-17T12:47:53
/opt/airflow/dags/transformation_DAG.py                           0           1  0.40s           2026-09-17T12:47:33
================================================================================
[2026-09-17T12:48:25.688+0000] {manager.py:878} INFO - 
================================================================================
DAG File Processing Stats

File Path                                PID    Runtime      # DAGs    # Errors  Last Runtime    Last Run
---------------------------------------  -----  ---------  --------  ----------  --------------  -------------------
/opt/airflow/dags/extraction_DAG.py                               1           0  0.34s           2026-09-17T12:48:23
/opt/airflow/dags/transformation_DAG.py                           0           1  0.31s           2026-09-17T12:48:03
================================================================================
[2026-09-17T12:48:56.251+0000] {manager.py:878} INFO - 
================================================================================
DAG File Processing Stats

File Path                                PID    Runtime      # DAGs    # Errors  Last Runtime    Last Run
---------------------------------------  -----  ---------  --------  ----------  --------------  -------------------
/opt/airflow/dags/extraction_DAG.py                               1           0  0.44s           2026-09-17T12:48:54
/opt/airflow/dags/transformation_DAG.py                           0           1  0.43s           2026-09-17T12:48:34
================================================================================
[2026-09-17T12:49:26.694+0000] {manager.py:878} INFO - 
================================================================================
DAG File Processing Stats

File Path                                PID    Runtime      # DAGs    # Errors  Last Runtime    Last Run
---------------------------------------  -----  ---------  --------  ----------  --------------  -------------------
/opt/airflow/dags/extraction_DAG.py                               1           0  0.34s           2026-09-17T12:49:25
/opt/airflow/dags/transformation_DAG.py                           0           1  0.31s           2026-09-17T12:49:04
================================================================================
[2026-09-17T12:49:57.256+0000] {manager.py:878} INFO - 
================================================================================
DAG File Processing Stats

File Path                                PID    Runtime      # DAGs    # Errors  Last Runtime    Last Run
---------------------------------------  -----  ---------  --------  ----------  --------------  -------------------
/opt/airflow/dags/extraction_DAG.py                               1           0  0.44s           2026-09-17T12:49:55
/opt/airflow/dags/transformation_DAG.py                           0           1  0.43s           2026-09-17T12:49:35
================================================================================
[2026-09-17T12:50:27.703+0000] {manager.py:878} INFO - 
================================================================================
DAG File Processing Stats

File Path                                PID    Runtime      # DAGs    # Errors  Last Runtime    Last Run
---------------------------------------  -----  ---------  --------  ----------  --------------  -------------------
/opt/airflow/dags/extraction_DAG.py                               1           0  0.33s           2026-09-17T12:50:26
/opt/airflow/dags/transformation_DAG.py                           0           1  0.31s           2026-09-17T12:50:05
================================================================================
[2026-09-17T12:50:58.251+0000] {manager.py:878} INFO - 
================================================================================
DAG File Processing Stats

File Path                                PID    Runtime      # DAGs    # Errors  Last Runtime    Last Run
---------------------------------------  -----  ---------  --------  ----------  --------------  -------------------
/opt/airflow/dags/extraction_DAG.py                               1           0  0.45s           2026-09-17T12:50:56
/opt/airflow/dags/transformation_DAG.py                           0           1  0.41s           2026-09-17T12:50:36
================================================================================
[2026-09-17T12:51:28.698+0000] {manager.py:878} INFO - 
================================================================================
DAG File Processing Stats

File Path                                PID    Runtime      # DAGs    # Errors  Last Runtime    Last Run
---------------------------------------  -----  ---------  --------  ----------  --------------  -------------------
/opt/airflow/dags/extraction_DAG.py                               1           0  0.33s           2026-09-17T12:51:27
/opt/airflow/dags/transformation_DAG.py                           0           1  0.31s           2026-09-17T12:51:06
================================================================================
[2026-09-17T12:51:59.241+0000] {manager.py:878} INFO - 
================================================================================
DAG File Processing Stats

File Path                                PID    Runtime      # DAGs    # Errors  Last Runtime    Last Run
---------------------------------------  -----  ---------  --------  ----------  --------------  -------------------
/opt/airflow/dags/extraction_DAG.py                               1           0  0.43s           2026-09-17T12:51:57
/opt/airflow/dags/transformation_DAG.py                           0           1  0.41s           2026-09-17T12:51:37
================================================================================
[2026-09-17T12:52:13.309+0000] {manager.py:737} INFO - Searching for files in /opt/airflow/dags
[2026-09-17T12:52:13.311+0000] {manager.py:740} INFO - There are 2 files in /opt/airflow/dags
[2026-09-17T12:52:29.692+0000] {manager.py:878} INFO - 
================================================================================
DAG File Processing Stats

File Path                                PID    Runtime      # DAGs    # Errors  Last Runtime    Last Run
---------------------------------------  -----  ---------  --------  ----------  --------------  -------------------
/opt/airflow/dags/extraction_DAG.py                               1           0  0.34s           2026-09-17T12:52:28
/opt/airflow/dags/transformation_DAG.py                           0           1  0.31s           2026-09-17T12:52:07
================================================================================
[2026-09-17T12:53:00.265+0000] {manager.py:878} INFO - 
================================================================================
DAG File Processing Stats

File Path                                PID    Runtime      # DAGs    # Errors  Last Runtime    Last Run
---------------------------------------  -----  ---------  --------  ----------  --------------  -------------------
/opt/airflow/dags/transformation_DAG.py                           0           1  0.45s           2026-09-17T12:52:38
/opt/airflow/dags/extraction_DAG.py                               1           0  0.44s           2026-09-17T12:52:58
================================================================================
[2026-09-17T12:53:30.716+0000] {manager.py:878} INFO - 
================================================================================
DAG File Processing Stats

File Path                                PID    Runtime      # DAGs    # Errors  Last Runtime    Last Run
---------------------------------------  -----  ---------  --------  ----------  --------------  -------------------
/opt/airflow/dags/extraction_DAG.py                               1           0  0.33s           2026-09-17T12:53:29
/opt/airflow/dags/transformation_DAG.py                           0           1  0.31s           2026-09-17T12:53:08
================================================================================
[2026-09-17T12:54:01.266+0000] {manager.py:878} INFO - 
================================================================================
DAG File Processing Stats

File Path                                PID    Runtime      # DAGs    # Errors  Last Runtime    Last Run
---------------------------------------  -----  ---------  --------  ----------  --------------  -------------------
/opt/airflow/dags/extraction_DAG.py                               1           0  0.43s           2026-09-17T12:53:59
/opt/airflow/dags/transformation_DAG.py                           0           1  0.42s           2026-09-17T12:53:39
================================================================================
[2026-09-17T12:54:31.710+0000] {manager.py:878} INFO - 
================================================================================
DAG File Processing Stats

File Path                                PID    Runtime      # DAGs    # Errors  Last Runtime    Last Run
---------------------------------------  -----  ---------  --------  ----------  --------------  -------------------
/opt/airflow/dags/extraction_DAG.py                               1           0  0.33s           2026-09-17T12:54:30
/opt/airflow/dags/transformation_DAG.py                           0           1  0.31s           2026-09-17T12:54:09
================================================================================
[2026-09-17T12:55:02.161+0000] {manager.py:878} INFO - 
================================================================================
DAG File Processing Stats

File Path                                PID    Runtime      # DAGs    # Errors  Last Runtime    Last Run
---------------------------------------  -----  ---------  --------  ----------  --------------  -------------------
/opt/airflow/dags/extraction_DAG.py                               1           0  0.44s           2026-09-17T12:55:00
/opt/airflow/dags/transformation_DAG.py                           0           1  0.31s           2026-09-17T12:54:40
================================================================================
[2026-09-17T12:55:32.730+0000] {manager.py:878} INFO - 
================================================================================
DAG File Processing Stats

File Path                                PID    Runtime      # DAGs    # Errors  Last Runtime    Last Run
---------------------------------------  -----  ---------  --------  ----------  --------------  -------------------
/opt/airflow/dags/transformation_DAG.py                           0           1  0.42s           2026-09-17T12:55:10
/opt/airflow/dags/extraction_DAG.py                               1           0  0.33s           2026-09-17T12:55:31
================================================================================
[2026-09-17T12:56:03.174+0000] {manager.py:878} INFO - 
================================================================================
DAG File Processing Stats

File Path                                PID    Runtime      # DAGs    # Errors  Last Runtime    Last Run
---------------------------------------  -----  ---------  --------  ----------  --------------  -------------------
/opt/airflow/dags/extraction_DAG.py                               1           0  0.33s           2026-09-17T12:56:01
/opt/airflow/dags/transformation_DAG.py                           0           1  0.31s           2026-09-17T12:55:41
================================================================================
[2026-09-17T12:56:33.720+0000] {manager.py:878} INFO - 
================================================================================
DAG File Processing Stats

File Path                                PID    Runtime      # DAGs    # Errors  Last Runtime    Last Run
---------------------------------------  -----  ---------  --------  ----------  --------------  -------------------
/opt/airflow/dags/extraction_DAG.py                               1           0  0.44s           2026-09-17T12:56:32
/opt/airflow/dags/transformation_DAG.py                           0           1  0.41s           2026-09-17T12:56:11
================================================================================
[2026-09-17T12:57:04.171+0000] {manager.py:878} INFO - 
================================================================================
DAG File Processing Stats

File Path                                PID    Runtime      # DAGs    # Errors  Last Runtime    Last Run
---------------------------------------  -----  ---------  --------  ----------  --------------  -------------------
/opt/airflow/dags/extraction_DAG.py                               1           0  0.34s           2026-09-17T12:57:02
/opt/airflow/dags/transformation_DAG.py                           0           1  0.31s           2026-09-17T12:56:42
================================================================================
[2026-09-17T12:57:13.546+0000] {manager.py:737} INFO - Searching for files in /opt/airflow/dags
[2026-09-17T12:57:13.547+0000] {manager.py:740} INFO - There are 2 files in /opt/airflow/dags
[2026-09-17T12:57:34.712+0000] {manager.py:878} INFO - 
================================================================================
DAG File Processing Stats

File Path                                PID    Runtime      # DAGs    # Errors  Last Runtime    Last Run
---------------------------------------  -----  ---------  --------  ----------  --------------  -------------------
/opt/airflow/dags/extraction_DAG.py                               1           0  0.48s           2026-09-17T12:57:33
/opt/airflow/dags/transformation_DAG.py                           0           1  0.41s           2026-09-17T12:57:12
================================================================================
[2026-09-17T12:58:05.159+0000] {manager.py:878} INFO - 
================================================================================
DAG File Processing Stats

File Path                                PID    Runtime      # DAGs    # Errors  Last Runtime    Last Run
---------------------------------------  -----  ---------  --------  ----------  --------------  -------------------
/opt/airflow/dags/extraction_DAG.py                               1           0  0.38s           2026-09-17T12:58:03
/opt/airflow/dags/transformation_DAG.py                           0           1  0.31s           2026-09-17T12:57:43
================================================================================
[2026-09-17T12:58:35.702+0000] {manager.py:878} INFO - 
================================================================================
DAG File Processing Stats

File Path                                PID    Runtime      # DAGs    # Errors  Last Runtime    Last Run
---------------------------------------  -----  ---------  --------  ----------  --------------  -------------------
/opt/airflow/dags/extraction_DAG.py                               1           0  0.44s           2026-09-17T12:58:34
/opt/airflow/dags/transformation_DAG.py                           0           1  0.42s           2026-09-17T12:58:13
================================================================================
[2026-09-17T12:59:06.153+0000] {manager.py:878} INFO - 
================================================================================
DAG File Processing Stats

File Path                                PID    Runtime      # DAGs    # Errors  Last Runtime    Last Run
---------------------------------------  -----  ---------  --------  ----------  --------------  -------------------
/opt/airflow/dags/extraction_DAG.py                               1           0  0.34s           2026-09-17T12:59:04
/opt/airflow/dags/transformation_DAG.py                           0           1  0.31s           2026-09-17T12:58:44
================================================================================
[2026-09-17T12:59:36.694+0000] {manager.py:878} INFO - 
================================================================================
DAG File Processing Stats

File Path                                PID    Runtime      # DAGs    # Errors  Last Runtime    Last Run
---------------------------------------  -----  ---------  --------  ----------  --------------  -------------------
/opt/airflow/dags/extraction_DAG.py                               1           0  0.44s           2026-09-17T12:59:35
/opt/airflow/dags/transformation_DAG.py                           0           1  0.41s           2026-09-17T12:59:14
================================================================================
[2026-09-17T13:00:07.157+0000] {manager.py:878} INFO - 
================================================================================
DAG File Processing Stats

File Path                                PID    Runtime      # DAGs    # Errors  Last Runtime    Last Run
---------------------------------------  -----  ---------  --------  ----------  --------------  -------------------
/opt/airflow/dags/extraction_DAG.py                               1           0  0.34s           2026-09-17T13:00:05
/opt/airflow/dags/transformation_DAG.py                           0           1  0.32s           2026-09-17T12:59:45
================================================================================
[2026-09-17T13:00:37.696+0000] {manager.py:878} INFO - 
================================================================================
DAG File Processing Stats

File Path                                PID    Runtime      # DAGs    # Errors  Last Runtime    Last Run
---------------------------------------  -----  ---------  --------  ----------  --------------  -------------------
/opt/airflow/dags/extraction_DAG.py                               1           0  0.43s           2026-09-17T13:00:36
/opt/airflow/dags/transformation_DAG.py                           0           1  0.41s           2026-09-17T13:00:15
================================================================================
[2026-09-17T13:01:08.177+0000] {manager.py:878} INFO - 
================================================================================
DAG File Processing Stats

File Path                                PID    Runtime      # DAGs    # Errors  Last Runtime    Last Run
---------------------------------------  -----  ---------  --------  ----------  --------------  -------------------
/opt/airflow/dags/transformation_DAG.py                           0           1  0.33s           2026-09-17T13:00:46
/opt/airflow/dags/extraction_DAG.py                               1           0  0.33s           2026-09-17T13:01:06
================================================================================
[2026-09-17T13:01:38.642+0000] {manager.py:878} INFO - 
================================================================================
DAG File Processing Stats

File Path                                PID    Runtime      # DAGs    # Errors  Last Runtime    Last Run
---------------------------------------  -----  ---------  --------  ----------  --------------  -------------------
/opt/airflow/dags/extraction_DAG.py                               1           0  0.43s           2026-09-17T13:01:37
/opt/airflow/dags/transformation_DAG.py                           0           1  0.32s           2026-09-17T13:01:16
================================================================================
[2026-09-17T13:02:09.093+0000] {manager.py:878} INFO - 
================================================================================
DAG File Processing Stats

File Path                                PID    Runtime      # DAGs    # Errors  Last Runtime    Last Run
---------------------------------------  -----  ---------  --------  ----------  --------------  -------------------
/opt/airflow/dags/extraction_DAG.py                               1           0  0.32s           2026-09-17T13:02:07
/opt/airflow/dags/transformation_DAG.py                           0           1  0.31s           2026-09-17T13:01:46
================================================================================
[2026-09-17T13:02:14.117+0000] {manager.py:737} INFO - Searching for files in /opt/airflow/dags
[2026-09-17T13:02:14.120+0000] {manager.py:740} INFO - There are 2 files in /opt/airflow/dags
[2026-09-17T13:02:39.570+0000] {manager.py:878} INFO - 
================================================================================
DAG File Processing Stats

File Path                                PID    Runtime      # DAGs    # Errors  Last Runtime    Last Run
---------------------------------------  -----  ---------  --------  ----------  --------------  -------------------
/opt/airflow/dags/extraction_DAG.py                               1           0  0.42s           2026-09-17T13:02:37
/opt/airflow/dags/transformation_DAG.py                           0           1  0.32s           2026-09-17T13:02:17
================================================================================
[2026-09-17T13:03:10.013+0000] {manager.py:878} INFO - 
================================================================================
DAG File Processing Stats

File Path                                PID    Runtime      # DAGs    # Errors  Last Runtime    Last Run
---------------------------------------  -----  ---------  --------  ----------  --------------  -------------------
/opt/airflow/dags/extraction_DAG.py                               1           0  0.36s           2026-09-17T13:03:08
/opt/airflow/dags/transformation_DAG.py                           0           1  0.30s           2026-09-17T13:02:47
================================================================================
[2026-09-17T13:03:40.516+0000] {manager.py:878} INFO - 
================================================================================
DAG File Processing Stats

File Path                                PID    Runtime      # DAGs    # Errors  Last Runtime    Last Run
---------------------------------------  -----  ---------  --------  ----------  --------------  -------------------
/opt/airflow/dags/extraction_DAG.py                               1           0  0.44s           2026-09-17T13:03:38
/opt/airflow/dags/transformation_DAG.py                           0           1  0.35s           2026-09-17T13:03:18
================================================================================
[2026-09-17T13:04:10.969+0000] {manager.py:878} INFO - 
================================================================================
DAG File Processing Stats

File Path                                PID    Runtime      # DAGs    # Errors  Last Runtime    Last Run
---------------------------------------  -----  ---------  --------  ----------  --------------  -------------------
/opt/airflow/dags/extraction_DAG.py                               1           0  0.34s           2026-09-17T13:04:09
/opt/airflow/dags/transformation_DAG.py                           0           1  0.31s           2026-09-17T13:03:48
================================================================================
[2026-09-17T13:04:41.418+0000] {manager.py:878} INFO - 
================================================================================
DAG File Processing Stats

File Path                                PID    Runtime      # DAGs    # Errors  Last Runtime    Last Run
---------------------------------------  -----  ---------  --------  ----------  --------------  -------------------
/opt/airflow/dags/extraction_DAG.py                               1           0  0.41s           2026-09-17T13:04:39
/opt/airflow/dags/transformation_DAG.py                           0           1  0.31s           2026-09-17T13:04:19
================================================================================
[2026-09-17T13:05:11.859+0000] {manager.py:878} INFO - 
================================================================================
DAG File Processing Stats

File Path                                PID    Runtime      # DAGs    # Errors  Last Runtime    Last Run
---------------------------------------  -----  ---------  --------  ----------  --------------  -------------------
/opt/airflow/dags/extraction_DAG.py                               1           0  0.33s           2026-09-17T13:05:10
/opt/airflow/dags/transformation_DAG.py                           0           1  0.30s           2026-09-17T13:04:49
================================================================================
[2026-09-17T13:05:42.390+0000] {manager.py:878} INFO - 
================================================================================
DAG File Processing Stats

File Path                                PID    Runtime      # DAGs    # Errors  Last Runtime    Last Run
---------------------------------------  -----  ---------  --------  ----------  --------------  -------------------
/opt/airflow/dags/transformation_DAG.py                           0           1  0.41s           2026-09-17T13:05:20
/opt/airflow/dags/extraction_DAG.py                               1           0  0.40s           2026-09-17T13:05:40
================================================================================
[2026-09-17T13:06:12.827+0000] {manager.py:878} INFO - 
================================================================================
DAG File Processing Stats

File Path                                PID    Runtime      # DAGs    # Errors  Last Runtime    Last Run
---------------------------------------  -----  ---------  --------  ----------  --------------  -------------------
/opt/airflow/dags/extraction_DAG.py                               1           0  0.33s           2026-09-17T13:06:11
/opt/airflow/dags/transformation_DAG.py                           0           1  0.30s           2026-09-17T13:05:50
================================================================================
[2026-09-17T13:06:43.358+0000] {manager.py:878} INFO - 
================================================================================
DAG File Processing Stats

File Path                                PID    Runtime      # DAGs    # Errors  Last Runtime    Last Run
---------------------------------------  -----  ---------  --------  ----------  --------------  -------------------
/opt/airflow/dags/extraction_DAG.py                               1           0  0.42s           2026-09-17T13:06:41
/opt/airflow/dags/transformation_DAG.py                           0           1  0.41s           2026-09-17T13:06:21
================================================================================
[2026-09-17T13:07:13.795+0000] {manager.py:878} INFO - 
================================================================================
DAG File Processing Stats

File Path                                PID    Runtime      # DAGs    # Errors  Last Runtime    Last Run
---------------------------------------  -----  ---------  --------  ----------  --------------  -------------------
/opt/airflow/dags/extraction_DAG.py                               1           0  0.35s           2026-09-17T13:07:12
/opt/airflow/dags/transformation_DAG.py                           0           1  0.30s           2026-09-17T13:06:51
================================================================================
[2026-09-17T13:07:14.139+0000] {manager.py:737} INFO - Searching for files in /opt/airflow/dags
[2026-09-17T13:07:14.142+0000] {manager.py:740} INFO - There are 2 files in /opt/airflow/dags
[2026-09-17T13:07:44.269+0000] {manager.py:878} INFO - 
================================================================================
DAG File Processing Stats

File Path                                PID    Runtime      # DAGs    # Errors  Last Runtime    Last Run
---------------------------------------  -----  ---------  --------  ----------  --------------  -------------------
/opt/airflow/dags/extraction_DAG.py                               1           0  0.37s           2026-09-17T13:07:42
/opt/airflow/dags/transformation_DAG.py                           0           1  0.34s           2026-09-17T13:07:22
================================================================================
[2026-09-17T13:08:14.735+0000] {manager.py:878} INFO - 
================================================================================
DAG File Processing Stats

File Path                                PID    Runtime      # DAGs    # Errors  Last Runtime    Last Run
---------------------------------------  -----  ---------  --------  ----------  --------------  -------------------
/opt/airflow/dags/extraction_DAG.py                               1           0  0.37s           2026-09-17T13:08:13
/opt/airflow/dags/transformation_DAG.py                           0           1  0.36s           2026-09-17T13:07:52
================================================================================
[2026-09-17T13:08:45.309+0000] {manager.py:878} INFO - 
================================================================================
DAG File Processing Stats

File Path                                PID    Runtime      # DAGs    # Errors  Last Runtime    Last Run
---------------------------------------  -----  ---------  --------  ----------  --------------  -------------------
/opt/airflow/dags/transformation_DAG.py                           1           0  0.49s           2026-09-17T13:08:23
/opt/airflow/dags/extraction_DAG.py                               1           0  0.47s           2026-09-17T13:08:43
================================================================================
[2026-09-17T13:09:15.773+0000] {manager.py:878} INFO - 
================================================================================
DAG File Processing Stats

File Path                                PID    Runtime      # DAGs    # Errors  Last Runtime    Last Run
---------------------------------------  -----  ---------  --------  ----------  --------------  -------------------
/opt/airflow/dags/transformation_DAG.py                           1           0  0.36s           2026-09-17T13:08:53
/opt/airflow/dags/extraction_DAG.py                               1           0  0.35s           2026-09-17T13:09:14
================================================================================
[2026-09-17T13:09:46.303+0000] {manager.py:878} INFO - 
================================================================================
DAG File Processing Stats

File Path                                PID    Runtime      # DAGs    # Errors  Last Runtime    Last Run
---------------------------------------  -----  ---------  --------  ----------  --------------  -------------------
/opt/airflow/dags/extraction_DAG.py                               1           0  0.45s           2026-09-17T13:09:44
/opt/airflow/dags/transformation_DAG.py                           1           0  0.42s           2026-09-17T13:09:24
================================================================================
[2026-09-17T13:10:16.760+0000] {manager.py:878} INFO - 
================================================================================
DAG File Processing Stats

File Path                                PID    Runtime      # DAGs    # Errors  Last Runtime    Last Run
---------------------------------------  -----  ---------  --------  ----------  --------------  -------------------
/opt/airflow/dags/extraction_DAG.py                               1           0  0.36s           2026-09-17T13:10:15
/opt/airflow/dags/transformation_DAG.py                           1           0  0.36s           2026-09-17T13:09:54
================================================================================
[2026-09-17T13:10:47.240+0000] {manager.py:878} INFO - 
================================================================================
DAG File Processing Stats

File Path                                PID    Runtime      # DAGs    # Errors  Last Runtime    Last Run
---------------------------------------  -----  ---------  --------  ----------  --------------  -------------------
/opt/airflow/dags/transformation_DAG.py                           1           0  0.38s           2026-09-17T13:10:25
/opt/airflow/dags/extraction_DAG.py                               1           0  0.36s           2026-09-17T13:10:45
================================================================================
[2026-09-17T13:11:17.695+0000] {manager.py:878} INFO - 
================================================================================
DAG File Processing Stats

File Path                                PID    Runtime      # DAGs    # Errors  Last Runtime    Last Run
---------------------------------------  -----  ---------  --------  ----------  --------------  -------------------
/opt/airflow/dags/extraction_DAG.py                               1           0  0.34s           2026-09-17T13:11:16
/opt/airflow/dags/transformation_DAG.py                           1           0  0.33s           2026-09-17T13:10:55
================================================================================
[2026-09-17T13:11:48.167+0000] {manager.py:878} INFO - 
================================================================================
DAG File Processing Stats

File Path                                PID    Runtime      # DAGs    # Errors  Last Runtime    Last Run
---------------------------------------  -----  ---------  --------  ----------  --------------  -------------------
/opt/airflow/dags/extraction_DAG.py                               1           0  0.44s           2026-09-17T13:11:46
/opt/airflow/dags/transformation_DAG.py                           1           0  0.36s           2026-09-17T13:11:26
================================================================================
[2026-09-17T13:12:14.265+0000] {manager.py:737} INFO - Searching for files in /opt/airflow/dags
[2026-09-17T13:12:14.267+0000] {manager.py:740} INFO - There are 2 files in /opt/airflow/dags
[2026-09-17T13:12:18.622+0000] {manager.py:878} INFO - 
================================================================================
DAG File Processing Stats

File Path                                PID    Runtime      # DAGs    # Errors  Last Runtime    Last Run
---------------------------------------  -----  ---------  --------  ----------  --------------  -------------------
/opt/airflow/dags/extraction_DAG.py                               1           0  0.35s           2026-09-17T13:12:16
/opt/airflow/dags/transformation_DAG.py                           1           0  0.34s           2026-09-17T13:11:56
================================================================================
[2026-09-17T13:12:49.205+0000] {manager.py:878} INFO - 
================================================================================
DAG File Processing Stats

File Path                                PID    Runtime      # DAGs    # Errors  Last Runtime    Last Run
---------------------------------------  -----  ---------  --------  ----------  --------------  -------------------
/opt/airflow/dags/transformation_DAG.py                           1           0  0.47s           2026-09-17T13:12:27
/opt/airflow/dags/extraction_DAG.py                               1           0  0.36s           2026-09-17T13:12:47
================================================================================
[2026-09-17T13:13:19.652+0000] {manager.py:878} INFO - 
================================================================================
DAG File Processing Stats

File Path                                PID    Runtime      # DAGs    # Errors  Last Runtime    Last Run
---------------------------------------  -----  ---------  --------  ----------  --------------  -------------------
/opt/airflow/dags/extraction_DAG.py                               1           0  0.39s           2026-09-17T13:13:17
/opt/airflow/dags/transformation_DAG.py                           1           0  0.35s           2026-09-17T13:12:57
================================================================================
[2026-09-17T13:13:50.083+0000] {manager.py:878} INFO - 
================================================================================
DAG File Processing Stats

File Path                                PID    Runtime      # DAGs    # Errors  Last Runtime    Last Run
---------------------------------------  -----  ---------  --------  ----------  --------------  -------------------
/opt/airflow/dags/extraction_DAG.py                               1           0  0.40s           2026-09-17T13:13:48
/opt/airflow/dags/transformation_DAG.py                           1           0  0.35s           2026-09-17T13:13:28
================================================================================
[2026-09-17T13:14:20.613+0000] {manager.py:878} INFO - 
================================================================================
DAG File Processing Stats

File Path                                PID    Runtime      # DAGs    # Errors  Last Runtime    Last Run
---------------------------------------  -----  ---------  --------  ----------  --------------  -------------------
/opt/airflow/dags/transformation_DAG.py                           1           0  0.42s           2026-09-17T13:13:58
/opt/airflow/dags/extraction_DAG.py                               1           0  0.36s           2026-09-17T13:14:18
================================================================================
[2026-09-17T13:14:51.102+0000] {manager.py:878} INFO - 
================================================================================
DAG File Processing Stats

File Path                                PID    Runtime      # DAGs    # Errors  Last Runtime    Last Run
---------------------------------------  -----  ---------  --------  ----------  --------------  -------------------
/opt/airflow/dags/extraction_DAG.py                               1           0  0.46s           2026-09-17T13:14:49
/opt/airflow/dags/transformation_DAG.py                           1           0  0.38s           2026-09-17T13:14:29
================================================================================
[2026-09-17T13:15:21.723+0000] {manager.py:878} INFO - 
================================================================================
DAG File Processing Stats

File Path                                PID    Runtime      # DAGs    # Errors  Last Runtime    Last Run
---------------------------------------  -----  ---------  --------  ----------  --------------  -------------------
/opt/airflow/dags/transformation_DAG.py                           1           0  0.54s           2026-09-17T13:14:59
/opt/airflow/dags/extraction_DAG.py                               1           0  0.36s           2026-09-17T13:15:19
================================================================================
[2026-09-17T13:15:52.171+0000] {manager.py:878} INFO - 
================================================================================
DAG File Processing Stats

File Path                                PID    Runtime      # DAGs    # Errors  Last Runtime    Last Run
---------------------------------------  -----  ---------  --------  ----------  --------------  -------------------
/opt/airflow/dags/extraction_DAG.py                               1           0  0.42s           2026-09-17T13:15:50
/opt/airflow/dags/transformation_DAG.py                           1           0  0.36s           2026-09-17T13:15:30
================================================================================
[2026-09-17T13:16:22.633+0000] {manager.py:878} INFO - 
================================================================================
DAG File Processing Stats

File Path                                PID    Runtime      # DAGs    # Errors  Last Runtime    Last Run
---------------------------------------  -----  ---------  --------  ----------  --------------  -------------------
/opt/airflow/dags/extraction_DAG.py                               1           0  0.47s           2026-09-17T13:16:20
/opt/airflow/dags/transformation_DAG.py                           1           0  0.37s           2026-09-17T13:16:00
================================================================================
[2026-09-17T13:16:53.115+0000] {manager.py:878} INFO - 
================================================================================
DAG File Processing Stats

File Path                                PID    Runtime      # DAGs    # Errors  Last Runtime    Last Run
---------------------------------------  -----  ---------  --------  ----------  --------------  -------------------
/opt/airflow/dags/extraction_DAG.py                               1           0  0.45s           2026-09-17T13:16:51
/opt/airflow/dags/transformation_DAG.py                           1           0  0.38s           2026-09-17T13:16:31
================================================================================
[2026-09-17T13:17:14.507+0000] {manager.py:737} INFO - Searching for files in /opt/airflow/dags
[2026-09-17T13:17:14.508+0000] {manager.py:740} INFO - There are 2 files in /opt/airflow/dags
[2026-09-17T13:17:23.541+0000] {manager.py:878} INFO - 
================================================================================
DAG File Processing Stats

File Path                                PID    Runtime      # DAGs    # Errors  Last Runtime    Last Run
---------------------------------------  -----  ---------  --------  ----------  --------------  -------------------
/opt/airflow/dags/extraction_DAG.py                               1           0  0.37s           2026-09-17T13:17:22
/opt/airflow/dags/transformation_DAG.py                           0           1  0.33s           2026-09-17T13:17:01
================================================================================
[2026-09-17T13:17:53.984+0000] {manager.py:878} INFO - 
================================================================================
DAG File Processing Stats

File Path                                PID    Runtime      # DAGs    # Errors  Last Runtime    Last Run
---------------------------------------  -----  ---------  --------  ----------  --------------  -------------------
/opt/airflow/dags/extraction_DAG.py                               1           0  0.46s           2026-09-17T13:17:53
/opt/airflow/dags/transformation_DAG.py                           0           1  0.32s           2026-09-17T13:17:31
================================================================================
[2026-09-17T13:18:24.554+0000] {manager.py:878} INFO - 
================================================================================
DAG File Processing Stats

File Path                                PID    Runtime      # DAGs    # Errors  Last Runtime    Last Run
---------------------------------------  -----  ---------  --------  ----------  --------------  -------------------
/opt/airflow/dags/transformation_DAG.py                           0           1  0.45s           2026-09-17T13:18:02
/opt/airflow/dags/extraction_DAG.py                               1           0  0.38s           2026-09-17T13:18:23
================================================================================
[2026-09-17T13:18:55.003+0000] {manager.py:878} INFO - 
================================================================================
DAG File Processing Stats

File Path                                PID    Runtime      # DAGs    # Errors  Last Runtime    Last Run
---------------------------------------  -----  ---------  --------  ----------  --------------  -------------------
/opt/airflow/dags/extraction_DAG.py                               1           0  0.35s           2026-09-17T13:18:54
/opt/airflow/dags/transformation_DAG.py                           0           1  0.33s           2026-09-17T13:18:32
================================================================================
[2026-09-17T13:19:25.537+0000] {manager.py:878} INFO - 
================================================================================
DAG File Processing Stats

File Path                                PID    Runtime      # DAGs    # Errors  Last Runtime    Last Run
---------------------------------------  -----  ---------  --------  ----------  --------------  -------------------
/opt/airflow/dags/transformation_DAG.py                           0           1  0.45s           2026-09-17T13:19:03
/opt/airflow/dags/extraction_DAG.py                               1           0  0.36s           2026-09-17T13:19:24
================================================================================
[2026-09-17T13:19:55.947+0000] {manager.py:878} INFO - 
================================================================================
DAG File Processing Stats

File Path                                PID    Runtime      # DAGs    # Errors  Last Runtime    Last Run
---------------------------------------  -----  ---------  --------  ----------  --------------  -------------------
/opt/airflow/dags/extraction_DAG.py                               1           0  0.46s           2026-09-17T13:19:55
/opt/airflow/dags/transformation_DAG.py                           0           1  0.33s           2026-09-17T13:19:33
================================================================================
[2026-09-17T13:20:26.361+0000] {manager.py:878} INFO - 
================================================================================
DAG File Processing Stats

File Path                                PID    Runtime      # DAGs    # Errors  Last Runtime    Last Run
---------------------------------------  -----  ---------  --------  ----------  --------------  -------------------
/opt/airflow/dags/extraction_DAG.py                               1           0  0.35s           2026-09-17T13:20:25
/opt/airflow/dags/transformation_DAG.py                           0           1  0.34s           2026-09-17T13:20:04
================================================================================
[2026-09-17T13:20:56.780+0000] {manager.py:878} INFO - 
================================================================================
DAG File Processing Stats

File Path                                PID    Runtime      # DAGs    # Errors  Last Runtime    Last Run
---------------------------------------  -----  ---------  --------  ----------  --------------  -------------------
/opt/airflow/dags/extraction_DAG.py                               1           0  0.37s           2026-09-17T13:20:56
/opt/airflow/dags/transformation_DAG.py                           0           1  0.33s           2026-09-17T13:20:34
================================================================================
[2026-09-17T13:21:27.231+0000] {manager.py:878} INFO - 
================================================================================
DAG File Processing Stats

File Path                                PID    Runtime      # DAGs    # Errors  Last Runtime    Last Run
---------------------------------------  -----  ---------  --------  ----------  --------------  -------------------
/opt/airflow/dags/extraction_DAG.py                               1           0  0.36s           2026-09-17T13:21:26
/opt/airflow/dags/transformation_DAG.py                           0           1  0.34s           2026-09-17T13:21:05
================================================================================
[2026-09-17T13:21:57.641+0000] {manager.py:878} INFO - 
================================================================================
DAG File Processing Stats

File Path                                PID    Runtime      # DAGs    # Errors  Last Runtime    Last Run
---------------------------------------  -----  ---------  --------  ----------  --------------  -------------------
/opt/airflow/dags/extraction_DAG.py                               1           0  0.36s           2026-09-17T13:21:56
/opt/airflow/dags/transformation_DAG.py                           0           1  0.33s           2026-09-17T13:21:35
================================================================================
[2026-09-17T13:22:15.017+0000] {manager.py:737} INFO - Searching for files in /opt/airflow/dags
[2026-09-17T13:22:15.018+0000] {manager.py:740} INFO - There are 2 files in /opt/airflow/dags
[2026-09-17T13:22:28.117+0000] {manager.py:878} INFO - 
================================================================================
DAG File Processing Stats

File Path                                PID    Runtime      # DAGs    # Errors  Last Runtime    Last Run
---------------------------------------  -----  ---------  --------  ----------  --------------  -------------------
/opt/airflow/dags/extraction_DAG.py                               1           0  0.46s           2026-09-17T13:22:27
/opt/airflow/dags/transformation_DAG.py                           0           1  0.37s           2026-09-17T13:22:06
================================================================================
[2026-09-17T13:22:58.571+0000] {manager.py:878} INFO - 
================================================================================
DAG File Processing Stats

File Path                                PID    Runtime      # DAGs    # Errors  Last Runtime    Last Run
---------------------------------------  -----  ---------  --------  ----------  --------------  -------------------
/opt/airflow/dags/extraction_DAG.py                               1           0  0.36s           2026-09-17T13:22:57
/opt/airflow/dags/transformation_DAG.py                           0           1  0.34s           2026-09-17T13:22:36
================================================================================
[2026-09-17T13:23:29.090+0000] {manager.py:878} INFO - 
================================================================================
DAG File Processing Stats

File Path                                PID    Runtime      # DAGs    # Errors  Last Runtime    Last Run
---------------------------------------  -----  ---------  --------  ----------  --------------  -------------------
/opt/airflow/dags/extraction_DAG.py                               1           0  0.51s           2026-09-17T13:23:28
/opt/airflow/dags/transformation_DAG.py                           0           1  0.43s           2026-09-17T13:23:07
================================================================================
[2026-09-17T13:23:59.192+0000] {manager.py:878} INFO - 
================================================================================
DAG File Processing Stats

File Path                                  PID  Runtime      # DAGs    # Errors  Last Runtime    Last Run
---------------------------------------  -----  ---------  --------  ----------  --------------  -------------------
/opt/airflow/dags/extraction_DAG.py       5484  0.00s             1           0  0.51s           2026-09-17T13:23:28
/opt/airflow/dags/transformation_DAG.py                           0           1  0.32s           2026-09-17T13:23:37
================================================================================
[2026-09-17T13:24:29.642+0000] {manager.py:878} INFO - 
================================================================================
DAG File Processing Stats

File Path                                  PID  Runtime      # DAGs    # Errors  Last Runtime    Last Run
---------------------------------------  -----  ---------  --------  ----------  --------------  -------------------
/opt/airflow/dags/transformation_DAG.py                           0           1  0.41s           2026-09-17T13:24:07
/opt/airflow/dags/extraction_DAG.py       5494  0.00s             1           0  0.37s           2026-09-17T13:23:59
================================================================================
[2026-09-17T13:25:00.214+0000] {manager.py:878} INFO - 
================================================================================
DAG File Processing Stats

File Path                                  PID  Runtime      # DAGs    # Errors  Last Runtime    Last Run
---------------------------------------  -----  ---------  --------  ----------  --------------  -------------------
/opt/airflow/dags/extraction_DAG.py       5504  0.00s             1           0  0.48s           2026-09-17T13:24:30
/opt/airflow/dags/transformation_DAG.py                           0           1  0.34s           2026-09-17T13:24:38
================================================================================
[2026-09-17T13:25:30.667+0000] {manager.py:878} INFO - 
================================================================================
DAG File Processing Stats

File Path                                  PID  Runtime      # DAGs    # Errors  Last Runtime    Last Run
---------------------------------------  -----  ---------  --------  ----------  --------------  -------------------
/opt/airflow/dags/extraction_DAG.py       5514  0.00s             1           0  0.35s           2026-09-17T13:25:00
/opt/airflow/dags/transformation_DAG.py                           0           1  0.33s           2026-09-17T13:25:08
================================================================================
[2026-09-17T13:26:01.189+0000] {manager.py:878} INFO - 
================================================================================
DAG File Processing Stats

File Path                                  PID  Runtime      # DAGs    # Errors  Last Runtime    Last Run
---------------------------------------  -----  ---------  --------  ----------  --------------  -------------------
/opt/airflow/dags/extraction_DAG.py       5524  0.01s             1           0  0.43s           2026-09-17T13:25:31
/opt/airflow/dags/transformation_DAG.py                           0           1  0.32s           2026-09-17T13:25:39
================================================================================
[2026-09-17T13:26:31.647+0000] {manager.py:878} INFO - 
================================================================================
DAG File Processing Stats

File Path                                  PID  Runtime      # DAGs    # Errors  Last Runtime    Last Run
---------------------------------------  -----  ---------  --------  ----------  --------------  -------------------
/opt/airflow/dags/transformation_DAG.py                           0           1  0.43s           2026-09-17T13:26:09
/opt/airflow/dags/extraction_DAG.py       5534  0.01s             1           0  0.34s           2026-09-17T13:26:01
================================================================================
[2026-09-17T13:27:02.122+0000] {manager.py:878} INFO - 
================================================================================
DAG File Processing Stats

File Path                                  PID  Runtime      # DAGs    # Errors  Last Runtime    Last Run
---------------------------------------  -----  ---------  --------  ----------  --------------  -------------------
/opt/airflow/dags/extraction_DAG.py       5544  0.01s             1           0  0.36s           2026-09-17T13:26:31
/opt/airflow/dags/transformation_DAG.py                           0           1  0.33s           2026-09-17T13:26:40
================================================================================
[2026-09-17T13:27:15.529+0000] {manager.py:737} INFO - Searching for files in /opt/airflow/dags
[2026-09-17T13:27:15.531+0000] {manager.py:740} INFO - There are 2 files in /opt/airflow/dags
[2026-09-17T13:27:32.624+0000] {manager.py:878} INFO - 
================================================================================
DAG File Processing Stats

File Path                                  PID  Runtime      # DAGs    # Errors  Last Runtime    Last Run
---------------------------------------  -----  ---------  --------  ----------  --------------  -------------------
/opt/airflow/dags/transformation_DAG.py                           0           1  0.44s           2026-09-17T13:27:10
/opt/airflow/dags/extraction_DAG.py       5554  0.01s             1           0  0.36s           2026-09-17T13:27:02
================================================================================
[2026-09-17T13:28:03.191+0000] {manager.py:878} INFO - 
================================================================================
DAG File Processing Stats

File Path                                  PID  Runtime      # DAGs    # Errors  Last Runtime    Last Run
---------------------------------------  -----  ---------  --------  ----------  --------------  -------------------
/opt/airflow/dags/extraction_DAG.py       5564  0.01s             1           0  0.46s           2026-09-17T13:27:33
/opt/airflow/dags/transformation_DAG.py                           0           1  0.34s           2026-09-17T13:27:41
================================================================================
[2026-09-17T13:28:33.697+0000] {manager.py:878} INFO - 
================================================================================
DAG File Processing Stats

File Path                                  PID  Runtime      # DAGs    # Errors  Last Runtime    Last Run
---------------------------------------  -----  ---------  --------  ----------  --------------  -------------------
/opt/airflow/dags/extraction_DAG.py       5574  0.00s             1           0  0.38s           2026-09-17T13:28:03
/opt/airflow/dags/transformation_DAG.py                           0           1  0.33s           2026-09-17T13:28:11
================================================================================
[2026-09-17T13:29:03.842+0000] {manager.py:878} INFO - 
================================================================================
DAG File Processing Stats

File Path                                PID    Runtime      # DAGs    # Errors  Last Runtime    Last Run
---------------------------------------  -----  ---------  --------  ----------  --------------  -------------------
/opt/airflow/dags/extraction_DAG.py                               1           0  0.38s           2026-09-17T13:28:34
/opt/airflow/dags/transformation_DAG.py                           0           1  0.34s           2026-09-17T13:28:42
================================================================================
[2026-09-17T13:29:34.643+0000] {manager.py:878} INFO - 
================================================================================
DAG File Processing Stats

File Path                                  PID  Runtime      # DAGs    # Errors  Last Runtime    Last Run
---------------------------------------  -----  ---------  --------  ----------  --------------  -------------------
/opt/airflow/dags/extraction_DAG.py       5594  0.00s             1           0  0.34s           2026-09-17T13:29:04
/opt/airflow/dags/transformation_DAG.py                           0           1  0.34s           2026-09-17T13:29:12
================================================================================
[2026-09-17T13:30:04.787+0000] {manager.py:878} INFO - 
================================================================================
DAG File Processing Stats

File Path                                PID    Runtime      # DAGs    # Errors  Last Runtime    Last Run
---------------------------------------  -----  ---------  --------  ----------  --------------  -------------------
/opt/airflow/dags/extraction_DAG.py                               1           0  0.46s           2026-09-17T13:29:35
/opt/airflow/dags/transformation_DAG.py                           0           1  0.34s           2026-09-17T13:29:43
================================================================================
[2026-09-17T13:30:35.621+0000] {manager.py:878} INFO - 
================================================================================
DAG File Processing Stats

File Path                                  PID  Runtime      # DAGs    # Errors  Last Runtime    Last Run
---------------------------------------  -----  ---------  --------  ----------  --------------  -------------------
/opt/airflow/dags/transformation_DAG.py                           0           1  0.45s           2026-09-17T13:30:13
/opt/airflow/dags/extraction_DAG.py       5614  0.01s             1           0  0.37s           2026-09-17T13:30:05
================================================================================
[2026-09-17T13:31:05.829+0000] {manager.py:878} INFO - 
================================================================================
DAG File Processing Stats

File Path                                PID    Runtime      # DAGs    # Errors  Last Runtime    Last Run
---------------------------------------  -----  ---------  --------  ----------  --------------  -------------------
/opt/airflow/dags/extraction_DAG.py                               1           0  0.44s           2026-09-17T13:30:36
/opt/airflow/dags/transformation_DAG.py                           0           1  0.34s           2026-09-17T13:30:44
================================================================================
[2026-09-17T13:31:36.645+0000] {manager.py:878} INFO - 
================================================================================
DAG File Processing Stats

File Path                                  PID  Runtime      # DAGs    # Errors  Last Runtime    Last Run
---------------------------------------  -----  ---------  --------  ----------  --------------  -------------------
/opt/airflow/dags/transformation_DAG.py                           0           1  0.44s           2026-09-17T13:31:14
/opt/airflow/dags/extraction_DAG.py       5634  0.01s             1           0  0.36s           2026-09-17T13:31:06
================================================================================
[2026-09-17T13:32:07.139+0000] {manager.py:878} INFO - 
================================================================================
DAG File Processing Stats

File Path                                  PID  Runtime      # DAGs    # Errors  Last Runtime    Last Run
---------------------------------------  -----  ---------  --------  ----------  --------------  -------------------
/opt/airflow/dags/extraction_DAG.py       5644  0.00s             1           0  0.38s           2026-09-17T13:31:37
/opt/airflow/dags/transformation_DAG.py                           0           1  0.33s           2026-09-17T13:31:45
================================================================================
[2026-09-17T13:32:15.538+0000] {manager.py:737} INFO - Searching for files in /opt/airflow/dags
[2026-09-17T13:32:15.539+0000] {manager.py:740} INFO - There are 2 files in /opt/airflow/dags
[2026-09-17T13:32:37.654+0000] {manager.py:878} INFO - 
================================================================================
DAG File Processing Stats

File Path                                  PID  Runtime      # DAGs    # Errors  Last Runtime    Last Run
---------------------------------------  -----  ---------  --------  ----------  --------------  -------------------
/opt/airflow/dags/transformation_DAG.py                           1           0  0.49s           2026-09-17T13:32:15
/opt/airflow/dags/extraction_DAG.py       5654  0.01s             1           0  0.37s           2026-09-17T13:32:07
================================================================================
[2026-09-17T13:33:08.132+0000] {manager.py:878} INFO - 
================================================================================
DAG File Processing Stats

File Path                                  PID  Runtime      # DAGs    # Errors  Last Runtime    Last Run
---------------------------------------  -----  ---------  --------  ----------  --------------  -------------------
/opt/airflow/dags/transformation_DAG.py                           0           1  0.45s           2026-09-17T13:32:46
/opt/airflow/dags/extraction_DAG.py       5664  0.00s             1           0  0.37s           2026-09-17T13:32:38
================================================================================
[2026-09-17T13:33:38.604+0000] {manager.py:878} INFO - 
================================================================================
DAG File Processing Stats

File Path                                  PID  Runtime      # DAGs    # Errors  Last Runtime    Last Run
---------------------------------------  -----  ---------  --------  ----------  --------------  -------------------
/opt/airflow/dags/transformation_DAG.py                           1           0  0.39s           2026-09-17T13:33:16
/opt/airflow/dags/extraction_DAG.py       5674  0.00s             1           0  0.39s           2026-09-17T13:33:08
================================================================================
[2026-09-17T13:34:09.244+0000] {manager.py:878} INFO - 
================================================================================
DAG File Processing Stats

File Path                                  PID  Runtime      # DAGs    # Errors  Last Runtime    Last Run
---------------------------------------  -----  ---------  --------  ----------  --------------  -------------------
/opt/airflow/dags/extraction_DAG.py       5684  0.00s             1           0  0.53s           2026-09-17T13:33:39
/opt/airflow/dags/transformation_DAG.py                           1           0  0.40s           2026-09-17T13:33:47
================================================================================
[2026-09-17T13:34:39.373+0000] {manager.py:878} INFO - 
================================================================================
DAG File Processing Stats

File Path                                PID    Runtime      # DAGs    # Errors  Last Runtime    Last Run
---------------------------------------  -----  ---------  --------  ----------  --------------  -------------------
/opt/airflow/dags/extraction_DAG.py                               1           0  0.39s           2026-09-17T13:34:09
/opt/airflow/dags/transformation_DAG.py                           0           1  0.34s           2026-09-17T13:34:17
================================================================================
[2026-09-17T13:35:09.818+0000] {manager.py:878} INFO - 
================================================================================
DAG File Processing Stats

File Path                                PID    Runtime      # DAGs    # Errors  Last Runtime    Last Run
---------------------------------------  -----  ---------  --------  ----------  --------------  -------------------
/opt/airflow/dags/extraction_DAG.py                               1           0  0.53s           2026-09-17T13:34:40
/opt/airflow/dags/transformation_DAG.py                           1           0  0.37s           2026-09-17T13:34:48
================================================================================
[2026-09-17T13:35:40.287+0000] {manager.py:878} INFO - 
================================================================================
DAG File Processing Stats

File Path                                PID    Runtime      # DAGs    # Errors  Last Runtime    Last Run
---------------------------------------  -----  ---------  --------  ----------  --------------  -------------------
/opt/airflow/dags/transformation_DAG.py                           1           0  0.46s           2026-09-17T13:35:18
/opt/airflow/dags/extraction_DAG.py                               1           0  0.35s           2026-09-17T13:35:11
================================================================================
[2026-09-17T13:36:10.786+0000] {manager.py:878} INFO - 
================================================================================
DAG File Processing Stats

File Path                                PID    Runtime      # DAGs    # Errors  Last Runtime    Last Run
---------------------------------------  -----  ---------  --------  ----------  --------------  -------------------
/opt/airflow/dags/extraction_DAG.py                               1           0  0.37s           2026-09-17T13:35:41
/opt/airflow/dags/transformation_DAG.py                           1           0  0.36s           2026-09-17T13:35:49
================================================================================
[2026-09-17T13:36:41.257+0000] {manager.py:878} INFO - 
================================================================================
DAG File Processing Stats

File Path                                PID    Runtime      # DAGs    # Errors  Last Runtime    Last Run
---------------------------------------  -----  ---------  --------  ----------  --------------  -------------------
/opt/airflow/dags/extraction_DAG.py                               1           0  0.36s           2026-09-17T13:36:12
/opt/airflow/dags/transformation_DAG.py                           1           0  0.35s           2026-09-17T13:36:19
================================================================================
[2026-09-17T13:37:11.723+0000] {manager.py:878} INFO - 
================================================================================
DAG File Processing Stats

File Path                                PID    Runtime      # DAGs    # Errors  Last Runtime    Last Run
---------------------------------------  -----  ---------  --------  ----------  --------------  -------------------
/opt/airflow/dags/extraction_DAG.py                               1           0  0.37s           2026-09-17T13:36:42
/opt/airflow/dags/transformation_DAG.py                           0           1  0.32s           2026-09-17T13:36:49
================================================================================
[2026-09-17T13:37:16.006+0000] {manager.py:737} INFO - Searching for files in /opt/airflow/dags
[2026-09-17T13:37:16.007+0000] {manager.py:740} INFO - There are 2 files in /opt/airflow/dags
[2026-09-17T13:37:42.203+0000] {manager.py:878} INFO - 
================================================================================
DAG File Processing Stats

File Path                                PID    Runtime      # DAGs    # Errors  Last Runtime    Last Run
---------------------------------------  -----  ---------  --------  ----------  --------------  -------------------
/opt/airflow/dags/extraction_DAG.py                               1           0  0.36s           2026-09-17T13:37:13
/opt/airflow/dags/transformation_DAG.py                           0           1  0.35s           2026-09-17T13:37:20
================================================================================
[2026-09-17T13:38:12.774+0000] {manager.py:878} INFO - 
================================================================================
DAG File Processing Stats

File Path                                PID    Runtime      # DAGs    # Errors  Last Runtime    Last Run
---------------------------------------  -----  ---------  --------  ----------  --------------  -------------------
/opt/airflow/dags/extraction_DAG.py                               1           0  0.46s           2026-09-17T13:37:43
/opt/airflow/dags/transformation_DAG.py                           0           1  0.36s           2026-09-17T13:37:50
================================================================================
[2026-09-17T13:38:43.231+0000] {manager.py:878} INFO - 
================================================================================
DAG File Processing Stats

File Path                                PID    Runtime      # DAGs    # Errors  Last Runtime    Last Run
---------------------------------------  -----  ---------  --------  ----------  --------------  -------------------
/opt/airflow/dags/extraction_DAG.py                               1           0  0.37s           2026-09-17T13:38:14
/opt/airflow/dags/transformation_DAG.py                           0           1  0.35s           2026-09-17T13:38:21
================================================================================
[2026-09-17T13:39:13.711+0000] {manager.py:878} INFO - 
================================================================================
DAG File Processing Stats

File Path                                PID    Runtime      # DAGs    # Errors  Last Runtime    Last Run
---------------------------------------  -----  ---------  --------  ----------  --------------  -------------------
/opt/airflow/dags/extraction_DAG.py                               1           0  0.38s           2026-09-17T13:38:44
/opt/airflow/dags/transformation_DAG.py                           0           1  0.35s           2026-09-17T13:38:51
================================================================================
[2026-09-17T13:39:44.173+0000] {manager.py:878} INFO - 
================================================================================
DAG File Processing Stats

File Path                                PID    Runtime      # DAGs    # Errors  Last Runtime    Last Run
---------------------------------------  -----  ---------  --------  ----------  --------------  -------------------
/opt/airflow/dags/transformation_DAG.py                           0           1  0.53s           2026-09-17T13:39:22
/opt/airflow/dags/extraction_DAG.py                               1           0  0.37s           2026-09-17T13:39:15
================================================================================
[2026-09-17T13:40:14.732+0000] {manager.py:878} INFO - 
================================================================================
DAG File Processing Stats

File Path                                PID    Runtime      # DAGs    # Errors  Last Runtime    Last Run
---------------------------------------  -----  ---------  --------  ----------  --------------  -------------------
/opt/airflow/dags/extraction_DAG.py                               1           0  0.46s           2026-09-17T13:39:45
/opt/airflow/dags/transformation_DAG.py                           0           1  0.34s           2026-09-17T13:39:52
================================================================================
[2026-09-17T13:40:45.209+0000] {manager.py:878} INFO - 
================================================================================
DAG File Processing Stats

File Path                                PID    Runtime      # DAGs    # Errors  Last Runtime    Last Run
---------------------------------------  -----  ---------  --------  ----------  --------------  -------------------
/opt/airflow/dags/extraction_DAG.py                               1           0  0.37s           2026-09-17T13:40:16
/opt/airflow/dags/transformation_DAG.py                           0           1  0.35s           2026-09-17T13:40:23
================================================================================
[2026-09-17T13:41:15.387+0000] {manager.py:878} INFO - 
================================================================================
DAG File Processing Stats

File Path                                PID    Runtime      # DAGs    # Errors  Last Runtime    Last Run
---------------------------------------  -----  ---------  --------  ----------  --------------  -------------------
/opt/airflow/dags/extraction_DAG.py                               1           0  0.46s           2026-09-17T13:40:46
/opt/airflow/dags/transformation_DAG.py                           0           1  0.36s           2026-09-17T13:40:53
================================================================================
[2026-09-17T13:41:46.238+0000] {manager.py:878} INFO - 
================================================================================
DAG File Processing Stats

File Path                                PID    Runtime      # DAGs    # Errors  Last Runtime    Last Run
---------------------------------------  -----  ---------  --------  ----------  --------------  -------------------
/opt/airflow/dags/extraction_DAG.py                               1           0  0.38s           2026-09-17T13:41:17
/opt/airflow/dags/transformation_DAG.py                           0           1  0.38s           2026-09-17T13:41:24
================================================================================
[2026-09-17T13:42:16.367+0000] {manager.py:737} INFO - Searching for files in /opt/airflow/dags
[2026-09-17T13:42:16.370+0000] {manager.py:740} INFO - There are 2 files in /opt/airflow/dags
[2026-09-17T13:42:16.384+0000] {manager.py:878} INFO - 
================================================================================
DAG File Processing Stats

File Path                                PID    Runtime      # DAGs    # Errors  Last Runtime    Last Run
---------------------------------------  -----  ---------  --------  ----------  --------------  -------------------
/opt/airflow/dags/extraction_DAG.py                               1           0  0.38s           2026-09-17T13:41:47
/opt/airflow/dags/transformation_DAG.py                           0           1  0.34s           2026-09-17T13:41:54
================================================================================
[2026-09-17T13:42:46.804+0000] {manager.py:878} INFO - 
================================================================================
DAG File Processing Stats

File Path                                PID    Runtime      # DAGs    # Errors  Last Runtime    Last Run
---------------------------------------  -----  ---------  --------  ----------  --------------  -------------------
/opt/airflow/dags/extraction_DAG.py                               1           0  0.37s           2026-09-17T13:42:18
/opt/airflow/dags/transformation_DAG.py                           0           1  0.33s           2026-09-17T13:42:25
================================================================================
[2026-09-17T13:43:17.243+0000] {manager.py:878} INFO - 
================================================================================
DAG File Processing Stats

File Path                                PID    Runtime      # DAGs    # Errors  Last Runtime    Last Run
---------------------------------------  -----  ---------  --------  ----------  --------------  -------------------
/opt/airflow/dags/extraction_DAG.py                               1           0  0.45s           2026-09-17T13:42:48
/opt/airflow/dags/transformation_DAG.py                           0           1  0.43s           2026-09-17T13:42:55
================================================================================
[2026-09-17T13:43:47.781+0000] {manager.py:878} INFO - 
================================================================================
DAG File Processing Stats

File Path                                PID    Runtime      # DAGs    # Errors  Last Runtime    Last Run
---------------------------------------  -----  ---------  --------  ----------  --------------  -------------------
/opt/airflow/dags/extraction_DAG.py                               1           0  0.37s           2026-09-17T13:43:19
/opt/airflow/dags/transformation_DAG.py                           0           1  0.33s           2026-09-17T13:43:26
================================================================================
[2026-09-17T13:44:18.224+0000] {manager.py:878} INFO - 
================================================================================
DAG File Processing Stats

File Path                                PID    Runtime      # DAGs    # Errors  Last Runtime    Last Run
---------------------------------------  -----  ---------  --------  ----------  --------------  -------------------
/opt/airflow/dags/extraction_DAG.py                               1           0  0.39s           2026-09-17T13:43:49
/opt/airflow/dags/transformation_DAG.py                           0           1  0.37s           2026-09-17T13:43:56
================================================================================
[2026-09-17T13:44:48.683+0000] {manager.py:878} INFO - 
================================================================================
DAG File Processing Stats

File Path                                PID    Runtime      # DAGs    # Errors  Last Runtime    Last Run
---------------------------------------  -----  ---------  --------  ----------  --------------  -------------------
/opt/airflow/dags/extraction_DAG.py                               1           0  0.38s           2026-09-17T13:44:19
/opt/airflow/dags/transformation_DAG.py                           0           1  0.36s           2026-09-17T13:44:26
================================================================================
[2026-09-17T13:45:19.134+0000] {manager.py:878} INFO - 
================================================================================
DAG File Processing Stats

File Path                                PID    Runtime      # DAGs    # Errors  Last Runtime    Last Run
---------------------------------------  -----  ---------  --------  ----------  --------------  -------------------
/opt/airflow/dags/extraction_DAG.py                               1           0  0.36s           2026-09-17T13:44:50
/opt/airflow/dags/transformation_DAG.py                           0           1  0.36s           2026-09-17T13:44:57
================================================================================
[2026-09-17T13:45:49.583+0000] {manager.py:878} INFO - 
================================================================================
DAG File Processing Stats

File Path                                PID    Runtime      # DAGs    # Errors  Last Runtime    Last Run
---------------------------------------  -----  ---------  --------  ----------  --------------  -------------------
/opt/airflow/dags/extraction_DAG.py                               1           0  0.38s           2026-09-17T13:45:20
/opt/airflow/dags/transformation_DAG.py                           0           1  0.35s           2026-09-17T13:45:27
================================================================================
[2026-09-17T13:46:20.046+0000] {manager.py:878} INFO - 
================================================================================
DAG File Processing Stats

File Path                                PID    Runtime      # DAGs    # Errors  Last Runtime    Last Run
---------------------------------------  -----  ---------  --------  ----------  --------------  -------------------
/opt/airflow/dags/extraction_DAG.py                               1           0  0.39s           2026-09-17T13:45:51
/opt/airflow/dags/transformation_DAG.py                           0           1  0.37s           2026-09-17T13:45:58
================================================================================
[2026-09-17T13:46:50.531+0000] {manager.py:878} INFO - 
================================================================================
DAG File Processing Stats

File Path                                PID    Runtime      # DAGs    # Errors  Last Runtime    Last Run
---------------------------------------  -----  ---------  --------  ----------  --------------  -------------------
/opt/airflow/dags/extraction_DAG.py                               1           0  0.36s           2026-09-17T13:46:21
/opt/airflow/dags/transformation_DAG.py                           0           1  0.35s           2026-09-17T13:46:28
================================================================================
[2026-09-17T13:47:16.971+0000] {manager.py:737} INFO - Searching for files in /opt/airflow/dags
[2026-09-17T13:47:16.998+0000] {manager.py:740} INFO - There are 2 files in /opt/airflow/dags
[2026-09-17T13:47:21.014+0000] {manager.py:878} INFO - 
================================================================================
DAG File Processing Stats

File Path                                PID    Runtime      # DAGs    # Errors  Last Runtime    Last Run
---------------------------------------  -----  ---------  --------  ----------  --------------  -------------------
/opt/airflow/dags/extraction_DAG.py                               1           0  0.39s           2026-09-17T13:46:52
/opt/airflow/dags/transformation_DAG.py                           0           1  0.38s           2026-09-17T13:46:59
================================================================================
[2026-09-17T13:47:51.862+0000] {manager.py:878} INFO - 
================================================================================
DAG File Processing Stats

File Path                                PID    Runtime      # DAGs    # Errors  Last Runtime    Last Run
---------------------------------------  -----  ---------  --------  ----------  --------------  -------------------
/opt/airflow/dags/transformation_DAG.py                           0           1  0.44s           2026-09-17T13:47:29
/opt/airflow/dags/extraction_DAG.py                               1           0  0.40s           2026-09-17T13:47:22
================================================================================
[2026-09-17T13:48:22.008+0000] {manager.py:878} INFO - 
================================================================================
DAG File Processing Stats

File Path                                PID    Runtime      # DAGs    # Errors  Last Runtime    Last Run
---------------------------------------  -----  ---------  --------  ----------  --------------  -------------------
/opt/airflow/dags/extraction_DAG.py                               1           0  0.37s           2026-09-17T13:47:53
/opt/airflow/dags/transformation_DAG.py                           0           1  0.34s           2026-09-17T13:48:00
================================================================================
[2026-09-17T13:48:52.858+0000] {manager.py:878} INFO - 
================================================================================
DAG File Processing Stats

File Path                                PID    Runtime      # DAGs    # Errors  Last Runtime    Last Run
---------------------------------------  -----  ---------  --------  ----------  --------------  -------------------
/opt/airflow/dags/transformation_DAG.py                           0           1  0.42s           2026-09-17T13:48:30
/opt/airflow/dags/extraction_DAG.py                               1           0  0.39s           2026-09-17T13:48:23
================================================================================
[2026-09-17T13:49:23.021+0000] {manager.py:878} INFO - 
================================================================================
DAG File Processing Stats

File Path                                PID    Runtime      # DAGs    # Errors  Last Runtime    Last Run
---------------------------------------  -----  ---------  --------  ----------  --------------  -------------------
/opt/airflow/dags/extraction_DAG.py                               1           0  0.38s           2026-09-17T13:48:54
/opt/airflow/dags/transformation_DAG.py                           0           1  0.34s           2026-09-17T13:49:01
================================================================================
[2026-09-17T13:49:53.853+0000] {manager.py:878} INFO - 
================================================================================
DAG File Processing Stats

File Path                                PID    Runtime      # DAGs    # Errors  Last Runtime    Last Run
---------------------------------------  -----  ---------  --------  ----------  --------------  -------------------
/opt/airflow/dags/transformation_DAG.py                           0           1  0.43s           2026-09-17T13:49:31
/opt/airflow/dags/extraction_DAG.py                               1           0  0.37s           2026-09-17T13:49:24
================================================================================
[2026-09-17T13:50:24.330+0000] {manager.py:878} INFO - 
================================================================================
DAG File Processing Stats

File Path                                PID    Runtime      # DAGs    # Errors  Last Runtime    Last Run
---------------------------------------  -----  ---------  --------  ----------  --------------  -------------------
/opt/airflow/dags/extraction_DAG.py                               1           0  0.36s           2026-09-17T13:49:55
/opt/airflow/dags/transformation_DAG.py                           0           1  0.34s           2026-09-17T13:50:02
================================================================================
[2026-09-17T13:50:54.897+0000] {manager.py:878} INFO - 
================================================================================
DAG File Processing Stats

File Path                                PID    Runtime      # DAGs    # Errors  Last Runtime    Last Run
---------------------------------------  -----  ---------  --------  ----------  --------------  -------------------
/opt/airflow/dags/transformation_DAG.py                           0           1  0.57s           2026-09-17T13:50:32
/opt/airflow/dags/extraction_DAG.py                               1           0  0.46s           2026-09-17T13:50:25
================================================================================
[2026-09-17T13:51:25.372+0000] {manager.py:878} INFO - 
================================================================================
DAG File Processing Stats

File Path                                PID    Runtime      # DAGs    # Errors  Last Runtime    Last Run
---------------------------------------  -----  ---------  --------  ----------  --------------  -------------------
/opt/airflow/dags/extraction_DAG.py                               1           0  0.36s           2026-09-17T13:50:56
/opt/airflow/dags/transformation_DAG.py                           0           1  0.34s           2026-09-17T13:51:03
================================================================================
[2026-09-17T13:51:55.561+0000] {manager.py:878} INFO - 
================================================================================
DAG File Processing Stats

File Path                                PID    Runtime      # DAGs    # Errors  Last Runtime    Last Run
---------------------------------------  -----  ---------  --------  ----------  --------------  -------------------
/opt/airflow/dags/extraction_DAG.py                               1           0  0.47s           2026-09-17T13:51:26
/opt/airflow/dags/transformation_DAG.py                           0           1  0.34s           2026-09-17T13:51:33
================================================================================
[2026-09-17T13:52:16.987+0000] {manager.py:737} INFO - Searching for files in /opt/airflow/dags
[2026-09-17T13:52:16.989+0000] {manager.py:740} INFO - There are 2 files in /opt/airflow/dags
[2026-09-17T13:52:26.037+0000] {manager.py:878} INFO - 
================================================================================
DAG File Processing Stats

File Path                                PID    Runtime      # DAGs    # Errors  Last Runtime    Last Run
---------------------------------------  -----  ---------  --------  ----------  --------------  -------------------
/opt/airflow/dags/extraction_DAG.py                               1           0  0.37s           2026-09-17T13:51:57
/opt/airflow/dags/transformation_DAG.py                           0           1  0.34s           2026-09-17T13:52:04
================================================================================
[2026-09-17T13:52:56.468+0000] {manager.py:878} INFO - 
================================================================================
DAG File Processing Stats

File Path                                PID    Runtime      # DAGs    # Errors  Last Runtime    Last Run
---------------------------------------  -----  ---------  --------  ----------  --------------  -------------------
/opt/airflow/dags/extraction_DAG.py                               1           0  0.46s           2026-09-17T13:52:27
/opt/airflow/dags/transformation_DAG.py                           0           1  0.34s           2026-09-17T13:52:34
================================================================================
[2026-09-17T13:53:26.968+0000] {manager.py:878} INFO - 
================================================================================
DAG File Processing Stats

File Path                                PID    Runtime      # DAGs    # Errors  Last Runtime    Last Run
---------------------------------------  -----  ---------  --------  ----------  --------------  -------------------
/opt/airflow/dags/extraction_DAG.py                               1           0  0.40s           2026-09-17T13:52:58
/opt/airflow/dags/transformation_DAG.py                           0           1  0.35s           2026-09-17T13:53:05
================================================================================
[2026-09-17T13:53:57.482+0000] {manager.py:878} INFO - 
================================================================================
DAG File Processing Stats

File Path                                PID    Runtime      # DAGs    # Errors  Last Runtime    Last Run
---------------------------------------  -----  ---------  --------  ----------  --------------  -------------------
/opt/airflow/dags/transformation_DAG.py                           1           0  0.53s           2026-09-17T13:53:35
/opt/airflow/dags/extraction_DAG.py                               1           0  0.41s           2026-09-17T13:53:29
================================================================================
[2026-09-17T13:54:27.965+0000] {manager.py:878} INFO - 
================================================================================
DAG File Processing Stats

File Path                                PID    Runtime      # DAGs    # Errors  Last Runtime    Last Run
---------------------------------------  -----  ---------  --------  ----------  --------------  -------------------
/opt/airflow/dags/extraction_DAG.py                               1           0  0.38s           2026-09-17T13:53:59
/opt/airflow/dags/transformation_DAG.py                           1           0  0.37s           2026-09-17T13:54:06
================================================================================
[2026-09-17T13:54:58.442+0000] {manager.py:878} INFO - 
================================================================================
DAG File Processing Stats

File Path                                PID    Runtime      # DAGs    # Errors  Last Runtime    Last Run
---------------------------------------  -----  ---------  --------  ----------  --------------  -------------------
/opt/airflow/dags/transformation_DAG.py                           1           0  0.48s           2026-09-17T13:54:36
/opt/airflow/dags/extraction_DAG.py                               1           0  0.38s           2026-09-17T13:54:30
================================================================================
[2026-09-17T13:55:28.898+0000] {manager.py:878} INFO - 
================================================================================
DAG File Processing Stats

File Path                                PID    Runtime      # DAGs    # Errors  Last Runtime    Last Run
---------------------------------------  -----  ---------  --------  ----------  --------------  -------------------
/opt/airflow/dags/extraction_DAG.py                               1           0  0.37s           2026-09-17T13:55:00
/opt/airflow/dags/transformation_DAG.py                           1           0  0.37s           2026-09-17T13:55:07
================================================================================
[2026-09-17T13:55:59.487+0000] {manager.py:878} INFO - 
================================================================================
DAG File Processing Stats

File Path                                PID    Runtime      # DAGs    # Errors  Last Runtime    Last Run
---------------------------------------  -----  ---------  --------  ----------  --------------  -------------------
/opt/airflow/dags/extraction_DAG.py                               1           0  0.50s           2026-09-17T13:55:31
/opt/airflow/dags/transformation_DAG.py                           1           0  0.45s           2026-09-17T13:55:37
================================================================================
[2026-09-17T13:56:29.987+0000] {manager.py:878} INFO - 
================================================================================
DAG File Processing Stats

File Path                                PID    Runtime      # DAGs    # Errors  Last Runtime    Last Run
---------------------------------------  -----  ---------  --------  ----------  --------------  -------------------
/opt/airflow/dags/extraction_DAG.py                               1           0  0.40s           2026-09-17T13:56:01
/opt/airflow/dags/transformation_DAG.py                           0           1  0.36s           2026-09-17T13:56:08
================================================================================
[2026-09-17T13:57:00.562+0000] {manager.py:878} INFO - 
================================================================================
DAG File Processing Stats

File Path                                PID    Runtime      # DAGs    # Errors  Last Runtime    Last Run
---------------------------------------  -----  ---------  --------  ----------  --------------  -------------------
/opt/airflow/dags/extraction_DAG.py                               1           0  0.46s           2026-09-17T13:56:32
/opt/airflow/dags/transformation_DAG.py                           0           1  0.36s           2026-09-17T13:56:38
================================================================================
[2026-09-17T13:57:17.026+0000] {manager.py:737} INFO - Searching for files in /opt/airflow/dags
[2026-09-17T13:57:17.028+0000] {manager.py:740} INFO - There are 2 files in /opt/airflow/dags
[2026-09-17T13:57:31.099+0000] {manager.py:878} INFO - 
================================================================================
DAG File Processing Stats

File Path                                PID    Runtime      # DAGs    # Errors  Last Runtime    Last Run
---------------------------------------  -----  ---------  --------  ----------  --------------  -------------------
/opt/airflow/dags/extraction_DAG.py                               1           0  0.41s           2026-09-17T13:57:02
/opt/airflow/dags/transformation_DAG.py                           0           1  0.33s           2026-09-17T13:57:09
================================================================================
[2026-09-17T13:58:01.591+0000] {manager.py:878} INFO - 
================================================================================
DAG File Processing Stats

File Path                                PID    Runtime      # DAGs    # Errors  Last Runtime    Last Run
---------------------------------------  -----  ---------  --------  ----------  --------------  -------------------
/opt/airflow/dags/extraction_DAG.py                               1           0  0.38s           2026-09-17T13:57:33
/opt/airflow/dags/transformation_DAG.py                           0           1  0.37s           2026-09-17T13:57:39
================================================================================
[2026-09-17T13:58:32.056+0000] {manager.py:878} INFO - 
================================================================================
DAG File Processing Stats

File Path                                PID    Runtime      # DAGs    # Errors  Last Runtime    Last Run
---------------------------------------  -----  ---------  --------  ----------  --------------  -------------------
/opt/airflow/dags/transformation_DAG.py                           0           1  0.47s           2026-09-17T13:58:10
/opt/airflow/dags/extraction_DAG.py                               1           0  0.36s           2026-09-17T13:58:03
================================================================================
[2026-09-17T13:59:02.512+0000] {manager.py:878} INFO - 
================================================================================
DAG File Processing Stats

File Path                                PID    Runtime      # DAGs    # Errors  Last Runtime    Last Run
---------------------------------------  -----  ---------  --------  ----------  --------------  -------------------
/opt/airflow/dags/extraction_DAG.py                               1           0  0.36s           2026-09-17T13:58:34
/opt/airflow/dags/transformation_DAG.py                           0           1  0.34s           2026-09-17T13:58:40
================================================================================
[2026-09-17T13:59:33.086+0000] {manager.py:878} INFO - 
================================================================================
DAG File Processing Stats

File Path                                PID    Runtime      # DAGs    # Errors  Last Runtime    Last Run
---------------------------------------  -----  ---------  --------  ----------  --------------  -------------------
/opt/airflow/dags/extraction_DAG.py                               1           0  0.47s           2026-09-17T13:59:04
/opt/airflow/dags/transformation_DAG.py                           0           1  0.43s           2026-09-17T13:59:11
================================================================================
[2026-09-17T14:00:03.562+0000] {manager.py:878} INFO - 
================================================================================
DAG File Processing Stats

File Path                                PID    Runtime      # DAGs    # Errors  Last Runtime    Last Run
---------------------------------------  -----  ---------  --------  ----------  --------------  -------------------
/opt/airflow/dags/extraction_DAG.py                               1           0  0.36s           2026-09-17T13:59:35
/opt/airflow/dags/transformation_DAG.py                           0           1  0.34s           2026-09-17T13:59:41
================================================================================
[2026-09-17T14:00:33.709+0000] {manager.py:878} INFO - 
================================================================================
DAG File Processing Stats

File Path                                PID    Runtime      # DAGs    # Errors  Last Runtime    Last Run
---------------------------------------  -----  ---------  --------  ----------  --------------  -------------------
/opt/airflow/dags/extraction_DAG.py                               1           0  0.52s           2026-09-17T14:00:06
/opt/airflow/dags/transformation_DAG.py                           1           0  0.47s           2026-09-17T14:00:12
================================================================================
[2026-09-17T14:01:04.621+0000] {manager.py:878} INFO - 
================================================================================
DAG File Processing Stats

File Path                                PID    Runtime      # DAGs    # Errors  Last Runtime    Last Run
---------------------------------------  -----  ---------  --------  ----------  --------------  -------------------
/opt/airflow/dags/transformation_DAG.py                           1           0  0.36s           2026-09-17T14:00:42
/opt/airflow/dags/extraction_DAG.py                               1           0  0.35s           2026-09-17T14:00:36
================================================================================
[2026-09-17T14:01:35.111+0000] {manager.py:878} INFO - 
================================================================================
DAG File Processing Stats

File Path                                PID    Runtime      # DAGs    # Errors  Last Runtime    Last Run
---------------------------------------  -----  ---------  --------  ----------  --------------  -------------------
/opt/airflow/dags/transformation_DAG.py                           1           0  0.44s           2026-09-17T14:01:13
/opt/airflow/dags/extraction_DAG.py                               1           0  0.39s           2026-09-17T14:01:07
================================================================================
[2026-09-17T14:02:05.594+0000] {manager.py:878} INFO - 
================================================================================
DAG File Processing Stats

File Path                                PID    Runtime      # DAGs    # Errors  Last Runtime    Last Run
---------------------------------------  -----  ---------  --------  ----------  --------------  -------------------
/opt/airflow/dags/transformation_DAG.py                           1           0  0.42s           2026-09-17T14:01:43
/opt/airflow/dags/extraction_DAG.py                               1           0  0.38s           2026-09-17T14:01:37
================================================================================
[2026-09-17T14:02:17.061+0000] {manager.py:737} INFO - Searching for files in /opt/airflow/dags
[2026-09-17T14:02:17.062+0000] {manager.py:740} INFO - There are 2 files in /opt/airflow/dags
[2026-09-17T14:02:36.070+0000] {manager.py:878} INFO - 
================================================================================
DAG File Processing Stats

File Path                                PID    Runtime      # DAGs    # Errors  Last Runtime    Last Run
---------------------------------------  -----  ---------  --------  ----------  --------------  -------------------
/opt/airflow/dags/extraction_DAG.py                               1           0  0.37s           2026-09-17T14:02:07
/opt/airflow/dags/transformation_DAG.py                           0           1  0.35s           2026-09-17T14:02:14
================================================================================
[2026-09-17T14:03:06.560+0000] {manager.py:878} INFO - 
================================================================================
DAG File Processing Stats

File Path                                PID    Runtime      # DAGs    # Errors  Last Runtime    Last Run
---------------------------------------  -----  ---------  --------  ----------  --------------  -------------------
/opt/airflow/dags/transformation_DAG.py                           1           0  0.39s           2026-09-17T14:02:44
/opt/airflow/dags/extraction_DAG.py                               1           0  0.39s           2026-09-17T14:02:38
================================================================================
[2026-09-17T14:03:37.047+0000] {manager.py:878} INFO - 
================================================================================
DAG File Processing Stats

File Path                                PID    Runtime      # DAGs    # Errors  Last Runtime    Last Run
---------------------------------------  -----  ---------  --------  ----------  --------------  -------------------
/opt/airflow/dags/transformation_DAG.py                           1           0  0.40s           2026-09-17T14:03:15
/opt/airflow/dags/extraction_DAG.py                               1           0  0.38s           2026-09-17T14:03:08
================================================================================
[2026-09-17T14:04:07.539+0000] {manager.py:878} INFO - 
================================================================================
DAG File Processing Stats

File Path                                PID    Runtime      # DAGs    # Errors  Last Runtime    Last Run
---------------------------------------  -----  ---------  --------  ----------  --------------  -------------------
/opt/airflow/dags/extraction_DAG.py                               1           0  0.38s           2026-09-17T14:03:39
/opt/airflow/dags/transformation_DAG.py                           1           0  0.37s           2026-09-17T14:03:45
================================================================================
[2026-09-17T14:04:38.068+0000] {manager.py:878} INFO - 
================================================================================
DAG File Processing Stats

File Path                                PID    Runtime      # DAGs    # Errors  Last Runtime    Last Run
---------------------------------------  -----  ---------  --------  ----------  --------------  -------------------
/opt/airflow/dags/extraction_DAG.py                               1           0  0.42s           2026-09-17T14:04:09
/opt/airflow/dags/transformation_DAG.py                           0           1  0.42s           2026-09-17T14:04:16
================================================================================
[2026-09-17T14:05:08.232+0000] {manager.py:878} INFO - 
================================================================================
DAG File Processing Stats

File Path                                PID    Runtime      # DAGs    # Errors  Last Runtime    Last Run
---------------------------------------  -----  ---------  --------  ----------  --------------  -------------------
/opt/airflow/dags/extraction_DAG.py                               1           0  0.48s           2026-09-17T14:04:40
/opt/airflow/dags/transformation_DAG.py                           0           1  0.34s           2026-09-17T14:04:46
================================================================================
[2026-09-17T14:05:39.044+0000] {manager.py:878} INFO - 
================================================================================
DAG File Processing Stats

File Path                                PID    Runtime      # DAGs    # Errors  Last Runtime    Last Run
---------------------------------------  -----  ---------  --------  ----------  --------------  -------------------
/opt/airflow/dags/transformation_DAG.py                           0           1  0.45s           2026-09-17T14:05:17
/opt/airflow/dags/extraction_DAG.py                               1           0  0.37s           2026-09-17T14:05:10
================================================================================
[2026-09-17T14:06:09.584+0000] {manager.py:878} INFO - 
================================================================================
DAG File Processing Stats

File Path                                PID    Runtime      # DAGs    # Errors  Last Runtime    Last Run
---------------------------------------  -----  ---------  --------  ----------  --------------  -------------------
/opt/airflow/dags/extraction_DAG.py                               1           0  0.42s           2026-09-17T14:05:41
/opt/airflow/dags/transformation_DAG.py                           1           0  0.40s           2026-09-17T14:05:47
================================================================================
[2026-09-17T14:06:40.090+0000] {manager.py:878} INFO - 
================================================================================
DAG File Processing Stats

File Path                                PID    Runtime      # DAGs    # Errors  Last Runtime    Last Run
---------------------------------------  -----  ---------  --------  ----------  --------------  -------------------
/opt/airflow/dags/transformation_DAG.py                           1           0  0.55s           2026-09-17T14:06:18
/opt/airflow/dags/extraction_DAG.py                               1           0  0.38s           2026-09-17T14:06:11
================================================================================
[2026-09-17T14:07:10.760+0000] {manager.py:878} INFO - 
================================================================================
DAG File Processing Stats

File Path                                PID    Runtime      # DAGs    # Errors  Last Runtime    Last Run
---------------------------------------  -----  ---------  --------  ----------  --------------  -------------------
/opt/airflow/dags/extraction_DAG.py                               1           0  0.56s           2026-09-17T14:06:42
/opt/airflow/dags/transformation_DAG.py                           1           0  0.42s           2026-09-17T14:06:48
================================================================================
[2026-09-17T14:07:17.156+0000] {manager.py:737} INFO - Searching for files in /opt/airflow/dags
[2026-09-17T14:07:17.159+0000] {manager.py:740} INFO - There are 2 files in /opt/airflow/dags
[2026-09-17T14:07:40.896+0000] {manager.py:878} INFO - 
================================================================================
DAG File Processing Stats

File Path                                PID    Runtime      # DAGs    # Errors  Last Runtime    Last Run
---------------------------------------  -----  ---------  --------  ----------  --------------  -------------------
/opt/airflow/dags/extraction_DAG.py                               1           0  0.37s           2026-09-17T14:07:13
/opt/airflow/dags/transformation_DAG.py                           0           1  0.35s           2026-09-17T14:07:19
================================================================================
[2026-09-17T14:08:11.374+0000] {manager.py:878} INFO - 
================================================================================
DAG File Processing Stats

File Path                                PID    Runtime      # DAGs    # Errors  Last Runtime    Last Run
---------------------------------------  -----  ---------  --------  ----------  --------------  -------------------
/opt/airflow/dags/extraction_DAG.py                               1           0  0.43s           2026-09-17T14:07:43
/opt/airflow/dags/transformation_DAG.py                           1           0  0.35s           2026-09-17T14:07:49
================================================================================
[2026-09-17T14:08:42.207+0000] {manager.py:878} INFO - 
================================================================================
DAG File Processing Stats

File Path                                PID    Runtime      # DAGs    # Errors  Last Runtime    Last Run
---------------------------------------  -----  ---------  --------  ----------  --------------  -------------------
/opt/airflow/dags/transformation_DAG.py                           1           0  0.44s           2026-09-17T14:08:20
/opt/airflow/dags/extraction_DAG.py                               1           0  0.37s           2026-09-17T14:08:14
================================================================================
[2026-09-17T14:09:12.694+0000] {manager.py:878} INFO - 
================================================================================
DAG File Processing Stats

File Path                                PID    Runtime      # DAGs    # Errors  Last Runtime    Last Run
---------------------------------------  -----  ---------  --------  ----------  --------------  -------------------
/opt/airflow/dags/extraction_DAG.py                               1           0  0.37s           2026-09-17T14:08:44
/opt/airflow/dags/transformation_DAG.py                           1           0  0.36s           2026-09-17T14:08:50
================================================================================
[2026-09-17T14:09:43.174+0000] {manager.py:878} INFO - 
================================================================================
DAG File Processing Stats

File Path                                PID    Runtime      # DAGs    # Errors  Last Runtime    Last Run
---------------------------------------  -----  ---------  --------  ----------  --------------  -------------------
/opt/airflow/dags/transformation_DAG.py                           1           0  0.36s           2026-09-17T14:09:21
/opt/airflow/dags/extraction_DAG.py                               1           0  0.35s           2026-09-17T14:09:15
================================================================================
[2026-09-17T14:10:13.367+0000] {manager.py:878} INFO - 
================================================================================
DAG File Processing Stats

File Path                                PID    Runtime      # DAGs    # Errors  Last Runtime    Last Run
---------------------------------------  -----  ---------  --------  ----------  --------------  -------------------
/opt/airflow/dags/extraction_DAG.py                               1           0  0.45s           2026-09-17T14:09:45
/opt/airflow/dags/transformation_DAG.py                           1           0  0.36s           2026-09-17T14:09:51
================================================================================
[2026-09-17T14:10:44.203+0000] {manager.py:878} INFO - 
================================================================================
DAG File Processing Stats

File Path                                PID    Runtime      # DAGs    # Errors  Last Runtime    Last Run
---------------------------------------  -----  ---------  --------  ----------  --------------  -------------------
/opt/airflow/dags/transformation_DAG.py                           1           0  0.46s           2026-09-17T14:10:22
/opt/airflow/dags/extraction_DAG.py                               1           0  0.37s           2026-09-17T14:10:16
================================================================================
[2026-09-17T14:11:14.438+0000] {manager.py:878} INFO - 
================================================================================
DAG File Processing Stats

File Path                                PID    Runtime      # DAGs    # Errors  Last Runtime    Last Run
---------------------------------------  -----  ---------  --------  ----------  --------------  -------------------
/opt/airflow/dags/extraction_DAG.py                               1           0  0.46s           2026-09-17T14:10:46
/opt/airflow/dags/transformation_DAG.py                           1           0  0.37s           2026-09-17T14:10:52
================================================================================
[2026-09-17T14:11:45.261+0000] {manager.py:878} INFO - 
================================================================================
DAG File Processing Stats

File Path                                PID    Runtime      # DAGs    # Errors  Last Runtime    Last Run
---------------------------------------  -----  ---------  --------  ----------  --------------  -------------------
/opt/airflow/dags/transformation_DAG.py                           1           0  0.48s           2026-09-17T14:11:23
/opt/airflow/dags/extraction_DAG.py                               1           0  0.35s           2026-09-17T14:11:17
================================================================================
[2026-09-17T14:12:15.844+0000] {manager.py:878} INFO - 
================================================================================
DAG File Processing Stats

File Path                                PID    Runtime      # DAGs    # Errors  Last Runtime    Last Run
---------------------------------------  -----  ---------  --------  ----------  --------------  -------------------
/opt/airflow/dags/extraction_DAG.py                               1           0  0.45s           2026-09-17T14:11:47
/opt/airflow/dags/transformation_DAG.py                           1           0  0.37s           2026-09-17T14:11:53
================================================================================
[2026-09-17T14:12:17.853+0000] {manager.py:737} INFO - Searching for files in /opt/airflow/dags
[2026-09-17T14:12:17.856+0000] {manager.py:740} INFO - There are 2 files in /opt/airflow/dags
[2026-09-17T14:12:46.340+0000] {manager.py:878} INFO - 
================================================================================
DAG File Processing Stats

File Path                                PID    Runtime      # DAGs    # Errors  Last Runtime    Last Run
---------------------------------------  -----  ---------  --------  ----------  --------------  -------------------
/opt/airflow/dags/transformation_DAG.py                           1           0  0.41s           2026-09-17T14:12:24
/opt/airflow/dags/extraction_DAG.py                               1           0  0.36s           2026-09-17T14:12:18
================================================================================
[2026-09-17T14:13:16.523+0000] {manager.py:878} INFO - 
================================================================================
DAG File Processing Stats

File Path                                PID    Runtime      # DAGs    # Errors  Last Runtime    Last Run
---------------------------------------  -----  ---------  --------  ----------  --------------  -------------------
/opt/airflow/dags/extraction_DAG.py                               1           0  0.50s           2026-09-17T14:12:48
/opt/airflow/dags/transformation_DAG.py                           1           0  0.35s           2026-09-17T14:12:54
================================================================================
[2026-09-17T14:13:47.009+0000] {manager.py:878} INFO - 
================================================================================
DAG File Processing Stats

File Path                                PID    Runtime      # DAGs    # Errors  Last Runtime    Last Run
---------------------------------------  -----  ---------  --------  ----------  --------------  -------------------
/opt/airflow/dags/extraction_DAG.py                               1           0  0.36s           2026-09-17T14:13:19
/opt/airflow/dags/transformation_DAG.py                           0           1  0.34s           2026-09-17T14:13:25
================================================================================
[2026-09-17T14:14:17.490+0000] {manager.py:878} INFO - 
================================================================================
DAG File Processing Stats

File Path                                PID    Runtime      # DAGs    # Errors  Last Runtime    Last Run
---------------------------------------  -----  ---------  --------  ----------  --------------  -------------------
/opt/airflow/dags/extraction_DAG.py                               1           0  0.37s           2026-09-17T14:13:49
/opt/airflow/dags/transformation_DAG.py                           0           1  0.33s           2026-09-17T14:13:55
================================================================================
[2026-09-17T14:14:48.290+0000] {manager.py:878} INFO - 
================================================================================
DAG File Processing Stats

File Path                                PID    Runtime      # DAGs    # Errors  Last Runtime    Last Run
---------------------------------------  -----  ---------  --------  ----------  --------------  -------------------
/opt/airflow/dags/transformation_DAG.py                           0           1  0.44s           2026-09-17T14:14:26
/opt/airflow/dags/extraction_DAG.py                               1           0  0.36s           2026-09-17T14:14:20
================================================================================
[2026-09-17T14:15:18.772+0000] {manager.py:878} INFO - 
================================================================================
DAG File Processing Stats

File Path                                PID    Runtime      # DAGs    # Errors  Last Runtime    Last Run
---------------------------------------  -----  ---------  --------  ----------  --------------  -------------------
/opt/airflow/dags/extraction_DAG.py                               1           0  0.36s           2026-09-17T14:14:50
/opt/airflow/dags/transformation_DAG.py                           0           1  0.34s           2026-09-17T14:14:56
================================================================================
[2026-09-17T14:15:49.264+0000] {manager.py:878} INFO - 
================================================================================
DAG File Processing Stats

File Path                                PID    Runtime      # DAGs    # Errors  Last Runtime    Last Run
---------------------------------------  -----  ---------  --------  ----------  --------------  -------------------
/opt/airflow/dags/transformation_DAG.py                           0           1  0.43s           2026-09-17T14:15:27
/opt/airflow/dags/extraction_DAG.py                               1           0  0.36s           2026-09-17T14:15:21
================================================================================
[2026-09-17T14:16:19.733+0000] {manager.py:878} INFO - 
================================================================================
DAG File Processing Stats

File Path                                PID    Runtime      # DAGs    # Errors  Last Runtime    Last Run
---------------------------------------  -----  ---------  --------  ----------  --------------  -------------------
/opt/airflow/dags/extraction_DAG.py                               1           0  0.35s           2026-09-17T14:15:51
/opt/airflow/dags/transformation_DAG.py                           0           1  0.33s           2026-09-17T14:15:57
================================================================================
[2026-09-17T14:16:50.215+0000] {manager.py:878} INFO - 
================================================================================
DAG File Processing Stats

File Path                                PID    Runtime      # DAGs    # Errors  Last Runtime    Last Run
---------------------------------------  -----  ---------  --------  ----------  --------------  -------------------
/opt/airflow/dags/transformation_DAG.py                           0           1  0.43s           2026-09-17T14:16:28
/opt/airflow/dags/extraction_DAG.py                               1           0  0.35s           2026-09-17T14:16:22
================================================================================
[2026-09-17T14:17:17.873+0000] {manager.py:737} INFO - Searching for files in /opt/airflow/dags
[2026-09-17T14:17:17.876+0000] {manager.py:740} INFO - There are 2 files in /opt/airflow/dags
[2026-09-17T14:17:20.822+0000] {manager.py:878} INFO - 
================================================================================
DAG File Processing Stats

File Path                                PID    Runtime      # DAGs    # Errors  Last Runtime    Last Run
---------------------------------------  -----  ---------  --------  ----------  --------------  -------------------
/opt/airflow/dags/extraction_DAG.py                               1           0  0.47s           2026-09-17T14:16:52
/opt/airflow/dags/transformation_DAG.py                           0           1  0.36s           2026-09-17T14:16:58
================================================================================
[2026-09-17T14:17:51.313+0000] {manager.py:878} INFO - 
================================================================================
DAG File Processing Stats

File Path                                PID    Runtime      # DAGs    # Errors  Last Runtime    Last Run
---------------------------------------  -----  ---------  --------  ----------  --------------  -------------------
/opt/airflow/dags/transformation_DAG.py                           0           1  0.41s           2026-09-17T14:17:29
/opt/airflow/dags/extraction_DAG.py                               1           0  0.36s           2026-09-17T14:17:23
================================================================================
[2026-09-17T14:18:21.856+0000] {manager.py:878} INFO - 
================================================================================
DAG File Processing Stats

File Path                                PID    Runtime      # DAGs    # Errors  Last Runtime    Last Run
---------------------------------------  -----  ---------  --------  ----------  --------------  -------------------
/opt/airflow/dags/extraction_DAG.py                               1           0  0.44s           2026-09-17T14:17:53
/opt/airflow/dags/transformation_DAG.py                           0           1  0.37s           2026-09-17T14:17:59
================================================================================
[2026-09-17T14:18:51.966+0000] {manager.py:878} INFO - 
================================================================================
DAG File Processing Stats

File Path                                PID    Runtime      # DAGs    # Errors  Last Runtime    Last Run
---------------------------------------  -----  ---------  --------  ----------  --------------  -------------------
/opt/airflow/dags/extraction_DAG.py                               1           0  0.37s           2026-09-17T14:18:24
/opt/airflow/dags/transformation_DAG.py                           0           1  0.35s           2026-09-17T14:18:30
================================================================================
[2026-09-17T14:19:22.432+0000] {manager.py:878} INFO - 
================================================================================
DAG File Processing Stats

File Path                                PID    Runtime      # DAGs    # Errors  Last Runtime    Last Run
---------------------------------------  -----  ---------  --------  ----------  --------------  -------------------
/opt/airflow/dags/extraction_DAG.py                               1           0  0.52s           2026-09-17T14:18:54
/opt/airflow/dags/transformation_DAG.py                           0           1  0.35s           2026-09-17T14:19:00
================================================================================
[2026-09-17T14:19:52.957+0000] {manager.py:878} INFO - 
================================================================================
DAG File Processing Stats

File Path                                PID    Runtime      # DAGs    # Errors  Last Runtime    Last Run
---------------------------------------  -----  ---------  --------  ----------  --------------  -------------------
/opt/airflow/dags/extraction_DAG.py                               1           0  0.41s           2026-09-17T14:19:25
/opt/airflow/dags/transformation_DAG.py                           0           1  0.36s           2026-09-17T14:19:31
================================================================================
[2026-09-17T14:20:23.448+0000] {manager.py:878} INFO - 
================================================================================
DAG File Processing Stats

File Path                                PID    Runtime      # DAGs    # Errors  Last Runtime    Last Run
---------------------------------------  -----  ---------  --------  ----------  --------------  -------------------
/opt/airflow/dags/transformation_DAG.py                           1           0  0.47s           2026-09-17T14:20:01
/opt/airflow/dags/extraction_DAG.py                               1           0  0.38s           2026-09-17T14:19:56
================================================================================
[2026-09-17T14:20:53.925+0000] {manager.py:878} INFO - 
================================================================================
DAG File Processing Stats

File Path                                PID    Runtime      # DAGs    # Errors  Last Runtime    Last Run
---------------------------------------  -----  ---------  --------  ----------  --------------  -------------------
/opt/airflow/dags/transformation_DAG.py                           1           0  0.45s           2026-09-17T14:20:32
/opt/airflow/dags/extraction_DAG.py                               1           0  0.37s           2026-09-17T14:20:26
================================================================================
[2026-09-17T14:21:24.438+0000] {manager.py:878} INFO - 
================================================================================
DAG File Processing Stats

File Path                                PID    Runtime      # DAGs    # Errors  Last Runtime    Last Run
---------------------------------------  -----  ---------  --------  ----------  --------------  -------------------
/opt/airflow/dags/transformation_DAG.py                           1           0  0.40s           2026-09-17T14:21:02
/opt/airflow/dags/extraction_DAG.py                               1           0  0.39s           2026-09-17T14:20:57
================================================================================
[2026-09-17T14:21:54.934+0000] {manager.py:878} INFO - 
================================================================================
DAG File Processing Stats

File Path                                PID    Runtime      # DAGs    # Errors  Last Runtime    Last Run
---------------------------------------  -----  ---------  --------  ----------  --------------  -------------------
/opt/airflow/dags/transformation_DAG.py                           1           0  0.48s           2026-09-17T14:21:33
/opt/airflow/dags/extraction_DAG.py                               1           0  0.41s           2026-09-17T14:21:27
================================================================================
[2026-09-17T14:22:18.490+0000] {manager.py:737} INFO - Searching for files in /opt/airflow/dags
[2026-09-17T14:22:18.492+0000] {manager.py:740} INFO - There are 2 files in /opt/airflow/dags
[2026-09-17T14:22:25.532+0000] {manager.py:878} INFO - 
================================================================================
DAG File Processing Stats

File Path                                PID    Runtime      # DAGs    # Errors  Last Runtime    Last Run
---------------------------------------  -----  ---------  --------  ----------  --------------  -------------------
/opt/airflow/dags/extraction_DAG.py                               1           0  0.46s           2026-09-17T14:21:58
/opt/airflow/dags/transformation_DAG.py                           1           0  0.38s           2026-09-17T14:22:03
================================================================================
[2026-09-17T14:22:56.056+0000] {manager.py:878} INFO - 
================================================================================
DAG File Processing Stats

File Path                                PID    Runtime      # DAGs    # Errors  Last Runtime    Last Run
---------------------------------------  -----  ---------  --------  ----------  --------------  -------------------
/opt/airflow/dags/extraction_DAG.py                               1           0  0.42s           2026-09-17T14:22:28
/opt/airflow/dags/transformation_DAG.py                           1           0  0.40s           2026-09-17T14:22:34
================================================================================
[2026-09-17T14:23:26.494+0000] {manager.py:878} INFO - 
================================================================================
DAG File Processing Stats

File Path                                PID    Runtime      # DAGs    # Errors  Last Runtime    Last Run
---------------------------------------  -----  ---------  --------  ----------  --------------  -------------------
/opt/airflow/dags/extraction_DAG.py                               1           0  0.43s           2026-09-17T14:22:59
/opt/airflow/dags/transformation_DAG.py                           0           1  0.03s           2026-09-17T14:23:04
================================================================================
[2026-09-17T14:23:56.652+0000] {manager.py:878} INFO - 
================================================================================
DAG File Processing Stats

File Path                                PID    Runtime      # DAGs    # Errors  Last Runtime    Last Run
---------------------------------------  -----  ---------  --------  ----------  --------------  -------------------
/opt/airflow/dags/extraction_DAG.py                               1           0  0.36s           2026-09-17T14:23:29
/opt/airflow/dags/transformation_DAG.py                           0           1  0.16s           2026-09-17T14:23:34
================================================================================
[2026-09-17T14:24:26.925+0000] {manager.py:878} INFO - 
================================================================================
DAG File Processing Stats

File Path                                PID    Runtime      # DAGs    # Errors  Last Runtime    Last Run
---------------------------------------  -----  ---------  --------  ----------  --------------  -------------------
/opt/airflow/dags/extraction_DAG.py                               1           0  0.45s           2026-09-17T14:24:01
/opt/airflow/dags/transformation_DAG.py                           0           1  0.04s           2026-09-17T14:24:04
================================================================================
[2026-09-17T14:24:57.060+0000] {manager.py:878} INFO - 
================================================================================
DAG File Processing Stats

File Path                                PID    Runtime      # DAGs    # Errors  Last Runtime    Last Run
---------------------------------------  -----  ---------  --------  ----------  --------------  -------------------
/opt/airflow/dags/extraction_DAG.py                               1           0  0.38s           2026-09-17T14:24:32
/opt/airflow/dags/transformation_DAG.py                           0           1  0.05s           2026-09-17T14:24:35
================================================================================
[2026-09-17T14:25:27.569+0000] {manager.py:878} INFO - 
================================================================================
DAG File Processing Stats

File Path                                PID    Runtime      # DAGs    # Errors  Last Runtime    Last Run
---------------------------------------  -----  ---------  --------  ----------  --------------  -------------------
/opt/airflow/dags/transformation_DAG.py                           1           0  0.43s           2026-09-17T14:25:05
/opt/airflow/dags/extraction_DAG.py                               1           0  0.39s           2026-09-17T14:25:03
================================================================================
[2026-09-17T14:25:58.044+0000] {manager.py:878} INFO - 
================================================================================
DAG File Processing Stats

File Path                                PID    Runtime      # DAGs    # Errors  Last Runtime    Last Run
---------------------------------------  -----  ---------  --------  ----------  --------------  -------------------
/opt/airflow/dags/transformation_DAG.py                           1           0  0.39s           2026-09-17T14:25:36
/opt/airflow/dags/extraction_DAG.py                               1           0  0.36s           2026-09-17T14:25:33
================================================================================
[2026-09-17T14:26:28.205+0000] {manager.py:878} INFO - 
================================================================================
DAG File Processing Stats

File Path                                PID    Runtime      # DAGs    # Errors  Last Runtime    Last Run
---------------------------------------  -----  ---------  --------  ----------  --------------  -------------------
/opt/airflow/dags/extraction_DAG.py                               1           0  0.54s           2026-09-17T14:26:04
/opt/airflow/dags/transformation_DAG.py                           1           0  0.45s           2026-09-17T14:26:06
================================================================================
[2026-09-17T14:26:59.132+0000] {manager.py:878} INFO - 
================================================================================
DAG File Processing Stats

File Path                                PID    Runtime      # DAGs    # Errors  Last Runtime    Last Run
---------------------------------------  -----  ---------  --------  ----------  --------------  -------------------
/opt/airflow/dags/transformation_DAG.py                           1           0  0.44s           2026-09-17T14:26:37
/opt/airflow/dags/extraction_DAG.py                               1           0  0.37s           2026-09-17T14:26:35
================================================================================
[2026-09-17T14:27:18.634+0000] {manager.py:737} INFO - Searching for files in /opt/airflow/dags
[2026-09-17T14:27:18.635+0000] {manager.py:740} INFO - There are 2 files in /opt/airflow/dags
[2026-09-17T14:27:29.336+0000] {manager.py:878} INFO - 
================================================================================
DAG File Processing Stats

File Path                                PID    Runtime      # DAGs    # Errors  Last Runtime    Last Run
---------------------------------------  -----  ---------  --------  ----------  --------------  -------------------
/opt/airflow/dags/extraction_DAG.py                               1           0  0.47s           2026-09-17T14:27:05
/opt/airflow/dags/transformation_DAG.py                           1           0  0.36s           2026-09-17T14:27:07
================================================================================
[2026-09-17T14:28:00.178+0000] {manager.py:878} INFO - 
================================================================================
DAG File Processing Stats

File Path                                PID    Runtime      # DAGs    # Errors  Last Runtime    Last Run
---------------------------------------  -----  ---------  --------  ----------  --------------  -------------------
/opt/airflow/dags/transformation_DAG.py                           1           0  0.46s           2026-09-17T14:27:38
/opt/airflow/dags/extraction_DAG.py                               1           0  0.37s           2026-09-17T14:27:36
================================================================================
[2026-09-17T14:28:30.654+0000] {manager.py:878} INFO - 
================================================================================
DAG File Processing Stats

File Path                                PID    Runtime      # DAGs    # Errors  Last Runtime    Last Run
---------------------------------------  -----  ---------  --------  ----------  --------------  -------------------
/opt/airflow/dags/transformation_DAG.py                           1           0  0.37s           2026-09-17T14:28:08
/opt/airflow/dags/extraction_DAG.py                               1           0  0.36s           2026-09-17T14:28:06
================================================================================
[2026-09-17T14:29:01.154+0000] {manager.py:878} INFO - 
================================================================================
DAG File Processing Stats

File Path                                PID    Runtime      # DAGs    # Errors  Last Runtime    Last Run
---------------------------------------  -----  ---------  --------  ----------  --------------  -------------------
/opt/airflow/dags/transformation_DAG.py                           1           0  0.53s           2026-09-17T14:28:39
/opt/airflow/dags/extraction_DAG.py                               1           0  0.38s           2026-09-17T14:28:37
================================================================================
[2026-09-17T14:29:31.642+0000] {manager.py:878} INFO - 
================================================================================
DAG File Processing Stats

File Path                                PID    Runtime      # DAGs    # Errors  Last Runtime    Last Run
---------------------------------------  -----  ---------  --------  ----------  --------------  -------------------
/opt/airflow/dags/transformation_DAG.py                           1           0  0.49s           2026-09-17T14:29:09
/opt/airflow/dags/extraction_DAG.py                               1           0  0.37s           2026-09-17T14:29:07
================================================================================
[2026-09-17T14:30:02.129+0000] {manager.py:878} INFO - 
================================================================================
DAG File Processing Stats

File Path                                PID    Runtime      # DAGs    # Errors  Last Runtime    Last Run
---------------------------------------  -----  ---------  --------  ----------  --------------  -------------------
/opt/airflow/dags/transformation_DAG.py                           1           0  0.46s           2026-09-17T14:29:40
/opt/airflow/dags/extraction_DAG.py                               1           0  0.36s           2026-09-17T14:29:38
================================================================================
[2026-09-17T14:30:32.726+0000] {manager.py:878} INFO - 
================================================================================
DAG File Processing Stats

File Path                                PID    Runtime      # DAGs    # Errors  Last Runtime    Last Run
---------------------------------------  -----  ---------  --------  ----------  --------------  -------------------
/opt/airflow/dags/extraction_DAG.py                               1           0  0.46s           2026-09-17T14:30:08
/opt/airflow/dags/transformation_DAG.py                           1           0  0.35s           2026-09-17T14:30:10
================================================================================
[2026-09-17T14:31:03.212+0000] {manager.py:878} INFO - 
================================================================================
DAG File Processing Stats

File Path                                PID    Runtime      # DAGs    # Errors  Last Runtime    Last Run
---------------------------------------  -----  ---------  --------  ----------  --------------  -------------------
/opt/airflow/dags/transformation_DAG.py                           1           0  0.36s           2026-09-17T14:30:41
/opt/airflow/dags/extraction_DAG.py                               1           0  0.35s           2026-09-17T14:30:39
================================================================================
[2026-09-17T14:31:33.885+0000] {manager.py:878} INFO - 
================================================================================
DAG File Processing Stats

File Path                                PID    Runtime      # DAGs    # Errors  Last Runtime    Last Run
---------------------------------------  -----  ---------  --------  ----------  --------------  -------------------
/opt/airflow/dags/extraction_DAG.py                               1           0  0.53s           2026-09-17T14:31:09
/opt/airflow/dags/transformation_DAG.py                           1           0  0.35s           2026-09-17T14:31:11
================================================================================
[2026-09-17T14:32:04.393+0000] {manager.py:878} INFO - 
================================================================================
DAG File Processing Stats

File Path                                PID    Runtime      # DAGs    # Errors  Last Runtime    Last Run
---------------------------------------  -----  ---------  --------  ----------  --------------  -------------------
/opt/airflow/dags/transformation_DAG.py                           1           0  0.43s           2026-09-17T14:31:42
/opt/airflow/dags/extraction_DAG.py                               1           0  0.36s           2026-09-17T14:31:40
================================================================================
[2026-09-17T14:32:18.851+0000] {manager.py:737} INFO - Searching for files in /opt/airflow/dags
[2026-09-17T14:32:18.853+0000] {manager.py:740} INFO - There are 2 files in /opt/airflow/dags
[2026-09-17T14:32:34.940+0000] {manager.py:878} INFO - 
================================================================================
DAG File Processing Stats

File Path                                PID    Runtime      # DAGs    # Errors  Last Runtime    Last Run
---------------------------------------  -----  ---------  --------  ----------  --------------  -------------------
/opt/airflow/dags/extraction_DAG.py                               1           0  0.39s           2026-09-17T14:32:10
/opt/airflow/dags/transformation_DAG.py                           1           0  0.35s           2026-09-17T14:32:12
================================================================================
[2026-09-17T14:33:05.425+0000] {manager.py:878} INFO - 
================================================================================
DAG File Processing Stats

File Path                                PID    Runtime      # DAGs    # Errors  Last Runtime    Last Run
---------------------------------------  -----  ---------  --------  ----------  --------------  -------------------
/opt/airflow/dags/transformation_DAG.py                           1           0  0.45s           2026-09-17T14:32:43
/opt/airflow/dags/extraction_DAG.py                               1           0  0.36s           2026-09-17T14:32:41
================================================================================
[2026-09-17T14:33:35.915+0000] {manager.py:878} INFO - 
================================================================================
DAG File Processing Stats

File Path                                PID    Runtime      # DAGs    # Errors  Last Runtime    Last Run
---------------------------------------  -----  ---------  --------  ----------  --------------  -------------------
/opt/airflow/dags/transformation_DAG.py                           1           0  0.36s           2026-09-17T14:33:13
/opt/airflow/dags/extraction_DAG.py                               1           0  0.36s           2026-09-17T14:33:11
================================================================================
[2026-09-17T14:34:06.504+0000] {manager.py:878} INFO - 
================================================================================
DAG File Processing Stats

File Path                                PID    Runtime      # DAGs    # Errors  Last Runtime    Last Run
---------------------------------------  -----  ---------  --------  ----------  --------------  -------------------
/opt/airflow/dags/transformation_DAG.py                           1           0  0.47s           2026-09-17T14:33:44
/opt/airflow/dags/extraction_DAG.py                               1           0  0.45s           2026-09-17T14:33:42
================================================================================
[2026-09-17T14:34:36.970+0000] {manager.py:878} INFO - 
================================================================================
DAG File Processing Stats

File Path                                PID    Runtime      # DAGs    # Errors  Last Runtime    Last Run
---------------------------------------  -----  ---------  --------  ----------  --------------  -------------------
/opt/airflow/dags/transformation_DAG.py                           1           0  0.36s           2026-09-17T14:34:14
/opt/airflow/dags/extraction_DAG.py                               1           0  0.35s           2026-09-17T14:34:12
================================================================================
[2026-09-17T14:35:07.447+0000] {manager.py:878} INFO - 
================================================================================
DAG File Processing Stats

File Path                                PID    Runtime      # DAGs    # Errors  Last Runtime    Last Run
---------------------------------------  -----  ---------  --------  ----------  --------------  -------------------
/opt/airflow/dags/transformation_DAG.py                           1           0  0.39s           2026-09-17T14:34:45
/opt/airflow/dags/extraction_DAG.py                               1           0  0.34s           2026-09-17T14:34:43
================================================================================
[2026-09-17T14:35:38.050+0000] {manager.py:878} INFO - 
================================================================================
DAG File Processing Stats

File Path                                PID    Runtime      # DAGs    # Errors  Last Runtime    Last Run
---------------------------------------  -----  ---------  --------  ----------  --------------  -------------------
/opt/airflow/dags/extraction_DAG.py                               1           0  0.47s           2026-09-17T14:35:13
/opt/airflow/dags/transformation_DAG.py                           1           0  0.35s           2026-09-17T14:35:15
================================================================================
[2026-09-17T14:36:08.171+0000] {manager.py:878} INFO - 
================================================================================
DAG File Processing Stats

File Path                                PID    Runtime      # DAGs    # Errors  Last Runtime    Last Run
---------------------------------------  -----  ---------  --------  ----------  --------------  -------------------
/opt/airflow/dags/extraction_DAG.py                               1           0  0.37s           2026-09-17T14:35:44
/opt/airflow/dags/transformation_DAG.py                           0           1  0.04s           2026-09-17T14:35:46
================================================================================
[2026-09-17T14:36:38.654+0000] {manager.py:878} INFO - 
================================================================================
DAG File Processing Stats

File Path                                PID    Runtime      # DAGs    # Errors  Last Runtime    Last Run
---------------------------------------  -----  ---------  --------  ----------  --------------  -------------------
/opt/airflow/dags/transformation_DAG.py                           1           0  0.38s           2026-09-17T14:36:16
/opt/airflow/dags/extraction_DAG.py                               1           0  0.37s           2026-09-17T14:36:15
================================================================================
[2026-09-17T14:37:09.132+0000] {manager.py:878} INFO - 
================================================================================
DAG File Processing Stats

File Path                                PID    Runtime      # DAGs    # Errors  Last Runtime    Last Run
---------------------------------------  -----  ---------  --------  ----------  --------------  -------------------
/opt/airflow/dags/transformation_DAG.py                           1           0  0.39s           2026-09-17T14:36:47
/opt/airflow/dags/extraction_DAG.py                               1           0  0.36s           2026-09-17T14:36:46
================================================================================
[2026-09-17T14:37:19.202+0000] {manager.py:737} INFO - Searching for files in /opt/airflow/dags
[2026-09-17T14:37:19.204+0000] {manager.py:740} INFO - There are 2 files in /opt/airflow/dags
[2026-09-17T14:37:39.302+0000] {manager.py:878} INFO - 
================================================================================
DAG File Processing Stats

File Path                                PID    Runtime      # DAGs    # Errors  Last Runtime    Last Run
---------------------------------------  -----  ---------  --------  ----------  --------------  -------------------
/opt/airflow/dags/extraction_DAG.py                               1           0  0.41s           2026-09-17T14:37:16
/opt/airflow/dags/transformation_DAG.py                           1           0  0.34s           2026-09-17T14:37:17
================================================================================
[2026-09-17T14:38:10.084+0000] {manager.py:878} INFO - 
================================================================================
DAG File Processing Stats

File Path                                PID    Runtime      # DAGs    # Errors  Last Runtime    Last Run
---------------------------------------  -----  ---------  --------  ----------  --------------  -------------------
/opt/airflow/dags/transformation_DAG.py                           1           0  0.37s           2026-09-17T14:37:48
/opt/airflow/dags/extraction_DAG.py                               1           0  0.36s           2026-09-17T14:37:46
================================================================================
[2026-09-17T14:38:40.568+0000] {manager.py:878} INFO - 
================================================================================
DAG File Processing Stats

File Path                                PID    Runtime      # DAGs    # Errors  Last Runtime    Last Run
---------------------------------------  -----  ---------  --------  ----------  --------------  -------------------
/opt/airflow/dags/extraction_DAG.py                               1           0  0.37s           2026-09-17T14:38:17
/opt/airflow/dags/transformation_DAG.py                           1           0  0.37s           2026-09-17T14:38:18
================================================================================
[2026-09-17T14:39:11.039+0000] {manager.py:878} INFO - 
================================================================================
DAG File Processing Stats

File Path                                PID    Runtime      # DAGs    # Errors  Last Runtime    Last Run
---------------------------------------  -----  ---------  --------  ----------  --------------  -------------------
/opt/airflow/dags/transformation_DAG.py                           1           0  0.44s           2026-09-17T14:38:49
/opt/airflow/dags/extraction_DAG.py                               1           0  0.35s           2026-09-17T14:38:47
================================================================================
[2026-09-17T14:39:41.612+0000] {manager.py:878} INFO - 
================================================================================
DAG File Processing Stats

File Path                                PID    Runtime      # DAGs    # Errors  Last Runtime    Last Run
---------------------------------------  -----  ---------  --------  ----------  --------------  -------------------
/opt/airflow/dags/extraction_DAG.py                               1           0  0.45s           2026-09-17T14:39:18
/opt/airflow/dags/transformation_DAG.py                           1           0  0.37s           2026-09-17T14:39:19
================================================================================
[2026-09-17T14:40:12.102+0000] {manager.py:878} INFO - 
================================================================================
DAG File Processing Stats

File Path                                PID    Runtime      # DAGs    # Errors  Last Runtime    Last Run
---------------------------------------  -----  ---------  --------  ----------  --------------  -------------------
/opt/airflow/dags/extraction_DAG.py                               1           0  0.37s           2026-09-17T14:39:49
/opt/airflow/dags/transformation_DAG.py                           1           0  0.36s           2026-09-17T14:39:50
================================================================================
[2026-09-17T14:40:42.215+0000] {manager.py:878} INFO - 
================================================================================
DAG File Processing Stats

File Path                                PID    Runtime      # DAGs    # Errors  Last Runtime    Last Run
---------------------------------------  -----  ---------  --------  ----------  --------------  -------------------
/opt/airflow/dags/extraction_DAG.py                               1           0  0.38s           2026-09-17T14:40:19
/opt/airflow/dags/transformation_DAG.py                           0           1  0.37s           2026-09-17T14:40:20
================================================================================
[2026-09-17T14:41:12.668+0000] {manager.py:878} INFO - 
================================================================================
DAG File Processing Stats

File Path                                PID    Runtime      # DAGs    # Errors  Last Runtime    Last Run
---------------------------------------  -----  ---------  --------  ----------  --------------  -------------------
/opt/airflow/dags/extraction_DAG.py                               1           0  0.37s           2026-09-17T14:40:49
/opt/airflow/dags/transformation_DAG.py                           1           0  0.36s           2026-09-17T14:40:50
================================================================================
[2026-09-17T14:41:43.126+0000] {manager.py:878} INFO - 
================================================================================
DAG File Processing Stats

File Path                                PID    Runtime      # DAGs    # Errors  Last Runtime    Last Run
---------------------------------------  -----  ---------  --------  ----------  --------------  -------------------
/opt/airflow/dags/extraction_DAG.py                               1           0  0.36s           2026-09-17T14:41:20
/opt/airflow/dags/transformation_DAG.py                           1           0  0.34s           2026-09-17T14:41:21
================================================================================
[2026-09-17T14:42:13.918+0000] {manager.py:878} INFO - 
================================================================================
DAG File Processing Stats

File Path                                PID    Runtime      # DAGs    # Errors  Last Runtime    Last Run
---------------------------------------  -----  ---------  --------  ----------  --------------  -------------------
/opt/airflow/dags/transformation_DAG.py                           1           0  0.37s           2026-09-17T14:41:51
/opt/airflow/dags/extraction_DAG.py                               1           0  0.35s           2026-09-17T14:41:50
================================================================================
[2026-09-17T14:42:19.937+0000] {manager.py:737} INFO - Searching for files in /opt/airflow/dags
[2026-09-17T14:42:19.938+0000] {manager.py:740} INFO - There are 2 files in /opt/airflow/dags
[2026-09-17T14:42:44.412+0000] {manager.py:878} INFO - 
================================================================================
DAG File Processing Stats

File Path                                PID    Runtime      # DAGs    # Errors  Last Runtime    Last Run
---------------------------------------  -----  ---------  --------  ----------  --------------  -------------------
/opt/airflow/dags/transformation_DAG.py                           1           0  0.38s           2026-09-17T14:42:22
/opt/airflow/dags/extraction_DAG.py                               1           0  0.38s           2026-09-17T14:42:21
================================================================================
[2026-09-17T14:43:14.925+0000] {manager.py:878} INFO - 
================================================================================
DAG File Processing Stats

File Path                                PID    Runtime      # DAGs    # Errors  Last Runtime    Last Run
---------------------------------------  -----  ---------  --------  ----------  --------------  -------------------
/opt/airflow/dags/extraction_DAG.py                               1           0  0.37s           2026-09-17T14:42:51
/opt/airflow/dags/transformation_DAG.py                           1           0  0.36s           2026-09-17T14:42:52
================================================================================
[2026-09-17T14:43:45.076+0000] {manager.py:878} INFO - 
================================================================================
DAG File Processing Stats

File Path                                PID    Runtime      # DAGs    # Errors  Last Runtime    Last Run
---------------------------------------  -----  ---------  --------  ----------  --------------  -------------------
/opt/airflow/dags/extraction_DAG.py                               1           0  0.47s           2026-09-17T14:43:22
/opt/airflow/dags/transformation_DAG.py                           1           0  0.38s           2026-09-17T14:43:23
================================================================================
[2026-09-17T14:44:15.929+0000] {manager.py:878} INFO - 
================================================================================
DAG File Processing Stats

File Path                                PID    Runtime      # DAGs    # Errors  Last Runtime    Last Run
---------------------------------------  -----  ---------  --------  ----------  --------------  -------------------
/opt/airflow/dags/transformation_DAG.py                           1           0  0.39s           2026-09-17T14:43:53
/opt/airflow/dags/extraction_DAG.py                               1           0  0.36s           2026-09-17T14:43:52
================================================================================
[2026-09-17T14:44:46.079+0000] {manager.py:878} INFO - 
================================================================================
DAG File Processing Stats

File Path                                PID    Runtime      # DAGs    # Errors  Last Runtime    Last Run
---------------------------------------  -----  ---------  --------  ----------  --------------  -------------------
/opt/airflow/dags/extraction_DAG.py                               1           0  0.46s           2026-09-17T14:44:23
/opt/airflow/dags/transformation_DAG.py                           1           0  0.36s           2026-09-17T14:44:24
================================================================================
[2026-09-17T14:45:16.572+0000] {manager.py:878} INFO - 
================================================================================
DAG File Processing Stats

File Path                                PID    Runtime      # DAGs    # Errors  Last Runtime    Last Run
---------------------------------------  -----  ---------  --------  ----------  --------------  -------------------
/opt/airflow/dags/extraction_DAG.py                               1           0  0.40s           2026-09-17T14:44:53
/opt/airflow/dags/transformation_DAG.py                           1           0  0.36s           2026-09-17T14:44:54
================================================================================
[2026-09-17T14:45:47.042+0000] {manager.py:878} INFO - 
================================================================================
DAG File Processing Stats

File Path                                PID    Runtime      # DAGs    # Errors  Last Runtime    Last Run
---------------------------------------  -----  ---------  --------  ----------  --------------  -------------------
/opt/airflow/dags/extraction_DAG.py                               1           0  0.39s           2026-09-17T14:45:24
/opt/airflow/dags/transformation_DAG.py                           1           0  0.38s           2026-09-17T14:45:25
================================================================================
[2026-09-17T14:46:17.933+0000] {manager.py:878} INFO - 
================================================================================
DAG File Processing Stats

File Path                                PID    Runtime      # DAGs    # Errors  Last Runtime    Last Run
---------------------------------------  -----  ---------  --------  ----------  --------------  -------------------
/opt/airflow/dags/transformation_DAG.py                           1           0  0.38s           2026-09-17T14:45:55
/opt/airflow/dags/extraction_DAG.py                               1           0  0.38s           2026-09-17T14:45:54
================================================================================
[2026-09-17T14:46:48.422+0000] {manager.py:878} INFO - 
================================================================================
DAG File Processing Stats

File Path                                PID    Runtime      # DAGs    # Errors  Last Runtime    Last Run
---------------------------------------  -----  ---------  --------  ----------  --------------  -------------------
/opt/airflow/dags/extraction_DAG.py                               1           0  0.38s           2026-09-17T14:46:25
/opt/airflow/dags/transformation_DAG.py                           0           1  0.38s           2026-09-17T14:46:36
================================================================================
[2026-09-17T14:47:18.897+0000] {manager.py:878} INFO - 
================================================================================
DAG File Processing Stats

File Path                                PID    Runtime      # DAGs    # Errors  Last Runtime    Last Run
---------------------------------------  -----  ---------  --------  ----------  --------------  -------------------
/opt/airflow/dags/transformation_DAG.py                           0           1  0.36s           2026-09-17T14:47:04
/opt/airflow/dags/extraction_DAG.py                               1           0  0.36s           2026-09-17T14:46:55
================================================================================
[2026-09-17T14:47:20.906+0000] {manager.py:737} INFO - Searching for files in /opt/airflow/dags
[2026-09-17T14:47:20.907+0000] {manager.py:740} INFO - There are 2 files in /opt/airflow/dags
[2026-09-17T14:47:49.465+0000] {manager.py:878} INFO - 
================================================================================
DAG File Processing Stats

File Path                                PID    Runtime      # DAGs    # Errors  Last Runtime    Last Run
---------------------------------------  -----  ---------  --------  ----------  --------------  -------------------
/opt/airflow/dags/extraction_DAG.py                               1           0  0.46s           2026-09-17T14:47:26
/opt/airflow/dags/transformation_DAG.py                           1           0  0.42s           2026-09-17T14:47:39
================================================================================
[2026-09-17T14:48:19.951+0000] {manager.py:878} INFO - 
================================================================================
DAG File Processing Stats

File Path                                PID    Runtime      # DAGs    # Errors  Last Runtime    Last Run
---------------------------------------  -----  ---------  --------  ----------  --------------  -------------------
/opt/airflow/dags/extraction_DAG.py                               1           0  0.40s           2026-09-17T14:47:56
/opt/airflow/dags/transformation_DAG.py                           1           0  0.38s           2026-09-17T14:48:10
================================================================================
[2026-09-17T14:48:50.479+0000] {manager.py:878} INFO - 
================================================================================
DAG File Processing Stats

File Path                                PID    Runtime      # DAGs    # Errors  Last Runtime    Last Run
---------------------------------------  -----  ---------  --------  ----------  --------------  -------------------
/opt/airflow/dags/extraction_DAG.py                               1           0  0.43s           2026-09-17T14:48:27
/opt/airflow/dags/transformation_DAG.py                           1           0  0.38s           2026-09-17T14:48:40
================================================================================
[2026-09-17T14:49:20.962+0000] {manager.py:878} INFO - 
================================================================================
DAG File Processing Stats

File Path                                PID    Runtime      # DAGs    # Errors  Last Runtime    Last Run
---------------------------------------  -----  ---------  --------  ----------  --------------  -------------------
/opt/airflow/dags/extraction_DAG.py                               1           0  0.38s           2026-09-17T14:48:57
/opt/airflow/dags/transformation_DAG.py                           1           0  0.37s           2026-09-17T14:49:11
================================================================================
[2026-09-17T14:49:51.458+0000] {manager.py:878} INFO - 
================================================================================
DAG File Processing Stats

File Path                                PID    Runtime      # DAGs    # Errors  Last Runtime    Last Run
---------------------------------------  -----  ---------  --------  ----------  --------------  -------------------
/opt/airflow/dags/transformation_DAG.py                           1           0  0.50s           2026-09-17T14:49:41
/opt/airflow/dags/extraction_DAG.py                               1           0  0.38s           2026-09-17T14:49:28
================================================================================
[2026-09-17T14:50:21.968+0000] {manager.py:878} INFO - 
================================================================================
DAG File Processing Stats

File Path                                PID    Runtime      # DAGs    # Errors  Last Runtime    Last Run
---------------------------------------  -----  ---------  --------  ----------  --------------  -------------------
/opt/airflow/dags/transformation_DAG.py                           1           0  0.43s           2026-09-17T14:50:12
/opt/airflow/dags/extraction_DAG.py                               1           0  0.41s           2026-09-17T14:49:58
================================================================================
[2026-09-17T14:50:51.969+0000] {manager.py:878} INFO - 
================================================================================
DAG File Processing Stats

File Path                                PID    Runtime      # DAGs    # Errors  Last Runtime    Last Run
---------------------------------------  -----  ---------  --------  ----------  --------------  -------------------
/opt/airflow/dags/transformation_DAG.py                           1           0  0.48s           2026-09-17T14:50:42
/opt/airflow/dags/extraction_DAG.py                               1           0  0.43s           2026-09-17T14:50:29
================================================================================
[2026-09-17T14:51:21.988+0000] {manager.py:878} INFO - 
================================================================================
DAG File Processing Stats

File Path                                PID    Runtime      # DAGs    # Errors  Last Runtime    Last Run
---------------------------------------  -----  ---------  --------  ----------  --------------  -------------------
/opt/airflow/dags/transformation_DAG.py                           1           0  0.37s           2026-09-17T14:51:13
/opt/airflow/dags/extraction_DAG.py                               1           0  0.37s           2026-09-17T14:50:59
================================================================================
[2026-09-17T14:51:52.446+0000] {manager.py:878} INFO - 
================================================================================
DAG File Processing Stats

File Path                                PID    Runtime      # DAGs    # Errors  Last Runtime    Last Run
---------------------------------------  -----  ---------  --------  ----------  --------------  -------------------
/opt/airflow/dags/transformation_DAG.py                           1           0  0.40s           2026-09-17T14:51:43
/opt/airflow/dags/extraction_DAG.py                               1           0  0.37s           2026-09-17T14:51:30
================================================================================
[2026-09-17T14:52:21.267+0000] {manager.py:737} INFO - Searching for files in /opt/airflow/dags
[2026-09-17T14:52:21.268+0000] {manager.py:740} INFO - There are 2 files in /opt/airflow/dags
[2026-09-17T14:52:22.907+0000] {manager.py:878} INFO - 
================================================================================
DAG File Processing Stats

File Path                                PID    Runtime      # DAGs    # Errors  Last Runtime    Last Run
---------------------------------------  -----  ---------  --------  ----------  --------------  -------------------
/opt/airflow/dags/extraction_DAG.py                               1           0  0.37s           2026-09-17T14:52:00
/opt/airflow/dags/transformation_DAG.py                           1           0  0.37s           2026-09-17T14:52:14
================================================================================
[2026-09-17T14:52:53.359+0000] {manager.py:878} INFO - 
================================================================================
DAG File Processing Stats

File Path                                PID    Runtime      # DAGs    # Errors  Last Runtime    Last Run
---------------------------------------  -----  ---------  --------  ----------  --------------  -------------------
/opt/airflow/dags/transformation_DAG.py                           1           0  0.37s           2026-09-17T14:52:44
/opt/airflow/dags/extraction_DAG.py                               1           0  0.36s           2026-09-17T14:52:31
================================================================================
[2026-09-17T14:53:23.867+0000] {manager.py:878} INFO - 
================================================================================
DAG File Processing Stats

File Path                                PID    Runtime      # DAGs    # Errors  Last Runtime    Last Run
---------------------------------------  -----  ---------  --------  ----------  --------------  -------------------
/opt/airflow/dags/extraction_DAG.py                               1           0  0.41s           2026-09-17T14:53:01
/opt/airflow/dags/transformation_DAG.py                           1           0  0.37s           2026-09-17T14:53:15
================================================================================
[2026-09-17T14:53:54.346+0000] {manager.py:878} INFO - 
================================================================================
DAG File Processing Stats

File Path                                PID    Runtime      # DAGs    # Errors  Last Runtime    Last Run
---------------------------------------  -----  ---------  --------  ----------  --------------  -------------------
/opt/airflow/dags/extraction_DAG.py                               1           0  0.39s           2026-09-17T14:53:32
/opt/airflow/dags/transformation_DAG.py                           1           0  0.36s           2026-09-17T14:53:45
================================================================================
[2026-09-17T14:54:24.834+0000] {manager.py:878} INFO - 
================================================================================
DAG File Processing Stats

File Path                                PID    Runtime      # DAGs    # Errors  Last Runtime    Last Run
---------------------------------------  -----  ---------  --------  ----------  --------------  -------------------
/opt/airflow/dags/transformation_DAG.py                           1           0  0.47s           2026-09-17T14:54:16
/opt/airflow/dags/extraction_DAG.py                               1           0  0.40s           2026-09-17T14:54:02
================================================================================
[2026-09-17T14:54:55.296+0000] {manager.py:878} INFO - 
================================================================================
DAG File Processing Stats

File Path                                PID    Runtime      # DAGs    # Errors  Last Runtime    Last Run
---------------------------------------  -----  ---------  --------  ----------  --------------  -------------------
/opt/airflow/dags/transformation_DAG.py                           1           0  0.38s           2026-09-17T14:54:46
/opt/airflow/dags/extraction_DAG.py                               1           0  0.36s           2026-09-17T14:54:33
================================================================================
[2026-09-17T14:55:25.773+0000] {manager.py:878} INFO - 
================================================================================
DAG File Processing Stats

File Path                                PID    Runtime      # DAGs    # Errors  Last Runtime    Last Run
---------------------------------------  -----  ---------  --------  ----------  --------------  -------------------
/opt/airflow/dags/transformation_DAG.py                           1           0  0.50s           2026-09-17T14:55:17
/opt/airflow/dags/extraction_DAG.py                               1           0  0.38s           2026-09-17T14:55:03
================================================================================
[2026-09-17T14:55:56.228+0000] {manager.py:878} INFO - 
================================================================================
DAG File Processing Stats

File Path                                PID    Runtime      # DAGs    # Errors  Last Runtime    Last Run
---------------------------------------  -----  ---------  --------  ----------  --------------  -------------------
/opt/airflow/dags/extraction_DAG.py                               1           0  0.35s           2026-09-17T14:55:34
/opt/airflow/dags/transformation_DAG.py                           1           0  0.35s           2026-09-17T14:55:48
================================================================================
[2026-09-17T14:56:26.723+0000] {manager.py:878} INFO - 
================================================================================
DAG File Processing Stats

File Path                                PID    Runtime      # DAGs    # Errors  Last Runtime    Last Run
---------------------------------------  -----  ---------  --------  ----------  --------------  -------------------
/opt/airflow/dags/extraction_DAG.py                               1           0  0.36s           2026-09-17T14:56:04
/opt/airflow/dags/transformation_DAG.py                           1           0  0.36s           2026-09-17T14:56:18
================================================================================
[2026-09-17T14:56:57.194+0000] {manager.py:878} INFO - 
================================================================================
DAG File Processing Stats

File Path                                PID    Runtime      # DAGs    # Errors  Last Runtime    Last Run
---------------------------------------  -----  ---------  --------  ----------  --------------  -------------------
/opt/airflow/dags/extraction_DAG.py                               1           0  0.38s           2026-09-17T14:56:35
/opt/airflow/dags/transformation_DAG.py                           1           0  0.38s           2026-09-17T14:56:49
================================================================================
[2026-09-17T14:57:21.274+0000] {manager.py:737} INFO - Searching for files in /opt/airflow/dags
[2026-09-17T14:57:21.275+0000] {manager.py:740} INFO - There are 2 files in /opt/airflow/dags
[2026-09-17T14:57:27.305+0000] {manager.py:878} INFO - 
================================================================================
DAG File Processing Stats

File Path                                PID    Runtime      # DAGs    # Errors  Last Runtime    Last Run
---------------------------------------  -----  ---------  --------  ----------  --------------  -------------------
/opt/airflow/dags/extraction_DAG.py                               1           0  0.45s           2026-09-17T14:57:05
/opt/airflow/dags/transformation_DAG.py                           1           0  0.37s           2026-09-17T14:57:19
================================================================================
[2026-09-17T14:57:57.765+0000] {manager.py:878} INFO - 
================================================================================
DAG File Processing Stats

File Path                                PID    Runtime      # DAGs    # Errors  Last Runtime    Last Run
---------------------------------------  -----  ---------  --------  ----------  --------------  -------------------
/opt/airflow/dags/extraction_DAG.py                               1           0  0.39s           2026-09-17T14:57:36
/opt/airflow/dags/transformation_DAG.py                           1           0  0.35s           2026-09-17T14:57:50
================================================================================
[2026-09-17T14:58:28.605+0000] {manager.py:878} INFO - 
================================================================================
DAG File Processing Stats

File Path                                PID    Runtime      # DAGs    # Errors  Last Runtime    Last Run
---------------------------------------  -----  ---------  --------  ----------  --------------  -------------------
/opt/airflow/dags/transformation_DAG.py                           1           0  0.41s           2026-09-17T14:58:20
/opt/airflow/dags/extraction_DAG.py                               1           0  0.40s           2026-09-17T14:58:06
================================================================================
[2026-09-17T14:58:59.092+0000] {manager.py:878} INFO - 
================================================================================
DAG File Processing Stats

File Path                                PID    Runtime      # DAGs    # Errors  Last Runtime    Last Run
---------------------------------------  -----  ---------  --------  ----------  --------------  -------------------
/opt/airflow/dags/transformation_DAG.py                           1           0  0.40s           2026-09-17T14:58:51
/opt/airflow/dags/extraction_DAG.py                               1           0  0.38s           2026-09-17T14:58:37
================================================================================
[2026-09-17T14:59:29.566+0000] {manager.py:878} INFO - 
================================================================================
DAG File Processing Stats

File Path                                PID    Runtime      # DAGs    # Errors  Last Runtime    Last Run
---------------------------------------  -----  ---------  --------  ----------  --------------  -------------------
/opt/airflow/dags/transformation_DAG.py                           1           0  0.69s           2026-09-17T14:59:21
/opt/airflow/dags/extraction_DAG.py                               1           0  0.36s           2026-09-17T14:59:07
================================================================================
[2026-09-17T15:00:00.034+0000] {manager.py:878} INFO - 
================================================================================
DAG File Processing Stats

File Path                                PID    Runtime      # DAGs    # Errors  Last Runtime    Last Run
---------------------------------------  -----  ---------  --------  ----------  --------------  -------------------
/opt/airflow/dags/extraction_DAG.py                               1           0  0.37s           2026-09-17T14:59:37
/opt/airflow/dags/transformation_DAG.py                           1           0  0.37s           2026-09-17T14:59:52
================================================================================
[2026-09-17T15:00:30.510+0000] {manager.py:878} INFO - 
================================================================================
DAG File Processing Stats

File Path                                PID    Runtime      # DAGs    # Errors  Last Runtime    Last Run
---------------------------------------  -----  ---------  --------  ----------  --------------  -------------------
/opt/airflow/dags/transformation_DAG.py                           1           0  0.46s           2026-09-17T15:00:22
/opt/airflow/dags/extraction_DAG.py                               1           0  0.37s           2026-09-17T15:00:08
================================================================================
[2026-09-17T15:01:00.993+0000] {manager.py:878} INFO - 
================================================================================
DAG File Processing Stats

File Path                                PID    Runtime      # DAGs    # Errors  Last Runtime    Last Run
---------------------------------------  -----  ---------  --------  ----------  --------------  -------------------
/opt/airflow/dags/transformation_DAG.py                           1           0  0.37s           2026-09-17T15:00:53
/opt/airflow/dags/extraction_DAG.py                               1           0  0.37s           2026-09-17T15:00:38
================================================================================
[2026-09-17T15:01:31.549+0000] {manager.py:878} INFO - 
================================================================================
DAG File Processing Stats

File Path                                PID    Runtime      # DAGs    # Errors  Last Runtime    Last Run
---------------------------------------  -----  ---------  --------  ----------  --------------  -------------------
/opt/airflow/dags/transformation_DAG.py                           1           0  0.46s           2026-09-17T15:01:23
/opt/airflow/dags/extraction_DAG.py                               1           0  0.46s           2026-09-17T15:01:09
================================================================================
[2026-09-17T15:02:02.012+0000] {manager.py:878} INFO - 
================================================================================
DAG File Processing Stats

File Path                                PID    Runtime      # DAGs    # Errors  Last Runtime    Last Run
---------------------------------------  -----  ---------  --------  ----------  --------------  -------------------
/opt/airflow/dags/transformation_DAG.py                           1           0  0.43s           2026-09-17T15:01:54
/opt/airflow/dags/extraction_DAG.py                               1           0  0.36s           2026-09-17T15:01:39
================================================================================
[2026-09-17T15:02:21.443+0000] {manager.py:737} INFO - Searching for files in /opt/airflow/dags
[2026-09-17T15:02:21.445+0000] {manager.py:740} INFO - There are 2 files in /opt/airflow/dags
[2026-09-17T15:02:32.497+0000] {manager.py:878} INFO - 
================================================================================
DAG File Processing Stats

File Path                                PID    Runtime      # DAGs    # Errors  Last Runtime    Last Run
---------------------------------------  -----  ---------  --------  ----------  --------------  -------------------
/opt/airflow/dags/transformation_DAG.py                           1           0  0.46s           2026-09-17T15:02:24
/opt/airflow/dags/extraction_DAG.py                               1           0  0.37s           2026-09-17T15:02:10
================================================================================
[2026-09-17T15:03:02.992+0000] {manager.py:878} INFO - 
================================================================================
DAG File Processing Stats

File Path                                PID    Runtime      # DAGs    # Errors  Last Runtime    Last Run
---------------------------------------  -----  ---------  --------  ----------  --------------  -------------------
/opt/airflow/dags/extraction_DAG.py                               1           0  0.37s           2026-09-17T15:02:40
/opt/airflow/dags/transformation_DAG.py                           1           0  0.37s           2026-09-17T15:02:55
================================================================================
[2026-09-17T15:03:33.820+0000] {manager.py:878} INFO - 
================================================================================
DAG File Processing Stats

File Path                                PID    Runtime      # DAGs    # Errors  Last Runtime    Last Run
---------------------------------------  -----  ---------  --------  ----------  --------------  -------------------
/opt/airflow/dags/extraction_DAG.py                               1           0  0.72s           2026-09-17T15:03:11
/opt/airflow/dags/transformation_DAG.py                           1           0  0.52s           2026-09-17T15:03:25
================================================================================
[2026-09-17T15:04:04.273+0000] {manager.py:878} INFO - 
================================================================================
DAG File Processing Stats

File Path                                PID    Runtime      # DAGs    # Errors  Last Runtime    Last Run
---------------------------------------  -----  ---------  --------  ----------  --------------  -------------------
/opt/airflow/dags/transformation_DAG.py                           1           0  0.38s           2026-09-17T15:03:56
/opt/airflow/dags/extraction_DAG.py                               1           0  0.35s           2026-09-17T15:03:42
================================================================================
[2026-09-17T15:04:34.746+0000] {manager.py:878} INFO - 
================================================================================
DAG File Processing Stats

File Path                                PID    Runtime      # DAGs    # Errors  Last Runtime    Last Run
---------------------------------------  -----  ---------  --------  ----------  --------------  -------------------
/opt/airflow/dags/transformation_DAG.py                           1           0  0.51s           2026-09-17T15:04:27
/opt/airflow/dags/extraction_DAG.py                               1           0  0.38s           2026-09-17T15:04:12
================================================================================
[2026-09-17T15:05:05.206+0000] {manager.py:878} INFO - 
================================================================================
DAG File Processing Stats

File Path                                PID    Runtime      # DAGs    # Errors  Last Runtime    Last Run
---------------------------------------  -----  ---------  --------  ----------  --------------  -------------------
/opt/airflow/dags/extraction_DAG.py                               1           0  0.38s           2026-09-17T15:04:43
/opt/airflow/dags/transformation_DAG.py                           1           0  0.37s           2026-09-17T15:04:57
================================================================================
[2026-09-17T15:05:35.793+0000] {manager.py:878} INFO - 
================================================================================
DAG File Processing Stats

File Path                                PID    Runtime      # DAGs    # Errors  Last Runtime    Last Run
---------------------------------------  -----  ---------  --------  ----------  --------------  -------------------
/opt/airflow/dags/extraction_DAG.py                               1           0  0.48s           2026-09-17T15:05:13
/opt/airflow/dags/transformation_DAG.py                           1           0  0.46s           2026-09-17T15:05:28
================================================================================
[2026-09-17T15:06:06.321+0000] {manager.py:878} INFO - 
================================================================================
DAG File Processing Stats

File Path                                PID    Runtime      # DAGs    # Errors  Last Runtime    Last Run
---------------------------------------  -----  ---------  --------  ----------  --------------  -------------------
/opt/airflow/dags/extraction_DAG.py                               1           0  0.41s           2026-09-17T15:05:44
/opt/airflow/dags/transformation_DAG.py                           1           0  0.36s           2026-09-17T15:05:58
================================================================================
