[2026-09-16T14:51:35.350+0000] {processor.py:161} INFO - Started process (PID=5142) to work on /opt/airflow/dags/extraction_DAG.py
[2026-09-16T14:51:35.351+0000] {processor.py:830} INFO - Processing file /opt/airflow/dags/extraction_DAG.py for tasks to queue
[2026-09-16T14:51:35.351+0000] {logging_mixin.py:188} INFO - [2026-09-16T14:51:35.351+0000] {dagbag.py:545} INFO - Filling up the DagBag from /opt/airflow/dags/extraction_DAG.py
[2026-09-16T14:51:35.354+0000] {logging_mixin.py:188} INFO - [2026-09-16T14:51:35.353+0000] {dagbag.py:355} ERROR - Failed to import: /opt/airflow/dags/extraction_DAG.py
Traceback (most recent call last):
  File "/home/airflow/.local/lib/python3.12/site-packages/airflow/models/dagbag.py", line 351, in parse
    loader.exec_module(new_module)
  File "<frozen importlib._bootstrap_external>", line 995, in exec_module
  File "<frozen importlib._bootstrap>", line 488, in _call_with_frames_removed
  File "/opt/airflow/dags/extraction_DAG.py", line 6, in <module>
    from include import extract as extract_data
ModuleNotFoundError: No module named 'include'
[2026-09-16T14:51:35.354+0000] {processor.py:842} WARNING - No viable dags retrieved from /opt/airflow/dags/extraction_DAG.py
[2026-09-16T14:51:35.366+0000] {processor.py:183} INFO - Processing /opt/airflow/dags/extraction_DAG.py took 0.019 seconds
[2026-09-16T14:52:05.476+0000] {processor.py:161} INFO - Started process (PID=5149) to work on /opt/airflow/dags/extraction_DAG.py
[2026-09-16T14:52:05.476+0000] {processor.py:830} INFO - Processing file /opt/airflow/dags/extraction_DAG.py for tasks to queue
[2026-09-16T14:52:05.477+0000] {logging_mixin.py:188} INFO - [2026-09-16T14:52:05.477+0000] {dagbag.py:545} INFO - Filling up the DagBag from /opt/airflow/dags/extraction_DAG.py
[2026-09-16T14:52:05.479+0000] {logging_mixin.py:188} INFO - [2026-09-16T14:52:05.479+0000] {dagbag.py:355} ERROR - Failed to import: /opt/airflow/dags/extraction_DAG.py
Traceback (most recent call last):
  File "/home/airflow/.local/lib/python3.12/site-packages/airflow/models/dagbag.py", line 351, in parse
    loader.exec_module(new_module)
  File "<frozen importlib._bootstrap_external>", line 995, in exec_module
  File "<frozen importlib._bootstrap>", line 488, in _call_with_frames_removed
  File "/opt/airflow/dags/extraction_DAG.py", line 6, in <module>
    from include import extract as extract_data
ModuleNotFoundError: No module named 'include'
[2026-09-16T14:52:05.480+0000] {processor.py:842} WARNING - No viable dags retrieved from /opt/airflow/dags/extraction_DAG.py
[2026-09-16T14:52:05.492+0000] {processor.py:183} INFO - Processing /opt/airflow/dags/extraction_DAG.py took 0.023 seconds
[2026-09-16T14:52:35.586+0000] {processor.py:161} INFO - Started process (PID=5156) to work on /opt/airflow/dags/extraction_DAG.py
[2026-09-16T14:52:35.677+0000] {processor.py:830} INFO - Processing file /opt/airflow/dags/extraction_DAG.py for tasks to queue
[2026-09-16T14:52:35.677+0000] {logging_mixin.py:188} INFO - [2026-09-16T14:52:35.677+0000] {dagbag.py:545} INFO - Filling up the DagBag from /opt/airflow/dags/extraction_DAG.py
[2026-09-16T14:52:35.679+0000] {logging_mixin.py:188} INFO - [2026-09-16T14:52:35.678+0000] {dagbag.py:355} ERROR - Failed to import: /opt/airflow/dags/extraction_DAG.py
Traceback (most recent call last):
  File "/home/airflow/.local/lib/python3.12/site-packages/airflow/models/dagbag.py", line 351, in parse
    loader.exec_module(new_module)
  File "<frozen importlib._bootstrap_external>", line 995, in exec_module
  File "<frozen importlib._bootstrap>", line 488, in _call_with_frames_removed
  File "/opt/airflow/dags/extraction_DAG.py", line 6, in <module>
    from include import extract as extract_data
ModuleNotFoundError: No module named 'include'
[2026-09-16T14:52:35.679+0000] {processor.py:842} WARNING - No viable dags retrieved from /opt/airflow/dags/extraction_DAG.py
[2026-09-16T14:52:35.690+0000] {processor.py:183} INFO - Processing /opt/airflow/dags/extraction_DAG.py took 0.108 seconds
[2026-09-16T14:53:05.788+0000] {processor.py:161} INFO - Started process (PID=5163) to work on /opt/airflow/dags/extraction_DAG.py
[2026-09-16T14:53:05.789+0000] {processor.py:830} INFO - Processing file /opt/airflow/dags/extraction_DAG.py for tasks to queue
[2026-09-16T14:53:05.789+0000] {logging_mixin.py:188} INFO - [2026-09-16T14:53:05.789+0000] {dagbag.py:545} INFO - Filling up the DagBag from /opt/airflow/dags/extraction_DAG.py
[2026-09-16T14:53:05.791+0000] {logging_mixin.py:188} INFO - [2026-09-16T14:53:05.791+0000] {dagbag.py:355} ERROR - Failed to import: /opt/airflow/dags/extraction_DAG.py
Traceback (most recent call last):
  File "/home/airflow/.local/lib/python3.12/site-packages/airflow/models/dagbag.py", line 351, in parse
    loader.exec_module(new_module)
  File "<frozen importlib._bootstrap_external>", line 995, in exec_module
  File "<frozen importlib._bootstrap>", line 488, in _call_with_frames_removed
  File "/opt/airflow/dags/extraction_DAG.py", line 6, in <module>
    from include import extract as extract_data
ModuleNotFoundError: No module named 'include'
[2026-09-16T14:53:05.792+0000] {processor.py:842} WARNING - No viable dags retrieved from /opt/airflow/dags/extraction_DAG.py
[2026-09-16T14:53:05.804+0000] {processor.py:183} INFO - Processing /opt/airflow/dags/extraction_DAG.py took 0.020 seconds
[2026-09-16T14:53:35.898+0000] {processor.py:161} INFO - Started process (PID=5170) to work on /opt/airflow/dags/extraction_DAG.py
[2026-09-16T14:53:35.903+0000] {processor.py:830} INFO - Processing file /opt/airflow/dags/extraction_DAG.py for tasks to queue
[2026-09-16T14:53:35.904+0000] {logging_mixin.py:188} INFO - [2026-09-16T14:53:35.903+0000] {dagbag.py:545} INFO - Filling up the DagBag from /opt/airflow/dags/extraction_DAG.py
[2026-09-16T14:53:35.906+0000] {logging_mixin.py:188} INFO - [2026-09-16T14:53:35.905+0000] {dagbag.py:355} ERROR - Failed to import: /opt/airflow/dags/extraction_DAG.py
Traceback (most recent call last):
  File "/home/airflow/.local/lib/python3.12/site-packages/airflow/models/dagbag.py", line 351, in parse
    loader.exec_module(new_module)
  File "<frozen importlib._bootstrap_external>", line 995, in exec_module
  File "<frozen importlib._bootstrap>", line 488, in _call_with_frames_removed
  File "/opt/airflow/dags/extraction_DAG.py", line 6, in <module>
    from include import extract as extract_data
ModuleNotFoundError: No module named 'include'
[2026-09-16T14:53:35.906+0000] {processor.py:842} WARNING - No viable dags retrieved from /opt/airflow/dags/extraction_DAG.py
[2026-09-16T14:53:35.917+0000] {processor.py:183} INFO - Processing /opt/airflow/dags/extraction_DAG.py took 0.023 seconds
[2026-09-16T14:54:06.030+0000] {processor.py:161} INFO - Started process (PID=5177) to work on /opt/airflow/dags/extraction_DAG.py
[2026-09-16T14:54:06.031+0000] {processor.py:830} INFO - Processing file /opt/airflow/dags/extraction_DAG.py for tasks to queue
[2026-09-16T14:54:06.032+0000] {logging_mixin.py:188} INFO - [2026-09-16T14:54:06.032+0000] {dagbag.py:545} INFO - Filling up the DagBag from /opt/airflow/dags/extraction_DAG.py
[2026-09-16T14:54:06.036+0000] {logging_mixin.py:188} INFO - [2026-09-16T14:54:06.035+0000] {dagbag.py:355} ERROR - Failed to import: /opt/airflow/dags/extraction_DAG.py
Traceback (most recent call last):
  File "/home/airflow/.local/lib/python3.12/site-packages/airflow/models/dagbag.py", line 351, in parse
    loader.exec_module(new_module)
  File "<frozen importlib._bootstrap_external>", line 995, in exec_module
  File "<frozen importlib._bootstrap>", line 488, in _call_with_frames_removed
  File "/opt/airflow/dags/extraction_DAG.py", line 6, in <module>
    from include import extract as extract_data
ModuleNotFoundError: No module named 'include'
[2026-09-16T14:54:06.036+0000] {processor.py:842} WARNING - No viable dags retrieved from /opt/airflow/dags/extraction_DAG.py
[2026-09-16T14:54:06.048+0000] {processor.py:183} INFO - Processing /opt/airflow/dags/extraction_DAG.py took 0.027 seconds
[2026-09-16T14:54:36.149+0000] {processor.py:161} INFO - Started process (PID=5184) to work on /opt/airflow/dags/extraction_DAG.py
[2026-09-16T14:54:36.230+0000] {processor.py:830} INFO - Processing file /opt/airflow/dags/extraction_DAG.py for tasks to queue
[2026-09-16T14:54:36.231+0000] {logging_mixin.py:188} INFO - [2026-09-16T14:54:36.231+0000] {dagbag.py:545} INFO - Filling up the DagBag from /opt/airflow/dags/extraction_DAG.py
[2026-09-16T14:54:36.237+0000] {logging_mixin.py:188} INFO - [2026-09-16T14:54:36.235+0000] {dagbag.py:355} ERROR - Failed to import: /opt/airflow/dags/extraction_DAG.py
Traceback (most recent call last):
  File "/home/airflow/.local/lib/python3.12/site-packages/airflow/models/dagbag.py", line 351, in parse
    loader.exec_module(new_module)
  File "<frozen importlib._bootstrap_external>", line 995, in exec_module
  File "<frozen importlib._bootstrap>", line 488, in _call_with_frames_removed
  File "/opt/airflow/dags/extraction_DAG.py", line 6, in <module>
    from include import extract as extract_data
ModuleNotFoundError: No module named 'include'
[2026-09-16T14:54:36.238+0000] {processor.py:842} WARNING - No viable dags retrieved from /opt/airflow/dags/extraction_DAG.py
[2026-09-16T14:54:36.256+0000] {processor.py:183} INFO - Processing /opt/airflow/dags/extraction_DAG.py took 0.116 seconds
[2026-09-16T14:55:06.286+0000] {processor.py:161} INFO - Started process (PID=5191) to work on /opt/airflow/dags/extraction_DAG.py
[2026-09-16T14:55:06.287+0000] {processor.py:830} INFO - Processing file /opt/airflow/dags/extraction_DAG.py for tasks to queue
[2026-09-16T14:55:06.288+0000] {logging_mixin.py:188} INFO - [2026-09-16T14:55:06.287+0000] {dagbag.py:545} INFO - Filling up the DagBag from /opt/airflow/dags/extraction_DAG.py
[2026-09-16T14:55:06.292+0000] {logging_mixin.py:188} INFO - [2026-09-16T14:55:06.291+0000] {dagbag.py:355} ERROR - Failed to import: /opt/airflow/dags/extraction_DAG.py
Traceback (most recent call last):
  File "/home/airflow/.local/lib/python3.12/site-packages/airflow/models/dagbag.py", line 351, in parse
    loader.exec_module(new_module)
  File "<frozen importlib._bootstrap_external>", line 995, in exec_module
  File "<frozen importlib._bootstrap>", line 488, in _call_with_frames_removed
  File "/opt/airflow/dags/extraction_DAG.py", line 6, in <module>
    from include import extract as extract_data
ModuleNotFoundError: No module named 'include'
[2026-09-16T14:55:06.293+0000] {processor.py:842} WARNING - No viable dags retrieved from /opt/airflow/dags/extraction_DAG.py
[2026-09-16T14:55:06.312+0000] {processor.py:183} INFO - Processing /opt/airflow/dags/extraction_DAG.py took 0.036 seconds
[2026-09-16T14:55:36.399+0000] {processor.py:161} INFO - Started process (PID=5198) to work on /opt/airflow/dags/extraction_DAG.py
[2026-09-16T14:55:36.409+0000] {processor.py:830} INFO - Processing file /opt/airflow/dags/extraction_DAG.py for tasks to queue
[2026-09-16T14:55:36.410+0000] {logging_mixin.py:188} INFO - [2026-09-16T14:55:36.410+0000] {dagbag.py:545} INFO - Filling up the DagBag from /opt/airflow/dags/extraction_DAG.py
[2026-09-16T14:55:36.412+0000] {logging_mixin.py:188} INFO - [2026-09-16T14:55:36.411+0000] {dagbag.py:355} ERROR - Failed to import: /opt/airflow/dags/extraction_DAG.py
Traceback (most recent call last):
  File "/home/airflow/.local/lib/python3.12/site-packages/airflow/models/dagbag.py", line 351, in parse
    loader.exec_module(new_module)
  File "<frozen importlib._bootstrap_external>", line 995, in exec_module
  File "<frozen importlib._bootstrap>", line 488, in _call_with_frames_removed
  File "/opt/airflow/dags/extraction_DAG.py", line 6, in <module>
    from include import extract as extract_data
ModuleNotFoundError: No module named 'include'
[2026-09-16T14:55:36.412+0000] {processor.py:842} WARNING - No viable dags retrieved from /opt/airflow/dags/extraction_DAG.py
[2026-09-16T14:55:36.426+0000] {processor.py:183} INFO - Processing /opt/airflow/dags/extraction_DAG.py took 0.035 seconds
[2026-09-16T14:56:06.535+0000] {processor.py:161} INFO - Started process (PID=5205) to work on /opt/airflow/dags/extraction_DAG.py
[2026-09-16T14:56:06.536+0000] {processor.py:830} INFO - Processing file /opt/airflow/dags/extraction_DAG.py for tasks to queue
[2026-09-16T14:56:06.538+0000] {logging_mixin.py:188} INFO - [2026-09-16T14:56:06.537+0000] {dagbag.py:545} INFO - Filling up the DagBag from /opt/airflow/dags/extraction_DAG.py
[2026-09-16T14:56:06.540+0000] {logging_mixin.py:188} INFO - [2026-09-16T14:56:06.539+0000] {dagbag.py:355} ERROR - Failed to import: /opt/airflow/dags/extraction_DAG.py
Traceback (most recent call last):
  File "/home/airflow/.local/lib/python3.12/site-packages/airflow/models/dagbag.py", line 351, in parse
    loader.exec_module(new_module)
  File "<frozen importlib._bootstrap_external>", line 995, in exec_module
  File "<frozen importlib._bootstrap>", line 488, in _call_with_frames_removed
  File "/opt/airflow/dags/extraction_DAG.py", line 6, in <module>
    from include import extract as extract_data
ModuleNotFoundError: No module named 'include'
[2026-09-16T14:56:06.541+0000] {processor.py:842} WARNING - No viable dags retrieved from /opt/airflow/dags/extraction_DAG.py
[2026-09-16T14:56:06.556+0000] {processor.py:183} INFO - Processing /opt/airflow/dags/extraction_DAG.py took 0.026 seconds
[2026-09-16T14:56:36.646+0000] {processor.py:161} INFO - Started process (PID=5212) to work on /opt/airflow/dags/extraction_DAG.py
[2026-09-16T14:56:36.658+0000] {processor.py:830} INFO - Processing file /opt/airflow/dags/extraction_DAG.py for tasks to queue
[2026-09-16T14:56:36.659+0000] {logging_mixin.py:188} INFO - [2026-09-16T14:56:36.659+0000] {dagbag.py:545} INFO - Filling up the DagBag from /opt/airflow/dags/extraction_DAG.py
[2026-09-16T14:56:36.662+0000] {logging_mixin.py:188} INFO - [2026-09-16T14:56:36.661+0000] {dagbag.py:355} ERROR - Failed to import: /opt/airflow/dags/extraction_DAG.py
Traceback (most recent call last):
  File "/home/airflow/.local/lib/python3.12/site-packages/airflow/models/dagbag.py", line 351, in parse
    loader.exec_module(new_module)
  File "<frozen importlib._bootstrap_external>", line 995, in exec_module
  File "<frozen importlib._bootstrap>", line 488, in _call_with_frames_removed
  File "/opt/airflow/dags/extraction_DAG.py", line 6, in <module>
    from include import extract as extract_data
ModuleNotFoundError: No module named 'include'
[2026-09-16T14:56:36.662+0000] {processor.py:842} WARNING - No viable dags retrieved from /opt/airflow/dags/extraction_DAG.py
[2026-09-16T14:56:36.673+0000] {processor.py:183} INFO - Processing /opt/airflow/dags/extraction_DAG.py took 0.031 seconds
[2026-09-16T14:57:06.761+0000] {processor.py:161} INFO - Started process (PID=5219) to work on /opt/airflow/dags/extraction_DAG.py
[2026-09-16T14:57:06.762+0000] {processor.py:830} INFO - Processing file /opt/airflow/dags/extraction_DAG.py for tasks to queue
[2026-09-16T14:57:06.764+0000] {logging_mixin.py:188} INFO - [2026-09-16T14:57:06.764+0000] {dagbag.py:545} INFO - Filling up the DagBag from /opt/airflow/dags/extraction_DAG.py
[2026-09-16T14:57:06.769+0000] {logging_mixin.py:188} INFO - [2026-09-16T14:57:06.767+0000] {dagbag.py:355} ERROR - Failed to import: /opt/airflow/dags/extraction_DAG.py
Traceback (most recent call last):
  File "/home/airflow/.local/lib/python3.12/site-packages/airflow/models/dagbag.py", line 351, in parse
    loader.exec_module(new_module)
  File "<frozen importlib._bootstrap_external>", line 995, in exec_module
  File "<frozen importlib._bootstrap>", line 488, in _call_with_frames_removed
  File "/opt/airflow/dags/extraction_DAG.py", line 6, in <module>
    from include import extract as extract_data
ModuleNotFoundError: No module named 'include'
[2026-09-16T14:57:06.769+0000] {processor.py:842} WARNING - No viable dags retrieved from /opt/airflow/dags/extraction_DAG.py
[2026-09-16T14:57:06.784+0000] {processor.py:183} INFO - Processing /opt/airflow/dags/extraction_DAG.py took 0.032 seconds
[2026-09-16T14:57:36.879+0000] {processor.py:161} INFO - Started process (PID=5226) to work on /opt/airflow/dags/extraction_DAG.py
[2026-09-16T14:57:36.888+0000] {processor.py:830} INFO - Processing file /opt/airflow/dags/extraction_DAG.py for tasks to queue
[2026-09-16T14:57:36.889+0000] {logging_mixin.py:188} INFO - [2026-09-16T14:57:36.889+0000] {dagbag.py:545} INFO - Filling up the DagBag from /opt/airflow/dags/extraction_DAG.py
[2026-09-16T14:57:36.894+0000] {logging_mixin.py:188} INFO - [2026-09-16T14:57:36.892+0000] {dagbag.py:355} ERROR - Failed to import: /opt/airflow/dags/extraction_DAG.py
Traceback (most recent call last):
  File "/home/airflow/.local/lib/python3.12/site-packages/airflow/models/dagbag.py", line 351, in parse
    loader.exec_module(new_module)
  File "<frozen importlib._bootstrap_external>", line 995, in exec_module
  File "<frozen importlib._bootstrap>", line 488, in _call_with_frames_removed
  File "/opt/airflow/dags/extraction_DAG.py", line 6, in <module>
    from include import extract as extract_data
ModuleNotFoundError: No module named 'include'
[2026-09-16T14:57:36.894+0000] {processor.py:842} WARNING - No viable dags retrieved from /opt/airflow/dags/extraction_DAG.py
[2026-09-16T14:57:36.906+0000] {processor.py:183} INFO - Processing /opt/airflow/dags/extraction_DAG.py took 0.036 seconds
[2026-09-16T14:58:06.992+0000] {processor.py:161} INFO - Started process (PID=5233) to work on /opt/airflow/dags/extraction_DAG.py
[2026-09-16T14:58:06.993+0000] {processor.py:830} INFO - Processing file /opt/airflow/dags/extraction_DAG.py for tasks to queue
[2026-09-16T14:58:06.993+0000] {logging_mixin.py:188} INFO - [2026-09-16T14:58:06.993+0000] {dagbag.py:545} INFO - Filling up the DagBag from /opt/airflow/dags/extraction_DAG.py
[2026-09-16T14:58:06.995+0000] {logging_mixin.py:188} INFO - [2026-09-16T14:58:06.995+0000] {dagbag.py:355} ERROR - Failed to import: /opt/airflow/dags/extraction_DAG.py
Traceback (most recent call last):
  File "/home/airflow/.local/lib/python3.12/site-packages/airflow/models/dagbag.py", line 351, in parse
    loader.exec_module(new_module)
  File "<frozen importlib._bootstrap_external>", line 995, in exec_module
  File "<frozen importlib._bootstrap>", line 488, in _call_with_frames_removed
  File "/opt/airflow/dags/extraction_DAG.py", line 6, in <module>
    from include import extract as extract_data
ModuleNotFoundError: No module named 'include'
[2026-09-16T14:58:06.996+0000] {processor.py:842} WARNING - No viable dags retrieved from /opt/airflow/dags/extraction_DAG.py
[2026-09-16T14:58:07.008+0000] {processor.py:183} INFO - Processing /opt/airflow/dags/extraction_DAG.py took 0.020 seconds
[2026-09-16T14:58:37.097+0000] {processor.py:161} INFO - Started process (PID=5240) to work on /opt/airflow/dags/extraction_DAG.py
[2026-09-16T14:58:37.104+0000] {processor.py:830} INFO - Processing file /opt/airflow/dags/extraction_DAG.py for tasks to queue
[2026-09-16T14:58:37.104+0000] {logging_mixin.py:188} INFO - [2026-09-16T14:58:37.104+0000] {dagbag.py:545} INFO - Filling up the DagBag from /opt/airflow/dags/extraction_DAG.py
[2026-09-16T14:58:37.107+0000] {logging_mixin.py:188} INFO - [2026-09-16T14:58:37.106+0000] {dagbag.py:355} ERROR - Failed to import: /opt/airflow/dags/extraction_DAG.py
Traceback (most recent call last):
  File "/home/airflow/.local/lib/python3.12/site-packages/airflow/models/dagbag.py", line 351, in parse
    loader.exec_module(new_module)
  File "<frozen importlib._bootstrap_external>", line 995, in exec_module
  File "<frozen importlib._bootstrap>", line 488, in _call_with_frames_removed
  File "/opt/airflow/dags/extraction_DAG.py", line 6, in <module>
    from include import extract as extract_data
ModuleNotFoundError: No module named 'include'
[2026-09-16T14:58:37.107+0000] {processor.py:842} WARNING - No viable dags retrieved from /opt/airflow/dags/extraction_DAG.py
[2026-09-16T14:58:37.118+0000] {processor.py:183} INFO - Processing /opt/airflow/dags/extraction_DAG.py took 0.025 seconds
[2026-09-16T14:59:07.197+0000] {processor.py:161} INFO - Started process (PID=5247) to work on /opt/airflow/dags/extraction_DAG.py
[2026-09-16T14:59:07.198+0000] {processor.py:830} INFO - Processing file /opt/airflow/dags/extraction_DAG.py for tasks to queue
[2026-09-16T14:59:07.198+0000] {logging_mixin.py:188} INFO - [2026-09-16T14:59:07.198+0000] {dagbag.py:545} INFO - Filling up the DagBag from /opt/airflow/dags/extraction_DAG.py
[2026-09-16T14:59:07.200+0000] {logging_mixin.py:188} INFO - [2026-09-16T14:59:07.200+0000] {dagbag.py:355} ERROR - Failed to import: /opt/airflow/dags/extraction_DAG.py
Traceback (most recent call last):
  File "/home/airflow/.local/lib/python3.12/site-packages/airflow/models/dagbag.py", line 351, in parse
    loader.exec_module(new_module)
  File "<frozen importlib._bootstrap_external>", line 995, in exec_module
  File "<frozen importlib._bootstrap>", line 488, in _call_with_frames_removed
  File "/opt/airflow/dags/extraction_DAG.py", line 6, in <module>
    from include import extract as extract_data
ModuleNotFoundError: No module named 'include'
[2026-09-16T14:59:07.201+0000] {processor.py:842} WARNING - No viable dags retrieved from /opt/airflow/dags/extraction_DAG.py
[2026-09-16T14:59:07.211+0000] {processor.py:183} INFO - Processing /opt/airflow/dags/extraction_DAG.py took 0.017 seconds
[2026-09-16T14:59:37.304+0000] {processor.py:161} INFO - Started process (PID=5254) to work on /opt/airflow/dags/extraction_DAG.py
[2026-09-16T14:59:37.586+0000] {processor.py:830} INFO - Processing file /opt/airflow/dags/extraction_DAG.py for tasks to queue
[2026-09-16T14:59:37.587+0000] {logging_mixin.py:188} INFO - [2026-09-16T14:59:37.586+0000] {dagbag.py:545} INFO - Filling up the DagBag from /opt/airflow/dags/extraction_DAG.py
[2026-09-16T14:59:37.589+0000] {logging_mixin.py:188} INFO - [2026-09-16T14:59:37.588+0000] {dagbag.py:355} ERROR - Failed to import: /opt/airflow/dags/extraction_DAG.py
Traceback (most recent call last):
  File "/home/airflow/.local/lib/python3.12/site-packages/airflow/models/dagbag.py", line 351, in parse
    loader.exec_module(new_module)
  File "<frozen importlib._bootstrap_external>", line 995, in exec_module
  File "<frozen importlib._bootstrap>", line 488, in _call_with_frames_removed
  File "/opt/airflow/dags/extraction_DAG.py", line 6, in <module>
    from include import extract as extract_data
ModuleNotFoundError: No module named 'include'
[2026-09-16T14:59:37.589+0000] {processor.py:842} WARNING - No viable dags retrieved from /opt/airflow/dags/extraction_DAG.py
[2026-09-16T14:59:37.600+0000] {processor.py:183} INFO - Processing /opt/airflow/dags/extraction_DAG.py took 0.301 seconds
[2026-09-16T15:00:07.693+0000] {processor.py:161} INFO - Started process (PID=5261) to work on /opt/airflow/dags/extraction_DAG.py
[2026-09-16T15:00:07.693+0000] {processor.py:830} INFO - Processing file /opt/airflow/dags/extraction_DAG.py for tasks to queue
[2026-09-16T15:00:07.694+0000] {logging_mixin.py:188} INFO - [2026-09-16T15:00:07.694+0000] {dagbag.py:545} INFO - Filling up the DagBag from /opt/airflow/dags/extraction_DAG.py
[2026-09-16T15:00:07.696+0000] {logging_mixin.py:188} INFO - [2026-09-16T15:00:07.695+0000] {dagbag.py:355} ERROR - Failed to import: /opt/airflow/dags/extraction_DAG.py
Traceback (most recent call last):
  File "/home/airflow/.local/lib/python3.12/site-packages/airflow/models/dagbag.py", line 351, in parse
    loader.exec_module(new_module)
  File "<frozen importlib._bootstrap_external>", line 995, in exec_module
  File "<frozen importlib._bootstrap>", line 488, in _call_with_frames_removed
  File "/opt/airflow/dags/extraction_DAG.py", line 6, in <module>
    from include import extract as extract_data
ModuleNotFoundError: No module named 'include'
[2026-09-16T15:00:07.696+0000] {processor.py:842} WARNING - No viable dags retrieved from /opt/airflow/dags/extraction_DAG.py
[2026-09-16T15:00:07.708+0000] {processor.py:183} INFO - Processing /opt/airflow/dags/extraction_DAG.py took 0.018 seconds
[2026-09-16T15:00:37.787+0000] {processor.py:161} INFO - Started process (PID=5267) to work on /opt/airflow/dags/extraction_DAG.py
[2026-09-16T15:00:37.791+0000] {processor.py:830} INFO - Processing file /opt/airflow/dags/extraction_DAG.py for tasks to queue
[2026-09-16T15:00:37.791+0000] {logging_mixin.py:188} INFO - [2026-09-16T15:00:37.791+0000] {dagbag.py:545} INFO - Filling up the DagBag from /opt/airflow/dags/extraction_DAG.py
[2026-09-16T15:00:37.793+0000] {logging_mixin.py:188} INFO - [2026-09-16T15:00:37.793+0000] {dagbag.py:355} ERROR - Failed to import: /opt/airflow/dags/extraction_DAG.py
Traceback (most recent call last):
  File "/home/airflow/.local/lib/python3.12/site-packages/airflow/models/dagbag.py", line 351, in parse
    loader.exec_module(new_module)
  File "<frozen importlib._bootstrap_external>", line 995, in exec_module
  File "<frozen importlib._bootstrap>", line 488, in _call_with_frames_removed
  File "/opt/airflow/dags/extraction_DAG.py", line 6, in <module>
    from include import extract as extract_data
ModuleNotFoundError: No module named 'include'
[2026-09-16T15:00:37.794+0000] {processor.py:842} WARNING - No viable dags retrieved from /opt/airflow/dags/extraction_DAG.py
[2026-09-16T15:00:37.805+0000] {processor.py:183} INFO - Processing /opt/airflow/dags/extraction_DAG.py took 0.021 seconds
[2026-09-16T15:01:07.909+0000] {processor.py:161} INFO - Started process (PID=5274) to work on /opt/airflow/dags/extraction_DAG.py
[2026-09-16T15:01:07.910+0000] {processor.py:830} INFO - Processing file /opt/airflow/dags/extraction_DAG.py for tasks to queue
[2026-09-16T15:01:07.910+0000] {logging_mixin.py:188} INFO - [2026-09-16T15:01:07.910+0000] {dagbag.py:545} INFO - Filling up the DagBag from /opt/airflow/dags/extraction_DAG.py
[2026-09-16T15:01:07.913+0000] {logging_mixin.py:188} INFO - [2026-09-16T15:01:07.912+0000] {dagbag.py:355} ERROR - Failed to import: /opt/airflow/dags/extraction_DAG.py
Traceback (most recent call last):
  File "/home/airflow/.local/lib/python3.12/site-packages/airflow/models/dagbag.py", line 351, in parse
    loader.exec_module(new_module)
  File "<frozen importlib._bootstrap_external>", line 995, in exec_module
  File "<frozen importlib._bootstrap>", line 488, in _call_with_frames_removed
  File "/opt/airflow/dags/extraction_DAG.py", line 6, in <module>
    from include import extract as extract_data
ModuleNotFoundError: No module named 'include'
[2026-09-16T15:01:07.913+0000] {processor.py:842} WARNING - No viable dags retrieved from /opt/airflow/dags/extraction_DAG.py
[2026-09-16T15:01:07.925+0000] {processor.py:183} INFO - Processing /opt/airflow/dags/extraction_DAG.py took 0.022 seconds
[2026-09-16T15:01:38.054+0000] {processor.py:161} INFO - Started process (PID=5281) to work on /opt/airflow/dags/extraction_DAG.py
[2026-09-16T15:01:38.144+0000] {processor.py:830} INFO - Processing file /opt/airflow/dags/extraction_DAG.py for tasks to queue
[2026-09-16T15:01:38.145+0000] {logging_mixin.py:188} INFO - [2026-09-16T15:01:38.145+0000] {dagbag.py:545} INFO - Filling up the DagBag from /opt/airflow/dags/extraction_DAG.py
[2026-09-16T15:01:38.148+0000] {logging_mixin.py:188} INFO - [2026-09-16T15:01:38.147+0000] {dagbag.py:355} ERROR - Failed to import: /opt/airflow/dags/extraction_DAG.py
Traceback (most recent call last):
  File "/home/airflow/.local/lib/python3.12/site-packages/airflow/models/dagbag.py", line 351, in parse
    loader.exec_module(new_module)
  File "<frozen importlib._bootstrap_external>", line 995, in exec_module
  File "<frozen importlib._bootstrap>", line 488, in _call_with_frames_removed
  File "/opt/airflow/dags/extraction_DAG.py", line 6, in <module>
    from include import extract as extract_data
ModuleNotFoundError: No module named 'include'
[2026-09-16T15:01:38.148+0000] {processor.py:842} WARNING - No viable dags retrieved from /opt/airflow/dags/extraction_DAG.py
[2026-09-16T15:01:38.163+0000] {processor.py:183} INFO - Processing /opt/airflow/dags/extraction_DAG.py took 0.118 seconds
[2026-09-16T15:02:08.192+0000] {processor.py:161} INFO - Started process (PID=5288) to work on /opt/airflow/dags/extraction_DAG.py
[2026-09-16T15:02:08.193+0000] {processor.py:830} INFO - Processing file /opt/airflow/dags/extraction_DAG.py for tasks to queue
[2026-09-16T15:02:08.194+0000] {logging_mixin.py:188} INFO - [2026-09-16T15:02:08.194+0000] {dagbag.py:545} INFO - Filling up the DagBag from /opt/airflow/dags/extraction_DAG.py
[2026-09-16T15:02:08.199+0000] {logging_mixin.py:188} INFO - [2026-09-16T15:02:08.197+0000] {dagbag.py:355} ERROR - Failed to import: /opt/airflow/dags/extraction_DAG.py
Traceback (most recent call last):
  File "/home/airflow/.local/lib/python3.12/site-packages/airflow/models/dagbag.py", line 351, in parse
    loader.exec_module(new_module)
  File "<frozen importlib._bootstrap_external>", line 995, in exec_module
  File "<frozen importlib._bootstrap>", line 488, in _call_with_frames_removed
  File "/opt/airflow/dags/extraction_DAG.py", line 6, in <module>
    from include import extract as extract_data
ModuleNotFoundError: No module named 'include'
[2026-09-16T15:02:08.199+0000] {processor.py:842} WARNING - No viable dags retrieved from /opt/airflow/dags/extraction_DAG.py
[2026-09-16T15:02:08.224+0000] {processor.py:183} INFO - Processing /opt/airflow/dags/extraction_DAG.py took 0.041 seconds
[2026-09-16T15:02:38.317+0000] {processor.py:161} INFO - Started process (PID=5295) to work on /opt/airflow/dags/extraction_DAG.py
[2026-09-16T15:02:38.330+0000] {processor.py:830} INFO - Processing file /opt/airflow/dags/extraction_DAG.py for tasks to queue
[2026-09-16T15:02:38.331+0000] {logging_mixin.py:188} INFO - [2026-09-16T15:02:38.331+0000] {dagbag.py:545} INFO - Filling up the DagBag from /opt/airflow/dags/extraction_DAG.py
[2026-09-16T15:02:38.337+0000] {logging_mixin.py:188} INFO - [2026-09-16T15:02:38.335+0000] {dagbag.py:355} ERROR - Failed to import: /opt/airflow/dags/extraction_DAG.py
Traceback (most recent call last):
  File "/home/airflow/.local/lib/python3.12/site-packages/airflow/models/dagbag.py", line 351, in parse
    loader.exec_module(new_module)
  File "<frozen importlib._bootstrap_external>", line 995, in exec_module
  File "<frozen importlib._bootstrap>", line 488, in _call_with_frames_removed
  File "/opt/airflow/dags/extraction_DAG.py", line 6, in <module>
    from include import extract as extract_data
ModuleNotFoundError: No module named 'include'
[2026-09-16T15:02:38.338+0000] {processor.py:842} WARNING - No viable dags retrieved from /opt/airflow/dags/extraction_DAG.py
[2026-09-16T15:02:38.358+0000] {processor.py:183} INFO - Processing /opt/airflow/dags/extraction_DAG.py took 0.050 seconds
[2026-09-16T15:03:08.485+0000] {processor.py:161} INFO - Started process (PID=5302) to work on /opt/airflow/dags/extraction_DAG.py
[2026-09-16T15:03:08.486+0000] {processor.py:830} INFO - Processing file /opt/airflow/dags/extraction_DAG.py for tasks to queue
[2026-09-16T15:03:08.487+0000] {logging_mixin.py:188} INFO - [2026-09-16T15:03:08.487+0000] {dagbag.py:545} INFO - Filling up the DagBag from /opt/airflow/dags/extraction_DAG.py
[2026-09-16T15:03:08.491+0000] {logging_mixin.py:188} INFO - [2026-09-16T15:03:08.489+0000] {dagbag.py:355} ERROR - Failed to import: /opt/airflow/dags/extraction_DAG.py
Traceback (most recent call last):
  File "/home/airflow/.local/lib/python3.12/site-packages/airflow/models/dagbag.py", line 351, in parse
    loader.exec_module(new_module)
  File "<frozen importlib._bootstrap_external>", line 995, in exec_module
  File "<frozen importlib._bootstrap>", line 488, in _call_with_frames_removed
  File "/opt/airflow/dags/extraction_DAG.py", line 6, in <module>
    from include import extract as extract_data
ModuleNotFoundError: No module named 'include'
[2026-09-16T15:03:08.491+0000] {processor.py:842} WARNING - No viable dags retrieved from /opt/airflow/dags/extraction_DAG.py
[2026-09-16T15:03:08.510+0000] {processor.py:183} INFO - Processing /opt/airflow/dags/extraction_DAG.py took 0.033 seconds
[2026-09-16T15:03:38.632+0000] {processor.py:161} INFO - Started process (PID=5309) to work on /opt/airflow/dags/extraction_DAG.py
[2026-09-16T15:03:38.718+0000] {processor.py:830} INFO - Processing file /opt/airflow/dags/extraction_DAG.py for tasks to queue
[2026-09-16T15:03:38.720+0000] {logging_mixin.py:188} INFO - [2026-09-16T15:03:38.719+0000] {dagbag.py:545} INFO - Filling up the DagBag from /opt/airflow/dags/extraction_DAG.py
[2026-09-16T15:03:38.726+0000] {logging_mixin.py:188} INFO - [2026-09-16T15:03:38.724+0000] {dagbag.py:355} ERROR - Failed to import: /opt/airflow/dags/extraction_DAG.py
Traceback (most recent call last):
  File "/home/airflow/.local/lib/python3.12/site-packages/airflow/models/dagbag.py", line 351, in parse
    loader.exec_module(new_module)
  File "<frozen importlib._bootstrap_external>", line 995, in exec_module
  File "<frozen importlib._bootstrap>", line 488, in _call_with_frames_removed
  File "/opt/airflow/dags/extraction_DAG.py", line 6, in <module>
    from include import extract as extract_data
ModuleNotFoundError: No module named 'include'
[2026-09-16T15:03:38.726+0000] {processor.py:842} WARNING - No viable dags retrieved from /opt/airflow/dags/extraction_DAG.py
[2026-09-16T15:03:38.742+0000] {processor.py:183} INFO - Processing /opt/airflow/dags/extraction_DAG.py took 0.117 seconds
[2026-09-16T15:04:08.777+0000] {processor.py:161} INFO - Started process (PID=5316) to work on /opt/airflow/dags/extraction_DAG.py
[2026-09-16T15:04:08.777+0000] {processor.py:830} INFO - Processing file /opt/airflow/dags/extraction_DAG.py for tasks to queue
[2026-09-16T15:04:08.778+0000] {logging_mixin.py:188} INFO - [2026-09-16T15:04:08.778+0000] {dagbag.py:545} INFO - Filling up the DagBag from /opt/airflow/dags/extraction_DAG.py
[2026-09-16T15:04:08.780+0000] {logging_mixin.py:188} INFO - [2026-09-16T15:04:08.779+0000] {dagbag.py:355} ERROR - Failed to import: /opt/airflow/dags/extraction_DAG.py
Traceback (most recent call last):
  File "/home/airflow/.local/lib/python3.12/site-packages/airflow/models/dagbag.py", line 351, in parse
    loader.exec_module(new_module)
  File "<frozen importlib._bootstrap_external>", line 995, in exec_module
  File "<frozen importlib._bootstrap>", line 488, in _call_with_frames_removed
  File "/opt/airflow/dags/extraction_DAG.py", line 6, in <module>
    from include import extract as extract_data
ModuleNotFoundError: No module named 'include'
[2026-09-16T15:04:08.780+0000] {processor.py:842} WARNING - No viable dags retrieved from /opt/airflow/dags/extraction_DAG.py
[2026-09-16T15:04:08.793+0000] {processor.py:183} INFO - Processing /opt/airflow/dags/extraction_DAG.py took 0.023 seconds
[2026-09-16T15:04:38.906+0000] {processor.py:161} INFO - Started process (PID=5323) to work on /opt/airflow/dags/extraction_DAG.py
[2026-09-16T15:04:38.991+0000] {processor.py:830} INFO - Processing file /opt/airflow/dags/extraction_DAG.py for tasks to queue
[2026-09-16T15:04:38.992+0000] {logging_mixin.py:188} INFO - [2026-09-16T15:04:38.992+0000] {dagbag.py:545} INFO - Filling up the DagBag from /opt/airflow/dags/extraction_DAG.py
[2026-09-16T15:04:38.997+0000] {logging_mixin.py:188} INFO - [2026-09-16T15:04:38.996+0000] {dagbag.py:355} ERROR - Failed to import: /opt/airflow/dags/extraction_DAG.py
Traceback (most recent call last):
  File "/home/airflow/.local/lib/python3.12/site-packages/airflow/models/dagbag.py", line 351, in parse
    loader.exec_module(new_module)
  File "<frozen importlib._bootstrap_external>", line 995, in exec_module
  File "<frozen importlib._bootstrap>", line 488, in _call_with_frames_removed
  File "/opt/airflow/dags/extraction_DAG.py", line 6, in <module>
    from include import extract as extract_data
ModuleNotFoundError: No module named 'include'
[2026-09-16T15:04:38.998+0000] {processor.py:842} WARNING - No viable dags retrieved from /opt/airflow/dags/extraction_DAG.py
[2026-09-16T15:04:39.024+0000] {processor.py:183} INFO - Processing /opt/airflow/dags/extraction_DAG.py took 0.124 seconds
[2026-09-16T15:05:09.166+0000] {processor.py:161} INFO - Started process (PID=5330) to work on /opt/airflow/dags/extraction_DAG.py
[2026-09-16T15:05:09.167+0000] {processor.py:830} INFO - Processing file /opt/airflow/dags/extraction_DAG.py for tasks to queue
[2026-09-16T15:05:09.168+0000] {logging_mixin.py:188} INFO - [2026-09-16T15:05:09.168+0000] {dagbag.py:545} INFO - Filling up the DagBag from /opt/airflow/dags/extraction_DAG.py
[2026-09-16T15:05:09.173+0000] {logging_mixin.py:188} INFO - [2026-09-16T15:05:09.171+0000] {dagbag.py:355} ERROR - Failed to import: /opt/airflow/dags/extraction_DAG.py
Traceback (most recent call last):
  File "/home/airflow/.local/lib/python3.12/site-packages/airflow/models/dagbag.py", line 351, in parse
    loader.exec_module(new_module)
  File "<frozen importlib._bootstrap_external>", line 995, in exec_module
  File "<frozen importlib._bootstrap>", line 488, in _call_with_frames_removed
  File "/opt/airflow/dags/extraction_DAG.py", line 6, in <module>
    from include import extract as extract_data
ModuleNotFoundError: No module named 'include'
[2026-09-16T15:05:09.174+0000] {processor.py:842} WARNING - No viable dags retrieved from /opt/airflow/dags/extraction_DAG.py
[2026-09-16T15:05:09.195+0000] {processor.py:183} INFO - Processing /opt/airflow/dags/extraction_DAG.py took 0.038 seconds
[2026-09-16T15:05:39.283+0000] {processor.py:161} INFO - Started process (PID=5337) to work on /opt/airflow/dags/extraction_DAG.py
[2026-09-16T15:05:39.290+0000] {processor.py:830} INFO - Processing file /opt/airflow/dags/extraction_DAG.py for tasks to queue
[2026-09-16T15:05:39.291+0000] {logging_mixin.py:188} INFO - [2026-09-16T15:05:39.291+0000] {dagbag.py:545} INFO - Filling up the DagBag from /opt/airflow/dags/extraction_DAG.py
[2026-09-16T15:05:39.293+0000] {logging_mixin.py:188} INFO - [2026-09-16T15:05:39.292+0000] {dagbag.py:355} ERROR - Failed to import: /opt/airflow/dags/extraction_DAG.py
Traceback (most recent call last):
  File "/home/airflow/.local/lib/python3.12/site-packages/airflow/models/dagbag.py", line 351, in parse
    loader.exec_module(new_module)
  File "<frozen importlib._bootstrap_external>", line 995, in exec_module
  File "<frozen importlib._bootstrap>", line 488, in _call_with_frames_removed
  File "/opt/airflow/dags/extraction_DAG.py", line 6, in <module>
    from include import extract as extract_data
ModuleNotFoundError: No module named 'include'
[2026-09-16T15:05:39.293+0000] {processor.py:842} WARNING - No viable dags retrieved from /opt/airflow/dags/extraction_DAG.py
[2026-09-16T15:05:39.305+0000] {processor.py:183} INFO - Processing /opt/airflow/dags/extraction_DAG.py took 0.026 seconds
[2026-09-16T15:06:09.432+0000] {processor.py:161} INFO - Started process (PID=5344) to work on /opt/airflow/dags/extraction_DAG.py
[2026-09-16T15:06:09.433+0000] {processor.py:830} INFO - Processing file /opt/airflow/dags/extraction_DAG.py for tasks to queue
[2026-09-16T15:06:09.434+0000] {logging_mixin.py:188} INFO - [2026-09-16T15:06:09.434+0000] {dagbag.py:545} INFO - Filling up the DagBag from /opt/airflow/dags/extraction_DAG.py
[2026-09-16T15:06:09.436+0000] {logging_mixin.py:188} INFO - [2026-09-16T15:06:09.436+0000] {dagbag.py:355} ERROR - Failed to import: /opt/airflow/dags/extraction_DAG.py
Traceback (most recent call last):
  File "/home/airflow/.local/lib/python3.12/site-packages/airflow/models/dagbag.py", line 351, in parse
    loader.exec_module(new_module)
  File "<frozen importlib._bootstrap_external>", line 995, in exec_module
  File "<frozen importlib._bootstrap>", line 488, in _call_with_frames_removed
  File "/opt/airflow/dags/extraction_DAG.py", line 6, in <module>
    from include import extract as extract_data
ModuleNotFoundError: No module named 'include'
[2026-09-16T15:06:09.437+0000] {processor.py:842} WARNING - No viable dags retrieved from /opt/airflow/dags/extraction_DAG.py
[2026-09-16T15:06:09.447+0000] {processor.py:183} INFO - Processing /opt/airflow/dags/extraction_DAG.py took 0.023 seconds
[2026-09-16T15:06:39.594+0000] {processor.py:161} INFO - Started process (PID=5351) to work on /opt/airflow/dags/extraction_DAG.py
[2026-09-16T15:06:39.733+0000] {processor.py:830} INFO - Processing file /opt/airflow/dags/extraction_DAG.py for tasks to queue
[2026-09-16T15:06:39.734+0000] {logging_mixin.py:188} INFO - [2026-09-16T15:06:39.734+0000] {dagbag.py:545} INFO - Filling up the DagBag from /opt/airflow/dags/extraction_DAG.py
[2026-09-16T15:06:39.740+0000] {logging_mixin.py:188} INFO - [2026-09-16T15:06:39.738+0000] {dagbag.py:355} ERROR - Failed to import: /opt/airflow/dags/extraction_DAG.py
Traceback (most recent call last):
  File "/home/airflow/.local/lib/python3.12/site-packages/airflow/models/dagbag.py", line 351, in parse
    loader.exec_module(new_module)
  File "<frozen importlib._bootstrap_external>", line 995, in exec_module
  File "<frozen importlib._bootstrap>", line 488, in _call_with_frames_removed
  File "/opt/airflow/dags/extraction_DAG.py", line 6, in <module>
    from include import extract as extract_data
ModuleNotFoundError: No module named 'include'
[2026-09-16T15:06:39.741+0000] {processor.py:842} WARNING - No viable dags retrieved from /opt/airflow/dags/extraction_DAG.py
[2026-09-16T15:06:39.753+0000] {processor.py:183} INFO - Processing /opt/airflow/dags/extraction_DAG.py took 0.167 seconds
[2026-09-16T15:07:09.860+0000] {processor.py:161} INFO - Started process (PID=5358) to work on /opt/airflow/dags/extraction_DAG.py
[2026-09-16T15:07:09.861+0000] {processor.py:830} INFO - Processing file /opt/airflow/dags/extraction_DAG.py for tasks to queue
[2026-09-16T15:07:09.862+0000] {logging_mixin.py:188} INFO - [2026-09-16T15:07:09.861+0000] {dagbag.py:545} INFO - Filling up the DagBag from /opt/airflow/dags/extraction_DAG.py
[2026-09-16T15:07:09.864+0000] {logging_mixin.py:188} INFO - [2026-09-16T15:07:09.863+0000] {dagbag.py:355} ERROR - Failed to import: /opt/airflow/dags/extraction_DAG.py
Traceback (most recent call last):
  File "/home/airflow/.local/lib/python3.12/site-packages/airflow/models/dagbag.py", line 351, in parse
    loader.exec_module(new_module)
  File "<frozen importlib._bootstrap_external>", line 995, in exec_module
  File "<frozen importlib._bootstrap>", line 488, in _call_with_frames_removed
  File "/opt/airflow/dags/extraction_DAG.py", line 6, in <module>
    from include import extract as extract_data
ModuleNotFoundError: No module named 'include'
[2026-09-16T15:07:09.865+0000] {processor.py:842} WARNING - No viable dags retrieved from /opt/airflow/dags/extraction_DAG.py
[2026-09-16T15:07:09.876+0000] {processor.py:183} INFO - Processing /opt/airflow/dags/extraction_DAG.py took 0.024 seconds
[2026-09-16T15:07:39.982+0000] {processor.py:161} INFO - Started process (PID=5365) to work on /opt/airflow/dags/extraction_DAG.py
[2026-09-16T15:07:39.992+0000] {processor.py:830} INFO - Processing file /opt/airflow/dags/extraction_DAG.py for tasks to queue
[2026-09-16T15:07:39.993+0000] {logging_mixin.py:188} INFO - [2026-09-16T15:07:39.993+0000] {dagbag.py:545} INFO - Filling up the DagBag from /opt/airflow/dags/extraction_DAG.py
[2026-09-16T15:07:39.998+0000] {logging_mixin.py:188} INFO - [2026-09-16T15:07:39.997+0000] {dagbag.py:355} ERROR - Failed to import: /opt/airflow/dags/extraction_DAG.py
Traceback (most recent call last):
  File "/home/airflow/.local/lib/python3.12/site-packages/airflow/models/dagbag.py", line 351, in parse
    loader.exec_module(new_module)
  File "<frozen importlib._bootstrap_external>", line 995, in exec_module
  File "<frozen importlib._bootstrap>", line 488, in _call_with_frames_removed
  File "/opt/airflow/dags/extraction_DAG.py", line 6, in <module>
    from include import extract as extract_data
ModuleNotFoundError: No module named 'include'
[2026-09-16T15:07:39.999+0000] {processor.py:842} WARNING - No viable dags retrieved from /opt/airflow/dags/extraction_DAG.py
[2026-09-16T15:07:40.014+0000] {processor.py:183} INFO - Processing /opt/airflow/dags/extraction_DAG.py took 0.039 seconds
[2026-09-16T15:08:10.068+0000] {processor.py:161} INFO - Started process (PID=5372) to work on /opt/airflow/dags/extraction_DAG.py
[2026-09-16T15:08:10.069+0000] {processor.py:830} INFO - Processing file /opt/airflow/dags/extraction_DAG.py for tasks to queue
[2026-09-16T15:08:10.069+0000] {logging_mixin.py:188} INFO - [2026-09-16T15:08:10.069+0000] {dagbag.py:545} INFO - Filling up the DagBag from /opt/airflow/dags/extraction_DAG.py
[2026-09-16T15:08:10.071+0000] {logging_mixin.py:188} INFO - [2026-09-16T15:08:10.071+0000] {dagbag.py:355} ERROR - Failed to import: /opt/airflow/dags/extraction_DAG.py
Traceback (most recent call last):
  File "/home/airflow/.local/lib/python3.12/site-packages/airflow/models/dagbag.py", line 351, in parse
    loader.exec_module(new_module)
  File "<frozen importlib._bootstrap_external>", line 995, in exec_module
  File "<frozen importlib._bootstrap>", line 488, in _call_with_frames_removed
  File "/opt/airflow/dags/extraction_DAG.py", line 6, in <module>
    from include import extract as extract_data
ModuleNotFoundError: No module named 'include'
[2026-09-16T15:08:10.072+0000] {processor.py:842} WARNING - No viable dags retrieved from /opt/airflow/dags/extraction_DAG.py
[2026-09-16T15:08:10.083+0000] {processor.py:183} INFO - Processing /opt/airflow/dags/extraction_DAG.py took 0.018 seconds
[2026-09-16T15:08:40.228+0000] {processor.py:161} INFO - Started process (PID=5379) to work on /opt/airflow/dags/extraction_DAG.py
[2026-09-16T15:08:40.245+0000] {processor.py:830} INFO - Processing file /opt/airflow/dags/extraction_DAG.py for tasks to queue
[2026-09-16T15:08:40.247+0000] {logging_mixin.py:188} INFO - [2026-09-16T15:08:40.246+0000] {dagbag.py:545} INFO - Filling up the DagBag from /opt/airflow/dags/extraction_DAG.py
[2026-09-16T15:08:40.252+0000] {logging_mixin.py:188} INFO - [2026-09-16T15:08:40.250+0000] {dagbag.py:355} ERROR - Failed to import: /opt/airflow/dags/extraction_DAG.py
Traceback (most recent call last):
  File "/home/airflow/.local/lib/python3.12/site-packages/airflow/models/dagbag.py", line 351, in parse
    loader.exec_module(new_module)
  File "<frozen importlib._bootstrap_external>", line 995, in exec_module
  File "<frozen importlib._bootstrap>", line 488, in _call_with_frames_removed
  File "/opt/airflow/dags/extraction_DAG.py", line 6, in <module>
    from include import extract as extract_data
ModuleNotFoundError: No module named 'include'
[2026-09-16T15:08:40.252+0000] {processor.py:842} WARNING - No viable dags retrieved from /opt/airflow/dags/extraction_DAG.py
[2026-09-16T15:08:40.271+0000] {processor.py:183} INFO - Processing /opt/airflow/dags/extraction_DAG.py took 0.052 seconds
[2026-09-16T15:09:10.356+0000] {processor.py:161} INFO - Started process (PID=5386) to work on /opt/airflow/dags/extraction_DAG.py
[2026-09-16T15:09:10.357+0000] {processor.py:830} INFO - Processing file /opt/airflow/dags/extraction_DAG.py for tasks to queue
[2026-09-16T15:09:10.357+0000] {logging_mixin.py:188} INFO - [2026-09-16T15:09:10.357+0000] {dagbag.py:545} INFO - Filling up the DagBag from /opt/airflow/dags/extraction_DAG.py
[2026-09-16T15:09:10.360+0000] {logging_mixin.py:188} INFO - [2026-09-16T15:09:10.359+0000] {dagbag.py:355} ERROR - Failed to import: /opt/airflow/dags/extraction_DAG.py
Traceback (most recent call last):
  File "/home/airflow/.local/lib/python3.12/site-packages/airflow/models/dagbag.py", line 351, in parse
    loader.exec_module(new_module)
  File "<frozen importlib._bootstrap_external>", line 995, in exec_module
  File "<frozen importlib._bootstrap>", line 488, in _call_with_frames_removed
  File "/opt/airflow/dags/extraction_DAG.py", line 6, in <module>
    from include import extract as extract_data
ModuleNotFoundError: No module named 'include'
[2026-09-16T15:09:10.360+0000] {processor.py:842} WARNING - No viable dags retrieved from /opt/airflow/dags/extraction_DAG.py
[2026-09-16T15:09:10.372+0000] {processor.py:183} INFO - Processing /opt/airflow/dags/extraction_DAG.py took 0.020 seconds
[2026-09-16T15:09:40.502+0000] {processor.py:161} INFO - Started process (PID=5393) to work on /opt/airflow/dags/extraction_DAG.py
[2026-09-16T15:09:40.599+0000] {processor.py:830} INFO - Processing file /opt/airflow/dags/extraction_DAG.py for tasks to queue
[2026-09-16T15:09:40.600+0000] {logging_mixin.py:188} INFO - [2026-09-16T15:09:40.600+0000] {dagbag.py:545} INFO - Filling up the DagBag from /opt/airflow/dags/extraction_DAG.py
[2026-09-16T15:09:40.606+0000] {logging_mixin.py:188} INFO - [2026-09-16T15:09:40.604+0000] {dagbag.py:355} ERROR - Failed to import: /opt/airflow/dags/extraction_DAG.py
Traceback (most recent call last):
  File "/home/airflow/.local/lib/python3.12/site-packages/airflow/models/dagbag.py", line 351, in parse
    loader.exec_module(new_module)
  File "<frozen importlib._bootstrap_external>", line 995, in exec_module
  File "<frozen importlib._bootstrap>", line 488, in _call_with_frames_removed
  File "/opt/airflow/dags/extraction_DAG.py", line 6, in <module>
    from include import extract as extract_data
ModuleNotFoundError: No module named 'include'
[2026-09-16T15:09:40.607+0000] {processor.py:842} WARNING - No viable dags retrieved from /opt/airflow/dags/extraction_DAG.py
[2026-09-16T15:09:40.623+0000] {processor.py:183} INFO - Processing /opt/airflow/dags/extraction_DAG.py took 0.128 seconds
[2026-09-16T15:10:10.735+0000] {processor.py:161} INFO - Started process (PID=5400) to work on /opt/airflow/dags/extraction_DAG.py
[2026-09-16T15:10:10.736+0000] {processor.py:830} INFO - Processing file /opt/airflow/dags/extraction_DAG.py for tasks to queue
[2026-09-16T15:10:10.737+0000] {logging_mixin.py:188} INFO - [2026-09-16T15:10:10.737+0000] {dagbag.py:545} INFO - Filling up the DagBag from /opt/airflow/dags/extraction_DAG.py
[2026-09-16T15:10:10.740+0000] {logging_mixin.py:188} INFO - [2026-09-16T15:10:10.739+0000] {dagbag.py:355} ERROR - Failed to import: /opt/airflow/dags/extraction_DAG.py
Traceback (most recent call last):
  File "/home/airflow/.local/lib/python3.12/site-packages/airflow/models/dagbag.py", line 351, in parse
    loader.exec_module(new_module)
  File "<frozen importlib._bootstrap_external>", line 995, in exec_module
  File "<frozen importlib._bootstrap>", line 488, in _call_with_frames_removed
  File "/opt/airflow/dags/extraction_DAG.py", line 6, in <module>
    from include import extract as extract_data
ModuleNotFoundError: No module named 'include'
[2026-09-16T15:10:10.740+0000] {processor.py:842} WARNING - No viable dags retrieved from /opt/airflow/dags/extraction_DAG.py
[2026-09-16T15:10:10.752+0000] {processor.py:183} INFO - Processing /opt/airflow/dags/extraction_DAG.py took 0.022 seconds
[2026-09-16T15:10:40.856+0000] {processor.py:161} INFO - Started process (PID=5407) to work on /opt/airflow/dags/extraction_DAG.py
[2026-09-16T15:10:40.864+0000] {processor.py:830} INFO - Processing file /opt/airflow/dags/extraction_DAG.py for tasks to queue
[2026-09-16T15:10:40.865+0000] {logging_mixin.py:188} INFO - [2026-09-16T15:10:40.864+0000] {dagbag.py:545} INFO - Filling up the DagBag from /opt/airflow/dags/extraction_DAG.py
[2026-09-16T15:10:40.867+0000] {logging_mixin.py:188} INFO - [2026-09-16T15:10:40.866+0000] {dagbag.py:355} ERROR - Failed to import: /opt/airflow/dags/extraction_DAG.py
Traceback (most recent call last):
  File "/home/airflow/.local/lib/python3.12/site-packages/airflow/models/dagbag.py", line 351, in parse
    loader.exec_module(new_module)
  File "<frozen importlib._bootstrap_external>", line 995, in exec_module
  File "<frozen importlib._bootstrap>", line 488, in _call_with_frames_removed
  File "/opt/airflow/dags/extraction_DAG.py", line 6, in <module>
    from include import extract as extract_data
ModuleNotFoundError: No module named 'include'
[2026-09-16T15:10:40.867+0000] {processor.py:842} WARNING - No viable dags retrieved from /opt/airflow/dags/extraction_DAG.py
[2026-09-16T15:10:40.881+0000] {processor.py:183} INFO - Processing /opt/airflow/dags/extraction_DAG.py took 0.029 seconds
[2026-09-16T15:11:10.991+0000] {processor.py:161} INFO - Started process (PID=5414) to work on /opt/airflow/dags/extraction_DAG.py
[2026-09-16T15:11:10.991+0000] {processor.py:830} INFO - Processing file /opt/airflow/dags/extraction_DAG.py for tasks to queue
[2026-09-16T15:11:10.992+0000] {logging_mixin.py:188} INFO - [2026-09-16T15:11:10.992+0000] {dagbag.py:545} INFO - Filling up the DagBag from /opt/airflow/dags/extraction_DAG.py
[2026-09-16T15:11:10.994+0000] {logging_mixin.py:188} INFO - [2026-09-16T15:11:10.993+0000] {dagbag.py:355} ERROR - Failed to import: /opt/airflow/dags/extraction_DAG.py
Traceback (most recent call last):
  File "/home/airflow/.local/lib/python3.12/site-packages/airflow/models/dagbag.py", line 351, in parse
    loader.exec_module(new_module)
  File "<frozen importlib._bootstrap_external>", line 995, in exec_module
  File "<frozen importlib._bootstrap>", line 488, in _call_with_frames_removed
  File "/opt/airflow/dags/extraction_DAG.py", line 6, in <module>
    from include import extract as extract_data
ModuleNotFoundError: No module named 'include'
[2026-09-16T15:11:10.994+0000] {processor.py:842} WARNING - No viable dags retrieved from /opt/airflow/dags/extraction_DAG.py
[2026-09-16T15:11:11.005+0000] {processor.py:183} INFO - Processing /opt/airflow/dags/extraction_DAG.py took 0.018 seconds
[2026-09-16T15:11:41.147+0000] {processor.py:161} INFO - Started process (PID=5421) to work on /opt/airflow/dags/extraction_DAG.py
[2026-09-16T15:11:41.256+0000] {processor.py:830} INFO - Processing file /opt/airflow/dags/extraction_DAG.py for tasks to queue
[2026-09-16T15:11:41.258+0000] {logging_mixin.py:188} INFO - [2026-09-16T15:11:41.257+0000] {dagbag.py:545} INFO - Filling up the DagBag from /opt/airflow/dags/extraction_DAG.py
[2026-09-16T15:11:41.263+0000] {logging_mixin.py:188} INFO - [2026-09-16T15:11:41.261+0000] {dagbag.py:355} ERROR - Failed to import: /opt/airflow/dags/extraction_DAG.py
Traceback (most recent call last):
  File "/home/airflow/.local/lib/python3.12/site-packages/airflow/models/dagbag.py", line 351, in parse
    loader.exec_module(new_module)
  File "<frozen importlib._bootstrap_external>", line 995, in exec_module
  File "<frozen importlib._bootstrap>", line 488, in _call_with_frames_removed
  File "/opt/airflow/dags/extraction_DAG.py", line 6, in <module>
    from include import extract as extract_data
ModuleNotFoundError: No module named 'include'
[2026-09-16T15:11:41.264+0000] {processor.py:842} WARNING - No viable dags retrieved from /opt/airflow/dags/extraction_DAG.py
[2026-09-16T15:11:41.289+0000] {processor.py:183} INFO - Processing /opt/airflow/dags/extraction_DAG.py took 0.150 seconds
[2026-09-16T15:12:11.432+0000] {processor.py:161} INFO - Started process (PID=5428) to work on /opt/airflow/dags/extraction_DAG.py
[2026-09-16T15:12:11.433+0000] {processor.py:830} INFO - Processing file /opt/airflow/dags/extraction_DAG.py for tasks to queue
[2026-09-16T15:12:11.434+0000] {logging_mixin.py:188} INFO - [2026-09-16T15:12:11.433+0000] {dagbag.py:545} INFO - Filling up the DagBag from /opt/airflow/dags/extraction_DAG.py
[2026-09-16T15:12:11.437+0000] {logging_mixin.py:188} INFO - [2026-09-16T15:12:11.436+0000] {dagbag.py:355} ERROR - Failed to import: /opt/airflow/dags/extraction_DAG.py
Traceback (most recent call last):
  File "/home/airflow/.local/lib/python3.12/site-packages/airflow/models/dagbag.py", line 351, in parse
    loader.exec_module(new_module)
  File "<frozen importlib._bootstrap_external>", line 995, in exec_module
  File "<frozen importlib._bootstrap>", line 488, in _call_with_frames_removed
  File "/opt/airflow/dags/extraction_DAG.py", line 6, in <module>
    from include import extract as extract_data
ModuleNotFoundError: No module named 'include'
[2026-09-16T15:12:11.438+0000] {processor.py:842} WARNING - No viable dags retrieved from /opt/airflow/dags/extraction_DAG.py
[2026-09-16T15:12:11.455+0000] {processor.py:183} INFO - Processing /opt/airflow/dags/extraction_DAG.py took 0.033 seconds
[2026-09-16T15:12:41.565+0000] {processor.py:161} INFO - Started process (PID=5435) to work on /opt/airflow/dags/extraction_DAG.py
[2026-09-16T15:12:41.674+0000] {processor.py:830} INFO - Processing file /opt/airflow/dags/extraction_DAG.py for tasks to queue
[2026-09-16T15:12:41.676+0000] {logging_mixin.py:188} INFO - [2026-09-16T15:12:41.675+0000] {dagbag.py:545} INFO - Filling up the DagBag from /opt/airflow/dags/extraction_DAG.py
[2026-09-16T15:12:41.681+0000] {logging_mixin.py:188} INFO - [2026-09-16T15:12:41.679+0000] {dagbag.py:355} ERROR - Failed to import: /opt/airflow/dags/extraction_DAG.py
Traceback (most recent call last):
  File "/home/airflow/.local/lib/python3.12/site-packages/airflow/models/dagbag.py", line 351, in parse
    loader.exec_module(new_module)
  File "<frozen importlib._bootstrap_external>", line 995, in exec_module
  File "<frozen importlib._bootstrap>", line 488, in _call_with_frames_removed
  File "/opt/airflow/dags/extraction_DAG.py", line 6, in <module>
    from include import extract as extract_data
ModuleNotFoundError: No module named 'include'
[2026-09-16T15:12:41.682+0000] {processor.py:842} WARNING - No viable dags retrieved from /opt/airflow/dags/extraction_DAG.py
[2026-09-16T15:12:41.700+0000] {processor.py:183} INFO - Processing /opt/airflow/dags/extraction_DAG.py took 0.144 seconds
[2026-09-16T15:13:11.729+0000] {processor.py:161} INFO - Started process (PID=5442) to work on /opt/airflow/dags/extraction_DAG.py
[2026-09-16T15:13:11.730+0000] {processor.py:830} INFO - Processing file /opt/airflow/dags/extraction_DAG.py for tasks to queue
[2026-09-16T15:13:11.731+0000] {logging_mixin.py:188} INFO - [2026-09-16T15:13:11.730+0000] {dagbag.py:545} INFO - Filling up the DagBag from /opt/airflow/dags/extraction_DAG.py
[2026-09-16T15:13:11.734+0000] {logging_mixin.py:188} INFO - [2026-09-16T15:13:11.733+0000] {dagbag.py:355} ERROR - Failed to import: /opt/airflow/dags/extraction_DAG.py
Traceback (most recent call last):
  File "/home/airflow/.local/lib/python3.12/site-packages/airflow/models/dagbag.py", line 351, in parse
    loader.exec_module(new_module)
  File "<frozen importlib._bootstrap_external>", line 995, in exec_module
  File "<frozen importlib._bootstrap>", line 488, in _call_with_frames_removed
  File "/opt/airflow/dags/extraction_DAG.py", line 6, in <module>
    from include import extract as extract_data
ModuleNotFoundError: No module named 'include'
[2026-09-16T15:13:11.735+0000] {processor.py:842} WARNING - No viable dags retrieved from /opt/airflow/dags/extraction_DAG.py
[2026-09-16T15:13:11.746+0000] {processor.py:183} INFO - Processing /opt/airflow/dags/extraction_DAG.py took 0.026 seconds
[2026-09-16T15:13:41.840+0000] {processor.py:161} INFO - Started process (PID=5449) to work on /opt/airflow/dags/extraction_DAG.py
[2026-09-16T15:13:41.934+0000] {processor.py:830} INFO - Processing file /opt/airflow/dags/extraction_DAG.py for tasks to queue
[2026-09-16T15:13:41.935+0000] {logging_mixin.py:188} INFO - [2026-09-16T15:13:41.934+0000] {dagbag.py:545} INFO - Filling up the DagBag from /opt/airflow/dags/extraction_DAG.py
[2026-09-16T15:13:41.937+0000] {logging_mixin.py:188} INFO - [2026-09-16T15:13:41.936+0000] {dagbag.py:355} ERROR - Failed to import: /opt/airflow/dags/extraction_DAG.py
Traceback (most recent call last):
  File "/home/airflow/.local/lib/python3.12/site-packages/airflow/models/dagbag.py", line 351, in parse
    loader.exec_module(new_module)
  File "<frozen importlib._bootstrap_external>", line 995, in exec_module
  File "<frozen importlib._bootstrap>", line 488, in _call_with_frames_removed
  File "/opt/airflow/dags/extraction_DAG.py", line 6, in <module>
    from include import extract as extract_data
ModuleNotFoundError: No module named 'include'
[2026-09-16T15:13:41.937+0000] {processor.py:842} WARNING - No viable dags retrieved from /opt/airflow/dags/extraction_DAG.py
[2026-09-16T15:13:41.949+0000] {processor.py:183} INFO - Processing /opt/airflow/dags/extraction_DAG.py took 0.113 seconds
[2026-09-16T15:14:11.983+0000] {processor.py:161} INFO - Started process (PID=5456) to work on /opt/airflow/dags/extraction_DAG.py
[2026-09-16T15:14:11.984+0000] {processor.py:830} INFO - Processing file /opt/airflow/dags/extraction_DAG.py for tasks to queue
[2026-09-16T15:14:11.985+0000] {logging_mixin.py:188} INFO - [2026-09-16T15:14:11.985+0000] {dagbag.py:545} INFO - Filling up the DagBag from /opt/airflow/dags/extraction_DAG.py
[2026-09-16T15:14:11.988+0000] {logging_mixin.py:188} INFO - [2026-09-16T15:14:11.987+0000] {dagbag.py:355} ERROR - Failed to import: /opt/airflow/dags/extraction_DAG.py
Traceback (most recent call last):
  File "/home/airflow/.local/lib/python3.12/site-packages/airflow/models/dagbag.py", line 351, in parse
    loader.exec_module(new_module)
  File "<frozen importlib._bootstrap_external>", line 995, in exec_module
  File "<frozen importlib._bootstrap>", line 488, in _call_with_frames_removed
  File "/opt/airflow/dags/extraction_DAG.py", line 6, in <module>
    from include import extract as extract_data
ModuleNotFoundError: No module named 'include'
[2026-09-16T15:14:11.989+0000] {processor.py:842} WARNING - No viable dags retrieved from /opt/airflow/dags/extraction_DAG.py
[2026-09-16T15:14:12.001+0000] {processor.py:183} INFO - Processing /opt/airflow/dags/extraction_DAG.py took 0.026 seconds
[2026-09-16T15:14:42.110+0000] {processor.py:161} INFO - Started process (PID=5463) to work on /opt/airflow/dags/extraction_DAG.py
[2026-09-16T15:14:42.116+0000] {processor.py:830} INFO - Processing file /opt/airflow/dags/extraction_DAG.py for tasks to queue
[2026-09-16T15:14:42.118+0000] {logging_mixin.py:188} INFO - [2026-09-16T15:14:42.117+0000] {dagbag.py:545} INFO - Filling up the DagBag from /opt/airflow/dags/extraction_DAG.py
[2026-09-16T15:14:42.121+0000] {logging_mixin.py:188} INFO - [2026-09-16T15:14:42.120+0000] {dagbag.py:355} ERROR - Failed to import: /opt/airflow/dags/extraction_DAG.py
Traceback (most recent call last):
  File "/home/airflow/.local/lib/python3.12/site-packages/airflow/models/dagbag.py", line 351, in parse
    loader.exec_module(new_module)
  File "<frozen importlib._bootstrap_external>", line 995, in exec_module
  File "<frozen importlib._bootstrap>", line 488, in _call_with_frames_removed
  File "/opt/airflow/dags/extraction_DAG.py", line 6, in <module>
    from include import extract as extract_data
ModuleNotFoundError: No module named 'include'
[2026-09-16T15:14:42.121+0000] {processor.py:842} WARNING - No viable dags retrieved from /opt/airflow/dags/extraction_DAG.py
[2026-09-16T15:14:42.132+0000] {processor.py:183} INFO - Processing /opt/airflow/dags/extraction_DAG.py took 0.031 seconds
[2026-09-16T15:15:12.255+0000] {processor.py:161} INFO - Started process (PID=5470) to work on /opt/airflow/dags/extraction_DAG.py
[2026-09-16T15:15:12.256+0000] {processor.py:830} INFO - Processing file /opt/airflow/dags/extraction_DAG.py for tasks to queue
[2026-09-16T15:15:12.257+0000] {logging_mixin.py:188} INFO - [2026-09-16T15:15:12.256+0000] {dagbag.py:545} INFO - Filling up the DagBag from /opt/airflow/dags/extraction_DAG.py
[2026-09-16T15:15:12.259+0000] {logging_mixin.py:188} INFO - [2026-09-16T15:15:12.258+0000] {dagbag.py:355} ERROR - Failed to import: /opt/airflow/dags/extraction_DAG.py
Traceback (most recent call last):
  File "/home/airflow/.local/lib/python3.12/site-packages/airflow/models/dagbag.py", line 351, in parse
    loader.exec_module(new_module)
  File "<frozen importlib._bootstrap_external>", line 995, in exec_module
  File "<frozen importlib._bootstrap>", line 488, in _call_with_frames_removed
  File "/opt/airflow/dags/extraction_DAG.py", line 6, in <module>
    from include import extract as extract_data
ModuleNotFoundError: No module named 'include'
[2026-09-16T15:15:12.259+0000] {processor.py:842} WARNING - No viable dags retrieved from /opt/airflow/dags/extraction_DAG.py
[2026-09-16T15:15:12.270+0000] {processor.py:183} INFO - Processing /opt/airflow/dags/extraction_DAG.py took 0.018 seconds
[2026-09-16T15:15:42.393+0000] {processor.py:161} INFO - Started process (PID=5477) to work on /opt/airflow/dags/extraction_DAG.py
[2026-09-16T15:15:42.404+0000] {processor.py:830} INFO - Processing file /opt/airflow/dags/extraction_DAG.py for tasks to queue
[2026-09-16T15:15:42.405+0000] {logging_mixin.py:188} INFO - [2026-09-16T15:15:42.404+0000] {dagbag.py:545} INFO - Filling up the DagBag from /opt/airflow/dags/extraction_DAG.py
[2026-09-16T15:15:42.407+0000] {logging_mixin.py:188} INFO - [2026-09-16T15:15:42.406+0000] {dagbag.py:355} ERROR - Failed to import: /opt/airflow/dags/extraction_DAG.py
Traceback (most recent call last):
  File "/home/airflow/.local/lib/python3.12/site-packages/airflow/models/dagbag.py", line 351, in parse
    loader.exec_module(new_module)
  File "<frozen importlib._bootstrap_external>", line 995, in exec_module
  File "<frozen importlib._bootstrap>", line 488, in _call_with_frames_removed
  File "/opt/airflow/dags/extraction_DAG.py", line 6, in <module>
    from include import extract as extract_data
ModuleNotFoundError: No module named 'include'
[2026-09-16T15:15:42.407+0000] {processor.py:842} WARNING - No viable dags retrieved from /opt/airflow/dags/extraction_DAG.py
[2026-09-16T15:15:42.418+0000] {processor.py:183} INFO - Processing /opt/airflow/dags/extraction_DAG.py took 0.028 seconds
[2026-09-16T15:16:12.516+0000] {processor.py:161} INFO - Started process (PID=5484) to work on /opt/airflow/dags/extraction_DAG.py
[2026-09-16T15:16:12.519+0000] {processor.py:830} INFO - Processing file /opt/airflow/dags/extraction_DAG.py for tasks to queue
[2026-09-16T15:16:12.521+0000] {logging_mixin.py:188} INFO - [2026-09-16T15:16:12.520+0000] {dagbag.py:545} INFO - Filling up the DagBag from /opt/airflow/dags/extraction_DAG.py
[2026-09-16T15:16:12.524+0000] {logging_mixin.py:188} INFO - [2026-09-16T15:16:12.523+0000] {dagbag.py:355} ERROR - Failed to import: /opt/airflow/dags/extraction_DAG.py
Traceback (most recent call last):
  File "/home/airflow/.local/lib/python3.12/site-packages/airflow/models/dagbag.py", line 351, in parse
    loader.exec_module(new_module)
  File "<frozen importlib._bootstrap_external>", line 995, in exec_module
  File "<frozen importlib._bootstrap>", line 488, in _call_with_frames_removed
  File "/opt/airflow/dags/extraction_DAG.py", line 6, in <module>
    from include import extract as extract_data
ModuleNotFoundError: No module named 'include'
[2026-09-16T15:16:12.525+0000] {processor.py:842} WARNING - No viable dags retrieved from /opt/airflow/dags/extraction_DAG.py
[2026-09-16T15:16:12.537+0000] {processor.py:183} INFO - Processing /opt/airflow/dags/extraction_DAG.py took 0.031 seconds
[2026-09-16T15:16:42.638+0000] {processor.py:161} INFO - Started process (PID=5491) to work on /opt/airflow/dags/extraction_DAG.py
[2026-09-16T15:16:42.744+0000] {processor.py:830} INFO - Processing file /opt/airflow/dags/extraction_DAG.py for tasks to queue
[2026-09-16T15:16:42.746+0000] {logging_mixin.py:188} INFO - [2026-09-16T15:16:42.745+0000] {dagbag.py:545} INFO - Filling up the DagBag from /opt/airflow/dags/extraction_DAG.py
[2026-09-16T15:16:42.751+0000] {logging_mixin.py:188} INFO - [2026-09-16T15:16:42.749+0000] {dagbag.py:355} ERROR - Failed to import: /opt/airflow/dags/extraction_DAG.py
Traceback (most recent call last):
  File "/home/airflow/.local/lib/python3.12/site-packages/airflow/models/dagbag.py", line 351, in parse
    loader.exec_module(new_module)
  File "<frozen importlib._bootstrap_external>", line 995, in exec_module
  File "<frozen importlib._bootstrap>", line 488, in _call_with_frames_removed
  File "/opt/airflow/dags/extraction_DAG.py", line 6, in <module>
    from include import extract as extract_data
ModuleNotFoundError: No module named 'include'
[2026-09-16T15:16:42.752+0000] {processor.py:842} WARNING - No viable dags retrieved from /opt/airflow/dags/extraction_DAG.py
[2026-09-16T15:16:42.768+0000] {processor.py:183} INFO - Processing /opt/airflow/dags/extraction_DAG.py took 0.139 seconds
[2026-09-16T15:17:12.868+0000] {processor.py:161} INFO - Started process (PID=5498) to work on /opt/airflow/dags/extraction_DAG.py
[2026-09-16T15:17:12.869+0000] {processor.py:830} INFO - Processing file /opt/airflow/dags/extraction_DAG.py for tasks to queue
[2026-09-16T15:17:12.870+0000] {logging_mixin.py:188} INFO - [2026-09-16T15:17:12.870+0000] {dagbag.py:545} INFO - Filling up the DagBag from /opt/airflow/dags/extraction_DAG.py
[2026-09-16T15:17:12.872+0000] {logging_mixin.py:188} INFO - [2026-09-16T15:17:12.871+0000] {dagbag.py:355} ERROR - Failed to import: /opt/airflow/dags/extraction_DAG.py
Traceback (most recent call last):
  File "/home/airflow/.local/lib/python3.12/site-packages/airflow/models/dagbag.py", line 351, in parse
    loader.exec_module(new_module)
  File "<frozen importlib._bootstrap_external>", line 995, in exec_module
  File "<frozen importlib._bootstrap>", line 488, in _call_with_frames_removed
  File "/opt/airflow/dags/extraction_DAG.py", line 6, in <module>
    from include import extract as extract_data
ModuleNotFoundError: No module named 'include'
[2026-09-16T15:17:12.872+0000] {processor.py:842} WARNING - No viable dags retrieved from /opt/airflow/dags/extraction_DAG.py
[2026-09-16T15:17:12.885+0000] {processor.py:183} INFO - Processing /opt/airflow/dags/extraction_DAG.py took 0.020 seconds
[2026-09-16T15:17:42.991+0000] {processor.py:161} INFO - Started process (PID=5505) to work on /opt/airflow/dags/extraction_DAG.py
[2026-09-16T15:17:43.042+0000] {processor.py:830} INFO - Processing file /opt/airflow/dags/extraction_DAG.py for tasks to queue
[2026-09-16T15:17:43.043+0000] {logging_mixin.py:188} INFO - [2026-09-16T15:17:43.043+0000] {dagbag.py:545} INFO - Filling up the DagBag from /opt/airflow/dags/extraction_DAG.py
[2026-09-16T15:17:43.049+0000] {logging_mixin.py:188} INFO - [2026-09-16T15:17:43.047+0000] {dagbag.py:355} ERROR - Failed to import: /opt/airflow/dags/extraction_DAG.py
Traceback (most recent call last):
  File "/home/airflow/.local/lib/python3.12/site-packages/airflow/models/dagbag.py", line 351, in parse
    loader.exec_module(new_module)
  File "<frozen importlib._bootstrap_external>", line 995, in exec_module
  File "<frozen importlib._bootstrap>", line 488, in _call_with_frames_removed
  File "/opt/airflow/dags/extraction_DAG.py", line 6, in <module>
    from include import extract as extract_data
ModuleNotFoundError: No module named 'include'
[2026-09-16T15:17:43.050+0000] {processor.py:842} WARNING - No viable dags retrieved from /opt/airflow/dags/extraction_DAG.py
[2026-09-16T15:17:43.072+0000] {processor.py:183} INFO - Processing /opt/airflow/dags/extraction_DAG.py took 0.090 seconds
[2026-09-16T15:18:13.116+0000] {processor.py:161} INFO - Started process (PID=5512) to work on /opt/airflow/dags/extraction_DAG.py
[2026-09-16T15:18:13.117+0000] {processor.py:830} INFO - Processing file /opt/airflow/dags/extraction_DAG.py for tasks to queue
[2026-09-16T15:18:13.118+0000] {logging_mixin.py:188} INFO - [2026-09-16T15:18:13.117+0000] {dagbag.py:545} INFO - Filling up the DagBag from /opt/airflow/dags/extraction_DAG.py
[2026-09-16T15:18:13.122+0000] {logging_mixin.py:188} INFO - [2026-09-16T15:18:13.121+0000] {dagbag.py:355} ERROR - Failed to import: /opt/airflow/dags/extraction_DAG.py
Traceback (most recent call last):
  File "/home/airflow/.local/lib/python3.12/site-packages/airflow/models/dagbag.py", line 351, in parse
    loader.exec_module(new_module)
  File "<frozen importlib._bootstrap_external>", line 995, in exec_module
  File "<frozen importlib._bootstrap>", line 488, in _call_with_frames_removed
  File "/opt/airflow/dags/extraction_DAG.py", line 6, in <module>
    from include import extract as extract_data
ModuleNotFoundError: No module named 'include'
[2026-09-16T15:18:13.122+0000] {processor.py:842} WARNING - No viable dags retrieved from /opt/airflow/dags/extraction_DAG.py
[2026-09-16T15:18:13.134+0000] {processor.py:183} INFO - Processing /opt/airflow/dags/extraction_DAG.py took 0.028 seconds
[2026-09-16T15:18:43.236+0000] {processor.py:161} INFO - Started process (PID=5519) to work on /opt/airflow/dags/extraction_DAG.py
[2026-09-16T15:18:43.319+0000] {processor.py:830} INFO - Processing file /opt/airflow/dags/extraction_DAG.py for tasks to queue
[2026-09-16T15:18:43.321+0000] {logging_mixin.py:188} INFO - [2026-09-16T15:18:43.320+0000] {dagbag.py:545} INFO - Filling up the DagBag from /opt/airflow/dags/extraction_DAG.py
[2026-09-16T15:18:43.326+0000] {logging_mixin.py:188} INFO - [2026-09-16T15:18:43.324+0000] {dagbag.py:355} ERROR - Failed to import: /opt/airflow/dags/extraction_DAG.py
Traceback (most recent call last):
  File "/home/airflow/.local/lib/python3.12/site-packages/airflow/models/dagbag.py", line 351, in parse
    loader.exec_module(new_module)
  File "<frozen importlib._bootstrap_external>", line 995, in exec_module
  File "<frozen importlib._bootstrap>", line 488, in _call_with_frames_removed
  File "/opt/airflow/dags/extraction_DAG.py", line 6, in <module>
    from include import extract as extract_data
ModuleNotFoundError: No module named 'include'
[2026-09-16T15:18:43.326+0000] {processor.py:842} WARNING - No viable dags retrieved from /opt/airflow/dags/extraction_DAG.py
[2026-09-16T15:18:43.337+0000] {processor.py:183} INFO - Processing /opt/airflow/dags/extraction_DAG.py took 0.109 seconds
[2026-09-16T15:19:13.391+0000] {processor.py:161} INFO - Started process (PID=5526) to work on /opt/airflow/dags/extraction_DAG.py
[2026-09-16T15:19:13.392+0000] {processor.py:830} INFO - Processing file /opt/airflow/dags/extraction_DAG.py for tasks to queue
[2026-09-16T15:19:13.393+0000] {logging_mixin.py:188} INFO - [2026-09-16T15:19:13.392+0000] {dagbag.py:545} INFO - Filling up the DagBag from /opt/airflow/dags/extraction_DAG.py
[2026-09-16T15:19:13.397+0000] {logging_mixin.py:188} INFO - [2026-09-16T15:19:13.395+0000] {dagbag.py:355} ERROR - Failed to import: /opt/airflow/dags/extraction_DAG.py
Traceback (most recent call last):
  File "/home/airflow/.local/lib/python3.12/site-packages/airflow/models/dagbag.py", line 351, in parse
    loader.exec_module(new_module)
  File "<frozen importlib._bootstrap_external>", line 995, in exec_module
  File "<frozen importlib._bootstrap>", line 488, in _call_with_frames_removed
  File "/opt/airflow/dags/extraction_DAG.py", line 6, in <module>
    from include import extract as extract_data
ModuleNotFoundError: No module named 'include'
[2026-09-16T15:19:13.398+0000] {processor.py:842} WARNING - No viable dags retrieved from /opt/airflow/dags/extraction_DAG.py
[2026-09-16T15:19:13.418+0000] {processor.py:183} INFO - Processing /opt/airflow/dags/extraction_DAG.py took 0.037 seconds
[2026-09-16T15:19:43.529+0000] {processor.py:161} INFO - Started process (PID=5533) to work on /opt/airflow/dags/extraction_DAG.py
[2026-09-16T15:19:43.617+0000] {processor.py:830} INFO - Processing file /opt/airflow/dags/extraction_DAG.py for tasks to queue
[2026-09-16T15:19:43.619+0000] {logging_mixin.py:188} INFO - [2026-09-16T15:19:43.618+0000] {dagbag.py:545} INFO - Filling up the DagBag from /opt/airflow/dags/extraction_DAG.py
[2026-09-16T15:19:43.624+0000] {logging_mixin.py:188} INFO - [2026-09-16T15:19:43.622+0000] {dagbag.py:355} ERROR - Failed to import: /opt/airflow/dags/extraction_DAG.py
Traceback (most recent call last):
  File "/home/airflow/.local/lib/python3.12/site-packages/airflow/models/dagbag.py", line 351, in parse
    loader.exec_module(new_module)
  File "<frozen importlib._bootstrap_external>", line 995, in exec_module
  File "<frozen importlib._bootstrap>", line 488, in _call_with_frames_removed
  File "/opt/airflow/dags/extraction_DAG.py", line 6, in <module>
    from include import extract as extract_data
ModuleNotFoundError: No module named 'include'
[2026-09-16T15:19:43.625+0000] {processor.py:842} WARNING - No viable dags retrieved from /opt/airflow/dags/extraction_DAG.py
[2026-09-16T15:19:43.653+0000] {processor.py:183} INFO - Processing /opt/airflow/dags/extraction_DAG.py took 0.134 seconds
[2026-09-16T15:20:13.704+0000] {processor.py:161} INFO - Started process (PID=5540) to work on /opt/airflow/dags/extraction_DAG.py
[2026-09-16T15:20:13.705+0000] {processor.py:830} INFO - Processing file /opt/airflow/dags/extraction_DAG.py for tasks to queue
[2026-09-16T15:20:13.707+0000] {logging_mixin.py:188} INFO - [2026-09-16T15:20:13.706+0000] {dagbag.py:545} INFO - Filling up the DagBag from /opt/airflow/dags/extraction_DAG.py
[2026-09-16T15:20:13.712+0000] {logging_mixin.py:188} INFO - [2026-09-16T15:20:13.710+0000] {dagbag.py:355} ERROR - Failed to import: /opt/airflow/dags/extraction_DAG.py
Traceback (most recent call last):
  File "/home/airflow/.local/lib/python3.12/site-packages/airflow/models/dagbag.py", line 351, in parse
    loader.exec_module(new_module)
  File "<frozen importlib._bootstrap_external>", line 995, in exec_module
  File "<frozen importlib._bootstrap>", line 488, in _call_with_frames_removed
  File "/opt/airflow/dags/extraction_DAG.py", line 6, in <module>
    from include import extract as extract_data
ModuleNotFoundError: No module named 'include'
[2026-09-16T15:20:13.712+0000] {processor.py:842} WARNING - No viable dags retrieved from /opt/airflow/dags/extraction_DAG.py
[2026-09-16T15:20:13.730+0000] {processor.py:183} INFO - Processing /opt/airflow/dags/extraction_DAG.py took 0.036 seconds
[2026-09-16T15:20:43.848+0000] {processor.py:161} INFO - Started process (PID=5547) to work on /opt/airflow/dags/extraction_DAG.py
[2026-09-16T15:20:43.863+0000] {processor.py:830} INFO - Processing file /opt/airflow/dags/extraction_DAG.py for tasks to queue
[2026-09-16T15:20:43.864+0000] {logging_mixin.py:188} INFO - [2026-09-16T15:20:43.864+0000] {dagbag.py:545} INFO - Filling up the DagBag from /opt/airflow/dags/extraction_DAG.py
[2026-09-16T15:20:43.869+0000] {logging_mixin.py:188} INFO - [2026-09-16T15:20:43.868+0000] {dagbag.py:355} ERROR - Failed to import: /opt/airflow/dags/extraction_DAG.py
Traceback (most recent call last):
  File "/home/airflow/.local/lib/python3.12/site-packages/airflow/models/dagbag.py", line 351, in parse
    loader.exec_module(new_module)
  File "<frozen importlib._bootstrap_external>", line 995, in exec_module
  File "<frozen importlib._bootstrap>", line 488, in _call_with_frames_removed
  File "/opt/airflow/dags/extraction_DAG.py", line 6, in <module>
    from include import extract as extract_data
ModuleNotFoundError: No module named 'include'
[2026-09-16T15:20:43.870+0000] {processor.py:842} WARNING - No viable dags retrieved from /opt/airflow/dags/extraction_DAG.py
[2026-09-16T15:20:43.886+0000] {processor.py:183} INFO - Processing /opt/airflow/dags/extraction_DAG.py took 0.047 seconds
[2026-09-16T15:21:14.006+0000] {processor.py:161} INFO - Started process (PID=5554) to work on /opt/airflow/dags/extraction_DAG.py
[2026-09-16T15:21:14.007+0000] {processor.py:830} INFO - Processing file /opt/airflow/dags/extraction_DAG.py for tasks to queue
[2026-09-16T15:21:14.008+0000] {logging_mixin.py:188} INFO - [2026-09-16T15:21:14.008+0000] {dagbag.py:545} INFO - Filling up the DagBag from /opt/airflow/dags/extraction_DAG.py
[2026-09-16T15:21:14.012+0000] {logging_mixin.py:188} INFO - [2026-09-16T15:21:14.011+0000] {dagbag.py:355} ERROR - Failed to import: /opt/airflow/dags/extraction_DAG.py
Traceback (most recent call last):
  File "/home/airflow/.local/lib/python3.12/site-packages/airflow/models/dagbag.py", line 351, in parse
    loader.exec_module(new_module)
  File "<frozen importlib._bootstrap_external>", line 995, in exec_module
  File "<frozen importlib._bootstrap>", line 488, in _call_with_frames_removed
  File "/opt/airflow/dags/extraction_DAG.py", line 6, in <module>
    from include import extract as extract_data
ModuleNotFoundError: No module named 'include'
[2026-09-16T15:21:14.012+0000] {processor.py:842} WARNING - No viable dags retrieved from /opt/airflow/dags/extraction_DAG.py
[2026-09-16T15:21:14.024+0000] {processor.py:183} INFO - Processing /opt/airflow/dags/extraction_DAG.py took 0.027 seconds
[2026-09-16T15:21:44.156+0000] {processor.py:161} INFO - Started process (PID=5561) to work on /opt/airflow/dags/extraction_DAG.py
[2026-09-16T15:21:44.166+0000] {processor.py:830} INFO - Processing file /opt/airflow/dags/extraction_DAG.py for tasks to queue
[2026-09-16T15:21:44.168+0000] {logging_mixin.py:188} INFO - [2026-09-16T15:21:44.167+0000] {dagbag.py:545} INFO - Filling up the DagBag from /opt/airflow/dags/extraction_DAG.py
[2026-09-16T15:21:44.173+0000] {logging_mixin.py:188} INFO - [2026-09-16T15:21:44.171+0000] {dagbag.py:355} ERROR - Failed to import: /opt/airflow/dags/extraction_DAG.py
Traceback (most recent call last):
  File "/home/airflow/.local/lib/python3.12/site-packages/airflow/models/dagbag.py", line 351, in parse
    loader.exec_module(new_module)
  File "<frozen importlib._bootstrap_external>", line 995, in exec_module
  File "<frozen importlib._bootstrap>", line 488, in _call_with_frames_removed
  File "/opt/airflow/dags/extraction_DAG.py", line 6, in <module>
    from include import extract as extract_data
ModuleNotFoundError: No module named 'include'
[2026-09-16T15:21:44.173+0000] {processor.py:842} WARNING - No viable dags retrieved from /opt/airflow/dags/extraction_DAG.py
[2026-09-16T15:21:44.194+0000] {processor.py:183} INFO - Processing /opt/airflow/dags/extraction_DAG.py took 0.048 seconds
[2026-09-16T15:22:14.306+0000] {processor.py:161} INFO - Started process (PID=5568) to work on /opt/airflow/dags/extraction_DAG.py
[2026-09-16T15:22:14.307+0000] {processor.py:830} INFO - Processing file /opt/airflow/dags/extraction_DAG.py for tasks to queue
[2026-09-16T15:22:14.308+0000] {logging_mixin.py:188} INFO - [2026-09-16T15:22:14.308+0000] {dagbag.py:545} INFO - Filling up the DagBag from /opt/airflow/dags/extraction_DAG.py
[2026-09-16T15:22:14.312+0000] {logging_mixin.py:188} INFO - [2026-09-16T15:22:14.311+0000] {dagbag.py:355} ERROR - Failed to import: /opt/airflow/dags/extraction_DAG.py
Traceback (most recent call last):
  File "/home/airflow/.local/lib/python3.12/site-packages/airflow/models/dagbag.py", line 351, in parse
    loader.exec_module(new_module)
  File "<frozen importlib._bootstrap_external>", line 995, in exec_module
  File "<frozen importlib._bootstrap>", line 488, in _call_with_frames_removed
  File "/opt/airflow/dags/extraction_DAG.py", line 6, in <module>
    from include import extract as extract_data
ModuleNotFoundError: No module named 'include'
[2026-09-16T15:22:14.313+0000] {processor.py:842} WARNING - No viable dags retrieved from /opt/airflow/dags/extraction_DAG.py
[2026-09-16T15:22:14.330+0000] {processor.py:183} INFO - Processing /opt/airflow/dags/extraction_DAG.py took 0.035 seconds
[2026-09-16T15:22:44.462+0000] {processor.py:161} INFO - Started process (PID=5575) to work on /opt/airflow/dags/extraction_DAG.py
[2026-09-16T15:22:44.551+0000] {processor.py:830} INFO - Processing file /opt/airflow/dags/extraction_DAG.py for tasks to queue
[2026-09-16T15:22:44.552+0000] {logging_mixin.py:188} INFO - [2026-09-16T15:22:44.552+0000] {dagbag.py:545} INFO - Filling up the DagBag from /opt/airflow/dags/extraction_DAG.py
[2026-09-16T15:22:44.557+0000] {logging_mixin.py:188} INFO - [2026-09-16T15:22:44.555+0000] {dagbag.py:355} ERROR - Failed to import: /opt/airflow/dags/extraction_DAG.py
Traceback (most recent call last):
  File "/home/airflow/.local/lib/python3.12/site-packages/airflow/models/dagbag.py", line 351, in parse
    loader.exec_module(new_module)
  File "<frozen importlib._bootstrap_external>", line 995, in exec_module
  File "<frozen importlib._bootstrap>", line 488, in _call_with_frames_removed
  File "/opt/airflow/dags/extraction_DAG.py", line 6, in <module>
    from include import extract as extract_data
ModuleNotFoundError: No module named 'include'
[2026-09-16T15:22:44.558+0000] {processor.py:842} WARNING - No viable dags retrieved from /opt/airflow/dags/extraction_DAG.py
[2026-09-16T15:22:44.584+0000] {processor.py:183} INFO - Processing /opt/airflow/dags/extraction_DAG.py took 0.130 seconds
[2026-09-16T15:23:14.725+0000] {processor.py:161} INFO - Started process (PID=5582) to work on /opt/airflow/dags/extraction_DAG.py
[2026-09-16T15:23:14.726+0000] {processor.py:830} INFO - Processing file /opt/airflow/dags/extraction_DAG.py for tasks to queue
[2026-09-16T15:23:14.727+0000] {logging_mixin.py:188} INFO - [2026-09-16T15:23:14.727+0000] {dagbag.py:545} INFO - Filling up the DagBag from /opt/airflow/dags/extraction_DAG.py
[2026-09-16T15:23:14.732+0000] {logging_mixin.py:188} INFO - [2026-09-16T15:23:14.730+0000] {dagbag.py:355} ERROR - Failed to import: /opt/airflow/dags/extraction_DAG.py
Traceback (most recent call last):
  File "/home/airflow/.local/lib/python3.12/site-packages/airflow/models/dagbag.py", line 351, in parse
    loader.exec_module(new_module)
  File "<frozen importlib._bootstrap_external>", line 995, in exec_module
  File "<frozen importlib._bootstrap>", line 488, in _call_with_frames_removed
  File "/opt/airflow/dags/extraction_DAG.py", line 6, in <module>
    from include import extract as extract_data
ModuleNotFoundError: No module named 'include'
[2026-09-16T15:23:14.732+0000] {processor.py:842} WARNING - No viable dags retrieved from /opt/airflow/dags/extraction_DAG.py
[2026-09-16T15:23:14.747+0000] {processor.py:183} INFO - Processing /opt/airflow/dags/extraction_DAG.py took 0.032 seconds
[2026-09-16T15:23:44.864+0000] {processor.py:161} INFO - Started process (PID=5589) to work on /opt/airflow/dags/extraction_DAG.py
[2026-09-16T15:23:44.865+0000] {processor.py:830} INFO - Processing file /opt/airflow/dags/extraction_DAG.py for tasks to queue
[2026-09-16T15:23:44.866+0000] {logging_mixin.py:188} INFO - [2026-09-16T15:23:44.866+0000] {dagbag.py:545} INFO - Filling up the DagBag from /opt/airflow/dags/extraction_DAG.py
[2026-09-16T15:23:44.869+0000] {logging_mixin.py:188} INFO - [2026-09-16T15:23:44.868+0000] {dagbag.py:355} ERROR - Failed to import: /opt/airflow/dags/extraction_DAG.py
Traceback (most recent call last):
  File "/home/airflow/.local/lib/python3.12/site-packages/airflow/models/dagbag.py", line 351, in parse
    loader.exec_module(new_module)
  File "<frozen importlib._bootstrap_external>", line 995, in exec_module
  File "<frozen importlib._bootstrap>", line 488, in _call_with_frames_removed
  File "/opt/airflow/dags/extraction_DAG.py", line 6, in <module>
    from include import extract as extract_data
ModuleNotFoundError: No module named 'include'
[2026-09-16T15:23:44.869+0000] {processor.py:842} WARNING - No viable dags retrieved from /opt/airflow/dags/extraction_DAG.py
[2026-09-16T15:23:44.880+0000] {processor.py:183} INFO - Processing /opt/airflow/dags/extraction_DAG.py took 0.026 seconds
[2026-09-16T15:24:15.015+0000] {processor.py:161} INFO - Started process (PID=5596) to work on /opt/airflow/dags/extraction_DAG.py
[2026-09-16T15:24:15.016+0000] {processor.py:830} INFO - Processing file /opt/airflow/dags/extraction_DAG.py for tasks to queue
[2026-09-16T15:24:15.017+0000] {logging_mixin.py:188} INFO - [2026-09-16T15:24:15.017+0000] {dagbag.py:545} INFO - Filling up the DagBag from /opt/airflow/dags/extraction_DAG.py
[2026-09-16T15:24:15.020+0000] {logging_mixin.py:188} INFO - [2026-09-16T15:24:15.019+0000] {dagbag.py:355} ERROR - Failed to import: /opt/airflow/dags/extraction_DAG.py
Traceback (most recent call last):
  File "/home/airflow/.local/lib/python3.12/site-packages/airflow/models/dagbag.py", line 351, in parse
    loader.exec_module(new_module)
  File "<frozen importlib._bootstrap_external>", line 995, in exec_module
  File "<frozen importlib._bootstrap>", line 488, in _call_with_frames_removed
  File "/opt/airflow/dags/extraction_DAG.py", line 6, in <module>
    from include import extract as extract_data
ModuleNotFoundError: No module named 'include'
[2026-09-16T15:24:15.020+0000] {processor.py:842} WARNING - No viable dags retrieved from /opt/airflow/dags/extraction_DAG.py
[2026-09-16T15:24:15.031+0000] {processor.py:183} INFO - Processing /opt/airflow/dags/extraction_DAG.py took 0.024 seconds
[2026-09-16T15:24:45.154+0000] {processor.py:161} INFO - Started process (PID=5603) to work on /opt/airflow/dags/extraction_DAG.py
[2026-09-16T15:24:45.161+0000] {processor.py:830} INFO - Processing file /opt/airflow/dags/extraction_DAG.py for tasks to queue
[2026-09-16T15:24:45.162+0000] {logging_mixin.py:188} INFO - [2026-09-16T15:24:45.162+0000] {dagbag.py:545} INFO - Filling up the DagBag from /opt/airflow/dags/extraction_DAG.py
[2026-09-16T15:24:45.167+0000] {logging_mixin.py:188} INFO - [2026-09-16T15:24:45.165+0000] {dagbag.py:355} ERROR - Failed to import: /opt/airflow/dags/extraction_DAG.py
Traceback (most recent call last):
  File "/home/airflow/.local/lib/python3.12/site-packages/airflow/models/dagbag.py", line 351, in parse
    loader.exec_module(new_module)
  File "<frozen importlib._bootstrap_external>", line 995, in exec_module
  File "<frozen importlib._bootstrap>", line 488, in _call_with_frames_removed
  File "/opt/airflow/dags/extraction_DAG.py", line 6, in <module>
    from include import extract as extract_data
ModuleNotFoundError: No module named 'include'
[2026-09-16T15:24:45.167+0000] {processor.py:842} WARNING - No viable dags retrieved from /opt/airflow/dags/extraction_DAG.py
[2026-09-16T15:24:45.182+0000] {processor.py:183} INFO - Processing /opt/airflow/dags/extraction_DAG.py took 0.037 seconds
[2026-09-16T15:25:15.269+0000] {processor.py:161} INFO - Started process (PID=5610) to work on /opt/airflow/dags/extraction_DAG.py
[2026-09-16T15:25:15.269+0000] {processor.py:830} INFO - Processing file /opt/airflow/dags/extraction_DAG.py for tasks to queue
[2026-09-16T15:25:15.270+0000] {logging_mixin.py:188} INFO - [2026-09-16T15:25:15.270+0000] {dagbag.py:545} INFO - Filling up the DagBag from /opt/airflow/dags/extraction_DAG.py
[2026-09-16T15:25:15.272+0000] {logging_mixin.py:188} INFO - [2026-09-16T15:25:15.271+0000] {dagbag.py:355} ERROR - Failed to import: /opt/airflow/dags/extraction_DAG.py
Traceback (most recent call last):
  File "/home/airflow/.local/lib/python3.12/site-packages/airflow/models/dagbag.py", line 351, in parse
    loader.exec_module(new_module)
  File "<frozen importlib._bootstrap_external>", line 995, in exec_module
  File "<frozen importlib._bootstrap>", line 488, in _call_with_frames_removed
  File "/opt/airflow/dags/extraction_DAG.py", line 6, in <module>
    from include import extract as extract_data
ModuleNotFoundError: No module named 'include'
[2026-09-16T15:25:15.272+0000] {processor.py:842} WARNING - No viable dags retrieved from /opt/airflow/dags/extraction_DAG.py
[2026-09-16T15:25:15.284+0000] {processor.py:183} INFO - Processing /opt/airflow/dags/extraction_DAG.py took 0.019 seconds
[2026-09-16T15:25:45.390+0000] {processor.py:161} INFO - Started process (PID=5617) to work on /opt/airflow/dags/extraction_DAG.py
[2026-09-16T15:25:45.480+0000] {processor.py:830} INFO - Processing file /opt/airflow/dags/extraction_DAG.py for tasks to queue
[2026-09-16T15:25:45.481+0000] {logging_mixin.py:188} INFO - [2026-09-16T15:25:45.481+0000] {dagbag.py:545} INFO - Filling up the DagBag from /opt/airflow/dags/extraction_DAG.py
[2026-09-16T15:25:45.483+0000] {logging_mixin.py:188} INFO - [2026-09-16T15:25:45.482+0000] {dagbag.py:355} ERROR - Failed to import: /opt/airflow/dags/extraction_DAG.py
Traceback (most recent call last):
  File "/home/airflow/.local/lib/python3.12/site-packages/airflow/models/dagbag.py", line 351, in parse
    loader.exec_module(new_module)
  File "<frozen importlib._bootstrap_external>", line 995, in exec_module
  File "<frozen importlib._bootstrap>", line 488, in _call_with_frames_removed
  File "/opt/airflow/dags/extraction_DAG.py", line 6, in <module>
    from include import extract as extract_data
ModuleNotFoundError: No module named 'include'
[2026-09-16T15:25:45.483+0000] {processor.py:842} WARNING - No viable dags retrieved from /opt/airflow/dags/extraction_DAG.py
[2026-09-16T15:25:45.494+0000] {processor.py:183} INFO - Processing /opt/airflow/dags/extraction_DAG.py took 0.108 seconds
[2026-09-16T15:26:15.585+0000] {processor.py:161} INFO - Started process (PID=5624) to work on /opt/airflow/dags/extraction_DAG.py
[2026-09-16T15:26:15.585+0000] {processor.py:830} INFO - Processing file /opt/airflow/dags/extraction_DAG.py for tasks to queue
[2026-09-16T15:26:15.586+0000] {logging_mixin.py:188} INFO - [2026-09-16T15:26:15.586+0000] {dagbag.py:545} INFO - Filling up the DagBag from /opt/airflow/dags/extraction_DAG.py
[2026-09-16T15:26:15.588+0000] {logging_mixin.py:188} INFO - [2026-09-16T15:26:15.587+0000] {dagbag.py:355} ERROR - Failed to import: /opt/airflow/dags/extraction_DAG.py
Traceback (most recent call last):
  File "/home/airflow/.local/lib/python3.12/site-packages/airflow/models/dagbag.py", line 351, in parse
    loader.exec_module(new_module)
  File "<frozen importlib._bootstrap_external>", line 995, in exec_module
  File "<frozen importlib._bootstrap>", line 488, in _call_with_frames_removed
  File "/opt/airflow/dags/extraction_DAG.py", line 6, in <module>
    from include import extract as extract_data
ModuleNotFoundError: No module named 'include'
[2026-09-16T15:26:15.588+0000] {processor.py:842} WARNING - No viable dags retrieved from /opt/airflow/dags/extraction_DAG.py
[2026-09-16T15:26:15.601+0000] {processor.py:183} INFO - Processing /opt/airflow/dags/extraction_DAG.py took 0.020 seconds
[2026-09-16T15:26:45.730+0000] {processor.py:161} INFO - Started process (PID=5630) to work on /opt/airflow/dags/extraction_DAG.py
[2026-09-16T15:26:45.742+0000] {processor.py:830} INFO - Processing file /opt/airflow/dags/extraction_DAG.py for tasks to queue
[2026-09-16T15:26:45.742+0000] {logging_mixin.py:188} INFO - [2026-09-16T15:26:45.742+0000] {dagbag.py:545} INFO - Filling up the DagBag from /opt/airflow/dags/extraction_DAG.py
[2026-09-16T15:26:45.745+0000] {logging_mixin.py:188} INFO - [2026-09-16T15:26:45.744+0000] {dagbag.py:355} ERROR - Failed to import: /opt/airflow/dags/extraction_DAG.py
Traceback (most recent call last):
  File "/home/airflow/.local/lib/python3.12/site-packages/airflow/models/dagbag.py", line 351, in parse
    loader.exec_module(new_module)
  File "<frozen importlib._bootstrap_external>", line 995, in exec_module
  File "<frozen importlib._bootstrap>", line 488, in _call_with_frames_removed
  File "/opt/airflow/dags/extraction_DAG.py", line 6, in <module>
    from include import extract as extract_data
ModuleNotFoundError: No module named 'include'
[2026-09-16T15:26:45.745+0000] {processor.py:842} WARNING - No viable dags retrieved from /opt/airflow/dags/extraction_DAG.py
[2026-09-16T15:26:45.756+0000] {processor.py:183} INFO - Processing /opt/airflow/dags/extraction_DAG.py took 0.030 seconds
[2026-09-16T15:27:15.856+0000] {processor.py:161} INFO - Started process (PID=5637) to work on /opt/airflow/dags/extraction_DAG.py
[2026-09-16T15:27:15.857+0000] {processor.py:830} INFO - Processing file /opt/airflow/dags/extraction_DAG.py for tasks to queue
[2026-09-16T15:27:15.857+0000] {logging_mixin.py:188} INFO - [2026-09-16T15:27:15.857+0000] {dagbag.py:545} INFO - Filling up the DagBag from /opt/airflow/dags/extraction_DAG.py
[2026-09-16T15:27:15.861+0000] {logging_mixin.py:188} INFO - [2026-09-16T15:27:15.860+0000] {dagbag.py:355} ERROR - Failed to import: /opt/airflow/dags/extraction_DAG.py
Traceback (most recent call last):
  File "/home/airflow/.local/lib/python3.12/site-packages/airflow/models/dagbag.py", line 351, in parse
    loader.exec_module(new_module)
  File "<frozen importlib._bootstrap_external>", line 995, in exec_module
  File "<frozen importlib._bootstrap>", line 488, in _call_with_frames_removed
  File "/opt/airflow/dags/extraction_DAG.py", line 6, in <module>
    from include import extract as extract_data
ModuleNotFoundError: No module named 'include'
[2026-09-16T15:27:15.862+0000] {processor.py:842} WARNING - No viable dags retrieved from /opt/airflow/dags/extraction_DAG.py
[2026-09-16T15:27:15.876+0000] {processor.py:183} INFO - Processing /opt/airflow/dags/extraction_DAG.py took 0.028 seconds
[2026-09-16T15:27:45.987+0000] {processor.py:161} INFO - Started process (PID=5644) to work on /opt/airflow/dags/extraction_DAG.py
[2026-09-16T15:27:45.993+0000] {processor.py:830} INFO - Processing file /opt/airflow/dags/extraction_DAG.py for tasks to queue
[2026-09-16T15:27:45.994+0000] {logging_mixin.py:188} INFO - [2026-09-16T15:27:45.993+0000] {dagbag.py:545} INFO - Filling up the DagBag from /opt/airflow/dags/extraction_DAG.py
[2026-09-16T15:27:45.997+0000] {logging_mixin.py:188} INFO - [2026-09-16T15:27:45.996+0000] {dagbag.py:355} ERROR - Failed to import: /opt/airflow/dags/extraction_DAG.py
Traceback (most recent call last):
  File "/home/airflow/.local/lib/python3.12/site-packages/airflow/models/dagbag.py", line 351, in parse
    loader.exec_module(new_module)
  File "<frozen importlib._bootstrap_external>", line 995, in exec_module
  File "<frozen importlib._bootstrap>", line 488, in _call_with_frames_removed
  File "/opt/airflow/dags/extraction_DAG.py", line 6, in <module>
    from include import extract as extract_data
ModuleNotFoundError: No module named 'include'
[2026-09-16T15:27:45.997+0000] {processor.py:842} WARNING - No viable dags retrieved from /opt/airflow/dags/extraction_DAG.py
[2026-09-16T15:27:46.013+0000] {processor.py:183} INFO - Processing /opt/airflow/dags/extraction_DAG.py took 0.029 seconds
[2026-09-16T15:28:16.134+0000] {processor.py:161} INFO - Started process (PID=5651) to work on /opt/airflow/dags/extraction_DAG.py
[2026-09-16T15:28:16.134+0000] {processor.py:830} INFO - Processing file /opt/airflow/dags/extraction_DAG.py for tasks to queue
[2026-09-16T15:28:16.135+0000] {logging_mixin.py:188} INFO - [2026-09-16T15:28:16.135+0000] {dagbag.py:545} INFO - Filling up the DagBag from /opt/airflow/dags/extraction_DAG.py
[2026-09-16T15:28:16.138+0000] {logging_mixin.py:188} INFO - [2026-09-16T15:28:16.137+0000] {dagbag.py:355} ERROR - Failed to import: /opt/airflow/dags/extraction_DAG.py
Traceback (most recent call last):
  File "/home/airflow/.local/lib/python3.12/site-packages/airflow/models/dagbag.py", line 351, in parse
    loader.exec_module(new_module)
  File "<frozen importlib._bootstrap_external>", line 995, in exec_module
  File "<frozen importlib._bootstrap>", line 488, in _call_with_frames_removed
  File "/opt/airflow/dags/extraction_DAG.py", line 6, in <module>
    from include import extract as extract_data
ModuleNotFoundError: No module named 'include'
[2026-09-16T15:28:16.138+0000] {processor.py:842} WARNING - No viable dags retrieved from /opt/airflow/dags/extraction_DAG.py
[2026-09-16T15:28:16.151+0000] {processor.py:183} INFO - Processing /opt/airflow/dags/extraction_DAG.py took 0.026 seconds
[2026-09-16T15:28:46.286+0000] {processor.py:161} INFO - Started process (PID=5658) to work on /opt/airflow/dags/extraction_DAG.py
[2026-09-16T15:28:46.290+0000] {processor.py:830} INFO - Processing file /opt/airflow/dags/extraction_DAG.py for tasks to queue
[2026-09-16T15:28:46.292+0000] {logging_mixin.py:188} INFO - [2026-09-16T15:28:46.291+0000] {dagbag.py:545} INFO - Filling up the DagBag from /opt/airflow/dags/extraction_DAG.py
[2026-09-16T15:28:46.296+0000] {logging_mixin.py:188} INFO - [2026-09-16T15:28:46.295+0000] {dagbag.py:355} ERROR - Failed to import: /opt/airflow/dags/extraction_DAG.py
Traceback (most recent call last):
  File "/home/airflow/.local/lib/python3.12/site-packages/airflow/models/dagbag.py", line 351, in parse
    loader.exec_module(new_module)
  File "<frozen importlib._bootstrap_external>", line 995, in exec_module
  File "<frozen importlib._bootstrap>", line 488, in _call_with_frames_removed
  File "/opt/airflow/dags/extraction_DAG.py", line 6, in <module>
    from include import extract as extract_data
ModuleNotFoundError: No module named 'include'
[2026-09-16T15:28:46.296+0000] {processor.py:842} WARNING - No viable dags retrieved from /opt/airflow/dags/extraction_DAG.py
[2026-09-16T15:28:46.309+0000] {processor.py:183} INFO - Processing /opt/airflow/dags/extraction_DAG.py took 0.033 seconds
[2026-09-16T15:29:16.405+0000] {processor.py:161} INFO - Started process (PID=5665) to work on /opt/airflow/dags/extraction_DAG.py
[2026-09-16T15:29:16.406+0000] {processor.py:830} INFO - Processing file /opt/airflow/dags/extraction_DAG.py for tasks to queue
[2026-09-16T15:29:16.407+0000] {logging_mixin.py:188} INFO - [2026-09-16T15:29:16.406+0000] {dagbag.py:545} INFO - Filling up the DagBag from /opt/airflow/dags/extraction_DAG.py
[2026-09-16T15:29:16.409+0000] {logging_mixin.py:188} INFO - [2026-09-16T15:29:16.408+0000] {dagbag.py:355} ERROR - Failed to import: /opt/airflow/dags/extraction_DAG.py
Traceback (most recent call last):
  File "/home/airflow/.local/lib/python3.12/site-packages/airflow/models/dagbag.py", line 351, in parse
    loader.exec_module(new_module)
  File "<frozen importlib._bootstrap_external>", line 995, in exec_module
  File "<frozen importlib._bootstrap>", line 488, in _call_with_frames_removed
  File "/opt/airflow/dags/extraction_DAG.py", line 6, in <module>
    from include import extract as extract_data
ModuleNotFoundError: No module named 'include'
[2026-09-16T15:29:16.409+0000] {processor.py:842} WARNING - No viable dags retrieved from /opt/airflow/dags/extraction_DAG.py
[2026-09-16T15:29:16.420+0000] {processor.py:183} INFO - Processing /opt/airflow/dags/extraction_DAG.py took 0.018 seconds
[2026-09-16T15:29:46.533+0000] {processor.py:161} INFO - Started process (PID=5672) to work on /opt/airflow/dags/extraction_DAG.py
[2026-09-16T15:29:46.598+0000] {processor.py:830} INFO - Processing file /opt/airflow/dags/extraction_DAG.py for tasks to queue
[2026-09-16T15:29:46.599+0000] {logging_mixin.py:188} INFO - [2026-09-16T15:29:46.599+0000] {dagbag.py:545} INFO - Filling up the DagBag from /opt/airflow/dags/extraction_DAG.py
[2026-09-16T15:29:46.604+0000] {logging_mixin.py:188} INFO - [2026-09-16T15:29:46.602+0000] {dagbag.py:355} ERROR - Failed to import: /opt/airflow/dags/extraction_DAG.py
Traceback (most recent call last):
  File "/home/airflow/.local/lib/python3.12/site-packages/airflow/models/dagbag.py", line 351, in parse
    loader.exec_module(new_module)
  File "<frozen importlib._bootstrap_external>", line 995, in exec_module
  File "<frozen importlib._bootstrap>", line 488, in _call_with_frames_removed
  File "/opt/airflow/dags/extraction_DAG.py", line 6, in <module>
    from include import extract as extract_data
ModuleNotFoundError: No module named 'include'
[2026-09-16T15:29:46.605+0000] {processor.py:842} WARNING - No viable dags retrieved from /opt/airflow/dags/extraction_DAG.py
[2026-09-16T15:29:46.625+0000] {processor.py:183} INFO - Processing /opt/airflow/dags/extraction_DAG.py took 0.100 seconds
[2026-09-16T15:30:16.729+0000] {processor.py:161} INFO - Started process (PID=5679) to work on /opt/airflow/dags/extraction_DAG.py
[2026-09-16T15:30:16.730+0000] {processor.py:830} INFO - Processing file /opt/airflow/dags/extraction_DAG.py for tasks to queue
[2026-09-16T15:30:16.730+0000] {logging_mixin.py:188} INFO - [2026-09-16T15:30:16.730+0000] {dagbag.py:545} INFO - Filling up the DagBag from /opt/airflow/dags/extraction_DAG.py
[2026-09-16T15:30:16.732+0000] {logging_mixin.py:188} INFO - [2026-09-16T15:30:16.732+0000] {dagbag.py:355} ERROR - Failed to import: /opt/airflow/dags/extraction_DAG.py
Traceback (most recent call last):
  File "/home/airflow/.local/lib/python3.12/site-packages/airflow/models/dagbag.py", line 351, in parse
    loader.exec_module(new_module)
  File "<frozen importlib._bootstrap_external>", line 995, in exec_module
  File "<frozen importlib._bootstrap>", line 488, in _call_with_frames_removed
  File "/opt/airflow/dags/extraction_DAG.py", line 6, in <module>
    from include import extract as extract_data
ModuleNotFoundError: No module named 'include'
[2026-09-16T15:30:16.733+0000] {processor.py:842} WARNING - No viable dags retrieved from /opt/airflow/dags/extraction_DAG.py
[2026-09-16T15:30:16.744+0000] {processor.py:183} INFO - Processing /opt/airflow/dags/extraction_DAG.py took 0.020 seconds
[2026-09-16T15:30:46.847+0000] {processor.py:161} INFO - Started process (PID=5686) to work on /opt/airflow/dags/extraction_DAG.py
[2026-09-16T15:30:46.852+0000] {processor.py:830} INFO - Processing file /opt/airflow/dags/extraction_DAG.py for tasks to queue
[2026-09-16T15:30:46.853+0000] {logging_mixin.py:188} INFO - [2026-09-16T15:30:46.853+0000] {dagbag.py:545} INFO - Filling up the DagBag from /opt/airflow/dags/extraction_DAG.py
[2026-09-16T15:30:46.857+0000] {logging_mixin.py:188} INFO - [2026-09-16T15:30:46.855+0000] {dagbag.py:355} ERROR - Failed to import: /opt/airflow/dags/extraction_DAG.py
Traceback (most recent call last):
  File "/home/airflow/.local/lib/python3.12/site-packages/airflow/models/dagbag.py", line 351, in parse
    loader.exec_module(new_module)
  File "<frozen importlib._bootstrap_external>", line 995, in exec_module
  File "<frozen importlib._bootstrap>", line 488, in _call_with_frames_removed
  File "/opt/airflow/dags/extraction_DAG.py", line 6, in <module>
    from include import extract as extract_data
ModuleNotFoundError: No module named 'include'
[2026-09-16T15:30:46.857+0000] {processor.py:842} WARNING - No viable dags retrieved from /opt/airflow/dags/extraction_DAG.py
[2026-09-16T15:30:46.868+0000] {processor.py:183} INFO - Processing /opt/airflow/dags/extraction_DAG.py took 0.030 seconds
[2026-09-16T15:31:16.961+0000] {processor.py:161} INFO - Started process (PID=5693) to work on /opt/airflow/dags/extraction_DAG.py
[2026-09-16T15:31:16.961+0000] {processor.py:830} INFO - Processing file /opt/airflow/dags/extraction_DAG.py for tasks to queue
[2026-09-16T15:31:16.962+0000] {logging_mixin.py:188} INFO - [2026-09-16T15:31:16.961+0000] {dagbag.py:545} INFO - Filling up the DagBag from /opt/airflow/dags/extraction_DAG.py
[2026-09-16T15:31:16.964+0000] {logging_mixin.py:188} INFO - [2026-09-16T15:31:16.963+0000] {dagbag.py:355} ERROR - Failed to import: /opt/airflow/dags/extraction_DAG.py
Traceback (most recent call last):
  File "/home/airflow/.local/lib/python3.12/site-packages/airflow/models/dagbag.py", line 351, in parse
    loader.exec_module(new_module)
  File "<frozen importlib._bootstrap_external>", line 995, in exec_module
  File "<frozen importlib._bootstrap>", line 488, in _call_with_frames_removed
  File "/opt/airflow/dags/extraction_DAG.py", line 6, in <module>
    from include import extract as extract_data
ModuleNotFoundError: No module named 'include'
[2026-09-16T15:31:16.964+0000] {processor.py:842} WARNING - No viable dags retrieved from /opt/airflow/dags/extraction_DAG.py
[2026-09-16T15:31:16.975+0000] {processor.py:183} INFO - Processing /opt/airflow/dags/extraction_DAG.py took 0.019 seconds
[2026-09-16T15:31:47.129+0000] {processor.py:161} INFO - Started process (PID=5700) to work on /opt/airflow/dags/extraction_DAG.py
[2026-09-16T15:31:47.139+0000] {processor.py:830} INFO - Processing file /opt/airflow/dags/extraction_DAG.py for tasks to queue
[2026-09-16T15:31:47.140+0000] {logging_mixin.py:188} INFO - [2026-09-16T15:31:47.140+0000] {dagbag.py:545} INFO - Filling up the DagBag from /opt/airflow/dags/extraction_DAG.py
[2026-09-16T15:31:47.145+0000] {logging_mixin.py:188} INFO - [2026-09-16T15:31:47.143+0000] {dagbag.py:355} ERROR - Failed to import: /opt/airflow/dags/extraction_DAG.py
Traceback (most recent call last):
  File "/home/airflow/.local/lib/python3.12/site-packages/airflow/models/dagbag.py", line 351, in parse
    loader.exec_module(new_module)
  File "<frozen importlib._bootstrap_external>", line 995, in exec_module
  File "<frozen importlib._bootstrap>", line 488, in _call_with_frames_removed
  File "/opt/airflow/dags/extraction_DAG.py", line 6, in <module>
    from include import extract as extract_data
ModuleNotFoundError: No module named 'include'
[2026-09-16T15:31:47.146+0000] {processor.py:842} WARNING - No viable dags retrieved from /opt/airflow/dags/extraction_DAG.py
[2026-09-16T15:31:47.157+0000] {processor.py:183} INFO - Processing /opt/airflow/dags/extraction_DAG.py took 0.039 seconds
[2026-09-16T15:32:17.237+0000] {processor.py:161} INFO - Started process (PID=5707) to work on /opt/airflow/dags/extraction_DAG.py
[2026-09-16T15:32:17.237+0000] {processor.py:830} INFO - Processing file /opt/airflow/dags/extraction_DAG.py for tasks to queue
[2026-09-16T15:32:17.238+0000] {logging_mixin.py:188} INFO - [2026-09-16T15:32:17.238+0000] {dagbag.py:545} INFO - Filling up the DagBag from /opt/airflow/dags/extraction_DAG.py
[2026-09-16T15:32:17.240+0000] {logging_mixin.py:188} INFO - [2026-09-16T15:32:17.239+0000] {dagbag.py:355} ERROR - Failed to import: /opt/airflow/dags/extraction_DAG.py
Traceback (most recent call last):
  File "/home/airflow/.local/lib/python3.12/site-packages/airflow/models/dagbag.py", line 351, in parse
    loader.exec_module(new_module)
  File "<frozen importlib._bootstrap_external>", line 995, in exec_module
  File "<frozen importlib._bootstrap>", line 488, in _call_with_frames_removed
  File "/opt/airflow/dags/extraction_DAG.py", line 6, in <module>
    from include import extract as extract_data
ModuleNotFoundError: No module named 'include'
[2026-09-16T15:32:17.240+0000] {processor.py:842} WARNING - No viable dags retrieved from /opt/airflow/dags/extraction_DAG.py
[2026-09-16T15:32:17.252+0000] {processor.py:183} INFO - Processing /opt/airflow/dags/extraction_DAG.py took 0.019 seconds
[2026-09-16T15:32:47.327+0000] {processor.py:161} INFO - Started process (PID=5714) to work on /opt/airflow/dags/extraction_DAG.py
[2026-09-16T15:32:47.338+0000] {processor.py:830} INFO - Processing file /opt/airflow/dags/extraction_DAG.py for tasks to queue
[2026-09-16T15:32:47.339+0000] {logging_mixin.py:188} INFO - [2026-09-16T15:32:47.338+0000] {dagbag.py:545} INFO - Filling up the DagBag from /opt/airflow/dags/extraction_DAG.py
[2026-09-16T15:32:47.341+0000] {logging_mixin.py:188} INFO - [2026-09-16T15:32:47.340+0000] {dagbag.py:355} ERROR - Failed to import: /opt/airflow/dags/extraction_DAG.py
Traceback (most recent call last):
  File "/home/airflow/.local/lib/python3.12/site-packages/airflow/models/dagbag.py", line 351, in parse
    loader.exec_module(new_module)
  File "<frozen importlib._bootstrap_external>", line 995, in exec_module
  File "<frozen importlib._bootstrap>", line 488, in _call_with_frames_removed
  File "/opt/airflow/dags/extraction_DAG.py", line 6, in <module>
    from include import extract as extract_data
ModuleNotFoundError: No module named 'include'
[2026-09-16T15:32:47.341+0000] {processor.py:842} WARNING - No viable dags retrieved from /opt/airflow/dags/extraction_DAG.py
[2026-09-16T15:32:47.352+0000] {processor.py:183} INFO - Processing /opt/airflow/dags/extraction_DAG.py took 0.029 seconds
[2026-09-16T15:33:17.430+0000] {processor.py:161} INFO - Started process (PID=5721) to work on /opt/airflow/dags/extraction_DAG.py
[2026-09-16T15:33:17.430+0000] {processor.py:830} INFO - Processing file /opt/airflow/dags/extraction_DAG.py for tasks to queue
[2026-09-16T15:33:17.430+0000] {logging_mixin.py:188} INFO - [2026-09-16T15:33:17.430+0000] {dagbag.py:545} INFO - Filling up the DagBag from /opt/airflow/dags/extraction_DAG.py
[2026-09-16T15:33:17.433+0000] {logging_mixin.py:188} INFO - [2026-09-16T15:33:17.432+0000] {dagbag.py:355} ERROR - Failed to import: /opt/airflow/dags/extraction_DAG.py
Traceback (most recent call last):
  File "/home/airflow/.local/lib/python3.12/site-packages/airflow/models/dagbag.py", line 351, in parse
    loader.exec_module(new_module)
  File "<frozen importlib._bootstrap_external>", line 995, in exec_module
  File "<frozen importlib._bootstrap>", line 488, in _call_with_frames_removed
  File "/opt/airflow/dags/extraction_DAG.py", line 6, in <module>
    from include import extract as extract_data
ModuleNotFoundError: No module named 'include'
[2026-09-16T15:33:17.433+0000] {processor.py:842} WARNING - No viable dags retrieved from /opt/airflow/dags/extraction_DAG.py
[2026-09-16T15:33:17.444+0000] {processor.py:183} INFO - Processing /opt/airflow/dags/extraction_DAG.py took 0.019 seconds
[2026-09-16T15:33:47.545+0000] {processor.py:161} INFO - Started process (PID=5728) to work on /opt/airflow/dags/extraction_DAG.py
[2026-09-16T15:33:47.548+0000] {processor.py:830} INFO - Processing file /opt/airflow/dags/extraction_DAG.py for tasks to queue
[2026-09-16T15:33:47.549+0000] {logging_mixin.py:188} INFO - [2026-09-16T15:33:47.548+0000] {dagbag.py:545} INFO - Filling up the DagBag from /opt/airflow/dags/extraction_DAG.py
[2026-09-16T15:33:47.551+0000] {logging_mixin.py:188} INFO - [2026-09-16T15:33:47.550+0000] {dagbag.py:355} ERROR - Failed to import: /opt/airflow/dags/extraction_DAG.py
Traceback (most recent call last):
  File "/home/airflow/.local/lib/python3.12/site-packages/airflow/models/dagbag.py", line 351, in parse
    loader.exec_module(new_module)
  File "<frozen importlib._bootstrap_external>", line 995, in exec_module
  File "<frozen importlib._bootstrap>", line 488, in _call_with_frames_removed
  File "/opt/airflow/dags/extraction_DAG.py", line 6, in <module>
    from include import extract as extract_data
ModuleNotFoundError: No module named 'include'
[2026-09-16T15:33:47.551+0000] {processor.py:842} WARNING - No viable dags retrieved from /opt/airflow/dags/extraction_DAG.py
[2026-09-16T15:33:47.561+0000] {processor.py:183} INFO - Processing /opt/airflow/dags/extraction_DAG.py took 0.020 seconds
[2026-09-16T15:34:17.646+0000] {processor.py:161} INFO - Started process (PID=5735) to work on /opt/airflow/dags/extraction_DAG.py
[2026-09-16T15:34:17.646+0000] {processor.py:830} INFO - Processing file /opt/airflow/dags/extraction_DAG.py for tasks to queue
[2026-09-16T15:34:17.646+0000] {logging_mixin.py:188} INFO - [2026-09-16T15:34:17.646+0000] {dagbag.py:545} INFO - Filling up the DagBag from /opt/airflow/dags/extraction_DAG.py
[2026-09-16T15:34:17.648+0000] {logging_mixin.py:188} INFO - [2026-09-16T15:34:17.648+0000] {dagbag.py:355} ERROR - Failed to import: /opt/airflow/dags/extraction_DAG.py
Traceback (most recent call last):
  File "/home/airflow/.local/lib/python3.12/site-packages/airflow/models/dagbag.py", line 351, in parse
    loader.exec_module(new_module)
  File "<frozen importlib._bootstrap_external>", line 995, in exec_module
  File "<frozen importlib._bootstrap>", line 488, in _call_with_frames_removed
  File "/opt/airflow/dags/extraction_DAG.py", line 6, in <module>
    from include import extract as extract_data
ModuleNotFoundError: No module named 'include'
[2026-09-16T15:34:17.649+0000] {processor.py:842} WARNING - No viable dags retrieved from /opt/airflow/dags/extraction_DAG.py
[2026-09-16T15:34:17.661+0000] {processor.py:183} INFO - Processing /opt/airflow/dags/extraction_DAG.py took 0.020 seconds
[2026-09-16T15:34:47.743+0000] {processor.py:161} INFO - Started process (PID=5742) to work on /opt/airflow/dags/extraction_DAG.py
[2026-09-16T15:34:47.835+0000] {processor.py:830} INFO - Processing file /opt/airflow/dags/extraction_DAG.py for tasks to queue
[2026-09-16T15:34:47.837+0000] {logging_mixin.py:188} INFO - [2026-09-16T15:34:47.836+0000] {dagbag.py:545} INFO - Filling up the DagBag from /opt/airflow/dags/extraction_DAG.py
[2026-09-16T15:34:47.842+0000] {logging_mixin.py:188} INFO - [2026-09-16T15:34:47.840+0000] {dagbag.py:355} ERROR - Failed to import: /opt/airflow/dags/extraction_DAG.py
Traceback (most recent call last):
  File "/home/airflow/.local/lib/python3.12/site-packages/airflow/models/dagbag.py", line 351, in parse
    loader.exec_module(new_module)
  File "<frozen importlib._bootstrap_external>", line 995, in exec_module
  File "<frozen importlib._bootstrap>", line 488, in _call_with_frames_removed
  File "/opt/airflow/dags/extraction_DAG.py", line 6, in <module>
    from include import extract as extract_data
ModuleNotFoundError: No module named 'include'
[2026-09-16T15:34:47.842+0000] {processor.py:842} WARNING - No viable dags retrieved from /opt/airflow/dags/extraction_DAG.py
[2026-09-16T15:34:47.865+0000] {processor.py:183} INFO - Processing /opt/airflow/dags/extraction_DAG.py took 0.130 seconds
[2026-09-16T15:35:17.982+0000] {processor.py:161} INFO - Started process (PID=5749) to work on /opt/airflow/dags/extraction_DAG.py
[2026-09-16T15:35:17.983+0000] {processor.py:830} INFO - Processing file /opt/airflow/dags/extraction_DAG.py for tasks to queue
[2026-09-16T15:35:17.983+0000] {logging_mixin.py:188} INFO - [2026-09-16T15:35:17.983+0000] {dagbag.py:545} INFO - Filling up the DagBag from /opt/airflow/dags/extraction_DAG.py
[2026-09-16T15:35:17.985+0000] {logging_mixin.py:188} INFO - [2026-09-16T15:35:17.984+0000] {dagbag.py:355} ERROR - Failed to import: /opt/airflow/dags/extraction_DAG.py
Traceback (most recent call last):
  File "/home/airflow/.local/lib/python3.12/site-packages/airflow/models/dagbag.py", line 351, in parse
    loader.exec_module(new_module)
  File "<frozen importlib._bootstrap_external>", line 995, in exec_module
  File "<frozen importlib._bootstrap>", line 488, in _call_with_frames_removed
  File "/opt/airflow/dags/extraction_DAG.py", line 6, in <module>
    from include import extract as extract_data
ModuleNotFoundError: No module named 'include'
[2026-09-16T15:35:17.986+0000] {processor.py:842} WARNING - No viable dags retrieved from /opt/airflow/dags/extraction_DAG.py
[2026-09-16T15:35:17.996+0000] {processor.py:183} INFO - Processing /opt/airflow/dags/extraction_DAG.py took 0.019 seconds
[2026-09-16T15:35:48.089+0000] {processor.py:161} INFO - Started process (PID=5756) to work on /opt/airflow/dags/extraction_DAG.py
[2026-09-16T15:35:48.094+0000] {processor.py:830} INFO - Processing file /opt/airflow/dags/extraction_DAG.py for tasks to queue
[2026-09-16T15:35:48.095+0000] {logging_mixin.py:188} INFO - [2026-09-16T15:35:48.095+0000] {dagbag.py:545} INFO - Filling up the DagBag from /opt/airflow/dags/extraction_DAG.py
[2026-09-16T15:35:48.101+0000] {logging_mixin.py:188} INFO - [2026-09-16T15:35:48.099+0000] {dagbag.py:355} ERROR - Failed to import: /opt/airflow/dags/extraction_DAG.py
Traceback (most recent call last):
  File "/home/airflow/.local/lib/python3.12/site-packages/airflow/models/dagbag.py", line 351, in parse
    loader.exec_module(new_module)
  File "<frozen importlib._bootstrap_external>", line 995, in exec_module
  File "<frozen importlib._bootstrap>", line 488, in _call_with_frames_removed
  File "/opt/airflow/dags/extraction_DAG.py", line 6, in <module>
    from include import extract as extract_data
ModuleNotFoundError: No module named 'include'
[2026-09-16T15:35:48.101+0000] {processor.py:842} WARNING - No viable dags retrieved from /opt/airflow/dags/extraction_DAG.py
[2026-09-16T15:35:48.122+0000] {processor.py:183} INFO - Processing /opt/airflow/dags/extraction_DAG.py took 0.043 seconds
[2026-09-16T15:36:18.238+0000] {processor.py:161} INFO - Started process (PID=5763) to work on /opt/airflow/dags/extraction_DAG.py
[2026-09-16T15:36:18.238+0000] {processor.py:830} INFO - Processing file /opt/airflow/dags/extraction_DAG.py for tasks to queue
[2026-09-16T15:36:18.239+0000] {logging_mixin.py:188} INFO - [2026-09-16T15:36:18.239+0000] {dagbag.py:545} INFO - Filling up the DagBag from /opt/airflow/dags/extraction_DAG.py
[2026-09-16T15:36:18.241+0000] {logging_mixin.py:188} INFO - [2026-09-16T15:36:18.241+0000] {dagbag.py:355} ERROR - Failed to import: /opt/airflow/dags/extraction_DAG.py
Traceback (most recent call last):
  File "/home/airflow/.local/lib/python3.12/site-packages/airflow/models/dagbag.py", line 351, in parse
    loader.exec_module(new_module)
  File "<frozen importlib._bootstrap_external>", line 995, in exec_module
  File "<frozen importlib._bootstrap>", line 488, in _call_with_frames_removed
  File "/opt/airflow/dags/extraction_DAG.py", line 6, in <module>
    from include import extract as extract_data
ModuleNotFoundError: No module named 'include'
[2026-09-16T15:36:18.242+0000] {processor.py:842} WARNING - No viable dags retrieved from /opt/airflow/dags/extraction_DAG.py
[2026-09-16T15:36:18.253+0000] {processor.py:183} INFO - Processing /opt/airflow/dags/extraction_DAG.py took 0.025 seconds
[2026-09-16T15:36:48.405+0000] {processor.py:161} INFO - Started process (PID=5770) to work on /opt/airflow/dags/extraction_DAG.py
[2026-09-16T15:36:48.414+0000] {processor.py:830} INFO - Processing file /opt/airflow/dags/extraction_DAG.py for tasks to queue
[2026-09-16T15:36:48.415+0000] {logging_mixin.py:188} INFO - [2026-09-16T15:36:48.414+0000] {dagbag.py:545} INFO - Filling up the DagBag from /opt/airflow/dags/extraction_DAG.py
[2026-09-16T15:36:48.419+0000] {logging_mixin.py:188} INFO - [2026-09-16T15:36:48.418+0000] {dagbag.py:355} ERROR - Failed to import: /opt/airflow/dags/extraction_DAG.py
Traceback (most recent call last):
  File "/home/airflow/.local/lib/python3.12/site-packages/airflow/models/dagbag.py", line 351, in parse
    loader.exec_module(new_module)
  File "<frozen importlib._bootstrap_external>", line 995, in exec_module
  File "<frozen importlib._bootstrap>", line 488, in _call_with_frames_removed
  File "/opt/airflow/dags/extraction_DAG.py", line 6, in <module>
    from include import extract as extract_data
ModuleNotFoundError: No module named 'include'
[2026-09-16T15:36:48.420+0000] {processor.py:842} WARNING - No viable dags retrieved from /opt/airflow/dags/extraction_DAG.py
[2026-09-16T15:36:48.434+0000] {processor.py:183} INFO - Processing /opt/airflow/dags/extraction_DAG.py took 0.038 seconds
[2026-09-16T15:37:18.553+0000] {processor.py:161} INFO - Started process (PID=5777) to work on /opt/airflow/dags/extraction_DAG.py
[2026-09-16T15:37:18.554+0000] {processor.py:830} INFO - Processing file /opt/airflow/dags/extraction_DAG.py for tasks to queue
[2026-09-16T15:37:18.555+0000] {logging_mixin.py:188} INFO - [2026-09-16T15:37:18.555+0000] {dagbag.py:545} INFO - Filling up the DagBag from /opt/airflow/dags/extraction_DAG.py
[2026-09-16T15:37:18.559+0000] {logging_mixin.py:188} INFO - [2026-09-16T15:37:18.558+0000] {dagbag.py:355} ERROR - Failed to import: /opt/airflow/dags/extraction_DAG.py
Traceback (most recent call last):
  File "/home/airflow/.local/lib/python3.12/site-packages/airflow/models/dagbag.py", line 351, in parse
    loader.exec_module(new_module)
  File "<frozen importlib._bootstrap_external>", line 995, in exec_module
  File "<frozen importlib._bootstrap>", line 488, in _call_with_frames_removed
  File "/opt/airflow/dags/extraction_DAG.py", line 6, in <module>
    from include import extract as extract_data
ModuleNotFoundError: No module named 'include'
[2026-09-16T15:37:18.559+0000] {processor.py:842} WARNING - No viable dags retrieved from /opt/airflow/dags/extraction_DAG.py
[2026-09-16T15:37:18.571+0000] {processor.py:183} INFO - Processing /opt/airflow/dags/extraction_DAG.py took 0.026 seconds
[2026-09-16T15:37:48.691+0000] {processor.py:161} INFO - Started process (PID=5784) to work on /opt/airflow/dags/extraction_DAG.py
[2026-09-16T15:37:48.693+0000] {processor.py:830} INFO - Processing file /opt/airflow/dags/extraction_DAG.py for tasks to queue
[2026-09-16T15:37:48.694+0000] {logging_mixin.py:188} INFO - [2026-09-16T15:37:48.694+0000] {dagbag.py:545} INFO - Filling up the DagBag from /opt/airflow/dags/extraction_DAG.py
[2026-09-16T15:37:48.696+0000] {logging_mixin.py:188} INFO - [2026-09-16T15:37:48.695+0000] {dagbag.py:355} ERROR - Failed to import: /opt/airflow/dags/extraction_DAG.py
Traceback (most recent call last):
  File "/home/airflow/.local/lib/python3.12/site-packages/airflow/models/dagbag.py", line 351, in parse
    loader.exec_module(new_module)
  File "<frozen importlib._bootstrap_external>", line 995, in exec_module
  File "<frozen importlib._bootstrap>", line 488, in _call_with_frames_removed
  File "/opt/airflow/dags/extraction_DAG.py", line 6, in <module>
    from include import extract as extract_data
ModuleNotFoundError: No module named 'include'
[2026-09-16T15:37:48.696+0000] {processor.py:842} WARNING - No viable dags retrieved from /opt/airflow/dags/extraction_DAG.py
[2026-09-16T15:37:48.707+0000] {processor.py:183} INFO - Processing /opt/airflow/dags/extraction_DAG.py took 0.020 seconds
[2026-09-16T15:38:18.819+0000] {processor.py:161} INFO - Started process (PID=5791) to work on /opt/airflow/dags/extraction_DAG.py
[2026-09-16T15:38:18.820+0000] {processor.py:830} INFO - Processing file /opt/airflow/dags/extraction_DAG.py for tasks to queue
[2026-09-16T15:38:18.821+0000] {logging_mixin.py:188} INFO - [2026-09-16T15:38:18.821+0000] {dagbag.py:545} INFO - Filling up the DagBag from /opt/airflow/dags/extraction_DAG.py
[2026-09-16T15:38:18.826+0000] {logging_mixin.py:188} INFO - [2026-09-16T15:38:18.825+0000] {dagbag.py:355} ERROR - Failed to import: /opt/airflow/dags/extraction_DAG.py
Traceback (most recent call last):
  File "/home/airflow/.local/lib/python3.12/site-packages/airflow/models/dagbag.py", line 351, in parse
    loader.exec_module(new_module)
  File "<frozen importlib._bootstrap_external>", line 995, in exec_module
  File "<frozen importlib._bootstrap>", line 488, in _call_with_frames_removed
  File "/opt/airflow/dags/extraction_DAG.py", line 6, in <module>
    from include import extract as extract_data
ModuleNotFoundError: No module named 'include'
[2026-09-16T15:38:18.827+0000] {processor.py:842} WARNING - No viable dags retrieved from /opt/airflow/dags/extraction_DAG.py
[2026-09-16T15:38:18.841+0000] {processor.py:183} INFO - Processing /opt/airflow/dags/extraction_DAG.py took 0.030 seconds
[2026-09-16T15:38:48.969+0000] {processor.py:161} INFO - Started process (PID=5798) to work on /opt/airflow/dags/extraction_DAG.py
[2026-09-16T15:38:48.981+0000] {processor.py:830} INFO - Processing file /opt/airflow/dags/extraction_DAG.py for tasks to queue
[2026-09-16T15:38:48.982+0000] {logging_mixin.py:188} INFO - [2026-09-16T15:38:48.982+0000] {dagbag.py:545} INFO - Filling up the DagBag from /opt/airflow/dags/extraction_DAG.py
[2026-09-16T15:38:48.987+0000] {logging_mixin.py:188} INFO - [2026-09-16T15:38:48.985+0000] {dagbag.py:355} ERROR - Failed to import: /opt/airflow/dags/extraction_DAG.py
Traceback (most recent call last):
  File "/home/airflow/.local/lib/python3.12/site-packages/airflow/models/dagbag.py", line 351, in parse
    loader.exec_module(new_module)
  File "<frozen importlib._bootstrap_external>", line 995, in exec_module
  File "<frozen importlib._bootstrap>", line 488, in _call_with_frames_removed
  File "/opt/airflow/dags/extraction_DAG.py", line 6, in <module>
    from include import extract as extract_data
ModuleNotFoundError: No module named 'include'
[2026-09-16T15:38:48.988+0000] {processor.py:842} WARNING - No viable dags retrieved from /opt/airflow/dags/extraction_DAG.py
[2026-09-16T15:38:49.010+0000] {processor.py:183} INFO - Processing /opt/airflow/dags/extraction_DAG.py took 0.050 seconds
[2026-09-16T15:39:19.119+0000] {processor.py:161} INFO - Started process (PID=5805) to work on /opt/airflow/dags/extraction_DAG.py
[2026-09-16T15:39:19.120+0000] {processor.py:830} INFO - Processing file /opt/airflow/dags/extraction_DAG.py for tasks to queue
[2026-09-16T15:39:19.121+0000] {logging_mixin.py:188} INFO - [2026-09-16T15:39:19.120+0000] {dagbag.py:545} INFO - Filling up the DagBag from /opt/airflow/dags/extraction_DAG.py
[2026-09-16T15:39:19.123+0000] {logging_mixin.py:188} INFO - [2026-09-16T15:39:19.122+0000] {dagbag.py:355} ERROR - Failed to import: /opt/airflow/dags/extraction_DAG.py
Traceback (most recent call last):
  File "/home/airflow/.local/lib/python3.12/site-packages/airflow/models/dagbag.py", line 351, in parse
    loader.exec_module(new_module)
  File "<frozen importlib._bootstrap_external>", line 995, in exec_module
  File "<frozen importlib._bootstrap>", line 488, in _call_with_frames_removed
  File "/opt/airflow/dags/extraction_DAG.py", line 6, in <module>
    from include import extract as extract_data
ModuleNotFoundError: No module named 'include'
[2026-09-16T15:39:19.124+0000] {processor.py:842} WARNING - No viable dags retrieved from /opt/airflow/dags/extraction_DAG.py
[2026-09-16T15:39:19.136+0000] {processor.py:183} INFO - Processing /opt/airflow/dags/extraction_DAG.py took 0.026 seconds
[2026-09-16T15:39:49.284+0000] {processor.py:161} INFO - Started process (PID=5812) to work on /opt/airflow/dags/extraction_DAG.py
[2026-09-16T15:39:49.375+0000] {processor.py:830} INFO - Processing file /opt/airflow/dags/extraction_DAG.py for tasks to queue
[2026-09-16T15:39:49.376+0000] {logging_mixin.py:188} INFO - [2026-09-16T15:39:49.376+0000] {dagbag.py:545} INFO - Filling up the DagBag from /opt/airflow/dags/extraction_DAG.py
[2026-09-16T15:39:49.381+0000] {logging_mixin.py:188} INFO - [2026-09-16T15:39:49.379+0000] {dagbag.py:355} ERROR - Failed to import: /opt/airflow/dags/extraction_DAG.py
Traceback (most recent call last):
  File "/home/airflow/.local/lib/python3.12/site-packages/airflow/models/dagbag.py", line 351, in parse
    loader.exec_module(new_module)
  File "<frozen importlib._bootstrap_external>", line 995, in exec_module
  File "<frozen importlib._bootstrap>", line 488, in _call_with_frames_removed
  File "/opt/airflow/dags/extraction_DAG.py", line 6, in <module>
    from include import extract as extract_data
ModuleNotFoundError: No module named 'include'
[2026-09-16T15:39:49.382+0000] {processor.py:842} WARNING - No viable dags retrieved from /opt/airflow/dags/extraction_DAG.py
[2026-09-16T15:39:49.403+0000] {processor.py:183} INFO - Processing /opt/airflow/dags/extraction_DAG.py took 0.128 seconds
[2026-09-16T15:40:19.546+0000] {processor.py:161} INFO - Started process (PID=5819) to work on /opt/airflow/dags/extraction_DAG.py
[2026-09-16T15:40:19.546+0000] {processor.py:830} INFO - Processing file /opt/airflow/dags/extraction_DAG.py for tasks to queue
[2026-09-16T15:40:19.547+0000] {logging_mixin.py:188} INFO - [2026-09-16T15:40:19.547+0000] {dagbag.py:545} INFO - Filling up the DagBag from /opt/airflow/dags/extraction_DAG.py
[2026-09-16T15:40:19.550+0000] {logging_mixin.py:188} INFO - [2026-09-16T15:40:19.549+0000] {dagbag.py:355} ERROR - Failed to import: /opt/airflow/dags/extraction_DAG.py
Traceback (most recent call last):
  File "/home/airflow/.local/lib/python3.12/site-packages/airflow/models/dagbag.py", line 351, in parse
    loader.exec_module(new_module)
  File "<frozen importlib._bootstrap_external>", line 995, in exec_module
  File "<frozen importlib._bootstrap>", line 488, in _call_with_frames_removed
  File "/opt/airflow/dags/extraction_DAG.py", line 6, in <module>
    from include import extract as extract_data
ModuleNotFoundError: No module named 'include'
[2026-09-16T15:40:19.550+0000] {processor.py:842} WARNING - No viable dags retrieved from /opt/airflow/dags/extraction_DAG.py
[2026-09-16T15:40:19.564+0000] {processor.py:183} INFO - Processing /opt/airflow/dags/extraction_DAG.py took 0.028 seconds
[2026-09-16T15:40:49.688+0000] {processor.py:161} INFO - Started process (PID=5826) to work on /opt/airflow/dags/extraction_DAG.py
[2026-09-16T15:40:49.782+0000] {processor.py:830} INFO - Processing file /opt/airflow/dags/extraction_DAG.py for tasks to queue
[2026-09-16T15:40:49.783+0000] {logging_mixin.py:188} INFO - [2026-09-16T15:40:49.783+0000] {dagbag.py:545} INFO - Filling up the DagBag from /opt/airflow/dags/extraction_DAG.py
[2026-09-16T15:40:49.788+0000] {logging_mixin.py:188} INFO - [2026-09-16T15:40:49.787+0000] {dagbag.py:355} ERROR - Failed to import: /opt/airflow/dags/extraction_DAG.py
Traceback (most recent call last):
  File "/home/airflow/.local/lib/python3.12/site-packages/airflow/models/dagbag.py", line 351, in parse
    loader.exec_module(new_module)
  File "<frozen importlib._bootstrap_external>", line 995, in exec_module
  File "<frozen importlib._bootstrap>", line 488, in _call_with_frames_removed
  File "/opt/airflow/dags/extraction_DAG.py", line 6, in <module>
    from include import extract as extract_data
ModuleNotFoundError: No module named 'include'
[2026-09-16T15:40:49.789+0000] {processor.py:842} WARNING - No viable dags retrieved from /opt/airflow/dags/extraction_DAG.py
[2026-09-16T15:40:49.814+0000] {processor.py:183} INFO - Processing /opt/airflow/dags/extraction_DAG.py took 0.136 seconds
[2026-09-16T15:41:19.845+0000] {processor.py:161} INFO - Started process (PID=5833) to work on /opt/airflow/dags/extraction_DAG.py
[2026-09-16T15:41:19.846+0000] {processor.py:830} INFO - Processing file /opt/airflow/dags/extraction_DAG.py for tasks to queue
[2026-09-16T15:41:19.847+0000] {logging_mixin.py:188} INFO - [2026-09-16T15:41:19.846+0000] {dagbag.py:545} INFO - Filling up the DagBag from /opt/airflow/dags/extraction_DAG.py
[2026-09-16T15:41:19.849+0000] {logging_mixin.py:188} INFO - [2026-09-16T15:41:19.849+0000] {dagbag.py:355} ERROR - Failed to import: /opt/airflow/dags/extraction_DAG.py
Traceback (most recent call last):
  File "/home/airflow/.local/lib/python3.12/site-packages/airflow/models/dagbag.py", line 351, in parse
    loader.exec_module(new_module)
  File "<frozen importlib._bootstrap_external>", line 995, in exec_module
  File "<frozen importlib._bootstrap>", line 488, in _call_with_frames_removed
  File "/opt/airflow/dags/extraction_DAG.py", line 6, in <module>
    from include import extract as extract_data
ModuleNotFoundError: No module named 'include'
[2026-09-16T15:41:19.850+0000] {processor.py:842} WARNING - No viable dags retrieved from /opt/airflow/dags/extraction_DAG.py
[2026-09-16T15:41:19.861+0000] {processor.py:183} INFO - Processing /opt/airflow/dags/extraction_DAG.py took 0.025 seconds
[2026-09-16T15:41:49.985+0000] {processor.py:161} INFO - Started process (PID=5840) to work on /opt/airflow/dags/extraction_DAG.py
[2026-09-16T15:41:50.068+0000] {processor.py:830} INFO - Processing file /opt/airflow/dags/extraction_DAG.py for tasks to queue
[2026-09-16T15:41:50.070+0000] {logging_mixin.py:188} INFO - [2026-09-16T15:41:50.069+0000] {dagbag.py:545} INFO - Filling up the DagBag from /opt/airflow/dags/extraction_DAG.py
[2026-09-16T15:41:50.075+0000] {logging_mixin.py:188} INFO - [2026-09-16T15:41:50.073+0000] {dagbag.py:355} ERROR - Failed to import: /opt/airflow/dags/extraction_DAG.py
Traceback (most recent call last):
  File "/home/airflow/.local/lib/python3.12/site-packages/airflow/models/dagbag.py", line 351, in parse
    loader.exec_module(new_module)
  File "<frozen importlib._bootstrap_external>", line 995, in exec_module
  File "<frozen importlib._bootstrap>", line 488, in _call_with_frames_removed
  File "/opt/airflow/dags/extraction_DAG.py", line 6, in <module>
    from include import extract as extract_data
ModuleNotFoundError: No module named 'include'
[2026-09-16T15:41:50.076+0000] {processor.py:842} WARNING - No viable dags retrieved from /opt/airflow/dags/extraction_DAG.py
[2026-09-16T15:41:50.093+0000] {processor.py:183} INFO - Processing /opt/airflow/dags/extraction_DAG.py took 0.116 seconds
[2026-09-16T15:42:20.109+0000] {processor.py:161} INFO - Started process (PID=5847) to work on /opt/airflow/dags/extraction_DAG.py
[2026-09-16T15:42:20.109+0000] {processor.py:830} INFO - Processing file /opt/airflow/dags/extraction_DAG.py for tasks to queue
[2026-09-16T15:42:20.110+0000] {logging_mixin.py:188} INFO - [2026-09-16T15:42:20.109+0000] {dagbag.py:545} INFO - Filling up the DagBag from /opt/airflow/dags/extraction_DAG.py
[2026-09-16T15:42:20.112+0000] {logging_mixin.py:188} INFO - [2026-09-16T15:42:20.111+0000] {dagbag.py:355} ERROR - Failed to import: /opt/airflow/dags/extraction_DAG.py
Traceback (most recent call last):
  File "/home/airflow/.local/lib/python3.12/site-packages/airflow/models/dagbag.py", line 351, in parse
    loader.exec_module(new_module)
  File "<frozen importlib._bootstrap_external>", line 995, in exec_module
  File "<frozen importlib._bootstrap>", line 488, in _call_with_frames_removed
  File "/opt/airflow/dags/extraction_DAG.py", line 6, in <module>
    from include import extract as extract_data
ModuleNotFoundError: No module named 'include'
[2026-09-16T15:42:20.112+0000] {processor.py:842} WARNING - No viable dags retrieved from /opt/airflow/dags/extraction_DAG.py
[2026-09-16T15:42:20.124+0000] {processor.py:183} INFO - Processing /opt/airflow/dags/extraction_DAG.py took 0.019 seconds
[2026-09-16T15:42:50.260+0000] {processor.py:161} INFO - Started process (PID=5854) to work on /opt/airflow/dags/extraction_DAG.py
[2026-09-16T15:42:50.368+0000] {processor.py:830} INFO - Processing file /opt/airflow/dags/extraction_DAG.py for tasks to queue
[2026-09-16T15:42:50.370+0000] {logging_mixin.py:188} INFO - [2026-09-16T15:42:50.369+0000] {dagbag.py:545} INFO - Filling up the DagBag from /opt/airflow/dags/extraction_DAG.py
[2026-09-16T15:42:50.375+0000] {logging_mixin.py:188} INFO - [2026-09-16T15:42:50.373+0000] {dagbag.py:355} ERROR - Failed to import: /opt/airflow/dags/extraction_DAG.py
Traceback (most recent call last):
  File "/home/airflow/.local/lib/python3.12/site-packages/airflow/models/dagbag.py", line 351, in parse
    loader.exec_module(new_module)
  File "<frozen importlib._bootstrap_external>", line 995, in exec_module
  File "<frozen importlib._bootstrap>", line 488, in _call_with_frames_removed
  File "/opt/airflow/dags/extraction_DAG.py", line 6, in <module>
    from include import extract as extract_data
ModuleNotFoundError: No module named 'include'
[2026-09-16T15:42:50.376+0000] {processor.py:842} WARNING - No viable dags retrieved from /opt/airflow/dags/extraction_DAG.py
[2026-09-16T15:42:50.402+0000] {processor.py:183} INFO - Processing /opt/airflow/dags/extraction_DAG.py took 0.151 seconds
[2026-09-16T15:43:20.533+0000] {processor.py:161} INFO - Started process (PID=5861) to work on /opt/airflow/dags/extraction_DAG.py
[2026-09-16T15:43:20.533+0000] {processor.py:830} INFO - Processing file /opt/airflow/dags/extraction_DAG.py for tasks to queue
[2026-09-16T15:43:20.534+0000] {logging_mixin.py:188} INFO - [2026-09-16T15:43:20.534+0000] {dagbag.py:545} INFO - Filling up the DagBag from /opt/airflow/dags/extraction_DAG.py
[2026-09-16T15:43:20.536+0000] {logging_mixin.py:188} INFO - [2026-09-16T15:43:20.535+0000] {dagbag.py:355} ERROR - Failed to import: /opt/airflow/dags/extraction_DAG.py
Traceback (most recent call last):
  File "/home/airflow/.local/lib/python3.12/site-packages/airflow/models/dagbag.py", line 351, in parse
    loader.exec_module(new_module)
  File "<frozen importlib._bootstrap_external>", line 995, in exec_module
  File "<frozen importlib._bootstrap>", line 488, in _call_with_frames_removed
  File "/opt/airflow/dags/extraction_DAG.py", line 6, in <module>
    from include import extract as extract_data
ModuleNotFoundError: No module named 'include'
[2026-09-16T15:43:20.536+0000] {processor.py:842} WARNING - No viable dags retrieved from /opt/airflow/dags/extraction_DAG.py
[2026-09-16T15:43:20.549+0000] {processor.py:183} INFO - Processing /opt/airflow/dags/extraction_DAG.py took 0.021 seconds
[2026-09-16T15:43:50.671+0000] {processor.py:161} INFO - Started process (PID=5868) to work on /opt/airflow/dags/extraction_DAG.py
[2026-09-16T15:43:50.763+0000] {processor.py:830} INFO - Processing file /opt/airflow/dags/extraction_DAG.py for tasks to queue
[2026-09-16T15:43:50.764+0000] {logging_mixin.py:188} INFO - [2026-09-16T15:43:50.764+0000] {dagbag.py:545} INFO - Filling up the DagBag from /opt/airflow/dags/extraction_DAG.py
[2026-09-16T15:43:50.769+0000] {logging_mixin.py:188} INFO - [2026-09-16T15:43:50.767+0000] {dagbag.py:355} ERROR - Failed to import: /opt/airflow/dags/extraction_DAG.py
Traceback (most recent call last):
  File "/home/airflow/.local/lib/python3.12/site-packages/airflow/models/dagbag.py", line 351, in parse
    loader.exec_module(new_module)
  File "<frozen importlib._bootstrap_external>", line 995, in exec_module
  File "<frozen importlib._bootstrap>", line 488, in _call_with_frames_removed
  File "/opt/airflow/dags/extraction_DAG.py", line 6, in <module>
    from include import extract as extract_data
ModuleNotFoundError: No module named 'include'
[2026-09-16T15:43:50.770+0000] {processor.py:842} WARNING - No viable dags retrieved from /opt/airflow/dags/extraction_DAG.py
[2026-09-16T15:43:50.795+0000] {processor.py:183} INFO - Processing /opt/airflow/dags/extraction_DAG.py took 0.129 seconds
[2026-09-16T15:44:20.825+0000] {processor.py:161} INFO - Started process (PID=5875) to work on /opt/airflow/dags/extraction_DAG.py
[2026-09-16T15:44:20.826+0000] {processor.py:830} INFO - Processing file /opt/airflow/dags/extraction_DAG.py for tasks to queue
[2026-09-16T15:44:20.826+0000] {logging_mixin.py:188} INFO - [2026-09-16T15:44:20.826+0000] {dagbag.py:545} INFO - Filling up the DagBag from /opt/airflow/dags/extraction_DAG.py
[2026-09-16T15:44:20.828+0000] {logging_mixin.py:188} INFO - [2026-09-16T15:44:20.828+0000] {dagbag.py:355} ERROR - Failed to import: /opt/airflow/dags/extraction_DAG.py
Traceback (most recent call last):
  File "/home/airflow/.local/lib/python3.12/site-packages/airflow/models/dagbag.py", line 351, in parse
    loader.exec_module(new_module)
  File "<frozen importlib._bootstrap_external>", line 995, in exec_module
  File "<frozen importlib._bootstrap>", line 488, in _call_with_frames_removed
  File "/opt/airflow/dags/extraction_DAG.py", line 6, in <module>
    from include import extract as extract_data
ModuleNotFoundError: No module named 'include'
[2026-09-16T15:44:20.829+0000] {processor.py:842} WARNING - No viable dags retrieved from /opt/airflow/dags/extraction_DAG.py
[2026-09-16T15:44:20.841+0000] {processor.py:183} INFO - Processing /opt/airflow/dags/extraction_DAG.py took 0.019 seconds
[2026-09-16T15:44:50.961+0000] {processor.py:161} INFO - Started process (PID=5882) to work on /opt/airflow/dags/extraction_DAG.py
[2026-09-16T15:44:51.064+0000] {processor.py:830} INFO - Processing file /opt/airflow/dags/extraction_DAG.py for tasks to queue
[2026-09-16T15:44:51.086+0000] {logging_mixin.py:188} INFO - [2026-09-16T15:44:51.085+0000] {dagbag.py:545} INFO - Filling up the DagBag from /opt/airflow/dags/extraction_DAG.py
[2026-09-16T15:44:51.091+0000] {logging_mixin.py:188} INFO - [2026-09-16T15:44:51.089+0000] {dagbag.py:355} ERROR - Failed to import: /opt/airflow/dags/extraction_DAG.py
Traceback (most recent call last):
  File "/home/airflow/.local/lib/python3.12/site-packages/airflow/models/dagbag.py", line 351, in parse
    loader.exec_module(new_module)
  File "<frozen importlib._bootstrap_external>", line 995, in exec_module
  File "<frozen importlib._bootstrap>", line 488, in _call_with_frames_removed
  File "/opt/airflow/dags/extraction_DAG.py", line 6, in <module>
    from include import extract as extract_data
ModuleNotFoundError: No module named 'include'
[2026-09-16T15:44:51.092+0000] {processor.py:842} WARNING - No viable dags retrieved from /opt/airflow/dags/extraction_DAG.py
[2026-09-16T15:44:51.118+0000] {processor.py:183} INFO - Processing /opt/airflow/dags/extraction_DAG.py took 0.164 seconds
[2026-09-16T15:45:21.239+0000] {processor.py:161} INFO - Started process (PID=5889) to work on /opt/airflow/dags/extraction_DAG.py
[2026-09-16T15:45:21.240+0000] {processor.py:830} INFO - Processing file /opt/airflow/dags/extraction_DAG.py for tasks to queue
[2026-09-16T15:45:21.241+0000] {logging_mixin.py:188} INFO - [2026-09-16T15:45:21.241+0000] {dagbag.py:545} INFO - Filling up the DagBag from /opt/airflow/dags/extraction_DAG.py
[2026-09-16T15:45:21.247+0000] {logging_mixin.py:188} INFO - [2026-09-16T15:45:21.245+0000] {dagbag.py:355} ERROR - Failed to import: /opt/airflow/dags/extraction_DAG.py
Traceback (most recent call last):
  File "/home/airflow/.local/lib/python3.12/site-packages/airflow/models/dagbag.py", line 351, in parse
    loader.exec_module(new_module)
  File "<frozen importlib._bootstrap_external>", line 995, in exec_module
  File "<frozen importlib._bootstrap>", line 488, in _call_with_frames_removed
  File "/opt/airflow/dags/extraction_DAG.py", line 6, in <module>
    from include import extract as extract_data
ModuleNotFoundError: No module named 'include'
[2026-09-16T15:45:21.248+0000] {processor.py:842} WARNING - No viable dags retrieved from /opt/airflow/dags/extraction_DAG.py
[2026-09-16T15:45:21.264+0000] {processor.py:183} INFO - Processing /opt/airflow/dags/extraction_DAG.py took 0.033 seconds
[2026-09-16T15:45:51.375+0000] {processor.py:161} INFO - Started process (PID=5896) to work on /opt/airflow/dags/extraction_DAG.py
[2026-09-16T15:45:51.458+0000] {processor.py:830} INFO - Processing file /opt/airflow/dags/extraction_DAG.py for tasks to queue
[2026-09-16T15:45:51.459+0000] {logging_mixin.py:188} INFO - [2026-09-16T15:45:51.458+0000] {dagbag.py:545} INFO - Filling up the DagBag from /opt/airflow/dags/extraction_DAG.py
[2026-09-16T15:45:51.461+0000] {logging_mixin.py:188} INFO - [2026-09-16T15:45:51.460+0000] {dagbag.py:355} ERROR - Failed to import: /opt/airflow/dags/extraction_DAG.py
Traceback (most recent call last):
  File "/home/airflow/.local/lib/python3.12/site-packages/airflow/models/dagbag.py", line 351, in parse
    loader.exec_module(new_module)
  File "<frozen importlib._bootstrap_external>", line 995, in exec_module
  File "<frozen importlib._bootstrap>", line 488, in _call_with_frames_removed
  File "/opt/airflow/dags/extraction_DAG.py", line 6, in <module>
    from include import extract as extract_data
ModuleNotFoundError: No module named 'include'
[2026-09-16T15:45:51.461+0000] {processor.py:842} WARNING - No viable dags retrieved from /opt/airflow/dags/extraction_DAG.py
[2026-09-16T15:45:51.472+0000] {processor.py:183} INFO - Processing /opt/airflow/dags/extraction_DAG.py took 0.101 seconds
[2026-09-16T15:46:21.539+0000] {processor.py:161} INFO - Started process (PID=5903) to work on /opt/airflow/dags/extraction_DAG.py
[2026-09-16T15:46:21.540+0000] {processor.py:830} INFO - Processing file /opt/airflow/dags/extraction_DAG.py for tasks to queue
[2026-09-16T15:46:21.541+0000] {logging_mixin.py:188} INFO - [2026-09-16T15:46:21.541+0000] {dagbag.py:545} INFO - Filling up the DagBag from /opt/airflow/dags/extraction_DAG.py
[2026-09-16T15:46:21.546+0000] {logging_mixin.py:188} INFO - [2026-09-16T15:46:21.544+0000] {dagbag.py:355} ERROR - Failed to import: /opt/airflow/dags/extraction_DAG.py
Traceback (most recent call last):
  File "/home/airflow/.local/lib/python3.12/site-packages/airflow/models/dagbag.py", line 351, in parse
    loader.exec_module(new_module)
  File "<frozen importlib._bootstrap_external>", line 995, in exec_module
  File "<frozen importlib._bootstrap>", line 488, in _call_with_frames_removed
  File "/opt/airflow/dags/extraction_DAG.py", line 6, in <module>
    from include import extract as extract_data
ModuleNotFoundError: No module named 'include'
[2026-09-16T15:46:21.546+0000] {processor.py:842} WARNING - No viable dags retrieved from /opt/airflow/dags/extraction_DAG.py
[2026-09-16T15:46:21.565+0000] {processor.py:183} INFO - Processing /opt/airflow/dags/extraction_DAG.py took 0.037 seconds
[2026-09-16T15:46:51.693+0000] {processor.py:161} INFO - Started process (PID=5910) to work on /opt/airflow/dags/extraction_DAG.py
[2026-09-16T15:46:51.782+0000] {processor.py:830} INFO - Processing file /opt/airflow/dags/extraction_DAG.py for tasks to queue
[2026-09-16T15:46:51.784+0000] {logging_mixin.py:188} INFO - [2026-09-16T15:46:51.783+0000] {dagbag.py:545} INFO - Filling up the DagBag from /opt/airflow/dags/extraction_DAG.py
[2026-09-16T15:46:51.790+0000] {logging_mixin.py:188} INFO - [2026-09-16T15:46:51.787+0000] {dagbag.py:355} ERROR - Failed to import: /opt/airflow/dags/extraction_DAG.py
Traceback (most recent call last):
  File "/home/airflow/.local/lib/python3.12/site-packages/airflow/models/dagbag.py", line 351, in parse
    loader.exec_module(new_module)
  File "<frozen importlib._bootstrap_external>", line 995, in exec_module
  File "<frozen importlib._bootstrap>", line 488, in _call_with_frames_removed
  File "/opt/airflow/dags/extraction_DAG.py", line 6, in <module>
    from include import extract as extract_data
ModuleNotFoundError: No module named 'include'
[2026-09-16T15:46:51.791+0000] {processor.py:842} WARNING - No viable dags retrieved from /opt/airflow/dags/extraction_DAG.py
[2026-09-16T15:46:51.810+0000] {processor.py:183} INFO - Processing /opt/airflow/dags/extraction_DAG.py took 0.127 seconds
[2026-09-16T15:47:21.937+0000] {processor.py:161} INFO - Started process (PID=5917) to work on /opt/airflow/dags/extraction_DAG.py
[2026-09-16T15:47:21.938+0000] {processor.py:830} INFO - Processing file /opt/airflow/dags/extraction_DAG.py for tasks to queue
[2026-09-16T15:47:21.939+0000] {logging_mixin.py:188} INFO - [2026-09-16T15:47:21.938+0000] {dagbag.py:545} INFO - Filling up the DagBag from /opt/airflow/dags/extraction_DAG.py
[2026-09-16T15:47:21.942+0000] {logging_mixin.py:188} INFO - [2026-09-16T15:47:21.941+0000] {dagbag.py:355} ERROR - Failed to import: /opt/airflow/dags/extraction_DAG.py
Traceback (most recent call last):
  File "/home/airflow/.local/lib/python3.12/site-packages/airflow/models/dagbag.py", line 351, in parse
    loader.exec_module(new_module)
  File "<frozen importlib._bootstrap_external>", line 995, in exec_module
  File "<frozen importlib._bootstrap>", line 488, in _call_with_frames_removed
  File "/opt/airflow/dags/extraction_DAG.py", line 6, in <module>
    from include import extract as extract_data
ModuleNotFoundError: No module named 'include'
[2026-09-16T15:47:21.942+0000] {processor.py:842} WARNING - No viable dags retrieved from /opt/airflow/dags/extraction_DAG.py
[2026-09-16T15:47:21.954+0000] {processor.py:183} INFO - Processing /opt/airflow/dags/extraction_DAG.py took 0.024 seconds
[2026-09-16T15:47:52.031+0000] {processor.py:161} INFO - Started process (PID=5924) to work on /opt/airflow/dags/extraction_DAG.py
[2026-09-16T15:47:52.039+0000] {processor.py:830} INFO - Processing file /opt/airflow/dags/extraction_DAG.py for tasks to queue
[2026-09-16T15:47:52.040+0000] {logging_mixin.py:188} INFO - [2026-09-16T15:47:52.040+0000] {dagbag.py:545} INFO - Filling up the DagBag from /opt/airflow/dags/extraction_DAG.py
[2026-09-16T15:47:52.042+0000] {logging_mixin.py:188} INFO - [2026-09-16T15:47:52.041+0000] {dagbag.py:355} ERROR - Failed to import: /opt/airflow/dags/extraction_DAG.py
Traceback (most recent call last):
  File "/home/airflow/.local/lib/python3.12/site-packages/airflow/models/dagbag.py", line 351, in parse
    loader.exec_module(new_module)
  File "<frozen importlib._bootstrap_external>", line 995, in exec_module
  File "<frozen importlib._bootstrap>", line 488, in _call_with_frames_removed
  File "/opt/airflow/dags/extraction_DAG.py", line 6, in <module>
    from include import extract as extract_data
ModuleNotFoundError: No module named 'include'
[2026-09-16T15:47:52.042+0000] {processor.py:842} WARNING - No viable dags retrieved from /opt/airflow/dags/extraction_DAG.py
[2026-09-16T15:47:52.054+0000] {processor.py:183} INFO - Processing /opt/airflow/dags/extraction_DAG.py took 0.027 seconds
[2026-09-16T15:48:22.123+0000] {processor.py:161} INFO - Started process (PID=5931) to work on /opt/airflow/dags/extraction_DAG.py
[2026-09-16T15:48:22.123+0000] {processor.py:830} INFO - Processing file /opt/airflow/dags/extraction_DAG.py for tasks to queue
[2026-09-16T15:48:22.124+0000] {logging_mixin.py:188} INFO - [2026-09-16T15:48:22.124+0000] {dagbag.py:545} INFO - Filling up the DagBag from /opt/airflow/dags/extraction_DAG.py
[2026-09-16T15:48:22.126+0000] {logging_mixin.py:188} INFO - [2026-09-16T15:48:22.126+0000] {dagbag.py:355} ERROR - Failed to import: /opt/airflow/dags/extraction_DAG.py
Traceback (most recent call last):
  File "/home/airflow/.local/lib/python3.12/site-packages/airflow/models/dagbag.py", line 351, in parse
    loader.exec_module(new_module)
  File "<frozen importlib._bootstrap_external>", line 995, in exec_module
  File "<frozen importlib._bootstrap>", line 488, in _call_with_frames_removed
  File "/opt/airflow/dags/extraction_DAG.py", line 6, in <module>
    from include import extract as extract_data
ModuleNotFoundError: No module named 'include'
[2026-09-16T15:48:22.127+0000] {processor.py:842} WARNING - No viable dags retrieved from /opt/airflow/dags/extraction_DAG.py
[2026-09-16T15:48:22.138+0000] {processor.py:183} INFO - Processing /opt/airflow/dags/extraction_DAG.py took 0.019 seconds
[2026-09-16T15:48:52.216+0000] {processor.py:161} INFO - Started process (PID=5938) to work on /opt/airflow/dags/extraction_DAG.py
[2026-09-16T15:48:52.223+0000] {processor.py:830} INFO - Processing file /opt/airflow/dags/extraction_DAG.py for tasks to queue
[2026-09-16T15:48:52.223+0000] {logging_mixin.py:188} INFO - [2026-09-16T15:48:52.223+0000] {dagbag.py:545} INFO - Filling up the DagBag from /opt/airflow/dags/extraction_DAG.py
[2026-09-16T15:48:52.225+0000] {logging_mixin.py:188} INFO - [2026-09-16T15:48:52.225+0000] {dagbag.py:355} ERROR - Failed to import: /opt/airflow/dags/extraction_DAG.py
Traceback (most recent call last):
  File "/home/airflow/.local/lib/python3.12/site-packages/airflow/models/dagbag.py", line 351, in parse
    loader.exec_module(new_module)
  File "<frozen importlib._bootstrap_external>", line 995, in exec_module
  File "<frozen importlib._bootstrap>", line 488, in _call_with_frames_removed
  File "/opt/airflow/dags/extraction_DAG.py", line 6, in <module>
    from include import extract as extract_data
ModuleNotFoundError: No module named 'include'
[2026-09-16T15:48:52.226+0000] {processor.py:842} WARNING - No viable dags retrieved from /opt/airflow/dags/extraction_DAG.py
[2026-09-16T15:48:52.236+0000] {processor.py:183} INFO - Processing /opt/airflow/dags/extraction_DAG.py took 0.025 seconds
[2026-09-16T15:49:22.322+0000] {processor.py:161} INFO - Started process (PID=5945) to work on /opt/airflow/dags/extraction_DAG.py
[2026-09-16T15:49:22.323+0000] {processor.py:830} INFO - Processing file /opt/airflow/dags/extraction_DAG.py for tasks to queue
[2026-09-16T15:49:22.323+0000] {logging_mixin.py:188} INFO - [2026-09-16T15:49:22.323+0000] {dagbag.py:545} INFO - Filling up the DagBag from /opt/airflow/dags/extraction_DAG.py
[2026-09-16T15:49:22.325+0000] {logging_mixin.py:188} INFO - [2026-09-16T15:49:22.324+0000] {dagbag.py:355} ERROR - Failed to import: /opt/airflow/dags/extraction_DAG.py
Traceback (most recent call last):
  File "/home/airflow/.local/lib/python3.12/site-packages/airflow/models/dagbag.py", line 351, in parse
    loader.exec_module(new_module)
  File "<frozen importlib._bootstrap_external>", line 995, in exec_module
  File "<frozen importlib._bootstrap>", line 488, in _call_with_frames_removed
  File "/opt/airflow/dags/extraction_DAG.py", line 6, in <module>
    from include import extract as extract_data
ModuleNotFoundError: No module named 'include'
[2026-09-16T15:49:22.325+0000] {processor.py:842} WARNING - No viable dags retrieved from /opt/airflow/dags/extraction_DAG.py
[2026-09-16T15:49:22.339+0000] {processor.py:183} INFO - Processing /opt/airflow/dags/extraction_DAG.py took 0.021 seconds
[2026-09-16T15:49:52.457+0000] {processor.py:161} INFO - Started process (PID=5952) to work on /opt/airflow/dags/extraction_DAG.py
[2026-09-16T15:49:52.543+0000] {processor.py:830} INFO - Processing file /opt/airflow/dags/extraction_DAG.py for tasks to queue
[2026-09-16T15:49:52.544+0000] {logging_mixin.py:188} INFO - [2026-09-16T15:49:52.544+0000] {dagbag.py:545} INFO - Filling up the DagBag from /opt/airflow/dags/extraction_DAG.py
[2026-09-16T15:49:52.549+0000] {logging_mixin.py:188} INFO - [2026-09-16T15:49:52.548+0000] {dagbag.py:355} ERROR - Failed to import: /opt/airflow/dags/extraction_DAG.py
Traceback (most recent call last):
  File "/home/airflow/.local/lib/python3.12/site-packages/airflow/models/dagbag.py", line 351, in parse
    loader.exec_module(new_module)
  File "<frozen importlib._bootstrap_external>", line 995, in exec_module
  File "<frozen importlib._bootstrap>", line 488, in _call_with_frames_removed
  File "/opt/airflow/dags/extraction_DAG.py", line 6, in <module>
    from include import extract as extract_data
ModuleNotFoundError: No module named 'include'
[2026-09-16T15:49:52.550+0000] {processor.py:842} WARNING - No viable dags retrieved from /opt/airflow/dags/extraction_DAG.py
[2026-09-16T15:49:52.575+0000] {processor.py:183} INFO - Processing /opt/airflow/dags/extraction_DAG.py took 0.122 seconds
[2026-09-16T15:50:22.698+0000] {processor.py:161} INFO - Started process (PID=5959) to work on /opt/airflow/dags/extraction_DAG.py
[2026-09-16T15:50:22.698+0000] {processor.py:830} INFO - Processing file /opt/airflow/dags/extraction_DAG.py for tasks to queue
[2026-09-16T15:50:22.699+0000] {logging_mixin.py:188} INFO - [2026-09-16T15:50:22.698+0000] {dagbag.py:545} INFO - Filling up the DagBag from /opt/airflow/dags/extraction_DAG.py
[2026-09-16T15:50:22.701+0000] {logging_mixin.py:188} INFO - [2026-09-16T15:50:22.700+0000] {dagbag.py:355} ERROR - Failed to import: /opt/airflow/dags/extraction_DAG.py
Traceback (most recent call last):
  File "/home/airflow/.local/lib/python3.12/site-packages/airflow/models/dagbag.py", line 351, in parse
    loader.exec_module(new_module)
  File "<frozen importlib._bootstrap_external>", line 995, in exec_module
  File "<frozen importlib._bootstrap>", line 488, in _call_with_frames_removed
  File "/opt/airflow/dags/extraction_DAG.py", line 6, in <module>
    from include import extract as extract_data
ModuleNotFoundError: No module named 'include'
[2026-09-16T15:50:22.701+0000] {processor.py:842} WARNING - No viable dags retrieved from /opt/airflow/dags/extraction_DAG.py
[2026-09-16T15:50:22.713+0000] {processor.py:183} INFO - Processing /opt/airflow/dags/extraction_DAG.py took 0.019 seconds
[2026-09-16T15:50:52.835+0000] {processor.py:161} INFO - Started process (PID=5966) to work on /opt/airflow/dags/extraction_DAG.py
[2026-09-16T15:50:52.842+0000] {processor.py:830} INFO - Processing file /opt/airflow/dags/extraction_DAG.py for tasks to queue
[2026-09-16T15:50:52.843+0000] {logging_mixin.py:188} INFO - [2026-09-16T15:50:52.843+0000] {dagbag.py:545} INFO - Filling up the DagBag from /opt/airflow/dags/extraction_DAG.py
[2026-09-16T15:50:52.847+0000] {logging_mixin.py:188} INFO - [2026-09-16T15:50:52.846+0000] {dagbag.py:355} ERROR - Failed to import: /opt/airflow/dags/extraction_DAG.py
Traceback (most recent call last):
  File "/home/airflow/.local/lib/python3.12/site-packages/airflow/models/dagbag.py", line 351, in parse
    loader.exec_module(new_module)
  File "<frozen importlib._bootstrap_external>", line 995, in exec_module
  File "<frozen importlib._bootstrap>", line 488, in _call_with_frames_removed
  File "/opt/airflow/dags/extraction_DAG.py", line 6, in <module>
    from include import extract as extract_data
ModuleNotFoundError: No module named 'include'
[2026-09-16T15:50:52.848+0000] {processor.py:842} WARNING - No viable dags retrieved from /opt/airflow/dags/extraction_DAG.py
[2026-09-16T15:50:52.867+0000] {processor.py:183} INFO - Processing /opt/airflow/dags/extraction_DAG.py took 0.038 seconds
[2026-09-16T15:51:22.997+0000] {processor.py:161} INFO - Started process (PID=5973) to work on /opt/airflow/dags/extraction_DAG.py
[2026-09-16T15:51:22.997+0000] {processor.py:830} INFO - Processing file /opt/airflow/dags/extraction_DAG.py for tasks to queue
[2026-09-16T15:51:22.998+0000] {logging_mixin.py:188} INFO - [2026-09-16T15:51:22.997+0000] {dagbag.py:545} INFO - Filling up the DagBag from /opt/airflow/dags/extraction_DAG.py
[2026-09-16T15:51:22.999+0000] {logging_mixin.py:188} INFO - [2026-09-16T15:51:22.999+0000] {dagbag.py:355} ERROR - Failed to import: /opt/airflow/dags/extraction_DAG.py
Traceback (most recent call last):
  File "/home/airflow/.local/lib/python3.12/site-packages/airflow/models/dagbag.py", line 351, in parse
    loader.exec_module(new_module)
  File "<frozen importlib._bootstrap_external>", line 995, in exec_module
  File "<frozen importlib._bootstrap>", line 488, in _call_with_frames_removed
  File "/opt/airflow/dags/extraction_DAG.py", line 6, in <module>
    from include import extract as extract_data
ModuleNotFoundError: No module named 'include'
[2026-09-16T15:51:23.000+0000] {processor.py:842} WARNING - No viable dags retrieved from /opt/airflow/dags/extraction_DAG.py
[2026-09-16T15:51:23.010+0000] {processor.py:183} INFO - Processing /opt/airflow/dags/extraction_DAG.py took 0.019 seconds
[2026-09-16T15:51:53.174+0000] {processor.py:161} INFO - Started process (PID=5980) to work on /opt/airflow/dags/extraction_DAG.py
[2026-09-16T15:51:53.216+0000] {processor.py:830} INFO - Processing file /opt/airflow/dags/extraction_DAG.py for tasks to queue
[2026-09-16T15:51:53.218+0000] {logging_mixin.py:188} INFO - [2026-09-16T15:51:53.217+0000] {dagbag.py:545} INFO - Filling up the DagBag from /opt/airflow/dags/extraction_DAG.py
[2026-09-16T15:51:53.224+0000] {logging_mixin.py:188} INFO - [2026-09-16T15:51:53.222+0000] {dagbag.py:355} ERROR - Failed to import: /opt/airflow/dags/extraction_DAG.py
Traceback (most recent call last):
  File "/home/airflow/.local/lib/python3.12/site-packages/airflow/models/dagbag.py", line 351, in parse
    loader.exec_module(new_module)
  File "<frozen importlib._bootstrap_external>", line 995, in exec_module
  File "<frozen importlib._bootstrap>", line 488, in _call_with_frames_removed
  File "/opt/airflow/dags/extraction_DAG.py", line 6, in <module>
    from include import extract as extract_data
ModuleNotFoundError: No module named 'include'
[2026-09-16T15:51:53.224+0000] {processor.py:842} WARNING - No viable dags retrieved from /opt/airflow/dags/extraction_DAG.py
[2026-09-16T15:51:53.251+0000] {processor.py:183} INFO - Processing /opt/airflow/dags/extraction_DAG.py took 0.083 seconds
[2026-09-16T15:52:23.312+0000] {processor.py:161} INFO - Started process (PID=5987) to work on /opt/airflow/dags/extraction_DAG.py
[2026-09-16T15:52:23.313+0000] {processor.py:830} INFO - Processing file /opt/airflow/dags/extraction_DAG.py for tasks to queue
[2026-09-16T15:52:23.313+0000] {logging_mixin.py:188} INFO - [2026-09-16T15:52:23.313+0000] {dagbag.py:545} INFO - Filling up the DagBag from /opt/airflow/dags/extraction_DAG.py
[2026-09-16T15:52:23.315+0000] {logging_mixin.py:188} INFO - [2026-09-16T15:52:23.315+0000] {dagbag.py:355} ERROR - Failed to import: /opt/airflow/dags/extraction_DAG.py
Traceback (most recent call last):
  File "/home/airflow/.local/lib/python3.12/site-packages/airflow/models/dagbag.py", line 351, in parse
    loader.exec_module(new_module)
  File "<frozen importlib._bootstrap_external>", line 995, in exec_module
  File "<frozen importlib._bootstrap>", line 488, in _call_with_frames_removed
  File "/opt/airflow/dags/extraction_DAG.py", line 6, in <module>
    from include import extract as extract_data
ModuleNotFoundError: No module named 'include'
[2026-09-16T15:52:23.316+0000] {processor.py:842} WARNING - No viable dags retrieved from /opt/airflow/dags/extraction_DAG.py
[2026-09-16T15:52:23.327+0000] {processor.py:183} INFO - Processing /opt/airflow/dags/extraction_DAG.py took 0.019 seconds
[2026-09-16T15:52:53.402+0000] {processor.py:161} INFO - Started process (PID=5994) to work on /opt/airflow/dags/extraction_DAG.py
[2026-09-16T15:52:53.484+0000] {processor.py:830} INFO - Processing file /opt/airflow/dags/extraction_DAG.py for tasks to queue
[2026-09-16T15:52:53.485+0000] {logging_mixin.py:188} INFO - [2026-09-16T15:52:53.485+0000] {dagbag.py:545} INFO - Filling up the DagBag from /opt/airflow/dags/extraction_DAG.py
[2026-09-16T15:52:53.487+0000] {logging_mixin.py:188} INFO - [2026-09-16T15:52:53.487+0000] {dagbag.py:355} ERROR - Failed to import: /opt/airflow/dags/extraction_DAG.py
Traceback (most recent call last):
  File "/home/airflow/.local/lib/python3.12/site-packages/airflow/models/dagbag.py", line 351, in parse
    loader.exec_module(new_module)
  File "<frozen importlib._bootstrap_external>", line 995, in exec_module
  File "<frozen importlib._bootstrap>", line 488, in _call_with_frames_removed
  File "/opt/airflow/dags/extraction_DAG.py", line 6, in <module>
    from include import extract as extract_data
ModuleNotFoundError: No module named 'include'
[2026-09-16T15:52:53.488+0000] {processor.py:842} WARNING - No viable dags retrieved from /opt/airflow/dags/extraction_DAG.py
[2026-09-16T15:52:53.499+0000] {processor.py:183} INFO - Processing /opt/airflow/dags/extraction_DAG.py took 0.102 seconds
[2026-09-16T15:53:23.577+0000] {processor.py:161} INFO - Started process (PID=6001) to work on /opt/airflow/dags/extraction_DAG.py
[2026-09-16T15:53:23.577+0000] {processor.py:830} INFO - Processing file /opt/airflow/dags/extraction_DAG.py for tasks to queue
[2026-09-16T15:53:23.578+0000] {logging_mixin.py:188} INFO - [2026-09-16T15:53:23.577+0000] {dagbag.py:545} INFO - Filling up the DagBag from /opt/airflow/dags/extraction_DAG.py
[2026-09-16T15:53:23.580+0000] {logging_mixin.py:188} INFO - [2026-09-16T15:53:23.579+0000] {dagbag.py:355} ERROR - Failed to import: /opt/airflow/dags/extraction_DAG.py
Traceback (most recent call last):
  File "/home/airflow/.local/lib/python3.12/site-packages/airflow/models/dagbag.py", line 351, in parse
    loader.exec_module(new_module)
  File "<frozen importlib._bootstrap_external>", line 995, in exec_module
  File "<frozen importlib._bootstrap>", line 488, in _call_with_frames_removed
  File "/opt/airflow/dags/extraction_DAG.py", line 6, in <module>
    from include import extract as extract_data
ModuleNotFoundError: No module named 'include'
[2026-09-16T15:53:23.580+0000] {processor.py:842} WARNING - No viable dags retrieved from /opt/airflow/dags/extraction_DAG.py
[2026-09-16T15:53:23.591+0000] {processor.py:183} INFO - Processing /opt/airflow/dags/extraction_DAG.py took 0.019 seconds
[2026-09-16T15:53:53.662+0000] {processor.py:161} INFO - Started process (PID=6008) to work on /opt/airflow/dags/extraction_DAG.py
[2026-09-16T15:53:53.755+0000] {processor.py:830} INFO - Processing file /opt/airflow/dags/extraction_DAG.py for tasks to queue
[2026-09-16T15:53:53.756+0000] {logging_mixin.py:188} INFO - [2026-09-16T15:53:53.755+0000] {dagbag.py:545} INFO - Filling up the DagBag from /opt/airflow/dags/extraction_DAG.py
[2026-09-16T15:53:53.758+0000] {logging_mixin.py:188} INFO - [2026-09-16T15:53:53.757+0000] {dagbag.py:355} ERROR - Failed to import: /opt/airflow/dags/extraction_DAG.py
Traceback (most recent call last):
  File "/home/airflow/.local/lib/python3.12/site-packages/airflow/models/dagbag.py", line 351, in parse
    loader.exec_module(new_module)
  File "<frozen importlib._bootstrap_external>", line 995, in exec_module
  File "<frozen importlib._bootstrap>", line 488, in _call_with_frames_removed
  File "/opt/airflow/dags/extraction_DAG.py", line 6, in <module>
    from include import extract as extract_data
ModuleNotFoundError: No module named 'include'
[2026-09-16T15:53:53.758+0000] {processor.py:842} WARNING - No viable dags retrieved from /opt/airflow/dags/extraction_DAG.py
[2026-09-16T15:53:53.769+0000] {processor.py:183} INFO - Processing /opt/airflow/dags/extraction_DAG.py took 0.111 seconds
[2026-09-16T15:54:23.865+0000] {processor.py:161} INFO - Started process (PID=6015) to work on /opt/airflow/dags/extraction_DAG.py
[2026-09-16T15:54:23.865+0000] {processor.py:830} INFO - Processing file /opt/airflow/dags/extraction_DAG.py for tasks to queue
[2026-09-16T15:54:23.866+0000] {logging_mixin.py:188} INFO - [2026-09-16T15:54:23.866+0000] {dagbag.py:545} INFO - Filling up the DagBag from /opt/airflow/dags/extraction_DAG.py
[2026-09-16T15:54:23.868+0000] {logging_mixin.py:188} INFO - [2026-09-16T15:54:23.867+0000] {dagbag.py:355} ERROR - Failed to import: /opt/airflow/dags/extraction_DAG.py
Traceback (most recent call last):
  File "/home/airflow/.local/lib/python3.12/site-packages/airflow/models/dagbag.py", line 351, in parse
    loader.exec_module(new_module)
  File "<frozen importlib._bootstrap_external>", line 995, in exec_module
  File "<frozen importlib._bootstrap>", line 488, in _call_with_frames_removed
  File "/opt/airflow/dags/extraction_DAG.py", line 6, in <module>
    from include import extract as extract_data
ModuleNotFoundError: No module named 'include'
[2026-09-16T15:54:23.868+0000] {processor.py:842} WARNING - No viable dags retrieved from /opt/airflow/dags/extraction_DAG.py
[2026-09-16T15:54:23.880+0000] {processor.py:183} INFO - Processing /opt/airflow/dags/extraction_DAG.py took 0.019 seconds
[2026-09-16T15:54:54.003+0000] {processor.py:161} INFO - Started process (PID=6022) to work on /opt/airflow/dags/extraction_DAG.py
[2026-09-16T15:54:54.093+0000] {processor.py:830} INFO - Processing file /opt/airflow/dags/extraction_DAG.py for tasks to queue
[2026-09-16T15:54:54.094+0000] {logging_mixin.py:188} INFO - [2026-09-16T15:54:54.094+0000] {dagbag.py:545} INFO - Filling up the DagBag from /opt/airflow/dags/extraction_DAG.py
[2026-09-16T15:54:54.100+0000] {logging_mixin.py:188} INFO - [2026-09-16T15:54:54.098+0000] {dagbag.py:355} ERROR - Failed to import: /opt/airflow/dags/extraction_DAG.py
Traceback (most recent call last):
  File "/home/airflow/.local/lib/python3.12/site-packages/airflow/models/dagbag.py", line 351, in parse
    loader.exec_module(new_module)
  File "<frozen importlib._bootstrap_external>", line 995, in exec_module
  File "<frozen importlib._bootstrap>", line 488, in _call_with_frames_removed
  File "/opt/airflow/dags/extraction_DAG.py", line 6, in <module>
    from include import extract as extract_data
ModuleNotFoundError: No module named 'include'
[2026-09-16T15:54:54.101+0000] {processor.py:842} WARNING - No viable dags retrieved from /opt/airflow/dags/extraction_DAG.py
[2026-09-16T15:54:54.124+0000] {processor.py:183} INFO - Processing /opt/airflow/dags/extraction_DAG.py took 0.125 seconds
[2026-09-16T15:55:24.161+0000] {processor.py:161} INFO - Started process (PID=6029) to work on /opt/airflow/dags/extraction_DAG.py
[2026-09-16T15:55:24.161+0000] {processor.py:830} INFO - Processing file /opt/airflow/dags/extraction_DAG.py for tasks to queue
[2026-09-16T15:55:24.161+0000] {logging_mixin.py:188} INFO - [2026-09-16T15:55:24.161+0000] {dagbag.py:545} INFO - Filling up the DagBag from /opt/airflow/dags/extraction_DAG.py
[2026-09-16T15:55:24.163+0000] {logging_mixin.py:188} INFO - [2026-09-16T15:55:24.163+0000] {dagbag.py:355} ERROR - Failed to import: /opt/airflow/dags/extraction_DAG.py
Traceback (most recent call last):
  File "/home/airflow/.local/lib/python3.12/site-packages/airflow/models/dagbag.py", line 351, in parse
    loader.exec_module(new_module)
  File "<frozen importlib._bootstrap_external>", line 995, in exec_module
  File "<frozen importlib._bootstrap>", line 488, in _call_with_frames_removed
  File "/opt/airflow/dags/extraction_DAG.py", line 6, in <module>
    from include import extract as extract_data
ModuleNotFoundError: No module named 'include'
[2026-09-16T15:55:24.164+0000] {processor.py:842} WARNING - No viable dags retrieved from /opt/airflow/dags/extraction_DAG.py
[2026-09-16T15:55:24.176+0000] {processor.py:183} INFO - Processing /opt/airflow/dags/extraction_DAG.py took 0.020 seconds
[2026-09-16T15:55:54.318+0000] {processor.py:161} INFO - Started process (PID=6036) to work on /opt/airflow/dags/extraction_DAG.py
[2026-09-16T15:55:54.319+0000] {processor.py:830} INFO - Processing file /opt/airflow/dags/extraction_DAG.py for tasks to queue
[2026-09-16T15:55:54.319+0000] {logging_mixin.py:188} INFO - [2026-09-16T15:55:54.319+0000] {dagbag.py:545} INFO - Filling up the DagBag from /opt/airflow/dags/extraction_DAG.py
[2026-09-16T15:55:54.321+0000] {logging_mixin.py:188} INFO - [2026-09-16T15:55:54.320+0000] {dagbag.py:355} ERROR - Failed to import: /opt/airflow/dags/extraction_DAG.py
Traceback (most recent call last):
  File "/home/airflow/.local/lib/python3.12/site-packages/airflow/models/dagbag.py", line 351, in parse
    loader.exec_module(new_module)
  File "<frozen importlib._bootstrap_external>", line 995, in exec_module
  File "<frozen importlib._bootstrap>", line 488, in _call_with_frames_removed
  File "/opt/airflow/dags/extraction_DAG.py", line 6, in <module>
    from include import extract as extract_data
ModuleNotFoundError: No module named 'include'
[2026-09-16T15:55:54.321+0000] {processor.py:842} WARNING - No viable dags retrieved from /opt/airflow/dags/extraction_DAG.py
[2026-09-16T15:55:54.332+0000] {processor.py:183} INFO - Processing /opt/airflow/dags/extraction_DAG.py took 0.018 seconds
[2026-09-16T15:56:24.474+0000] {processor.py:161} INFO - Started process (PID=6043) to work on /opt/airflow/dags/extraction_DAG.py
[2026-09-16T15:56:24.474+0000] {processor.py:830} INFO - Processing file /opt/airflow/dags/extraction_DAG.py for tasks to queue
[2026-09-16T15:56:24.475+0000] {logging_mixin.py:188} INFO - [2026-09-16T15:56:24.475+0000] {dagbag.py:545} INFO - Filling up the DagBag from /opt/airflow/dags/extraction_DAG.py
[2026-09-16T15:56:24.477+0000] {logging_mixin.py:188} INFO - [2026-09-16T15:56:24.476+0000] {dagbag.py:355} ERROR - Failed to import: /opt/airflow/dags/extraction_DAG.py
Traceback (most recent call last):
  File "/home/airflow/.local/lib/python3.12/site-packages/airflow/models/dagbag.py", line 351, in parse
    loader.exec_module(new_module)
  File "<frozen importlib._bootstrap_external>", line 995, in exec_module
  File "<frozen importlib._bootstrap>", line 488, in _call_with_frames_removed
  File "/opt/airflow/dags/extraction_DAG.py", line 6, in <module>
    from include import extract as extract_data
ModuleNotFoundError: No module named 'include'
[2026-09-16T15:56:24.477+0000] {processor.py:842} WARNING - No viable dags retrieved from /opt/airflow/dags/extraction_DAG.py
[2026-09-16T15:56:24.490+0000] {processor.py:183} INFO - Processing /opt/airflow/dags/extraction_DAG.py took 0.021 seconds
[2026-09-16T15:56:54.636+0000] {processor.py:161} INFO - Started process (PID=6049) to work on /opt/airflow/dags/extraction_DAG.py
[2026-09-16T15:56:54.727+0000] {processor.py:830} INFO - Processing file /opt/airflow/dags/extraction_DAG.py for tasks to queue
[2026-09-16T15:56:54.728+0000] {logging_mixin.py:188} INFO - [2026-09-16T15:56:54.728+0000] {dagbag.py:545} INFO - Filling up the DagBag from /opt/airflow/dags/extraction_DAG.py
[2026-09-16T15:56:54.734+0000] {logging_mixin.py:188} INFO - [2026-09-16T15:56:54.732+0000] {dagbag.py:355} ERROR - Failed to import: /opt/airflow/dags/extraction_DAG.py
Traceback (most recent call last):
  File "/home/airflow/.local/lib/python3.12/site-packages/airflow/models/dagbag.py", line 351, in parse
    loader.exec_module(new_module)
  File "<frozen importlib._bootstrap_external>", line 995, in exec_module
  File "<frozen importlib._bootstrap>", line 488, in _call_with_frames_removed
  File "/opt/airflow/dags/extraction_DAG.py", line 6, in <module>
    from include import extract as extract_data
ModuleNotFoundError: No module named 'include'
[2026-09-16T15:56:54.734+0000] {processor.py:842} WARNING - No viable dags retrieved from /opt/airflow/dags/extraction_DAG.py
[2026-09-16T15:56:54.761+0000] {processor.py:183} INFO - Processing /opt/airflow/dags/extraction_DAG.py took 0.129 seconds
[2026-09-16T15:57:24.796+0000] {processor.py:161} INFO - Started process (PID=6056) to work on /opt/airflow/dags/extraction_DAG.py
[2026-09-16T15:57:24.797+0000] {processor.py:830} INFO - Processing file /opt/airflow/dags/extraction_DAG.py for tasks to queue
[2026-09-16T15:57:24.797+0000] {logging_mixin.py:188} INFO - [2026-09-16T15:57:24.797+0000] {dagbag.py:545} INFO - Filling up the DagBag from /opt/airflow/dags/extraction_DAG.py
[2026-09-16T15:57:24.799+0000] {logging_mixin.py:188} INFO - [2026-09-16T15:57:24.798+0000] {dagbag.py:355} ERROR - Failed to import: /opt/airflow/dags/extraction_DAG.py
Traceback (most recent call last):
  File "/home/airflow/.local/lib/python3.12/site-packages/airflow/models/dagbag.py", line 351, in parse
    loader.exec_module(new_module)
  File "<frozen importlib._bootstrap_external>", line 995, in exec_module
  File "<frozen importlib._bootstrap>", line 488, in _call_with_frames_removed
  File "/opt/airflow/dags/extraction_DAG.py", line 6, in <module>
    from include import extract as extract_data
ModuleNotFoundError: No module named 'include'
[2026-09-16T15:57:24.800+0000] {processor.py:842} WARNING - No viable dags retrieved from /opt/airflow/dags/extraction_DAG.py
[2026-09-16T15:57:24.811+0000] {processor.py:183} INFO - Processing /opt/airflow/dags/extraction_DAG.py took 0.020 seconds
[2026-09-16T15:57:54.966+0000] {processor.py:161} INFO - Started process (PID=6063) to work on /opt/airflow/dags/extraction_DAG.py
[2026-09-16T15:57:54.969+0000] {processor.py:830} INFO - Processing file /opt/airflow/dags/extraction_DAG.py for tasks to queue
[2026-09-16T15:57:54.970+0000] {logging_mixin.py:188} INFO - [2026-09-16T15:57:54.969+0000] {dagbag.py:545} INFO - Filling up the DagBag from /opt/airflow/dags/extraction_DAG.py
[2026-09-16T15:57:54.973+0000] {logging_mixin.py:188} INFO - [2026-09-16T15:57:54.972+0000] {dagbag.py:355} ERROR - Failed to import: /opt/airflow/dags/extraction_DAG.py
Traceback (most recent call last):
  File "/home/airflow/.local/lib/python3.12/site-packages/airflow/models/dagbag.py", line 351, in parse
    loader.exec_module(new_module)
  File "<frozen importlib._bootstrap_external>", line 995, in exec_module
  File "<frozen importlib._bootstrap>", line 488, in _call_with_frames_removed
  File "/opt/airflow/dags/extraction_DAG.py", line 6, in <module>
    from include import extract as extract_data
ModuleNotFoundError: No module named 'include'
[2026-09-16T15:57:54.973+0000] {processor.py:842} WARNING - No viable dags retrieved from /opt/airflow/dags/extraction_DAG.py
[2026-09-16T15:57:54.986+0000] {processor.py:183} INFO - Processing /opt/airflow/dags/extraction_DAG.py took 0.030 seconds
[2026-09-16T15:58:25.128+0000] {processor.py:161} INFO - Started process (PID=6070) to work on /opt/airflow/dags/extraction_DAG.py
[2026-09-16T15:58:25.129+0000] {processor.py:830} INFO - Processing file /opt/airflow/dags/extraction_DAG.py for tasks to queue
[2026-09-16T15:58:25.129+0000] {logging_mixin.py:188} INFO - [2026-09-16T15:58:25.129+0000] {dagbag.py:545} INFO - Filling up the DagBag from /opt/airflow/dags/extraction_DAG.py
[2026-09-16T15:58:25.131+0000] {logging_mixin.py:188} INFO - [2026-09-16T15:58:25.131+0000] {dagbag.py:355} ERROR - Failed to import: /opt/airflow/dags/extraction_DAG.py
Traceback (most recent call last):
  File "/home/airflow/.local/lib/python3.12/site-packages/airflow/models/dagbag.py", line 351, in parse
    loader.exec_module(new_module)
  File "<frozen importlib._bootstrap_external>", line 995, in exec_module
  File "<frozen importlib._bootstrap>", line 488, in _call_with_frames_removed
  File "/opt/airflow/dags/extraction_DAG.py", line 6, in <module>
    from include import extract as extract_data
ModuleNotFoundError: No module named 'include'
[2026-09-16T15:58:25.132+0000] {processor.py:842} WARNING - No viable dags retrieved from /opt/airflow/dags/extraction_DAG.py
[2026-09-16T15:58:25.147+0000] {processor.py:183} INFO - Processing /opt/airflow/dags/extraction_DAG.py took 0.026 seconds
[2026-09-16T15:58:55.283+0000] {processor.py:161} INFO - Started process (PID=6077) to work on /opt/airflow/dags/extraction_DAG.py
[2026-09-16T15:58:55.374+0000] {processor.py:830} INFO - Processing file /opt/airflow/dags/extraction_DAG.py for tasks to queue
[2026-09-16T15:58:55.375+0000] {logging_mixin.py:188} INFO - [2026-09-16T15:58:55.375+0000] {dagbag.py:545} INFO - Filling up the DagBag from /opt/airflow/dags/extraction_DAG.py
[2026-09-16T15:58:55.381+0000] {logging_mixin.py:188} INFO - [2026-09-16T15:58:55.379+0000] {dagbag.py:355} ERROR - Failed to import: /opt/airflow/dags/extraction_DAG.py
Traceback (most recent call last):
  File "/home/airflow/.local/lib/python3.12/site-packages/airflow/models/dagbag.py", line 351, in parse
    loader.exec_module(new_module)
  File "<frozen importlib._bootstrap_external>", line 995, in exec_module
  File "<frozen importlib._bootstrap>", line 488, in _call_with_frames_removed
  File "/opt/airflow/dags/extraction_DAG.py", line 6, in <module>
    from include import extract as extract_data
ModuleNotFoundError: No module named 'include'
[2026-09-16T15:58:55.382+0000] {processor.py:842} WARNING - No viable dags retrieved from /opt/airflow/dags/extraction_DAG.py
[2026-09-16T15:58:55.406+0000] {processor.py:183} INFO - Processing /opt/airflow/dags/extraction_DAG.py took 0.128 seconds
[2026-09-16T15:59:25.446+0000] {processor.py:161} INFO - Started process (PID=6084) to work on /opt/airflow/dags/extraction_DAG.py
[2026-09-16T15:59:25.446+0000] {processor.py:830} INFO - Processing file /opt/airflow/dags/extraction_DAG.py for tasks to queue
[2026-09-16T15:59:25.447+0000] {logging_mixin.py:188} INFO - [2026-09-16T15:59:25.447+0000] {dagbag.py:545} INFO - Filling up the DagBag from /opt/airflow/dags/extraction_DAG.py
[2026-09-16T15:59:25.451+0000] {logging_mixin.py:188} INFO - [2026-09-16T15:59:25.449+0000] {dagbag.py:355} ERROR - Failed to import: /opt/airflow/dags/extraction_DAG.py
Traceback (most recent call last):
  File "/home/airflow/.local/lib/python3.12/site-packages/airflow/models/dagbag.py", line 351, in parse
    loader.exec_module(new_module)
  File "<frozen importlib._bootstrap_external>", line 995, in exec_module
  File "<frozen importlib._bootstrap>", line 488, in _call_with_frames_removed
  File "/opt/airflow/dags/extraction_DAG.py", line 6, in <module>
    from include import extract as extract_data
ModuleNotFoundError: No module named 'include'
[2026-09-16T15:59:25.452+0000] {processor.py:842} WARNING - No viable dags retrieved from /opt/airflow/dags/extraction_DAG.py
[2026-09-16T15:59:25.474+0000] {processor.py:183} INFO - Processing /opt/airflow/dags/extraction_DAG.py took 0.036 seconds
[2026-09-16T15:59:55.585+0000] {processor.py:161} INFO - Started process (PID=6091) to work on /opt/airflow/dags/extraction_DAG.py
[2026-09-16T15:59:55.696+0000] {processor.py:830} INFO - Processing file /opt/airflow/dags/extraction_DAG.py for tasks to queue
[2026-09-16T15:59:55.698+0000] {logging_mixin.py:188} INFO - [2026-09-16T15:59:55.697+0000] {dagbag.py:545} INFO - Filling up the DagBag from /opt/airflow/dags/extraction_DAG.py
[2026-09-16T15:59:55.703+0000] {logging_mixin.py:188} INFO - [2026-09-16T15:59:55.701+0000] {dagbag.py:355} ERROR - Failed to import: /opt/airflow/dags/extraction_DAG.py
Traceback (most recent call last):
  File "/home/airflow/.local/lib/python3.12/site-packages/airflow/models/dagbag.py", line 351, in parse
    loader.exec_module(new_module)
  File "<frozen importlib._bootstrap_external>", line 995, in exec_module
  File "<frozen importlib._bootstrap>", line 488, in _call_with_frames_removed
  File "/opt/airflow/dags/extraction_DAG.py", line 6, in <module>
    from include import extract as extract_data
ModuleNotFoundError: No module named 'include'
[2026-09-16T15:59:55.704+0000] {processor.py:842} WARNING - No viable dags retrieved from /opt/airflow/dags/extraction_DAG.py
[2026-09-16T15:59:55.730+0000] {processor.py:183} INFO - Processing /opt/airflow/dags/extraction_DAG.py took 0.154 seconds
[2026-09-16T16:00:25.869+0000] {processor.py:161} INFO - Started process (PID=6098) to work on /opt/airflow/dags/extraction_DAG.py
[2026-09-16T16:00:25.870+0000] {processor.py:830} INFO - Processing file /opt/airflow/dags/extraction_DAG.py for tasks to queue
[2026-09-16T16:00:25.870+0000] {logging_mixin.py:188} INFO - [2026-09-16T16:00:25.870+0000] {dagbag.py:545} INFO - Filling up the DagBag from /opt/airflow/dags/extraction_DAG.py
[2026-09-16T16:00:25.872+0000] {logging_mixin.py:188} INFO - [2026-09-16T16:00:25.871+0000] {dagbag.py:355} ERROR - Failed to import: /opt/airflow/dags/extraction_DAG.py
Traceback (most recent call last):
  File "/home/airflow/.local/lib/python3.12/site-packages/airflow/models/dagbag.py", line 351, in parse
    loader.exec_module(new_module)
  File "<frozen importlib._bootstrap_external>", line 995, in exec_module
  File "<frozen importlib._bootstrap>", line 488, in _call_with_frames_removed
  File "/opt/airflow/dags/extraction_DAG.py", line 6, in <module>
    from include import extract as extract_data
ModuleNotFoundError: No module named 'include'
[2026-09-16T16:00:25.873+0000] {processor.py:842} WARNING - No viable dags retrieved from /opt/airflow/dags/extraction_DAG.py
[2026-09-16T16:00:25.886+0000] {processor.py:183} INFO - Processing /opt/airflow/dags/extraction_DAG.py took 0.026 seconds
[2026-09-16T16:00:56.022+0000] {processor.py:161} INFO - Started process (PID=6105) to work on /opt/airflow/dags/extraction_DAG.py
[2026-09-16T16:00:56.138+0000] {processor.py:830} INFO - Processing file /opt/airflow/dags/extraction_DAG.py for tasks to queue
[2026-09-16T16:00:56.140+0000] {logging_mixin.py:188} INFO - [2026-09-16T16:00:56.139+0000] {dagbag.py:545} INFO - Filling up the DagBag from /opt/airflow/dags/extraction_DAG.py
[2026-09-16T16:00:56.145+0000] {logging_mixin.py:188} INFO - [2026-09-16T16:00:56.144+0000] {dagbag.py:355} ERROR - Failed to import: /opt/airflow/dags/extraction_DAG.py
Traceback (most recent call last):
  File "/home/airflow/.local/lib/python3.12/site-packages/airflow/models/dagbag.py", line 351, in parse
    loader.exec_module(new_module)
  File "<frozen importlib._bootstrap_external>", line 995, in exec_module
  File "<frozen importlib._bootstrap>", line 488, in _call_with_frames_removed
  File "/opt/airflow/dags/extraction_DAG.py", line 6, in <module>
    from include import extract as extract_data
ModuleNotFoundError: No module named 'include'
[2026-09-16T16:00:56.146+0000] {processor.py:842} WARNING - No viable dags retrieved from /opt/airflow/dags/extraction_DAG.py
[2026-09-16T16:00:56.170+0000] {processor.py:183} INFO - Processing /opt/airflow/dags/extraction_DAG.py took 0.158 seconds
[2026-09-16T16:01:26.318+0000] {processor.py:161} INFO - Started process (PID=6112) to work on /opt/airflow/dags/extraction_DAG.py
[2026-09-16T16:01:26.319+0000] {processor.py:830} INFO - Processing file /opt/airflow/dags/extraction_DAG.py for tasks to queue
[2026-09-16T16:01:26.320+0000] {logging_mixin.py:188} INFO - [2026-09-16T16:01:26.319+0000] {dagbag.py:545} INFO - Filling up the DagBag from /opt/airflow/dags/extraction_DAG.py
[2026-09-16T16:01:26.323+0000] {logging_mixin.py:188} INFO - [2026-09-16T16:01:26.322+0000] {dagbag.py:355} ERROR - Failed to import: /opt/airflow/dags/extraction_DAG.py
Traceback (most recent call last):
  File "/home/airflow/.local/lib/python3.12/site-packages/airflow/models/dagbag.py", line 351, in parse
    loader.exec_module(new_module)
  File "<frozen importlib._bootstrap_external>", line 995, in exec_module
  File "<frozen importlib._bootstrap>", line 488, in _call_with_frames_removed
  File "/opt/airflow/dags/extraction_DAG.py", line 6, in <module>
    from include import extract as extract_data
ModuleNotFoundError: No module named 'include'
[2026-09-16T16:01:26.323+0000] {processor.py:842} WARNING - No viable dags retrieved from /opt/airflow/dags/extraction_DAG.py
[2026-09-16T16:01:26.337+0000] {processor.py:183} INFO - Processing /opt/airflow/dags/extraction_DAG.py took 0.025 seconds
[2026-09-16T16:01:56.470+0000] {processor.py:161} INFO - Started process (PID=6118) to work on /opt/airflow/dags/extraction_DAG.py
[2026-09-16T16:01:56.479+0000] {processor.py:830} INFO - Processing file /opt/airflow/dags/extraction_DAG.py for tasks to queue
[2026-09-16T16:01:56.480+0000] {logging_mixin.py:188} INFO - [2026-09-16T16:01:56.480+0000] {dagbag.py:545} INFO - Filling up the DagBag from /opt/airflow/dags/extraction_DAG.py
[2026-09-16T16:01:56.483+0000] {logging_mixin.py:188} INFO - [2026-09-16T16:01:56.482+0000] {dagbag.py:355} ERROR - Failed to import: /opt/airflow/dags/extraction_DAG.py
Traceback (most recent call last):
  File "/home/airflow/.local/lib/python3.12/site-packages/airflow/models/dagbag.py", line 351, in parse
    loader.exec_module(new_module)
  File "<frozen importlib._bootstrap_external>", line 995, in exec_module
  File "<frozen importlib._bootstrap>", line 488, in _call_with_frames_removed
  File "/opt/airflow/dags/extraction_DAG.py", line 6, in <module>
    from include import extract as extract_data
ModuleNotFoundError: No module named 'include'
[2026-09-16T16:01:56.483+0000] {processor.py:842} WARNING - No viable dags retrieved from /opt/airflow/dags/extraction_DAG.py
[2026-09-16T16:01:56.495+0000] {processor.py:183} INFO - Processing /opt/airflow/dags/extraction_DAG.py took 0.030 seconds
[2026-09-16T16:02:26.621+0000] {processor.py:161} INFO - Started process (PID=6125) to work on /opt/airflow/dags/extraction_DAG.py
[2026-09-16T16:02:26.622+0000] {processor.py:830} INFO - Processing file /opt/airflow/dags/extraction_DAG.py for tasks to queue
[2026-09-16T16:02:26.622+0000] {logging_mixin.py:188} INFO - [2026-09-16T16:02:26.622+0000] {dagbag.py:545} INFO - Filling up the DagBag from /opt/airflow/dags/extraction_DAG.py
[2026-09-16T16:02:26.624+0000] {logging_mixin.py:188} INFO - [2026-09-16T16:02:26.624+0000] {dagbag.py:355} ERROR - Failed to import: /opt/airflow/dags/extraction_DAG.py
Traceback (most recent call last):
  File "/home/airflow/.local/lib/python3.12/site-packages/airflow/models/dagbag.py", line 351, in parse
    loader.exec_module(new_module)
  File "<frozen importlib._bootstrap_external>", line 995, in exec_module
  File "<frozen importlib._bootstrap>", line 488, in _call_with_frames_removed
  File "/opt/airflow/dags/extraction_DAG.py", line 6, in <module>
    from include import extract as extract_data
ModuleNotFoundError: No module named 'include'
[2026-09-16T16:02:26.625+0000] {processor.py:842} WARNING - No viable dags retrieved from /opt/airflow/dags/extraction_DAG.py
[2026-09-16T16:02:26.637+0000] {processor.py:183} INFO - Processing /opt/airflow/dags/extraction_DAG.py took 0.020 seconds
[2026-09-16T16:02:56.797+0000] {processor.py:161} INFO - Started process (PID=6132) to work on /opt/airflow/dags/extraction_DAG.py
[2026-09-16T16:02:56.884+0000] {processor.py:830} INFO - Processing file /opt/airflow/dags/extraction_DAG.py for tasks to queue
[2026-09-16T16:02:56.886+0000] {logging_mixin.py:188} INFO - [2026-09-16T16:02:56.885+0000] {dagbag.py:545} INFO - Filling up the DagBag from /opt/airflow/dags/extraction_DAG.py
[2026-09-16T16:02:56.891+0000] {logging_mixin.py:188} INFO - [2026-09-16T16:02:56.889+0000] {dagbag.py:355} ERROR - Failed to import: /opt/airflow/dags/extraction_DAG.py
Traceback (most recent call last):
  File "/home/airflow/.local/lib/python3.12/site-packages/airflow/models/dagbag.py", line 351, in parse
    loader.exec_module(new_module)
  File "<frozen importlib._bootstrap_external>", line 995, in exec_module
  File "<frozen importlib._bootstrap>", line 488, in _call_with_frames_removed
  File "/opt/airflow/dags/extraction_DAG.py", line 6, in <module>
    from include import extract as extract_data
ModuleNotFoundError: No module named 'include'
[2026-09-16T16:02:56.892+0000] {processor.py:842} WARNING - No viable dags retrieved from /opt/airflow/dags/extraction_DAG.py
[2026-09-16T16:02:56.916+0000] {processor.py:183} INFO - Processing /opt/airflow/dags/extraction_DAG.py took 0.129 seconds
[2026-09-16T16:03:26.966+0000] {processor.py:161} INFO - Started process (PID=6139) to work on /opt/airflow/dags/extraction_DAG.py
[2026-09-16T16:03:26.967+0000] {processor.py:830} INFO - Processing file /opt/airflow/dags/extraction_DAG.py for tasks to queue
[2026-09-16T16:03:26.968+0000] {logging_mixin.py:188} INFO - [2026-09-16T16:03:26.967+0000] {dagbag.py:545} INFO - Filling up the DagBag from /opt/airflow/dags/extraction_DAG.py
[2026-09-16T16:03:26.971+0000] {logging_mixin.py:188} INFO - [2026-09-16T16:03:26.970+0000] {dagbag.py:355} ERROR - Failed to import: /opt/airflow/dags/extraction_DAG.py
Traceback (most recent call last):
  File "/home/airflow/.local/lib/python3.12/site-packages/airflow/models/dagbag.py", line 351, in parse
    loader.exec_module(new_module)
  File "<frozen importlib._bootstrap_external>", line 995, in exec_module
  File "<frozen importlib._bootstrap>", line 488, in _call_with_frames_removed
  File "/opt/airflow/dags/extraction_DAG.py", line 6, in <module>
    from include import extract as extract_data
ModuleNotFoundError: No module named 'include'
[2026-09-16T16:03:26.971+0000] {processor.py:842} WARNING - No viable dags retrieved from /opt/airflow/dags/extraction_DAG.py
[2026-09-16T16:03:26.984+0000] {processor.py:183} INFO - Processing /opt/airflow/dags/extraction_DAG.py took 0.029 seconds
[2026-09-16T16:03:57.109+0000] {processor.py:161} INFO - Started process (PID=6146) to work on /opt/airflow/dags/extraction_DAG.py
[2026-09-16T16:03:57.116+0000] {processor.py:830} INFO - Processing file /opt/airflow/dags/extraction_DAG.py for tasks to queue
[2026-09-16T16:03:57.117+0000] {logging_mixin.py:188} INFO - [2026-09-16T16:03:57.117+0000] {dagbag.py:545} INFO - Filling up the DagBag from /opt/airflow/dags/extraction_DAG.py
[2026-09-16T16:03:57.123+0000] {logging_mixin.py:188} INFO - [2026-09-16T16:03:57.120+0000] {dagbag.py:355} ERROR - Failed to import: /opt/airflow/dags/extraction_DAG.py
Traceback (most recent call last):
  File "/home/airflow/.local/lib/python3.12/site-packages/airflow/models/dagbag.py", line 351, in parse
    loader.exec_module(new_module)
  File "<frozen importlib._bootstrap_external>", line 995, in exec_module
  File "<frozen importlib._bootstrap>", line 488, in _call_with_frames_removed
  File "/opt/airflow/dags/extraction_DAG.py", line 6, in <module>
    from include import extract as extract_data
ModuleNotFoundError: No module named 'include'
[2026-09-16T16:03:57.123+0000] {processor.py:842} WARNING - No viable dags retrieved from /opt/airflow/dags/extraction_DAG.py
[2026-09-16T16:03:57.148+0000] {processor.py:183} INFO - Processing /opt/airflow/dags/extraction_DAG.py took 0.043 seconds
[2026-09-16T16:04:27.270+0000] {processor.py:161} INFO - Started process (PID=6153) to work on /opt/airflow/dags/extraction_DAG.py
[2026-09-16T16:04:27.271+0000] {processor.py:830} INFO - Processing file /opt/airflow/dags/extraction_DAG.py for tasks to queue
[2026-09-16T16:04:27.272+0000] {logging_mixin.py:188} INFO - [2026-09-16T16:04:27.271+0000] {dagbag.py:545} INFO - Filling up the DagBag from /opt/airflow/dags/extraction_DAG.py
[2026-09-16T16:04:27.274+0000] {logging_mixin.py:188} INFO - [2026-09-16T16:04:27.273+0000] {dagbag.py:355} ERROR - Failed to import: /opt/airflow/dags/extraction_DAG.py
Traceback (most recent call last):
  File "/home/airflow/.local/lib/python3.12/site-packages/airflow/models/dagbag.py", line 351, in parse
    loader.exec_module(new_module)
  File "<frozen importlib._bootstrap_external>", line 995, in exec_module
  File "<frozen importlib._bootstrap>", line 488, in _call_with_frames_removed
  File "/opt/airflow/dags/extraction_DAG.py", line 6, in <module>
    from include import extract as extract_data
ModuleNotFoundError: No module named 'include'
[2026-09-16T16:04:27.274+0000] {processor.py:842} WARNING - No viable dags retrieved from /opt/airflow/dags/extraction_DAG.py
[2026-09-16T16:04:27.286+0000] {processor.py:183} INFO - Processing /opt/airflow/dags/extraction_DAG.py took 0.020 seconds
[2026-09-16T16:04:57.432+0000] {processor.py:161} INFO - Started process (PID=6160) to work on /opt/airflow/dags/extraction_DAG.py
[2026-09-16T16:04:57.446+0000] {processor.py:830} INFO - Processing file /opt/airflow/dags/extraction_DAG.py for tasks to queue
[2026-09-16T16:04:57.447+0000] {logging_mixin.py:188} INFO - [2026-09-16T16:04:57.447+0000] {dagbag.py:545} INFO - Filling up the DagBag from /opt/airflow/dags/extraction_DAG.py
[2026-09-16T16:04:57.449+0000] {logging_mixin.py:188} INFO - [2026-09-16T16:04:57.449+0000] {dagbag.py:355} ERROR - Failed to import: /opt/airflow/dags/extraction_DAG.py
Traceback (most recent call last):
  File "/home/airflow/.local/lib/python3.12/site-packages/airflow/models/dagbag.py", line 351, in parse
    loader.exec_module(new_module)
  File "<frozen importlib._bootstrap_external>", line 995, in exec_module
  File "<frozen importlib._bootstrap>", line 488, in _call_with_frames_removed
  File "/opt/airflow/dags/extraction_DAG.py", line 6, in <module>
    from include import extract as extract_data
ModuleNotFoundError: No module named 'include'
[2026-09-16T16:04:57.450+0000] {processor.py:842} WARNING - No viable dags retrieved from /opt/airflow/dags/extraction_DAG.py
[2026-09-16T16:04:57.461+0000] {processor.py:183} INFO - Processing /opt/airflow/dags/extraction_DAG.py took 0.034 seconds
[2026-09-16T16:05:27.536+0000] {processor.py:161} INFO - Started process (PID=6167) to work on /opt/airflow/dags/extraction_DAG.py
[2026-09-16T16:05:27.537+0000] {processor.py:830} INFO - Processing file /opt/airflow/dags/extraction_DAG.py for tasks to queue
[2026-09-16T16:05:27.538+0000] {logging_mixin.py:188} INFO - [2026-09-16T16:05:27.537+0000] {dagbag.py:545} INFO - Filling up the DagBag from /opt/airflow/dags/extraction_DAG.py
[2026-09-16T16:05:27.540+0000] {logging_mixin.py:188} INFO - [2026-09-16T16:05:27.539+0000] {dagbag.py:355} ERROR - Failed to import: /opt/airflow/dags/extraction_DAG.py
Traceback (most recent call last):
  File "/home/airflow/.local/lib/python3.12/site-packages/airflow/models/dagbag.py", line 351, in parse
    loader.exec_module(new_module)
  File "<frozen importlib._bootstrap_external>", line 995, in exec_module
  File "<frozen importlib._bootstrap>", line 488, in _call_with_frames_removed
  File "/opt/airflow/dags/extraction_DAG.py", line 6, in <module>
    from include import extract as extract_data
ModuleNotFoundError: No module named 'include'
[2026-09-16T16:05:27.540+0000] {processor.py:842} WARNING - No viable dags retrieved from /opt/airflow/dags/extraction_DAG.py
[2026-09-16T16:05:27.551+0000] {processor.py:183} INFO - Processing /opt/airflow/dags/extraction_DAG.py took 0.022 seconds
[2026-09-16T16:05:57.644+0000] {processor.py:161} INFO - Started process (PID=6174) to work on /opt/airflow/dags/extraction_DAG.py
[2026-09-16T16:05:57.661+0000] {processor.py:830} INFO - Processing file /opt/airflow/dags/extraction_DAG.py for tasks to queue
[2026-09-16T16:05:57.662+0000] {logging_mixin.py:188} INFO - [2026-09-16T16:05:57.662+0000] {dagbag.py:545} INFO - Filling up the DagBag from /opt/airflow/dags/extraction_DAG.py
[2026-09-16T16:05:57.665+0000] {logging_mixin.py:188} INFO - [2026-09-16T16:05:57.664+0000] {dagbag.py:355} ERROR - Failed to import: /opt/airflow/dags/extraction_DAG.py
Traceback (most recent call last):
  File "/home/airflow/.local/lib/python3.12/site-packages/airflow/models/dagbag.py", line 351, in parse
    loader.exec_module(new_module)
  File "<frozen importlib._bootstrap_external>", line 995, in exec_module
  File "<frozen importlib._bootstrap>", line 488, in _call_with_frames_removed
  File "/opt/airflow/dags/extraction_DAG.py", line 6, in <module>
    from include import extract as extract_data
ModuleNotFoundError: No module named 'include'
[2026-09-16T16:05:57.665+0000] {processor.py:842} WARNING - No viable dags retrieved from /opt/airflow/dags/extraction_DAG.py
[2026-09-16T16:05:57.676+0000] {processor.py:183} INFO - Processing /opt/airflow/dags/extraction_DAG.py took 0.037 seconds
[2026-09-16T16:06:27.735+0000] {processor.py:161} INFO - Started process (PID=6181) to work on /opt/airflow/dags/extraction_DAG.py
[2026-09-16T16:06:27.736+0000] {processor.py:830} INFO - Processing file /opt/airflow/dags/extraction_DAG.py for tasks to queue
[2026-09-16T16:06:27.736+0000] {logging_mixin.py:188} INFO - [2026-09-16T16:06:27.736+0000] {dagbag.py:545} INFO - Filling up the DagBag from /opt/airflow/dags/extraction_DAG.py
[2026-09-16T16:06:27.738+0000] {logging_mixin.py:188} INFO - [2026-09-16T16:06:27.738+0000] {dagbag.py:355} ERROR - Failed to import: /opt/airflow/dags/extraction_DAG.py
Traceback (most recent call last):
  File "/home/airflow/.local/lib/python3.12/site-packages/airflow/models/dagbag.py", line 351, in parse
    loader.exec_module(new_module)
  File "<frozen importlib._bootstrap_external>", line 995, in exec_module
  File "<frozen importlib._bootstrap>", line 488, in _call_with_frames_removed
  File "/opt/airflow/dags/extraction_DAG.py", line 6, in <module>
    from include import extract as extract_data
ModuleNotFoundError: No module named 'include'
[2026-09-16T16:06:27.739+0000] {processor.py:842} WARNING - No viable dags retrieved from /opt/airflow/dags/extraction_DAG.py
[2026-09-16T16:06:27.749+0000] {processor.py:183} INFO - Processing /opt/airflow/dags/extraction_DAG.py took 0.019 seconds
[2026-09-16T16:06:57.884+0000] {processor.py:161} INFO - Started process (PID=6188) to work on /opt/airflow/dags/extraction_DAG.py
[2026-09-16T16:06:57.957+0000] {processor.py:830} INFO - Processing file /opt/airflow/dags/extraction_DAG.py for tasks to queue
[2026-09-16T16:06:57.959+0000] {logging_mixin.py:188} INFO - [2026-09-16T16:06:57.958+0000] {dagbag.py:545} INFO - Filling up the DagBag from /opt/airflow/dags/extraction_DAG.py
[2026-09-16T16:06:57.965+0000] {logging_mixin.py:188} INFO - [2026-09-16T16:06:57.962+0000] {dagbag.py:355} ERROR - Failed to import: /opt/airflow/dags/extraction_DAG.py
Traceback (most recent call last):
  File "/home/airflow/.local/lib/python3.12/site-packages/airflow/models/dagbag.py", line 351, in parse
    loader.exec_module(new_module)
  File "<frozen importlib._bootstrap_external>", line 995, in exec_module
  File "<frozen importlib._bootstrap>", line 488, in _call_with_frames_removed
  File "/opt/airflow/dags/extraction_DAG.py", line 6, in <module>
    from include import extract as extract_data
ModuleNotFoundError: No module named 'include'
[2026-09-16T16:06:57.965+0000] {processor.py:842} WARNING - No viable dags retrieved from /opt/airflow/dags/extraction_DAG.py
[2026-09-16T16:06:57.986+0000] {processor.py:183} INFO - Processing /opt/airflow/dags/extraction_DAG.py took 0.112 seconds
[2026-09-16T16:07:28.020+0000] {processor.py:161} INFO - Started process (PID=6196) to work on /opt/airflow/dags/extraction_DAG.py
[2026-09-16T16:07:28.020+0000] {processor.py:830} INFO - Processing file /opt/airflow/dags/extraction_DAG.py for tasks to queue
[2026-09-16T16:07:28.021+0000] {logging_mixin.py:188} INFO - [2026-09-16T16:07:28.021+0000] {dagbag.py:545} INFO - Filling up the DagBag from /opt/airflow/dags/extraction_DAG.py
[2026-09-16T16:07:28.024+0000] {logging_mixin.py:188} INFO - [2026-09-16T16:07:28.023+0000] {dagbag.py:355} ERROR - Failed to import: /opt/airflow/dags/extraction_DAG.py
Traceback (most recent call last):
  File "/home/airflow/.local/lib/python3.12/site-packages/airflow/models/dagbag.py", line 351, in parse
    loader.exec_module(new_module)
  File "<frozen importlib._bootstrap_external>", line 995, in exec_module
  File "<frozen importlib._bootstrap>", line 488, in _call_with_frames_removed
  File "/opt/airflow/dags/extraction_DAG.py", line 6, in <module>
    from include import extract as extract_data
ModuleNotFoundError: No module named 'include'
[2026-09-16T16:07:28.024+0000] {processor.py:842} WARNING - No viable dags retrieved from /opt/airflow/dags/extraction_DAG.py
[2026-09-16T16:07:28.036+0000] {processor.py:183} INFO - Processing /opt/airflow/dags/extraction_DAG.py took 0.021 seconds
[2026-09-16T16:07:58.171+0000] {processor.py:161} INFO - Started process (PID=6203) to work on /opt/airflow/dags/extraction_DAG.py
[2026-09-16T16:07:58.242+0000] {processor.py:830} INFO - Processing file /opt/airflow/dags/extraction_DAG.py for tasks to queue
[2026-09-16T16:07:58.243+0000] {logging_mixin.py:188} INFO - [2026-09-16T16:07:58.242+0000] {dagbag.py:545} INFO - Filling up the DagBag from /opt/airflow/dags/extraction_DAG.py
[2026-09-16T16:07:58.245+0000] {logging_mixin.py:188} INFO - [2026-09-16T16:07:58.244+0000] {dagbag.py:355} ERROR - Failed to import: /opt/airflow/dags/extraction_DAG.py
Traceback (most recent call last):
  File "/home/airflow/.local/lib/python3.12/site-packages/airflow/models/dagbag.py", line 351, in parse
    loader.exec_module(new_module)
  File "<frozen importlib._bootstrap_external>", line 995, in exec_module
  File "<frozen importlib._bootstrap>", line 488, in _call_with_frames_removed
  File "/opt/airflow/dags/extraction_DAG.py", line 6, in <module>
    from include import extract as extract_data
ModuleNotFoundError: No module named 'include'
[2026-09-16T16:07:58.245+0000] {processor.py:842} WARNING - No viable dags retrieved from /opt/airflow/dags/extraction_DAG.py
[2026-09-16T16:07:58.256+0000] {processor.py:183} INFO - Processing /opt/airflow/dags/extraction_DAG.py took 0.094 seconds
[2026-09-16T16:08:28.329+0000] {processor.py:161} INFO - Started process (PID=6210) to work on /opt/airflow/dags/extraction_DAG.py
[2026-09-16T16:08:28.330+0000] {processor.py:830} INFO - Processing file /opt/airflow/dags/extraction_DAG.py for tasks to queue
[2026-09-16T16:08:28.331+0000] {logging_mixin.py:188} INFO - [2026-09-16T16:08:28.330+0000] {dagbag.py:545} INFO - Filling up the DagBag from /opt/airflow/dags/extraction_DAG.py
[2026-09-16T16:08:28.334+0000] {logging_mixin.py:188} INFO - [2026-09-16T16:08:28.333+0000] {dagbag.py:355} ERROR - Failed to import: /opt/airflow/dags/extraction_DAG.py
Traceback (most recent call last):
  File "/home/airflow/.local/lib/python3.12/site-packages/airflow/models/dagbag.py", line 351, in parse
    loader.exec_module(new_module)
  File "<frozen importlib._bootstrap_external>", line 995, in exec_module
  File "<frozen importlib._bootstrap>", line 488, in _call_with_frames_removed
  File "/opt/airflow/dags/extraction_DAG.py", line 6, in <module>
    from include import extract as extract_data
ModuleNotFoundError: No module named 'include'
[2026-09-16T16:08:28.334+0000] {processor.py:842} WARNING - No viable dags retrieved from /opt/airflow/dags/extraction_DAG.py
[2026-09-16T16:08:28.346+0000] {processor.py:183} INFO - Processing /opt/airflow/dags/extraction_DAG.py took 0.026 seconds
[2026-09-16T16:08:58.460+0000] {processor.py:161} INFO - Started process (PID=6217) to work on /opt/airflow/dags/extraction_DAG.py
[2026-09-16T16:08:58.474+0000] {processor.py:830} INFO - Processing file /opt/airflow/dags/extraction_DAG.py for tasks to queue
[2026-09-16T16:08:58.476+0000] {logging_mixin.py:188} INFO - [2026-09-16T16:08:58.475+0000] {dagbag.py:545} INFO - Filling up the DagBag from /opt/airflow/dags/extraction_DAG.py
[2026-09-16T16:08:58.481+0000] {logging_mixin.py:188} INFO - [2026-09-16T16:08:58.479+0000] {dagbag.py:355} ERROR - Failed to import: /opt/airflow/dags/extraction_DAG.py
Traceback (most recent call last):
  File "/home/airflow/.local/lib/python3.12/site-packages/airflow/models/dagbag.py", line 351, in parse
    loader.exec_module(new_module)
  File "<frozen importlib._bootstrap_external>", line 995, in exec_module
  File "<frozen importlib._bootstrap>", line 488, in _call_with_frames_removed
  File "/opt/airflow/dags/extraction_DAG.py", line 6, in <module>
    from include import extract as extract_data
ModuleNotFoundError: No module named 'include'
[2026-09-16T16:08:58.482+0000] {processor.py:842} WARNING - No viable dags retrieved from /opt/airflow/dags/extraction_DAG.py
[2026-09-16T16:08:58.504+0000] {processor.py:183} INFO - Processing /opt/airflow/dags/extraction_DAG.py took 0.047 seconds
[2026-09-16T16:09:28.621+0000] {processor.py:161} INFO - Started process (PID=6224) to work on /opt/airflow/dags/extraction_DAG.py
[2026-09-16T16:09:28.622+0000] {processor.py:830} INFO - Processing file /opt/airflow/dags/extraction_DAG.py for tasks to queue
[2026-09-16T16:09:28.622+0000] {logging_mixin.py:188} INFO - [2026-09-16T16:09:28.622+0000] {dagbag.py:545} INFO - Filling up the DagBag from /opt/airflow/dags/extraction_DAG.py
[2026-09-16T16:09:28.625+0000] {logging_mixin.py:188} INFO - [2026-09-16T16:09:28.625+0000] {dagbag.py:355} ERROR - Failed to import: /opt/airflow/dags/extraction_DAG.py
Traceback (most recent call last):
  File "/home/airflow/.local/lib/python3.12/site-packages/airflow/models/dagbag.py", line 351, in parse
    loader.exec_module(new_module)
  File "<frozen importlib._bootstrap_external>", line 995, in exec_module
  File "<frozen importlib._bootstrap>", line 488, in _call_with_frames_removed
  File "/opt/airflow/dags/extraction_DAG.py", line 6, in <module>
    from include import extract as extract_data
ModuleNotFoundError: No module named 'include'
[2026-09-16T16:09:28.626+0000] {processor.py:842} WARNING - No viable dags retrieved from /opt/airflow/dags/extraction_DAG.py
[2026-09-16T16:09:28.639+0000] {processor.py:183} INFO - Processing /opt/airflow/dags/extraction_DAG.py took 0.028 seconds
[2026-09-16T16:09:58.785+0000] {processor.py:161} INFO - Started process (PID=6231) to work on /opt/airflow/dags/extraction_DAG.py
[2026-09-16T16:09:58.938+0000] {processor.py:830} INFO - Processing file /opt/airflow/dags/extraction_DAG.py for tasks to queue
[2026-09-16T16:09:58.939+0000] {logging_mixin.py:188} INFO - [2026-09-16T16:09:58.939+0000] {dagbag.py:545} INFO - Filling up the DagBag from /opt/airflow/dags/extraction_DAG.py
[2026-09-16T16:09:58.945+0000] {logging_mixin.py:188} INFO - [2026-09-16T16:09:58.943+0000] {dagbag.py:355} ERROR - Failed to import: /opt/airflow/dags/extraction_DAG.py
Traceback (most recent call last):
  File "/home/airflow/.local/lib/python3.12/site-packages/airflow/models/dagbag.py", line 351, in parse
    loader.exec_module(new_module)
  File "<frozen importlib._bootstrap_external>", line 995, in exec_module
  File "<frozen importlib._bootstrap>", line 488, in _call_with_frames_removed
  File "/opt/airflow/dags/extraction_DAG.py", line 6, in <module>
    from include import extract as extract_data
ModuleNotFoundError: No module named 'include'
[2026-09-16T16:09:58.946+0000] {processor.py:842} WARNING - No viable dags retrieved from /opt/airflow/dags/extraction_DAG.py
[2026-09-16T16:09:58.971+0000] {processor.py:183} INFO - Processing /opt/airflow/dags/extraction_DAG.py took 0.193 seconds
[2026-09-16T16:10:29.116+0000] {processor.py:161} INFO - Started process (PID=6238) to work on /opt/airflow/dags/extraction_DAG.py
[2026-09-16T16:10:29.117+0000] {processor.py:830} INFO - Processing file /opt/airflow/dags/extraction_DAG.py for tasks to queue
[2026-09-16T16:10:29.118+0000] {logging_mixin.py:188} INFO - [2026-09-16T16:10:29.117+0000] {dagbag.py:545} INFO - Filling up the DagBag from /opt/airflow/dags/extraction_DAG.py
[2026-09-16T16:10:29.120+0000] {logging_mixin.py:188} INFO - [2026-09-16T16:10:29.119+0000] {dagbag.py:355} ERROR - Failed to import: /opt/airflow/dags/extraction_DAG.py
Traceback (most recent call last):
  File "/home/airflow/.local/lib/python3.12/site-packages/airflow/models/dagbag.py", line 351, in parse
    loader.exec_module(new_module)
  File "<frozen importlib._bootstrap_external>", line 995, in exec_module
  File "<frozen importlib._bootstrap>", line 488, in _call_with_frames_removed
  File "/opt/airflow/dags/extraction_DAG.py", line 6, in <module>
    from include import extract as extract_data
ModuleNotFoundError: No module named 'include'
[2026-09-16T16:10:29.121+0000] {processor.py:842} WARNING - No viable dags retrieved from /opt/airflow/dags/extraction_DAG.py
[2026-09-16T16:10:29.135+0000] {processor.py:183} INFO - Processing /opt/airflow/dags/extraction_DAG.py took 0.025 seconds
[2026-09-16T16:10:59.274+0000] {processor.py:161} INFO - Started process (PID=6245) to work on /opt/airflow/dags/extraction_DAG.py
[2026-09-16T16:10:59.362+0000] {processor.py:830} INFO - Processing file /opt/airflow/dags/extraction_DAG.py for tasks to queue
[2026-09-16T16:10:59.364+0000] {logging_mixin.py:188} INFO - [2026-09-16T16:10:59.363+0000] {dagbag.py:545} INFO - Filling up the DagBag from /opt/airflow/dags/extraction_DAG.py
[2026-09-16T16:10:59.370+0000] {logging_mixin.py:188} INFO - [2026-09-16T16:10:59.368+0000] {dagbag.py:355} ERROR - Failed to import: /opt/airflow/dags/extraction_DAG.py
Traceback (most recent call last):
  File "/home/airflow/.local/lib/python3.12/site-packages/airflow/models/dagbag.py", line 351, in parse
    loader.exec_module(new_module)
  File "<frozen importlib._bootstrap_external>", line 995, in exec_module
  File "<frozen importlib._bootstrap>", line 488, in _call_with_frames_removed
  File "/opt/airflow/dags/extraction_DAG.py", line 6, in <module>
    from include import extract as extract_data
ModuleNotFoundError: No module named 'include'
[2026-09-16T16:10:59.371+0000] {processor.py:842} WARNING - No viable dags retrieved from /opt/airflow/dags/extraction_DAG.py
[2026-09-16T16:10:59.391+0000] {processor.py:183} INFO - Processing /opt/airflow/dags/extraction_DAG.py took 0.123 seconds
[2026-09-16T16:11:29.434+0000] {processor.py:161} INFO - Started process (PID=6252) to work on /opt/airflow/dags/extraction_DAG.py
[2026-09-16T16:11:29.435+0000] {processor.py:830} INFO - Processing file /opt/airflow/dags/extraction_DAG.py for tasks to queue
[2026-09-16T16:11:29.435+0000] {logging_mixin.py:188} INFO - [2026-09-16T16:11:29.435+0000] {dagbag.py:545} INFO - Filling up the DagBag from /opt/airflow/dags/extraction_DAG.py
[2026-09-16T16:11:29.437+0000] {logging_mixin.py:188} INFO - [2026-09-16T16:11:29.437+0000] {dagbag.py:355} ERROR - Failed to import: /opt/airflow/dags/extraction_DAG.py
Traceback (most recent call last):
  File "/home/airflow/.local/lib/python3.12/site-packages/airflow/models/dagbag.py", line 351, in parse
    loader.exec_module(new_module)
  File "<frozen importlib._bootstrap_external>", line 995, in exec_module
  File "<frozen importlib._bootstrap>", line 488, in _call_with_frames_removed
  File "/opt/airflow/dags/extraction_DAG.py", line 6, in <module>
    from include import extract as extract_data
ModuleNotFoundError: No module named 'include'
[2026-09-16T16:11:29.437+0000] {processor.py:842} WARNING - No viable dags retrieved from /opt/airflow/dags/extraction_DAG.py
[2026-09-16T16:11:29.451+0000] {processor.py:183} INFO - Processing /opt/airflow/dags/extraction_DAG.py took 0.020 seconds
[2026-09-16T16:11:59.599+0000] {processor.py:161} INFO - Started process (PID=6259) to work on /opt/airflow/dags/extraction_DAG.py
[2026-09-16T16:11:59.686+0000] {processor.py:830} INFO - Processing file /opt/airflow/dags/extraction_DAG.py for tasks to queue
[2026-09-16T16:11:59.688+0000] {logging_mixin.py:188} INFO - [2026-09-16T16:11:59.687+0000] {dagbag.py:545} INFO - Filling up the DagBag from /opt/airflow/dags/extraction_DAG.py
[2026-09-16T16:11:59.693+0000] {logging_mixin.py:188} INFO - [2026-09-16T16:11:59.691+0000] {dagbag.py:355} ERROR - Failed to import: /opt/airflow/dags/extraction_DAG.py
Traceback (most recent call last):
  File "/home/airflow/.local/lib/python3.12/site-packages/airflow/models/dagbag.py", line 351, in parse
    loader.exec_module(new_module)
  File "<frozen importlib._bootstrap_external>", line 995, in exec_module
  File "<frozen importlib._bootstrap>", line 488, in _call_with_frames_removed
  File "/opt/airflow/dags/extraction_DAG.py", line 6, in <module>
    from include import extract as extract_data
ModuleNotFoundError: No module named 'include'
[2026-09-16T16:11:59.694+0000] {processor.py:842} WARNING - No viable dags retrieved from /opt/airflow/dags/extraction_DAG.py
[2026-09-16T16:11:59.720+0000] {processor.py:183} INFO - Processing /opt/airflow/dags/extraction_DAG.py took 0.127 seconds
[2026-09-16T16:12:29.738+0000] {processor.py:161} INFO - Started process (PID=6266) to work on /opt/airflow/dags/extraction_DAG.py
[2026-09-16T16:12:29.738+0000] {processor.py:830} INFO - Processing file /opt/airflow/dags/extraction_DAG.py for tasks to queue
[2026-09-16T16:12:29.739+0000] {logging_mixin.py:188} INFO - [2026-09-16T16:12:29.739+0000] {dagbag.py:545} INFO - Filling up the DagBag from /opt/airflow/dags/extraction_DAG.py
[2026-09-16T16:12:29.741+0000] {logging_mixin.py:188} INFO - [2026-09-16T16:12:29.740+0000] {dagbag.py:355} ERROR - Failed to import: /opt/airflow/dags/extraction_DAG.py
Traceback (most recent call last):
  File "/home/airflow/.local/lib/python3.12/site-packages/airflow/models/dagbag.py", line 351, in parse
    loader.exec_module(new_module)
  File "<frozen importlib._bootstrap_external>", line 995, in exec_module
  File "<frozen importlib._bootstrap>", line 488, in _call_with_frames_removed
  File "/opt/airflow/dags/extraction_DAG.py", line 6, in <module>
    from include import extract as extract_data
ModuleNotFoundError: No module named 'include'
[2026-09-16T16:12:29.741+0000] {processor.py:842} WARNING - No viable dags retrieved from /opt/airflow/dags/extraction_DAG.py
[2026-09-16T16:12:29.751+0000] {processor.py:183} INFO - Processing /opt/airflow/dags/extraction_DAG.py took 0.018 seconds
[2026-09-16T16:12:59.891+0000] {processor.py:161} INFO - Started process (PID=6273) to work on /opt/airflow/dags/extraction_DAG.py
[2026-09-16T16:12:59.977+0000] {processor.py:830} INFO - Processing file /opt/airflow/dags/extraction_DAG.py for tasks to queue
[2026-09-16T16:12:59.979+0000] {logging_mixin.py:188} INFO - [2026-09-16T16:12:59.978+0000] {dagbag.py:545} INFO - Filling up the DagBag from /opt/airflow/dags/extraction_DAG.py
[2026-09-16T16:12:59.984+0000] {logging_mixin.py:188} INFO - [2026-09-16T16:12:59.982+0000] {dagbag.py:355} ERROR - Failed to import: /opt/airflow/dags/extraction_DAG.py
Traceback (most recent call last):
  File "/home/airflow/.local/lib/python3.12/site-packages/airflow/models/dagbag.py", line 351, in parse
    loader.exec_module(new_module)
  File "<frozen importlib._bootstrap_external>", line 995, in exec_module
  File "<frozen importlib._bootstrap>", line 488, in _call_with_frames_removed
  File "/opt/airflow/dags/extraction_DAG.py", line 6, in <module>
    from include import extract as extract_data
ModuleNotFoundError: No module named 'include'
[2026-09-16T16:12:59.985+0000] {processor.py:842} WARNING - No viable dags retrieved from /opt/airflow/dags/extraction_DAG.py
[2026-09-16T16:13:00.011+0000] {processor.py:183} INFO - Processing /opt/airflow/dags/extraction_DAG.py took 0.129 seconds
[2026-09-16T16:13:30.059+0000] {processor.py:161} INFO - Started process (PID=6280) to work on /opt/airflow/dags/extraction_DAG.py
[2026-09-16T16:13:30.060+0000] {processor.py:830} INFO - Processing file /opt/airflow/dags/extraction_DAG.py for tasks to queue
[2026-09-16T16:13:30.061+0000] {logging_mixin.py:188} INFO - [2026-09-16T16:13:30.061+0000] {dagbag.py:545} INFO - Filling up the DagBag from /opt/airflow/dags/extraction_DAG.py
[2026-09-16T16:13:30.064+0000] {logging_mixin.py:188} INFO - [2026-09-16T16:13:30.063+0000] {dagbag.py:355} ERROR - Failed to import: /opt/airflow/dags/extraction_DAG.py
Traceback (most recent call last):
  File "/home/airflow/.local/lib/python3.12/site-packages/airflow/models/dagbag.py", line 351, in parse
    loader.exec_module(new_module)
  File "<frozen importlib._bootstrap_external>", line 995, in exec_module
  File "<frozen importlib._bootstrap>", line 488, in _call_with_frames_removed
  File "/opt/airflow/dags/extraction_DAG.py", line 6, in <module>
    from include import extract as extract_data
ModuleNotFoundError: No module named 'include'
[2026-09-16T16:13:30.064+0000] {processor.py:842} WARNING - No viable dags retrieved from /opt/airflow/dags/extraction_DAG.py
[2026-09-16T16:13:30.076+0000] {processor.py:183} INFO - Processing /opt/airflow/dags/extraction_DAG.py took 0.028 seconds
[2026-09-16T16:14:00.211+0000] {processor.py:161} INFO - Started process (PID=6287) to work on /opt/airflow/dags/extraction_DAG.py
[2026-09-16T16:14:00.484+0000] {processor.py:830} INFO - Processing file /opt/airflow/dags/extraction_DAG.py for tasks to queue
[2026-09-16T16:14:00.485+0000] {logging_mixin.py:188} INFO - [2026-09-16T16:14:00.485+0000] {dagbag.py:545} INFO - Filling up the DagBag from /opt/airflow/dags/extraction_DAG.py
[2026-09-16T16:14:00.491+0000] {logging_mixin.py:188} INFO - [2026-09-16T16:14:00.489+0000] {dagbag.py:355} ERROR - Failed to import: /opt/airflow/dags/extraction_DAG.py
Traceback (most recent call last):
  File "/home/airflow/.local/lib/python3.12/site-packages/airflow/models/dagbag.py", line 351, in parse
    loader.exec_module(new_module)
  File "<frozen importlib._bootstrap_external>", line 995, in exec_module
  File "<frozen importlib._bootstrap>", line 488, in _call_with_frames_removed
  File "/opt/airflow/dags/extraction_DAG.py", line 6, in <module>
    from include import extract as extract_data
ModuleNotFoundError: No module named 'include'
[2026-09-16T16:14:00.492+0000] {processor.py:842} WARNING - No viable dags retrieved from /opt/airflow/dags/extraction_DAG.py
[2026-09-16T16:14:00.520+0000] {processor.py:183} INFO - Processing /opt/airflow/dags/extraction_DAG.py took 0.313 seconds
[2026-09-16T16:14:30.662+0000] {processor.py:161} INFO - Started process (PID=6294) to work on /opt/airflow/dags/extraction_DAG.py
[2026-09-16T16:14:30.662+0000] {processor.py:830} INFO - Processing file /opt/airflow/dags/extraction_DAG.py for tasks to queue
[2026-09-16T16:14:30.663+0000] {logging_mixin.py:188} INFO - [2026-09-16T16:14:30.662+0000] {dagbag.py:545} INFO - Filling up the DagBag from /opt/airflow/dags/extraction_DAG.py
[2026-09-16T16:14:30.665+0000] {logging_mixin.py:188} INFO - [2026-09-16T16:14:30.664+0000] {dagbag.py:355} ERROR - Failed to import: /opt/airflow/dags/extraction_DAG.py
Traceback (most recent call last):
  File "/home/airflow/.local/lib/python3.12/site-packages/airflow/models/dagbag.py", line 351, in parse
    loader.exec_module(new_module)
  File "<frozen importlib._bootstrap_external>", line 995, in exec_module
  File "<frozen importlib._bootstrap>", line 488, in _call_with_frames_removed
  File "/opt/airflow/dags/extraction_DAG.py", line 6, in <module>
    from include import extract as extract_data
ModuleNotFoundError: No module named 'include'
[2026-09-16T16:14:30.666+0000] {processor.py:842} WARNING - No viable dags retrieved from /opt/airflow/dags/extraction_DAG.py
[2026-09-16T16:14:30.681+0000] {processor.py:183} INFO - Processing /opt/airflow/dags/extraction_DAG.py took 0.026 seconds
[2026-09-16T16:15:00.803+0000] {processor.py:161} INFO - Started process (PID=6301) to work on /opt/airflow/dags/extraction_DAG.py
[2026-09-16T16:15:00.810+0000] {processor.py:830} INFO - Processing file /opt/airflow/dags/extraction_DAG.py for tasks to queue
[2026-09-16T16:15:00.811+0000] {logging_mixin.py:188} INFO - [2026-09-16T16:15:00.810+0000] {dagbag.py:545} INFO - Filling up the DagBag from /opt/airflow/dags/extraction_DAG.py
[2026-09-16T16:15:00.813+0000] {logging_mixin.py:188} INFO - [2026-09-16T16:15:00.812+0000] {dagbag.py:355} ERROR - Failed to import: /opt/airflow/dags/extraction_DAG.py
Traceback (most recent call last):
  File "/home/airflow/.local/lib/python3.12/site-packages/airflow/models/dagbag.py", line 351, in parse
    loader.exec_module(new_module)
  File "<frozen importlib._bootstrap_external>", line 995, in exec_module
  File "<frozen importlib._bootstrap>", line 488, in _call_with_frames_removed
  File "/opt/airflow/dags/extraction_DAG.py", line 6, in <module>
    from include import extract as extract_data
ModuleNotFoundError: No module named 'include'
[2026-09-16T16:15:00.813+0000] {processor.py:842} WARNING - No viable dags retrieved from /opt/airflow/dags/extraction_DAG.py
[2026-09-16T16:15:00.825+0000] {processor.py:183} INFO - Processing /opt/airflow/dags/extraction_DAG.py took 0.025 seconds
[2026-09-16T16:15:30.961+0000] {processor.py:161} INFO - Started process (PID=6308) to work on /opt/airflow/dags/extraction_DAG.py
[2026-09-16T16:15:30.961+0000] {processor.py:830} INFO - Processing file /opt/airflow/dags/extraction_DAG.py for tasks to queue
[2026-09-16T16:15:30.962+0000] {logging_mixin.py:188} INFO - [2026-09-16T16:15:30.962+0000] {dagbag.py:545} INFO - Filling up the DagBag from /opt/airflow/dags/extraction_DAG.py
[2026-09-16T16:15:30.964+0000] {logging_mixin.py:188} INFO - [2026-09-16T16:15:30.964+0000] {dagbag.py:355} ERROR - Failed to import: /opt/airflow/dags/extraction_DAG.py
Traceback (most recent call last):
  File "/home/airflow/.local/lib/python3.12/site-packages/airflow/models/dagbag.py", line 351, in parse
    loader.exec_module(new_module)
  File "<frozen importlib._bootstrap_external>", line 995, in exec_module
  File "<frozen importlib._bootstrap>", line 488, in _call_with_frames_removed
  File "/opt/airflow/dags/extraction_DAG.py", line 6, in <module>
    from include import extract as extract_data
ModuleNotFoundError: No module named 'include'
[2026-09-16T16:15:30.965+0000] {processor.py:842} WARNING - No viable dags retrieved from /opt/airflow/dags/extraction_DAG.py
[2026-09-16T16:15:30.976+0000] {processor.py:183} INFO - Processing /opt/airflow/dags/extraction_DAG.py took 0.021 seconds
[2026-09-16T16:16:01.117+0000] {processor.py:161} INFO - Started process (PID=6315) to work on /opt/airflow/dags/extraction_DAG.py
[2026-09-16T16:16:01.136+0000] {processor.py:830} INFO - Processing file /opt/airflow/dags/extraction_DAG.py for tasks to queue
[2026-09-16T16:16:01.138+0000] {logging_mixin.py:188} INFO - [2026-09-16T16:16:01.137+0000] {dagbag.py:545} INFO - Filling up the DagBag from /opt/airflow/dags/extraction_DAG.py
[2026-09-16T16:16:01.143+0000] {logging_mixin.py:188} INFO - [2026-09-16T16:16:01.141+0000] {dagbag.py:355} ERROR - Failed to import: /opt/airflow/dags/extraction_DAG.py
Traceback (most recent call last):
  File "/home/airflow/.local/lib/python3.12/site-packages/airflow/models/dagbag.py", line 351, in parse
    loader.exec_module(new_module)
  File "<frozen importlib._bootstrap_external>", line 995, in exec_module
  File "<frozen importlib._bootstrap>", line 488, in _call_with_frames_removed
  File "/opt/airflow/dags/extraction_DAG.py", line 6, in <module>
    from include import extract as extract_data
ModuleNotFoundError: No module named 'include'
[2026-09-16T16:16:01.144+0000] {processor.py:842} WARNING - No viable dags retrieved from /opt/airflow/dags/extraction_DAG.py
[2026-09-16T16:16:01.164+0000] {processor.py:183} INFO - Processing /opt/airflow/dags/extraction_DAG.py took 0.056 seconds
[2026-09-16T16:16:31.270+0000] {processor.py:161} INFO - Started process (PID=6322) to work on /opt/airflow/dags/extraction_DAG.py
[2026-09-16T16:16:31.271+0000] {processor.py:830} INFO - Processing file /opt/airflow/dags/extraction_DAG.py for tasks to queue
[2026-09-16T16:16:31.271+0000] {logging_mixin.py:188} INFO - [2026-09-16T16:16:31.271+0000] {dagbag.py:545} INFO - Filling up the DagBag from /opt/airflow/dags/extraction_DAG.py
[2026-09-16T16:16:31.273+0000] {logging_mixin.py:188} INFO - [2026-09-16T16:16:31.273+0000] {dagbag.py:355} ERROR - Failed to import: /opt/airflow/dags/extraction_DAG.py
Traceback (most recent call last):
  File "/home/airflow/.local/lib/python3.12/site-packages/airflow/models/dagbag.py", line 351, in parse
    loader.exec_module(new_module)
  File "<frozen importlib._bootstrap_external>", line 995, in exec_module
  File "<frozen importlib._bootstrap>", line 488, in _call_with_frames_removed
  File "/opt/airflow/dags/extraction_DAG.py", line 6, in <module>
    from include import extract as extract_data
ModuleNotFoundError: No module named 'include'
[2026-09-16T16:16:31.274+0000] {processor.py:842} WARNING - No viable dags retrieved from /opt/airflow/dags/extraction_DAG.py
[2026-09-16T16:16:31.289+0000] {processor.py:183} INFO - Processing /opt/airflow/dags/extraction_DAG.py took 0.023 seconds
[2026-09-16T16:17:01.463+0000] {processor.py:161} INFO - Started process (PID=6329) to work on /opt/airflow/dags/extraction_DAG.py
[2026-09-16T16:17:01.568+0000] {processor.py:830} INFO - Processing file /opt/airflow/dags/extraction_DAG.py for tasks to queue
[2026-09-16T16:17:01.569+0000] {logging_mixin.py:188} INFO - [2026-09-16T16:17:01.568+0000] {dagbag.py:545} INFO - Filling up the DagBag from /opt/airflow/dags/extraction_DAG.py
[2026-09-16T16:17:01.571+0000] {logging_mixin.py:188} INFO - [2026-09-16T16:17:01.570+0000] {dagbag.py:355} ERROR - Failed to import: /opt/airflow/dags/extraction_DAG.py
Traceback (most recent call last):
  File "/home/airflow/.local/lib/python3.12/site-packages/airflow/models/dagbag.py", line 351, in parse
    loader.exec_module(new_module)
  File "<frozen importlib._bootstrap_external>", line 995, in exec_module
  File "<frozen importlib._bootstrap>", line 488, in _call_with_frames_removed
  File "/opt/airflow/dags/extraction_DAG.py", line 6, in <module>
    from include import extract as extract_data
ModuleNotFoundError: No module named 'include'
[2026-09-16T16:17:01.571+0000] {processor.py:842} WARNING - No viable dags retrieved from /opt/airflow/dags/extraction_DAG.py
[2026-09-16T16:17:01.582+0000] {processor.py:183} INFO - Processing /opt/airflow/dags/extraction_DAG.py took 0.123 seconds
[2026-09-16T16:17:31.718+0000] {processor.py:161} INFO - Started process (PID=6336) to work on /opt/airflow/dags/extraction_DAG.py
[2026-09-16T16:17:31.719+0000] {processor.py:830} INFO - Processing file /opt/airflow/dags/extraction_DAG.py for tasks to queue
[2026-09-16T16:17:31.719+0000] {logging_mixin.py:188} INFO - [2026-09-16T16:17:31.719+0000] {dagbag.py:545} INFO - Filling up the DagBag from /opt/airflow/dags/extraction_DAG.py
[2026-09-16T16:17:31.722+0000] {logging_mixin.py:188} INFO - [2026-09-16T16:17:31.721+0000] {dagbag.py:355} ERROR - Failed to import: /opt/airflow/dags/extraction_DAG.py
Traceback (most recent call last):
  File "/home/airflow/.local/lib/python3.12/site-packages/airflow/models/dagbag.py", line 351, in parse
    loader.exec_module(new_module)
  File "<frozen importlib._bootstrap_external>", line 995, in exec_module
  File "<frozen importlib._bootstrap>", line 488, in _call_with_frames_removed
  File "/opt/airflow/dags/extraction_DAG.py", line 6, in <module>
    from include import extract as extract_data
ModuleNotFoundError: No module named 'include'
[2026-09-16T16:17:31.723+0000] {processor.py:842} WARNING - No viable dags retrieved from /opt/airflow/dags/extraction_DAG.py
[2026-09-16T16:17:31.734+0000] {processor.py:183} INFO - Processing /opt/airflow/dags/extraction_DAG.py took 0.024 seconds
[2026-09-16T16:18:01.878+0000] {processor.py:161} INFO - Started process (PID=6343) to work on /opt/airflow/dags/extraction_DAG.py
[2026-09-16T16:18:01.961+0000] {processor.py:830} INFO - Processing file /opt/airflow/dags/extraction_DAG.py for tasks to queue
[2026-09-16T16:18:01.962+0000] {logging_mixin.py:188} INFO - [2026-09-16T16:18:01.962+0000] {dagbag.py:545} INFO - Filling up the DagBag from /opt/airflow/dags/extraction_DAG.py
[2026-09-16T16:18:01.968+0000] {logging_mixin.py:188} INFO - [2026-09-16T16:18:01.966+0000] {dagbag.py:355} ERROR - Failed to import: /opt/airflow/dags/extraction_DAG.py
Traceback (most recent call last):
  File "/home/airflow/.local/lib/python3.12/site-packages/airflow/models/dagbag.py", line 351, in parse
    loader.exec_module(new_module)
  File "<frozen importlib._bootstrap_external>", line 995, in exec_module
  File "<frozen importlib._bootstrap>", line 488, in _call_with_frames_removed
  File "/opt/airflow/dags/extraction_DAG.py", line 6, in <module>
    from include import extract as extract_data
ModuleNotFoundError: No module named 'include'
[2026-09-16T16:18:01.969+0000] {processor.py:842} WARNING - No viable dags retrieved from /opt/airflow/dags/extraction_DAG.py
[2026-09-16T16:18:01.997+0000] {processor.py:183} INFO - Processing /opt/airflow/dags/extraction_DAG.py took 0.128 seconds
[2026-09-16T16:18:32.045+0000] {processor.py:161} INFO - Started process (PID=6350) to work on /opt/airflow/dags/extraction_DAG.py
[2026-09-16T16:18:32.045+0000] {processor.py:830} INFO - Processing file /opt/airflow/dags/extraction_DAG.py for tasks to queue
[2026-09-16T16:18:32.046+0000] {logging_mixin.py:188} INFO - [2026-09-16T16:18:32.046+0000] {dagbag.py:545} INFO - Filling up the DagBag from /opt/airflow/dags/extraction_DAG.py
[2026-09-16T16:18:32.049+0000] {logging_mixin.py:188} INFO - [2026-09-16T16:18:32.048+0000] {dagbag.py:355} ERROR - Failed to import: /opt/airflow/dags/extraction_DAG.py
Traceback (most recent call last):
  File "/home/airflow/.local/lib/python3.12/site-packages/airflow/models/dagbag.py", line 351, in parse
    loader.exec_module(new_module)
  File "<frozen importlib._bootstrap_external>", line 995, in exec_module
  File "<frozen importlib._bootstrap>", line 488, in _call_with_frames_removed
  File "/opt/airflow/dags/extraction_DAG.py", line 6, in <module>
    from include import extract as extract_data
ModuleNotFoundError: No module named 'include'
[2026-09-16T16:18:32.049+0000] {processor.py:842} WARNING - No viable dags retrieved from /opt/airflow/dags/extraction_DAG.py
[2026-09-16T16:18:32.064+0000] {processor.py:183} INFO - Processing /opt/airflow/dags/extraction_DAG.py took 0.029 seconds
[2026-09-16T16:19:02.196+0000] {processor.py:161} INFO - Started process (PID=6357) to work on /opt/airflow/dags/extraction_DAG.py
[2026-09-16T16:19:02.280+0000] {processor.py:830} INFO - Processing file /opt/airflow/dags/extraction_DAG.py for tasks to queue
[2026-09-16T16:19:02.282+0000] {logging_mixin.py:188} INFO - [2026-09-16T16:19:02.281+0000] {dagbag.py:545} INFO - Filling up the DagBag from /opt/airflow/dags/extraction_DAG.py
[2026-09-16T16:19:02.287+0000] {logging_mixin.py:188} INFO - [2026-09-16T16:19:02.285+0000] {dagbag.py:355} ERROR - Failed to import: /opt/airflow/dags/extraction_DAG.py
Traceback (most recent call last):
  File "/home/airflow/.local/lib/python3.12/site-packages/airflow/models/dagbag.py", line 351, in parse
    loader.exec_module(new_module)
  File "<frozen importlib._bootstrap_external>", line 995, in exec_module
  File "<frozen importlib._bootstrap>", line 488, in _call_with_frames_removed
  File "/opt/airflow/dags/extraction_DAG.py", line 6, in <module>
    from include import extract as extract_data
ModuleNotFoundError: No module named 'include'
[2026-09-16T16:19:02.288+0000] {processor.py:842} WARNING - No viable dags retrieved from /opt/airflow/dags/extraction_DAG.py
[2026-09-16T16:19:02.314+0000] {processor.py:183} INFO - Processing /opt/airflow/dags/extraction_DAG.py took 0.123 seconds
[2026-09-16T16:19:32.357+0000] {processor.py:161} INFO - Started process (PID=6364) to work on /opt/airflow/dags/extraction_DAG.py
[2026-09-16T16:19:32.357+0000] {processor.py:830} INFO - Processing file /opt/airflow/dags/extraction_DAG.py for tasks to queue
[2026-09-16T16:19:32.358+0000] {logging_mixin.py:188} INFO - [2026-09-16T16:19:32.358+0000] {dagbag.py:545} INFO - Filling up the DagBag from /opt/airflow/dags/extraction_DAG.py
[2026-09-16T16:19:32.360+0000] {logging_mixin.py:188} INFO - [2026-09-16T16:19:32.359+0000] {dagbag.py:355} ERROR - Failed to import: /opt/airflow/dags/extraction_DAG.py
Traceback (most recent call last):
  File "/home/airflow/.local/lib/python3.12/site-packages/airflow/models/dagbag.py", line 351, in parse
    loader.exec_module(new_module)
  File "<frozen importlib._bootstrap_external>", line 995, in exec_module
  File "<frozen importlib._bootstrap>", line 488, in _call_with_frames_removed
  File "/opt/airflow/dags/extraction_DAG.py", line 6, in <module>
    from include import extract as extract_data
ModuleNotFoundError: No module named 'include'
[2026-09-16T16:19:32.360+0000] {processor.py:842} WARNING - No viable dags retrieved from /opt/airflow/dags/extraction_DAG.py
[2026-09-16T16:19:32.372+0000] {processor.py:183} INFO - Processing /opt/airflow/dags/extraction_DAG.py took 0.023 seconds
[2026-09-16T16:20:02.483+0000] {processor.py:161} INFO - Started process (PID=6371) to work on /opt/airflow/dags/extraction_DAG.py
[2026-09-16T16:20:02.488+0000] {processor.py:830} INFO - Processing file /opt/airflow/dags/extraction_DAG.py for tasks to queue
[2026-09-16T16:20:02.489+0000] {logging_mixin.py:188} INFO - [2026-09-16T16:20:02.489+0000] {dagbag.py:545} INFO - Filling up the DagBag from /opt/airflow/dags/extraction_DAG.py
[2026-09-16T16:20:02.493+0000] {logging_mixin.py:188} INFO - [2026-09-16T16:20:02.492+0000] {dagbag.py:355} ERROR - Failed to import: /opt/airflow/dags/extraction_DAG.py
Traceback (most recent call last):
  File "/home/airflow/.local/lib/python3.12/site-packages/airflow/models/dagbag.py", line 351, in parse
    loader.exec_module(new_module)
  File "<frozen importlib._bootstrap_external>", line 995, in exec_module
  File "<frozen importlib._bootstrap>", line 488, in _call_with_frames_removed
  File "/opt/airflow/dags/extraction_DAG.py", line 6, in <module>
    from include import extract as extract_data
ModuleNotFoundError: No module named 'include'
[2026-09-16T16:20:02.494+0000] {processor.py:842} WARNING - No viable dags retrieved from /opt/airflow/dags/extraction_DAG.py
[2026-09-16T16:20:02.509+0000] {processor.py:183} INFO - Processing /opt/airflow/dags/extraction_DAG.py took 0.030 seconds
[2026-09-16T16:20:32.625+0000] {processor.py:161} INFO - Started process (PID=6378) to work on /opt/airflow/dags/extraction_DAG.py
[2026-09-16T16:20:32.626+0000] {processor.py:830} INFO - Processing file /opt/airflow/dags/extraction_DAG.py for tasks to queue
[2026-09-16T16:20:32.627+0000] {logging_mixin.py:188} INFO - [2026-09-16T16:20:32.627+0000] {dagbag.py:545} INFO - Filling up the DagBag from /opt/airflow/dags/extraction_DAG.py
[2026-09-16T16:20:32.630+0000] {logging_mixin.py:188} INFO - [2026-09-16T16:20:32.629+0000] {dagbag.py:355} ERROR - Failed to import: /opt/airflow/dags/extraction_DAG.py
Traceback (most recent call last):
  File "/home/airflow/.local/lib/python3.12/site-packages/airflow/models/dagbag.py", line 351, in parse
    loader.exec_module(new_module)
  File "<frozen importlib._bootstrap_external>", line 995, in exec_module
  File "<frozen importlib._bootstrap>", line 488, in _call_with_frames_removed
  File "/opt/airflow/dags/extraction_DAG.py", line 6, in <module>
    from include import extract as extract_data
ModuleNotFoundError: No module named 'include'
[2026-09-16T16:20:32.630+0000] {processor.py:842} WARNING - No viable dags retrieved from /opt/airflow/dags/extraction_DAG.py
[2026-09-16T16:20:32.642+0000] {processor.py:183} INFO - Processing /opt/airflow/dags/extraction_DAG.py took 0.025 seconds
[2026-09-16T16:21:02.790+0000] {processor.py:161} INFO - Started process (PID=6385) to work on /opt/airflow/dags/extraction_DAG.py
[2026-09-16T16:21:02.903+0000] {processor.py:830} INFO - Processing file /opt/airflow/dags/extraction_DAG.py for tasks to queue
[2026-09-16T16:21:02.905+0000] {logging_mixin.py:188} INFO - [2026-09-16T16:21:02.904+0000] {dagbag.py:545} INFO - Filling up the DagBag from /opt/airflow/dags/extraction_DAG.py
[2026-09-16T16:21:02.911+0000] {logging_mixin.py:188} INFO - [2026-09-16T16:21:02.909+0000] {dagbag.py:355} ERROR - Failed to import: /opt/airflow/dags/extraction_DAG.py
Traceback (most recent call last):
  File "/home/airflow/.local/lib/python3.12/site-packages/airflow/models/dagbag.py", line 351, in parse
    loader.exec_module(new_module)
  File "<frozen importlib._bootstrap_external>", line 995, in exec_module
  File "<frozen importlib._bootstrap>", line 488, in _call_with_frames_removed
  File "/opt/airflow/dags/extraction_DAG.py", line 6, in <module>
    from include import extract as extract_data
ModuleNotFoundError: No module named 'include'
[2026-09-16T16:21:02.912+0000] {processor.py:842} WARNING - No viable dags retrieved from /opt/airflow/dags/extraction_DAG.py
[2026-09-16T16:21:02.934+0000] {processor.py:183} INFO - Processing /opt/airflow/dags/extraction_DAG.py took 0.154 seconds
[2026-09-16T16:21:33.075+0000] {processor.py:161} INFO - Started process (PID=6392) to work on /opt/airflow/dags/extraction_DAG.py
[2026-09-16T16:21:33.076+0000] {processor.py:830} INFO - Processing file /opt/airflow/dags/extraction_DAG.py for tasks to queue
[2026-09-16T16:21:33.076+0000] {logging_mixin.py:188} INFO - [2026-09-16T16:21:33.076+0000] {dagbag.py:545} INFO - Filling up the DagBag from /opt/airflow/dags/extraction_DAG.py
[2026-09-16T16:21:33.078+0000] {logging_mixin.py:188} INFO - [2026-09-16T16:21:33.078+0000] {dagbag.py:355} ERROR - Failed to import: /opt/airflow/dags/extraction_DAG.py
Traceback (most recent call last):
  File "/home/airflow/.local/lib/python3.12/site-packages/airflow/models/dagbag.py", line 351, in parse
    loader.exec_module(new_module)
  File "<frozen importlib._bootstrap_external>", line 995, in exec_module
  File "<frozen importlib._bootstrap>", line 488, in _call_with_frames_removed
  File "/opt/airflow/dags/extraction_DAG.py", line 6, in <module>
    from include import extract as extract_data
ModuleNotFoundError: No module named 'include'
[2026-09-16T16:21:33.079+0000] {processor.py:842} WARNING - No viable dags retrieved from /opt/airflow/dags/extraction_DAG.py
[2026-09-16T16:21:33.093+0000] {processor.py:183} INFO - Processing /opt/airflow/dags/extraction_DAG.py took 0.023 seconds
[2026-09-16T16:22:03.269+0000] {processor.py:161} INFO - Started process (PID=6399) to work on /opt/airflow/dags/extraction_DAG.py
[2026-09-16T16:22:03.302+0000] {processor.py:830} INFO - Processing file /opt/airflow/dags/extraction_DAG.py for tasks to queue
[2026-09-16T16:22:03.303+0000] {logging_mixin.py:188} INFO - [2026-09-16T16:22:03.303+0000] {dagbag.py:545} INFO - Filling up the DagBag from /opt/airflow/dags/extraction_DAG.py
[2026-09-16T16:22:03.309+0000] {logging_mixin.py:188} INFO - [2026-09-16T16:22:03.307+0000] {dagbag.py:355} ERROR - Failed to import: /opt/airflow/dags/extraction_DAG.py
Traceback (most recent call last):
  File "/home/airflow/.local/lib/python3.12/site-packages/airflow/models/dagbag.py", line 351, in parse
    loader.exec_module(new_module)
  File "<frozen importlib._bootstrap_external>", line 995, in exec_module
  File "<frozen importlib._bootstrap>", line 488, in _call_with_frames_removed
  File "/opt/airflow/dags/extraction_DAG.py", line 6, in <module>
    from include import extract as extract_data
ModuleNotFoundError: No module named 'include'
[2026-09-16T16:22:03.310+0000] {processor.py:842} WARNING - No viable dags retrieved from /opt/airflow/dags/extraction_DAG.py
[2026-09-16T16:22:03.333+0000] {processor.py:183} INFO - Processing /opt/airflow/dags/extraction_DAG.py took 0.076 seconds
[2026-09-16T16:22:33.419+0000] {processor.py:161} INFO - Started process (PID=6406) to work on /opt/airflow/dags/extraction_DAG.py
[2026-09-16T16:22:33.420+0000] {processor.py:830} INFO - Processing file /opt/airflow/dags/extraction_DAG.py for tasks to queue
[2026-09-16T16:22:33.421+0000] {logging_mixin.py:188} INFO - [2026-09-16T16:22:33.421+0000] {dagbag.py:545} INFO - Filling up the DagBag from /opt/airflow/dags/extraction_DAG.py
[2026-09-16T16:22:33.425+0000] {logging_mixin.py:188} INFO - [2026-09-16T16:22:33.424+0000] {dagbag.py:355} ERROR - Failed to import: /opt/airflow/dags/extraction_DAG.py
Traceback (most recent call last):
  File "/home/airflow/.local/lib/python3.12/site-packages/airflow/models/dagbag.py", line 351, in parse
    loader.exec_module(new_module)
  File "<frozen importlib._bootstrap_external>", line 995, in exec_module
  File "<frozen importlib._bootstrap>", line 488, in _call_with_frames_removed
  File "/opt/airflow/dags/extraction_DAG.py", line 6, in <module>
    from include import extract as extract_data
ModuleNotFoundError: No module named 'include'
[2026-09-16T16:22:33.425+0000] {processor.py:842} WARNING - No viable dags retrieved from /opt/airflow/dags/extraction_DAG.py
[2026-09-16T16:22:33.441+0000] {processor.py:183} INFO - Processing /opt/airflow/dags/extraction_DAG.py took 0.032 seconds
[2026-09-16T16:23:03.563+0000] {processor.py:161} INFO - Started process (PID=6413) to work on /opt/airflow/dags/extraction_DAG.py
[2026-09-16T16:23:03.578+0000] {processor.py:830} INFO - Processing file /opt/airflow/dags/extraction_DAG.py for tasks to queue
[2026-09-16T16:23:03.579+0000] {logging_mixin.py:188} INFO - [2026-09-16T16:23:03.579+0000] {dagbag.py:545} INFO - Filling up the DagBag from /opt/airflow/dags/extraction_DAG.py
[2026-09-16T16:23:03.585+0000] {logging_mixin.py:188} INFO - [2026-09-16T16:23:03.583+0000] {dagbag.py:355} ERROR - Failed to import: /opt/airflow/dags/extraction_DAG.py
Traceback (most recent call last):
  File "/home/airflow/.local/lib/python3.12/site-packages/airflow/models/dagbag.py", line 351, in parse
    loader.exec_module(new_module)
  File "<frozen importlib._bootstrap_external>", line 995, in exec_module
  File "<frozen importlib._bootstrap>", line 488, in _call_with_frames_removed
  File "/opt/airflow/dags/extraction_DAG.py", line 6, in <module>
    from include import extract as extract_data
ModuleNotFoundError: No module named 'include'
[2026-09-16T16:23:03.585+0000] {processor.py:842} WARNING - No viable dags retrieved from /opt/airflow/dags/extraction_DAG.py
[2026-09-16T16:23:03.606+0000] {processor.py:183} INFO - Processing /opt/airflow/dags/extraction_DAG.py took 0.049 seconds
[2026-09-16T16:23:33.716+0000] {processor.py:161} INFO - Started process (PID=6420) to work on /opt/airflow/dags/extraction_DAG.py
[2026-09-16T16:23:33.717+0000] {processor.py:830} INFO - Processing file /opt/airflow/dags/extraction_DAG.py for tasks to queue
[2026-09-16T16:23:33.718+0000] {logging_mixin.py:188} INFO - [2026-09-16T16:23:33.717+0000] {dagbag.py:545} INFO - Filling up the DagBag from /opt/airflow/dags/extraction_DAG.py
[2026-09-16T16:23:33.721+0000] {logging_mixin.py:188} INFO - [2026-09-16T16:23:33.720+0000] {dagbag.py:355} ERROR - Failed to import: /opt/airflow/dags/extraction_DAG.py
Traceback (most recent call last):
  File "/home/airflow/.local/lib/python3.12/site-packages/airflow/models/dagbag.py", line 351, in parse
    loader.exec_module(new_module)
  File "<frozen importlib._bootstrap_external>", line 995, in exec_module
  File "<frozen importlib._bootstrap>", line 488, in _call_with_frames_removed
  File "/opt/airflow/dags/extraction_DAG.py", line 6, in <module>
    from include import extract as extract_data
ModuleNotFoundError: No module named 'include'
[2026-09-16T16:23:33.721+0000] {processor.py:842} WARNING - No viable dags retrieved from /opt/airflow/dags/extraction_DAG.py
[2026-09-16T16:23:33.736+0000] {processor.py:183} INFO - Processing /opt/airflow/dags/extraction_DAG.py took 0.029 seconds
[2026-09-16T16:24:03.899+0000] {processor.py:161} INFO - Started process (PID=6427) to work on /opt/airflow/dags/extraction_DAG.py
[2026-09-16T16:24:03.912+0000] {processor.py:830} INFO - Processing file /opt/airflow/dags/extraction_DAG.py for tasks to queue
[2026-09-16T16:24:03.914+0000] {logging_mixin.py:188} INFO - [2026-09-16T16:24:03.913+0000] {dagbag.py:545} INFO - Filling up the DagBag from /opt/airflow/dags/extraction_DAG.py
[2026-09-16T16:24:03.920+0000] {logging_mixin.py:188} INFO - [2026-09-16T16:24:03.917+0000] {dagbag.py:355} ERROR - Failed to import: /opt/airflow/dags/extraction_DAG.py
Traceback (most recent call last):
  File "/home/airflow/.local/lib/python3.12/site-packages/airflow/models/dagbag.py", line 351, in parse
    loader.exec_module(new_module)
  File "<frozen importlib._bootstrap_external>", line 995, in exec_module
  File "<frozen importlib._bootstrap>", line 488, in _call_with_frames_removed
  File "/opt/airflow/dags/extraction_DAG.py", line 6, in <module>
    from include import extract as extract_data
ModuleNotFoundError: No module named 'include'
[2026-09-16T16:24:03.920+0000] {processor.py:842} WARNING - No viable dags retrieved from /opt/airflow/dags/extraction_DAG.py
[2026-09-16T16:24:03.944+0000] {processor.py:183} INFO - Processing /opt/airflow/dags/extraction_DAG.py took 0.052 seconds
[2026-09-16T16:24:34.060+0000] {processor.py:161} INFO - Started process (PID=6434) to work on /opt/airflow/dags/extraction_DAG.py
[2026-09-16T16:24:34.061+0000] {processor.py:830} INFO - Processing file /opt/airflow/dags/extraction_DAG.py for tasks to queue
[2026-09-16T16:24:34.061+0000] {logging_mixin.py:188} INFO - [2026-09-16T16:24:34.061+0000] {dagbag.py:545} INFO - Filling up the DagBag from /opt/airflow/dags/extraction_DAG.py
[2026-09-16T16:24:34.063+0000] {logging_mixin.py:188} INFO - [2026-09-16T16:24:34.062+0000] {dagbag.py:355} ERROR - Failed to import: /opt/airflow/dags/extraction_DAG.py
Traceback (most recent call last):
  File "/home/airflow/.local/lib/python3.12/site-packages/airflow/models/dagbag.py", line 351, in parse
    loader.exec_module(new_module)
  File "<frozen importlib._bootstrap_external>", line 995, in exec_module
  File "<frozen importlib._bootstrap>", line 488, in _call_with_frames_removed
  File "/opt/airflow/dags/extraction_DAG.py", line 6, in <module>
    from include import extract as extract_data
ModuleNotFoundError: No module named 'include'
[2026-09-16T16:24:34.063+0000] {processor.py:842} WARNING - No viable dags retrieved from /opt/airflow/dags/extraction_DAG.py
[2026-09-16T16:24:34.075+0000] {processor.py:183} INFO - Processing /opt/airflow/dags/extraction_DAG.py took 0.020 seconds
[2026-09-16T16:25:04.206+0000] {processor.py:161} INFO - Started process (PID=6440) to work on /opt/airflow/dags/extraction_DAG.py
[2026-09-16T16:25:04.210+0000] {processor.py:830} INFO - Processing file /opt/airflow/dags/extraction_DAG.py for tasks to queue
[2026-09-16T16:25:04.211+0000] {logging_mixin.py:188} INFO - [2026-09-16T16:25:04.211+0000] {dagbag.py:545} INFO - Filling up the DagBag from /opt/airflow/dags/extraction_DAG.py
[2026-09-16T16:25:04.214+0000] {logging_mixin.py:188} INFO - [2026-09-16T16:25:04.214+0000] {dagbag.py:355} ERROR - Failed to import: /opt/airflow/dags/extraction_DAG.py
Traceback (most recent call last):
  File "/home/airflow/.local/lib/python3.12/site-packages/airflow/models/dagbag.py", line 351, in parse
    loader.exec_module(new_module)
  File "<frozen importlib._bootstrap_external>", line 995, in exec_module
  File "<frozen importlib._bootstrap>", line 488, in _call_with_frames_removed
  File "/opt/airflow/dags/extraction_DAG.py", line 6, in <module>
    from include import extract as extract_data
ModuleNotFoundError: No module named 'include'
[2026-09-16T16:25:04.215+0000] {processor.py:842} WARNING - No viable dags retrieved from /opt/airflow/dags/extraction_DAG.py
[2026-09-16T16:25:04.225+0000] {processor.py:183} INFO - Processing /opt/airflow/dags/extraction_DAG.py took 0.023 seconds
[2026-09-16T16:25:34.356+0000] {processor.py:161} INFO - Started process (PID=6447) to work on /opt/airflow/dags/extraction_DAG.py
[2026-09-16T16:25:34.357+0000] {processor.py:830} INFO - Processing file /opt/airflow/dags/extraction_DAG.py for tasks to queue
[2026-09-16T16:25:34.357+0000] {logging_mixin.py:188} INFO - [2026-09-16T16:25:34.357+0000] {dagbag.py:545} INFO - Filling up the DagBag from /opt/airflow/dags/extraction_DAG.py
[2026-09-16T16:25:34.359+0000] {logging_mixin.py:188} INFO - [2026-09-16T16:25:34.359+0000] {dagbag.py:355} ERROR - Failed to import: /opt/airflow/dags/extraction_DAG.py
Traceback (most recent call last):
  File "/home/airflow/.local/lib/python3.12/site-packages/airflow/models/dagbag.py", line 351, in parse
    loader.exec_module(new_module)
  File "<frozen importlib._bootstrap_external>", line 995, in exec_module
  File "<frozen importlib._bootstrap>", line 488, in _call_with_frames_removed
  File "/opt/airflow/dags/extraction_DAG.py", line 6, in <module>
    from include import extract as extract_data
ModuleNotFoundError: No module named 'include'
[2026-09-16T16:25:34.360+0000] {processor.py:842} WARNING - No viable dags retrieved from /opt/airflow/dags/extraction_DAG.py
[2026-09-16T16:25:34.370+0000] {processor.py:183} INFO - Processing /opt/airflow/dags/extraction_DAG.py took 0.018 seconds
[2026-09-16T16:26:04.512+0000] {processor.py:161} INFO - Started process (PID=6454) to work on /opt/airflow/dags/extraction_DAG.py
[2026-09-16T16:26:04.523+0000] {processor.py:830} INFO - Processing file /opt/airflow/dags/extraction_DAG.py for tasks to queue
[2026-09-16T16:26:04.525+0000] {logging_mixin.py:188} INFO - [2026-09-16T16:26:04.524+0000] {dagbag.py:545} INFO - Filling up the DagBag from /opt/airflow/dags/extraction_DAG.py
[2026-09-16T16:26:04.530+0000] {logging_mixin.py:188} INFO - [2026-09-16T16:26:04.528+0000] {dagbag.py:355} ERROR - Failed to import: /opt/airflow/dags/extraction_DAG.py
Traceback (most recent call last):
  File "/home/airflow/.local/lib/python3.12/site-packages/airflow/models/dagbag.py", line 351, in parse
    loader.exec_module(new_module)
  File "<frozen importlib._bootstrap_external>", line 995, in exec_module
  File "<frozen importlib._bootstrap>", line 488, in _call_with_frames_removed
  File "/opt/airflow/dags/extraction_DAG.py", line 6, in <module>
    from include import extract as extract_data
ModuleNotFoundError: No module named 'include'
[2026-09-16T16:26:04.530+0000] {processor.py:842} WARNING - No viable dags retrieved from /opt/airflow/dags/extraction_DAG.py
[2026-09-16T16:26:04.547+0000] {processor.py:183} INFO - Processing /opt/airflow/dags/extraction_DAG.py took 0.043 seconds
[2026-09-16T16:26:34.661+0000] {processor.py:161} INFO - Started process (PID=6461) to work on /opt/airflow/dags/extraction_DAG.py
[2026-09-16T16:26:34.662+0000] {processor.py:830} INFO - Processing file /opt/airflow/dags/extraction_DAG.py for tasks to queue
[2026-09-16T16:26:34.663+0000] {logging_mixin.py:188} INFO - [2026-09-16T16:26:34.662+0000] {dagbag.py:545} INFO - Filling up the DagBag from /opt/airflow/dags/extraction_DAG.py
[2026-09-16T16:26:34.665+0000] {logging_mixin.py:188} INFO - [2026-09-16T16:26:34.664+0000] {dagbag.py:355} ERROR - Failed to import: /opt/airflow/dags/extraction_DAG.py
Traceback (most recent call last):
  File "/home/airflow/.local/lib/python3.12/site-packages/airflow/models/dagbag.py", line 351, in parse
    loader.exec_module(new_module)
  File "<frozen importlib._bootstrap_external>", line 995, in exec_module
  File "<frozen importlib._bootstrap>", line 488, in _call_with_frames_removed
  File "/opt/airflow/dags/extraction_DAG.py", line 6, in <module>
    from include import extract as extract_data
ModuleNotFoundError: No module named 'include'
[2026-09-16T16:26:34.666+0000] {processor.py:842} WARNING - No viable dags retrieved from /opt/airflow/dags/extraction_DAG.py
[2026-09-16T16:26:34.678+0000] {processor.py:183} INFO - Processing /opt/airflow/dags/extraction_DAG.py took 0.025 seconds
[2026-09-16T16:27:04.834+0000] {processor.py:161} INFO - Started process (PID=6468) to work on /opt/airflow/dags/extraction_DAG.py
[2026-09-16T16:27:04.838+0000] {processor.py:830} INFO - Processing file /opt/airflow/dags/extraction_DAG.py for tasks to queue
[2026-09-16T16:27:04.839+0000] {logging_mixin.py:188} INFO - [2026-09-16T16:27:04.839+0000] {dagbag.py:545} INFO - Filling up the DagBag from /opt/airflow/dags/extraction_DAG.py
[2026-09-16T16:27:04.843+0000] {logging_mixin.py:188} INFO - [2026-09-16T16:27:04.842+0000] {dagbag.py:355} ERROR - Failed to import: /opt/airflow/dags/extraction_DAG.py
Traceback (most recent call last):
  File "/home/airflow/.local/lib/python3.12/site-packages/airflow/models/dagbag.py", line 351, in parse
    loader.exec_module(new_module)
  File "<frozen importlib._bootstrap_external>", line 995, in exec_module
  File "<frozen importlib._bootstrap>", line 488, in _call_with_frames_removed
  File "/opt/airflow/dags/extraction_DAG.py", line 6, in <module>
    from include import extract as extract_data
ModuleNotFoundError: No module named 'include'
[2026-09-16T16:27:04.844+0000] {processor.py:842} WARNING - No viable dags retrieved from /opt/airflow/dags/extraction_DAG.py
[2026-09-16T16:27:04.858+0000] {processor.py:183} INFO - Processing /opt/airflow/dags/extraction_DAG.py took 0.029 seconds
[2026-09-16T16:27:35.003+0000] {processor.py:161} INFO - Started process (PID=6475) to work on /opt/airflow/dags/extraction_DAG.py
[2026-09-16T16:27:35.004+0000] {processor.py:830} INFO - Processing file /opt/airflow/dags/extraction_DAG.py for tasks to queue
[2026-09-16T16:27:35.005+0000] {logging_mixin.py:188} INFO - [2026-09-16T16:27:35.005+0000] {dagbag.py:545} INFO - Filling up the DagBag from /opt/airflow/dags/extraction_DAG.py
[2026-09-16T16:27:35.008+0000] {logging_mixin.py:188} INFO - [2026-09-16T16:27:35.007+0000] {dagbag.py:355} ERROR - Failed to import: /opt/airflow/dags/extraction_DAG.py
Traceback (most recent call last):
  File "/home/airflow/.local/lib/python3.12/site-packages/airflow/models/dagbag.py", line 351, in parse
    loader.exec_module(new_module)
  File "<frozen importlib._bootstrap_external>", line 995, in exec_module
  File "<frozen importlib._bootstrap>", line 488, in _call_with_frames_removed
  File "/opt/airflow/dags/extraction_DAG.py", line 6, in <module>
    from include import extract as extract_data
ModuleNotFoundError: No module named 'include'
[2026-09-16T16:27:35.009+0000] {processor.py:842} WARNING - No viable dags retrieved from /opt/airflow/dags/extraction_DAG.py
[2026-09-16T16:27:35.039+0000] {processor.py:183} INFO - Processing /opt/airflow/dags/extraction_DAG.py took 0.045 seconds
