[2026-09-16T13:11:23.734+0000] {processor.py:161} INFO - Started process (PID=3742) to work on /opt/airflow/dags/youtube_pipeline.py
[2026-09-16T13:11:23.735+0000] {processor.py:830} INFO - Processing file /opt/airflow/dags/youtube_pipeline.py for tasks to queue
[2026-09-16T13:11:23.737+0000] {logging_mixin.py:188} INFO - [2026-09-16T13:11:23.737+0000] {dagbag.py:545} INFO - Filling up the DagBag from /opt/airflow/dags/youtube_pipeline.py
[2026-09-16T13:11:23.742+0000] {logging_mixin.py:188} INFO - [2026-09-16T13:11:23.740+0000] {dagbag.py:355} ERROR - Failed to import: /opt/airflow/dags/youtube_pipeline.py
Traceback (most recent call last):
  File "/home/airflow/.local/lib/python3.12/site-packages/airflow/models/dagbag.py", line 351, in parse
    loader.exec_module(new_module)
  File "<frozen importlib._bootstrap_external>", line 995, in exec_module
  File "<frozen importlib._bootstrap>", line 488, in _call_with_frames_removed
  File "/opt/airflow/dags/youtube_pipeline.py", line 6, in <module>
    from airflow.providers.standard.operators.bash import BashOperator
ModuleNotFoundError: No module named 'airflow.providers.standard'
[2026-09-16T13:11:23.742+0000] {processor.py:842} WARNING - No viable dags retrieved from /opt/airflow/dags/youtube_pipeline.py
[2026-09-16T13:11:23.755+0000] {processor.py:183} INFO - Processing /opt/airflow/dags/youtube_pipeline.py took 0.030 seconds
[2026-09-16T13:11:53.857+0000] {processor.py:161} INFO - Started process (PID=3748) to work on /opt/airflow/dags/youtube_pipeline.py
[2026-09-16T13:11:53.857+0000] {processor.py:830} INFO - Processing file /opt/airflow/dags/youtube_pipeline.py for tasks to queue
[2026-09-16T13:11:53.859+0000] {logging_mixin.py:188} INFO - [2026-09-16T13:11:53.859+0000] {dagbag.py:545} INFO - Filling up the DagBag from /opt/airflow/dags/youtube_pipeline.py
[2026-09-16T13:11:53.862+0000] {logging_mixin.py:188} INFO - [2026-09-16T13:11:53.861+0000] {dagbag.py:355} ERROR - Failed to import: /opt/airflow/dags/youtube_pipeline.py
Traceback (most recent call last):
  File "/home/airflow/.local/lib/python3.12/site-packages/airflow/models/dagbag.py", line 351, in parse
    loader.exec_module(new_module)
  File "<frozen importlib._bootstrap_external>", line 995, in exec_module
  File "<frozen importlib._bootstrap>", line 488, in _call_with_frames_removed
  File "/opt/airflow/dags/youtube_pipeline.py", line 6, in <module>
    from airflow.providers.standard.operators.bash import BashOperator
ModuleNotFoundError: No module named 'airflow.providers.standard'
[2026-09-16T13:11:53.863+0000] {processor.py:842} WARNING - No viable dags retrieved from /opt/airflow/dags/youtube_pipeline.py
[2026-09-16T13:11:53.874+0000] {processor.py:183} INFO - Processing /opt/airflow/dags/youtube_pipeline.py took 0.028 seconds
[2026-09-16T13:12:24.022+0000] {processor.py:161} INFO - Started process (PID=3755) to work on /opt/airflow/dags/youtube_pipeline.py
[2026-09-16T13:12:24.033+0000] {processor.py:830} INFO - Processing file /opt/airflow/dags/youtube_pipeline.py for tasks to queue
[2026-09-16T13:12:24.035+0000] {logging_mixin.py:188} INFO - [2026-09-16T13:12:24.035+0000] {dagbag.py:545} INFO - Filling up the DagBag from /opt/airflow/dags/youtube_pipeline.py
[2026-09-16T13:12:24.039+0000] {logging_mixin.py:188} INFO - [2026-09-16T13:12:24.038+0000] {dagbag.py:355} ERROR - Failed to import: /opt/airflow/dags/youtube_pipeline.py
Traceback (most recent call last):
  File "/home/airflow/.local/lib/python3.12/site-packages/airflow/models/dagbag.py", line 351, in parse
    loader.exec_module(new_module)
  File "<frozen importlib._bootstrap_external>", line 995, in exec_module
  File "<frozen importlib._bootstrap>", line 488, in _call_with_frames_removed
  File "/opt/airflow/dags/youtube_pipeline.py", line 6, in <module>
    from airflow.providers.standard.operators.bash import BashOperator
ModuleNotFoundError: No module named 'airflow.providers.standard'
[2026-09-16T13:12:24.040+0000] {processor.py:842} WARNING - No viable dags retrieved from /opt/airflow/dags/youtube_pipeline.py
[2026-09-16T13:12:24.059+0000] {processor.py:183} INFO - Processing /opt/airflow/dags/youtube_pipeline.py took 0.046 seconds
[2026-09-16T13:12:54.172+0000] {processor.py:161} INFO - Started process (PID=3762) to work on /opt/airflow/dags/youtube_pipeline.py
[2026-09-16T13:12:54.172+0000] {processor.py:830} INFO - Processing file /opt/airflow/dags/youtube_pipeline.py for tasks to queue
[2026-09-16T13:12:54.173+0000] {logging_mixin.py:188} INFO - [2026-09-16T13:12:54.173+0000] {dagbag.py:545} INFO - Filling up the DagBag from /opt/airflow/dags/youtube_pipeline.py
[2026-09-16T13:12:54.175+0000] {logging_mixin.py:188} INFO - [2026-09-16T13:12:54.174+0000] {dagbag.py:355} ERROR - Failed to import: /opt/airflow/dags/youtube_pipeline.py
Traceback (most recent call last):
  File "/home/airflow/.local/lib/python3.12/site-packages/airflow/models/dagbag.py", line 351, in parse
    loader.exec_module(new_module)
  File "<frozen importlib._bootstrap_external>", line 995, in exec_module
  File "<frozen importlib._bootstrap>", line 488, in _call_with_frames_removed
  File "/opt/airflow/dags/youtube_pipeline.py", line 6, in <module>
    from airflow.providers.standard.operators.bash import BashOperator
ModuleNotFoundError: No module named 'airflow.providers.standard'
[2026-09-16T13:12:54.175+0000] {processor.py:842} WARNING - No viable dags retrieved from /opt/airflow/dags/youtube_pipeline.py
[2026-09-16T13:12:54.194+0000] {processor.py:183} INFO - Processing /opt/airflow/dags/youtube_pipeline.py took 0.031 seconds
[2026-09-16T13:13:24.345+0000] {processor.py:161} INFO - Started process (PID=3769) to work on /opt/airflow/dags/youtube_pipeline.py
[2026-09-16T13:13:24.436+0000] {processor.py:830} INFO - Processing file /opt/airflow/dags/youtube_pipeline.py for tasks to queue
[2026-09-16T13:13:24.439+0000] {logging_mixin.py:188} INFO - [2026-09-16T13:13:24.439+0000] {dagbag.py:545} INFO - Filling up the DagBag from /opt/airflow/dags/youtube_pipeline.py
[2026-09-16T13:13:24.444+0000] {logging_mixin.py:188} INFO - [2026-09-16T13:13:24.442+0000] {dagbag.py:355} ERROR - Failed to import: /opt/airflow/dags/youtube_pipeline.py
Traceback (most recent call last):
  File "/home/airflow/.local/lib/python3.12/site-packages/airflow/models/dagbag.py", line 351, in parse
    loader.exec_module(new_module)
  File "<frozen importlib._bootstrap_external>", line 995, in exec_module
  File "<frozen importlib._bootstrap>", line 488, in _call_with_frames_removed
  File "/opt/airflow/dags/youtube_pipeline.py", line 6, in <module>
    from airflow.providers.standard.operators.bash import BashOperator
ModuleNotFoundError: No module named 'airflow.providers.standard'
[2026-09-16T13:13:24.445+0000] {processor.py:842} WARNING - No viable dags retrieved from /opt/airflow/dags/youtube_pipeline.py
[2026-09-16T13:13:24.468+0000] {processor.py:183} INFO - Processing /opt/airflow/dags/youtube_pipeline.py took 0.130 seconds
[2026-09-16T13:13:54.616+0000] {processor.py:161} INFO - Started process (PID=3776) to work on /opt/airflow/dags/youtube_pipeline.py
[2026-09-16T13:13:54.617+0000] {processor.py:830} INFO - Processing file /opt/airflow/dags/youtube_pipeline.py for tasks to queue
[2026-09-16T13:13:54.619+0000] {logging_mixin.py:188} INFO - [2026-09-16T13:13:54.618+0000] {dagbag.py:545} INFO - Filling up the DagBag from /opt/airflow/dags/youtube_pipeline.py
[2026-09-16T13:13:54.621+0000] {logging_mixin.py:188} INFO - [2026-09-16T13:13:54.620+0000] {dagbag.py:355} ERROR - Failed to import: /opt/airflow/dags/youtube_pipeline.py
Traceback (most recent call last):
  File "/home/airflow/.local/lib/python3.12/site-packages/airflow/models/dagbag.py", line 351, in parse
    loader.exec_module(new_module)
  File "<frozen importlib._bootstrap_external>", line 995, in exec_module
  File "<frozen importlib._bootstrap>", line 488, in _call_with_frames_removed
  File "/opt/airflow/dags/youtube_pipeline.py", line 6, in <module>
    from airflow.providers.standard.operators.bash import BashOperator
ModuleNotFoundError: No module named 'airflow.providers.standard'
[2026-09-16T13:13:54.622+0000] {processor.py:842} WARNING - No viable dags retrieved from /opt/airflow/dags/youtube_pipeline.py
[2026-09-16T13:13:54.635+0000] {processor.py:183} INFO - Processing /opt/airflow/dags/youtube_pipeline.py took 0.030 seconds
[2026-09-16T13:14:24.759+0000] {processor.py:161} INFO - Started process (PID=3783) to work on /opt/airflow/dags/youtube_pipeline.py
[2026-09-16T13:14:24.882+0000] {processor.py:830} INFO - Processing file /opt/airflow/dags/youtube_pipeline.py for tasks to queue
[2026-09-16T13:14:24.883+0000] {logging_mixin.py:188} INFO - [2026-09-16T13:14:24.883+0000] {dagbag.py:545} INFO - Filling up the DagBag from /opt/airflow/dags/youtube_pipeline.py
[2026-09-16T13:14:24.885+0000] {logging_mixin.py:188} INFO - [2026-09-16T13:14:24.884+0000] {dagbag.py:355} ERROR - Failed to import: /opt/airflow/dags/youtube_pipeline.py
Traceback (most recent call last):
  File "/home/airflow/.local/lib/python3.12/site-packages/airflow/models/dagbag.py", line 351, in parse
    loader.exec_module(new_module)
  File "<frozen importlib._bootstrap_external>", line 995, in exec_module
  File "<frozen importlib._bootstrap>", line 488, in _call_with_frames_removed
  File "/opt/airflow/dags/youtube_pipeline.py", line 6, in <module>
    from airflow.providers.standard.operators.bash import BashOperator
ModuleNotFoundError: No module named 'airflow.providers.standard'
[2026-09-16T13:14:24.885+0000] {processor.py:842} WARNING - No viable dags retrieved from /opt/airflow/dags/youtube_pipeline.py
[2026-09-16T13:14:24.896+0000] {processor.py:183} INFO - Processing /opt/airflow/dags/youtube_pipeline.py took 0.141 seconds
[2026-09-16T13:14:54.938+0000] {processor.py:161} INFO - Started process (PID=3790) to work on /opt/airflow/dags/youtube_pipeline.py
[2026-09-16T13:14:54.939+0000] {processor.py:830} INFO - Processing file /opt/airflow/dags/youtube_pipeline.py for tasks to queue
[2026-09-16T13:14:54.941+0000] {logging_mixin.py:188} INFO - [2026-09-16T13:14:54.940+0000] {dagbag.py:545} INFO - Filling up the DagBag from /opt/airflow/dags/youtube_pipeline.py
[2026-09-16T13:14:54.943+0000] {logging_mixin.py:188} INFO - [2026-09-16T13:14:54.942+0000] {dagbag.py:355} ERROR - Failed to import: /opt/airflow/dags/youtube_pipeline.py
Traceback (most recent call last):
  File "/home/airflow/.local/lib/python3.12/site-packages/airflow/models/dagbag.py", line 351, in parse
    loader.exec_module(new_module)
  File "<frozen importlib._bootstrap_external>", line 995, in exec_module
  File "<frozen importlib._bootstrap>", line 488, in _call_with_frames_removed
  File "/opt/airflow/dags/youtube_pipeline.py", line 6, in <module>
    from airflow.providers.standard.operators.bash import BashOperator
ModuleNotFoundError: No module named 'airflow.providers.standard'
[2026-09-16T13:14:54.944+0000] {processor.py:842} WARNING - No viable dags retrieved from /opt/airflow/dags/youtube_pipeline.py
[2026-09-16T13:14:54.955+0000] {processor.py:183} INFO - Processing /opt/airflow/dags/youtube_pipeline.py took 0.025 seconds
[2026-09-16T13:15:25.077+0000] {processor.py:161} INFO - Started process (PID=3797) to work on /opt/airflow/dags/youtube_pipeline.py
[2026-09-16T13:15:25.174+0000] {processor.py:830} INFO - Processing file /opt/airflow/dags/youtube_pipeline.py for tasks to queue
[2026-09-16T13:15:25.176+0000] {logging_mixin.py:188} INFO - [2026-09-16T13:15:25.176+0000] {dagbag.py:545} INFO - Filling up the DagBag from /opt/airflow/dags/youtube_pipeline.py
[2026-09-16T13:15:25.181+0000] {logging_mixin.py:188} INFO - [2026-09-16T13:15:25.179+0000] {dagbag.py:355} ERROR - Failed to import: /opt/airflow/dags/youtube_pipeline.py
Traceback (most recent call last):
  File "/home/airflow/.local/lib/python3.12/site-packages/airflow/models/dagbag.py", line 351, in parse
    loader.exec_module(new_module)
  File "<frozen importlib._bootstrap_external>", line 995, in exec_module
  File "<frozen importlib._bootstrap>", line 488, in _call_with_frames_removed
  File "/opt/airflow/dags/youtube_pipeline.py", line 6, in <module>
    from airflow.providers.standard.operators.bash import BashOperator
ModuleNotFoundError: No module named 'airflow.providers.standard'
[2026-09-16T13:15:25.182+0000] {processor.py:842} WARNING - No viable dags retrieved from /opt/airflow/dags/youtube_pipeline.py
[2026-09-16T13:15:25.204+0000] {processor.py:183} INFO - Processing /opt/airflow/dags/youtube_pipeline.py took 0.133 seconds
[2026-09-16T13:15:55.240+0000] {processor.py:161} INFO - Started process (PID=3804) to work on /opt/airflow/dags/youtube_pipeline.py
[2026-09-16T13:15:55.241+0000] {processor.py:830} INFO - Processing file /opt/airflow/dags/youtube_pipeline.py for tasks to queue
[2026-09-16T13:15:55.244+0000] {logging_mixin.py:188} INFO - [2026-09-16T13:15:55.243+0000] {dagbag.py:545} INFO - Filling up the DagBag from /opt/airflow/dags/youtube_pipeline.py
[2026-09-16T13:15:55.247+0000] {logging_mixin.py:188} INFO - [2026-09-16T13:15:55.246+0000] {dagbag.py:355} ERROR - Failed to import: /opt/airflow/dags/youtube_pipeline.py
Traceback (most recent call last):
  File "/home/airflow/.local/lib/python3.12/site-packages/airflow/models/dagbag.py", line 351, in parse
    loader.exec_module(new_module)
  File "<frozen importlib._bootstrap_external>", line 995, in exec_module
  File "<frozen importlib._bootstrap>", line 488, in _call_with_frames_removed
  File "/opt/airflow/dags/youtube_pipeline.py", line 6, in <module>
    from airflow.providers.standard.operators.bash import BashOperator
ModuleNotFoundError: No module named 'airflow.providers.standard'
[2026-09-16T13:15:55.248+0000] {processor.py:842} WARNING - No viable dags retrieved from /opt/airflow/dags/youtube_pipeline.py
[2026-09-16T13:15:55.261+0000] {processor.py:183} INFO - Processing /opt/airflow/dags/youtube_pipeline.py took 0.030 seconds
[2026-09-16T13:16:25.384+0000] {processor.py:161} INFO - Started process (PID=3811) to work on /opt/airflow/dags/youtube_pipeline.py
[2026-09-16T13:16:25.474+0000] {processor.py:830} INFO - Processing file /opt/airflow/dags/youtube_pipeline.py for tasks to queue
[2026-09-16T13:16:25.477+0000] {logging_mixin.py:188} INFO - [2026-09-16T13:16:25.476+0000] {dagbag.py:545} INFO - Filling up the DagBag from /opt/airflow/dags/youtube_pipeline.py
[2026-09-16T13:16:25.482+0000] {logging_mixin.py:188} INFO - [2026-09-16T13:16:25.480+0000] {dagbag.py:355} ERROR - Failed to import: /opt/airflow/dags/youtube_pipeline.py
Traceback (most recent call last):
  File "/home/airflow/.local/lib/python3.12/site-packages/airflow/models/dagbag.py", line 351, in parse
    loader.exec_module(new_module)
  File "<frozen importlib._bootstrap_external>", line 995, in exec_module
  File "<frozen importlib._bootstrap>", line 488, in _call_with_frames_removed
  File "/opt/airflow/dags/youtube_pipeline.py", line 6, in <module>
    from airflow.providers.standard.operators.bash import BashOperator
ModuleNotFoundError: No module named 'airflow.providers.standard'
[2026-09-16T13:16:25.483+0000] {processor.py:842} WARNING - No viable dags retrieved from /opt/airflow/dags/youtube_pipeline.py
[2026-09-16T13:16:25.505+0000] {processor.py:183} INFO - Processing /opt/airflow/dags/youtube_pipeline.py took 0.126 seconds
[2026-09-16T13:16:55.535+0000] {processor.py:161} INFO - Started process (PID=3818) to work on /opt/airflow/dags/youtube_pipeline.py
[2026-09-16T13:16:55.536+0000] {processor.py:830} INFO - Processing file /opt/airflow/dags/youtube_pipeline.py for tasks to queue
[2026-09-16T13:16:55.632+0000] {logging_mixin.py:188} INFO - [2026-09-16T13:16:55.632+0000] {dagbag.py:545} INFO - Filling up the DagBag from /opt/airflow/dags/youtube_pipeline.py
[2026-09-16T13:16:55.639+0000] {logging_mixin.py:188} INFO - [2026-09-16T13:16:55.636+0000] {dagbag.py:355} ERROR - Failed to import: /opt/airflow/dags/youtube_pipeline.py
Traceback (most recent call last):
  File "/home/airflow/.local/lib/python3.12/site-packages/airflow/models/dagbag.py", line 351, in parse
    loader.exec_module(new_module)
  File "<frozen importlib._bootstrap_external>", line 995, in exec_module
  File "<frozen importlib._bootstrap>", line 488, in _call_with_frames_removed
  File "/opt/airflow/dags/youtube_pipeline.py", line 6, in <module>
    from airflow.providers.standard.operators.bash import BashOperator
ModuleNotFoundError: No module named 'airflow.providers.standard'
[2026-09-16T13:16:55.640+0000] {processor.py:842} WARNING - No viable dags retrieved from /opt/airflow/dags/youtube_pipeline.py
[2026-09-16T13:16:55.662+0000] {processor.py:183} INFO - Processing /opt/airflow/dags/youtube_pipeline.py took 0.135 seconds
[2026-09-16T13:17:25.795+0000] {processor.py:161} INFO - Started process (PID=3825) to work on /opt/airflow/dags/youtube_pipeline.py
[2026-09-16T13:17:25.881+0000] {processor.py:830} INFO - Processing file /opt/airflow/dags/youtube_pipeline.py for tasks to queue
[2026-09-16T13:17:25.883+0000] {logging_mixin.py:188} INFO - [2026-09-16T13:17:25.883+0000] {dagbag.py:545} INFO - Filling up the DagBag from /opt/airflow/dags/youtube_pipeline.py
[2026-09-16T13:17:25.888+0000] {logging_mixin.py:188} INFO - [2026-09-16T13:17:25.887+0000] {dagbag.py:355} ERROR - Failed to import: /opt/airflow/dags/youtube_pipeline.py
Traceback (most recent call last):
  File "/home/airflow/.local/lib/python3.12/site-packages/airflow/models/dagbag.py", line 351, in parse
    loader.exec_module(new_module)
  File "<frozen importlib._bootstrap_external>", line 995, in exec_module
  File "<frozen importlib._bootstrap>", line 488, in _call_with_frames_removed
  File "/opt/airflow/dags/youtube_pipeline.py", line 6, in <module>
    from airflow.providers.standard.operators.bash import BashOperator
ModuleNotFoundError: No module named 'airflow.providers.standard'
[2026-09-16T13:17:25.890+0000] {processor.py:842} WARNING - No viable dags retrieved from /opt/airflow/dags/youtube_pipeline.py
[2026-09-16T13:17:25.915+0000] {processor.py:183} INFO - Processing /opt/airflow/dags/youtube_pipeline.py took 0.128 seconds
[2026-09-16T13:17:55.957+0000] {processor.py:161} INFO - Started process (PID=3832) to work on /opt/airflow/dags/youtube_pipeline.py
[2026-09-16T13:17:55.958+0000] {processor.py:830} INFO - Processing file /opt/airflow/dags/youtube_pipeline.py for tasks to queue
[2026-09-16T13:17:55.960+0000] {logging_mixin.py:188} INFO - [2026-09-16T13:17:55.959+0000] {dagbag.py:545} INFO - Filling up the DagBag from /opt/airflow/dags/youtube_pipeline.py
[2026-09-16T13:17:55.962+0000] {logging_mixin.py:188} INFO - [2026-09-16T13:17:55.961+0000] {dagbag.py:355} ERROR - Failed to import: /opt/airflow/dags/youtube_pipeline.py
Traceback (most recent call last):
  File "/home/airflow/.local/lib/python3.12/site-packages/airflow/models/dagbag.py", line 351, in parse
    loader.exec_module(new_module)
  File "<frozen importlib._bootstrap_external>", line 995, in exec_module
  File "<frozen importlib._bootstrap>", line 488, in _call_with_frames_removed
  File "/opt/airflow/dags/youtube_pipeline.py", line 6, in <module>
    from airflow.providers.standard.operators.bash import BashOperator
ModuleNotFoundError: No module named 'airflow.providers.standard'
[2026-09-16T13:17:55.963+0000] {processor.py:842} WARNING - No viable dags retrieved from /opt/airflow/dags/youtube_pipeline.py
[2026-09-16T13:17:55.975+0000] {processor.py:183} INFO - Processing /opt/airflow/dags/youtube_pipeline.py took 0.027 seconds
[2026-09-16T13:18:26.098+0000] {processor.py:161} INFO - Started process (PID=3839) to work on /opt/airflow/dags/youtube_pipeline.py
[2026-09-16T13:18:26.107+0000] {processor.py:830} INFO - Processing file /opt/airflow/dags/youtube_pipeline.py for tasks to queue
[2026-09-16T13:18:26.109+0000] {logging_mixin.py:188} INFO - [2026-09-16T13:18:26.109+0000] {dagbag.py:545} INFO - Filling up the DagBag from /opt/airflow/dags/youtube_pipeline.py
[2026-09-16T13:18:26.113+0000] {logging_mixin.py:188} INFO - [2026-09-16T13:18:26.112+0000] {dagbag.py:355} ERROR - Failed to import: /opt/airflow/dags/youtube_pipeline.py
Traceback (most recent call last):
  File "/home/airflow/.local/lib/python3.12/site-packages/airflow/models/dagbag.py", line 351, in parse
    loader.exec_module(new_module)
  File "<frozen importlib._bootstrap_external>", line 995, in exec_module
  File "<frozen importlib._bootstrap>", line 488, in _call_with_frames_removed
  File "/opt/airflow/dags/youtube_pipeline.py", line 6, in <module>
    from airflow.providers.standard.operators.bash import BashOperator
ModuleNotFoundError: No module named 'airflow.providers.standard'
[2026-09-16T13:18:26.113+0000] {processor.py:842} WARNING - No viable dags retrieved from /opt/airflow/dags/youtube_pipeline.py
[2026-09-16T13:18:26.131+0000] {processor.py:183} INFO - Processing /opt/airflow/dags/youtube_pipeline.py took 0.041 seconds
[2026-09-16T13:18:56.264+0000] {processor.py:161} INFO - Started process (PID=3846) to work on /opt/airflow/dags/youtube_pipeline.py
[2026-09-16T13:18:56.265+0000] {processor.py:830} INFO - Processing file /opt/airflow/dags/youtube_pipeline.py for tasks to queue
[2026-09-16T13:18:56.267+0000] {logging_mixin.py:188} INFO - [2026-09-16T13:18:56.266+0000] {dagbag.py:545} INFO - Filling up the DagBag from /opt/airflow/dags/youtube_pipeline.py
[2026-09-16T13:18:56.271+0000] {logging_mixin.py:188} INFO - [2026-09-16T13:18:56.269+0000] {dagbag.py:355} ERROR - Failed to import: /opt/airflow/dags/youtube_pipeline.py
Traceback (most recent call last):
  File "/home/airflow/.local/lib/python3.12/site-packages/airflow/models/dagbag.py", line 351, in parse
    loader.exec_module(new_module)
  File "<frozen importlib._bootstrap_external>", line 995, in exec_module
  File "<frozen importlib._bootstrap>", line 488, in _call_with_frames_removed
  File "/opt/airflow/dags/youtube_pipeline.py", line 6, in <module>
    from airflow.providers.standard.operators.bash import BashOperator
ModuleNotFoundError: No module named 'airflow.providers.standard'
[2026-09-16T13:18:56.271+0000] {processor.py:842} WARNING - No viable dags retrieved from /opt/airflow/dags/youtube_pipeline.py
[2026-09-16T13:18:56.287+0000] {processor.py:183} INFO - Processing /opt/airflow/dags/youtube_pipeline.py took 0.030 seconds
[2026-09-16T13:19:26.415+0000] {processor.py:161} INFO - Started process (PID=3853) to work on /opt/airflow/dags/youtube_pipeline.py
[2026-09-16T13:19:26.507+0000] {processor.py:830} INFO - Processing file /opt/airflow/dags/youtube_pipeline.py for tasks to queue
[2026-09-16T13:19:26.510+0000] {logging_mixin.py:188} INFO - [2026-09-16T13:19:26.509+0000] {dagbag.py:545} INFO - Filling up the DagBag from /opt/airflow/dags/youtube_pipeline.py
[2026-09-16T13:19:26.515+0000] {logging_mixin.py:188} INFO - [2026-09-16T13:19:26.513+0000] {dagbag.py:355} ERROR - Failed to import: /opt/airflow/dags/youtube_pipeline.py
Traceback (most recent call last):
  File "/home/airflow/.local/lib/python3.12/site-packages/airflow/models/dagbag.py", line 351, in parse
    loader.exec_module(new_module)
  File "<frozen importlib._bootstrap_external>", line 995, in exec_module
  File "<frozen importlib._bootstrap>", line 488, in _call_with_frames_removed
  File "/opt/airflow/dags/youtube_pipeline.py", line 6, in <module>
    from airflow.providers.standard.operators.bash import BashOperator
ModuleNotFoundError: No module named 'airflow.providers.standard'
[2026-09-16T13:19:26.516+0000] {processor.py:842} WARNING - No viable dags retrieved from /opt/airflow/dags/youtube_pipeline.py
[2026-09-16T13:19:26.541+0000] {processor.py:183} INFO - Processing /opt/airflow/dags/youtube_pipeline.py took 0.130 seconds
[2026-09-16T13:19:56.683+0000] {processor.py:161} INFO - Started process (PID=3866) to work on /opt/airflow/dags/youtube_pipeline.py
[2026-09-16T13:19:56.684+0000] {processor.py:830} INFO - Processing file /opt/airflow/dags/youtube_pipeline.py for tasks to queue
[2026-09-16T13:19:56.687+0000] {logging_mixin.py:188} INFO - [2026-09-16T13:19:56.686+0000] {dagbag.py:545} INFO - Filling up the DagBag from /opt/airflow/dags/youtube_pipeline.py
[2026-09-16T13:19:56.691+0000] {logging_mixin.py:188} INFO - [2026-09-16T13:19:56.689+0000] {dagbag.py:355} ERROR - Failed to import: /opt/airflow/dags/youtube_pipeline.py
Traceback (most recent call last):
  File "/home/airflow/.local/lib/python3.12/site-packages/airflow/models/dagbag.py", line 351, in parse
    loader.exec_module(new_module)
  File "<frozen importlib._bootstrap_external>", line 995, in exec_module
  File "<frozen importlib._bootstrap>", line 488, in _call_with_frames_removed
  File "/opt/airflow/dags/youtube_pipeline.py", line 6, in <module>
    from airflow.providers.standard.operators.bash import BashOperator
ModuleNotFoundError: No module named 'airflow.providers.standard'
[2026-09-16T13:19:56.692+0000] {processor.py:842} WARNING - No viable dags retrieved from /opt/airflow/dags/youtube_pipeline.py
[2026-09-16T13:19:56.715+0000] {processor.py:183} INFO - Processing /opt/airflow/dags/youtube_pipeline.py took 0.041 seconds
[2026-09-16T13:20:26.829+0000] {processor.py:161} INFO - Started process (PID=3873) to work on /opt/airflow/dags/youtube_pipeline.py
[2026-09-16T13:20:26.910+0000] {processor.py:830} INFO - Processing file /opt/airflow/dags/youtube_pipeline.py for tasks to queue
[2026-09-16T13:20:26.913+0000] {logging_mixin.py:188} INFO - [2026-09-16T13:20:26.912+0000] {dagbag.py:545} INFO - Filling up the DagBag from /opt/airflow/dags/youtube_pipeline.py
[2026-09-16T13:20:26.918+0000] {logging_mixin.py:188} INFO - [2026-09-16T13:20:26.916+0000] {dagbag.py:355} ERROR - Failed to import: /opt/airflow/dags/youtube_pipeline.py
Traceback (most recent call last):
  File "/home/airflow/.local/lib/python3.12/site-packages/airflow/models/dagbag.py", line 351, in parse
    loader.exec_module(new_module)
  File "<frozen importlib._bootstrap_external>", line 995, in exec_module
  File "<frozen importlib._bootstrap>", line 488, in _call_with_frames_removed
  File "/opt/airflow/dags/youtube_pipeline.py", line 6, in <module>
    from airflow.providers.standard.operators.bash import BashOperator
ModuleNotFoundError: No module named 'airflow.providers.standard'
[2026-09-16T13:20:26.919+0000] {processor.py:842} WARNING - No viable dags retrieved from /opt/airflow/dags/youtube_pipeline.py
[2026-09-16T13:20:26.938+0000] {processor.py:183} INFO - Processing /opt/airflow/dags/youtube_pipeline.py took 0.118 seconds
[2026-09-16T13:20:56.995+0000] {processor.py:161} INFO - Started process (PID=3880) to work on /opt/airflow/dags/youtube_pipeline.py
[2026-09-16T13:20:56.995+0000] {processor.py:830} INFO - Processing file /opt/airflow/dags/youtube_pipeline.py for tasks to queue
[2026-09-16T13:20:56.996+0000] {logging_mixin.py:188} INFO - [2026-09-16T13:20:56.996+0000] {dagbag.py:545} INFO - Filling up the DagBag from /opt/airflow/dags/youtube_pipeline.py
[2026-09-16T13:20:56.998+0000] {logging_mixin.py:188} INFO - [2026-09-16T13:20:56.997+0000] {dagbag.py:355} ERROR - Failed to import: /opt/airflow/dags/youtube_pipeline.py
Traceback (most recent call last):
  File "/home/airflow/.local/lib/python3.12/site-packages/airflow/models/dagbag.py", line 351, in parse
    loader.exec_module(new_module)
  File "<frozen importlib._bootstrap_external>", line 995, in exec_module
  File "<frozen importlib._bootstrap>", line 488, in _call_with_frames_removed
  File "/opt/airflow/dags/youtube_pipeline.py", line 6, in <module>
    from airflow.providers.standard.operators.bash import BashOperator
ModuleNotFoundError: No module named 'airflow.providers.standard'
[2026-09-16T13:20:56.998+0000] {processor.py:842} WARNING - No viable dags retrieved from /opt/airflow/dags/youtube_pipeline.py
[2026-09-16T13:20:57.012+0000] {processor.py:183} INFO - Processing /opt/airflow/dags/youtube_pipeline.py took 0.022 seconds
[2026-09-16T13:21:27.160+0000] {processor.py:161} INFO - Started process (PID=3887) to work on /opt/airflow/dags/youtube_pipeline.py
[2026-09-16T13:21:27.165+0000] {processor.py:830} INFO - Processing file /opt/airflow/dags/youtube_pipeline.py for tasks to queue
[2026-09-16T13:21:27.167+0000] {logging_mixin.py:188} INFO - [2026-09-16T13:21:27.167+0000] {dagbag.py:545} INFO - Filling up the DagBag from /opt/airflow/dags/youtube_pipeline.py
[2026-09-16T13:21:27.171+0000] {logging_mixin.py:188} INFO - [2026-09-16T13:21:27.169+0000] {dagbag.py:355} ERROR - Failed to import: /opt/airflow/dags/youtube_pipeline.py
Traceback (most recent call last):
  File "/home/airflow/.local/lib/python3.12/site-packages/airflow/models/dagbag.py", line 351, in parse
    loader.exec_module(new_module)
  File "<frozen importlib._bootstrap_external>", line 995, in exec_module
  File "<frozen importlib._bootstrap>", line 488, in _call_with_frames_removed
  File "/opt/airflow/dags/youtube_pipeline.py", line 6, in <module>
    from airflow.providers.standard.operators.bash import BashOperator
ModuleNotFoundError: No module named 'airflow.providers.standard'
[2026-09-16T13:21:27.171+0000] {processor.py:842} WARNING - No viable dags retrieved from /opt/airflow/dags/youtube_pipeline.py
[2026-09-16T13:21:27.196+0000] {processor.py:183} INFO - Processing /opt/airflow/dags/youtube_pipeline.py took 0.043 seconds
[2026-09-16T13:21:57.326+0000] {processor.py:161} INFO - Started process (PID=3894) to work on /opt/airflow/dags/youtube_pipeline.py
[2026-09-16T13:21:57.327+0000] {processor.py:830} INFO - Processing file /opt/airflow/dags/youtube_pipeline.py for tasks to queue
[2026-09-16T13:21:57.329+0000] {logging_mixin.py:188} INFO - [2026-09-16T13:21:57.328+0000] {dagbag.py:545} INFO - Filling up the DagBag from /opt/airflow/dags/youtube_pipeline.py
[2026-09-16T13:21:57.331+0000] {logging_mixin.py:188} INFO - [2026-09-16T13:21:57.330+0000] {dagbag.py:355} ERROR - Failed to import: /opt/airflow/dags/youtube_pipeline.py
Traceback (most recent call last):
  File "/home/airflow/.local/lib/python3.12/site-packages/airflow/models/dagbag.py", line 351, in parse
    loader.exec_module(new_module)
  File "<frozen importlib._bootstrap_external>", line 995, in exec_module
  File "<frozen importlib._bootstrap>", line 488, in _call_with_frames_removed
  File "/opt/airflow/dags/youtube_pipeline.py", line 6, in <module>
    from airflow.providers.standard.operators.bash import BashOperator
ModuleNotFoundError: No module named 'airflow.providers.standard'
[2026-09-16T13:21:57.332+0000] {processor.py:842} WARNING - No viable dags retrieved from /opt/airflow/dags/youtube_pipeline.py
[2026-09-16T13:21:57.343+0000] {processor.py:183} INFO - Processing /opt/airflow/dags/youtube_pipeline.py took 0.025 seconds
[2026-09-16T13:22:27.468+0000] {processor.py:161} INFO - Started process (PID=3901) to work on /opt/airflow/dags/youtube_pipeline.py
[2026-09-16T13:22:27.478+0000] {processor.py:830} INFO - Processing file /opt/airflow/dags/youtube_pipeline.py for tasks to queue
[2026-09-16T13:22:27.481+0000] {logging_mixin.py:188} INFO - [2026-09-16T13:22:27.480+0000] {dagbag.py:545} INFO - Filling up the DagBag from /opt/airflow/dags/youtube_pipeline.py
[2026-09-16T13:22:27.485+0000] {logging_mixin.py:188} INFO - [2026-09-16T13:22:27.484+0000] {dagbag.py:355} ERROR - Failed to import: /opt/airflow/dags/youtube_pipeline.py
Traceback (most recent call last):
  File "/home/airflow/.local/lib/python3.12/site-packages/airflow/models/dagbag.py", line 351, in parse
    loader.exec_module(new_module)
  File "<frozen importlib._bootstrap_external>", line 995, in exec_module
  File "<frozen importlib._bootstrap>", line 488, in _call_with_frames_removed
  File "/opt/airflow/dags/youtube_pipeline.py", line 6, in <module>
    from airflow.providers.standard.operators.bash import BashOperator
ModuleNotFoundError: No module named 'airflow.providers.standard'
[2026-09-16T13:22:27.486+0000] {processor.py:842} WARNING - No viable dags retrieved from /opt/airflow/dags/youtube_pipeline.py
[2026-09-16T13:22:27.503+0000] {processor.py:183} INFO - Processing /opt/airflow/dags/youtube_pipeline.py took 0.040 seconds
[2026-09-16T13:22:57.615+0000] {processor.py:161} INFO - Started process (PID=3908) to work on /opt/airflow/dags/youtube_pipeline.py
[2026-09-16T13:22:57.616+0000] {processor.py:830} INFO - Processing file /opt/airflow/dags/youtube_pipeline.py for tasks to queue
[2026-09-16T13:22:57.617+0000] {logging_mixin.py:188} INFO - [2026-09-16T13:22:57.617+0000] {dagbag.py:545} INFO - Filling up the DagBag from /opt/airflow/dags/youtube_pipeline.py
[2026-09-16T13:22:57.620+0000] {logging_mixin.py:188} INFO - [2026-09-16T13:22:57.619+0000] {dagbag.py:355} ERROR - Failed to import: /opt/airflow/dags/youtube_pipeline.py
Traceback (most recent call last):
  File "/home/airflow/.local/lib/python3.12/site-packages/airflow/models/dagbag.py", line 351, in parse
    loader.exec_module(new_module)
  File "<frozen importlib._bootstrap_external>", line 995, in exec_module
  File "<frozen importlib._bootstrap>", line 488, in _call_with_frames_removed
  File "/opt/airflow/dags/youtube_pipeline.py", line 6, in <module>
    from airflow.providers.standard.operators.bash import BashOperator
ModuleNotFoundError: No module named 'airflow.providers.standard'
[2026-09-16T13:22:57.620+0000] {processor.py:842} WARNING - No viable dags retrieved from /opt/airflow/dags/youtube_pipeline.py
[2026-09-16T13:22:57.632+0000] {processor.py:183} INFO - Processing /opt/airflow/dags/youtube_pipeline.py took 0.023 seconds
[2026-09-16T13:23:27.778+0000] {processor.py:161} INFO - Started process (PID=3915) to work on /opt/airflow/dags/youtube_pipeline.py
[2026-09-16T13:23:27.790+0000] {processor.py:830} INFO - Processing file /opt/airflow/dags/youtube_pipeline.py for tasks to queue
[2026-09-16T13:23:27.793+0000] {logging_mixin.py:188} INFO - [2026-09-16T13:23:27.793+0000] {dagbag.py:545} INFO - Filling up the DagBag from /opt/airflow/dags/youtube_pipeline.py
[2026-09-16T13:23:27.797+0000] {logging_mixin.py:188} INFO - [2026-09-16T13:23:27.796+0000] {dagbag.py:355} ERROR - Failed to import: /opt/airflow/dags/youtube_pipeline.py
Traceback (most recent call last):
  File "/home/airflow/.local/lib/python3.12/site-packages/airflow/models/dagbag.py", line 351, in parse
    loader.exec_module(new_module)
  File "<frozen importlib._bootstrap_external>", line 995, in exec_module
  File "<frozen importlib._bootstrap>", line 488, in _call_with_frames_removed
  File "/opt/airflow/dags/youtube_pipeline.py", line 6, in <module>
    from airflow.providers.standard.operators.bash import BashOperator
ModuleNotFoundError: No module named 'airflow.providers.standard'
[2026-09-16T13:23:27.798+0000] {processor.py:842} WARNING - No viable dags retrieved from /opt/airflow/dags/youtube_pipeline.py
[2026-09-16T13:23:27.823+0000] {processor.py:183} INFO - Processing /opt/airflow/dags/youtube_pipeline.py took 0.052 seconds
[2026-09-16T13:23:57.922+0000] {processor.py:161} INFO - Started process (PID=3922) to work on /opt/airflow/dags/youtube_pipeline.py
[2026-09-16T13:23:57.923+0000] {processor.py:830} INFO - Processing file /opt/airflow/dags/youtube_pipeline.py for tasks to queue
[2026-09-16T13:23:57.925+0000] {logging_mixin.py:188} INFO - [2026-09-16T13:23:57.924+0000] {dagbag.py:545} INFO - Filling up the DagBag from /opt/airflow/dags/youtube_pipeline.py
[2026-09-16T13:23:57.928+0000] {logging_mixin.py:188} INFO - [2026-09-16T13:23:57.927+0000] {dagbag.py:355} ERROR - Failed to import: /opt/airflow/dags/youtube_pipeline.py
Traceback (most recent call last):
  File "/home/airflow/.local/lib/python3.12/site-packages/airflow/models/dagbag.py", line 351, in parse
    loader.exec_module(new_module)
  File "<frozen importlib._bootstrap_external>", line 995, in exec_module
  File "<frozen importlib._bootstrap>", line 488, in _call_with_frames_removed
  File "/opt/airflow/dags/youtube_pipeline.py", line 6, in <module>
    from airflow.providers.standard.operators.bash import BashOperator
ModuleNotFoundError: No module named 'airflow.providers.standard'
[2026-09-16T13:23:57.929+0000] {processor.py:842} WARNING - No viable dags retrieved from /opt/airflow/dags/youtube_pipeline.py
[2026-09-16T13:23:57.941+0000] {processor.py:183} INFO - Processing /opt/airflow/dags/youtube_pipeline.py took 0.028 seconds
[2026-09-16T13:24:28.079+0000] {processor.py:161} INFO - Started process (PID=3929) to work on /opt/airflow/dags/youtube_pipeline.py
[2026-09-16T13:24:28.174+0000] {processor.py:830} INFO - Processing file /opt/airflow/dags/youtube_pipeline.py for tasks to queue
[2026-09-16T13:24:28.176+0000] {logging_mixin.py:188} INFO - [2026-09-16T13:24:28.175+0000] {dagbag.py:545} INFO - Filling up the DagBag from /opt/airflow/dags/youtube_pipeline.py
[2026-09-16T13:24:28.178+0000] {logging_mixin.py:188} INFO - [2026-09-16T13:24:28.177+0000] {dagbag.py:355} ERROR - Failed to import: /opt/airflow/dags/youtube_pipeline.py
Traceback (most recent call last):
  File "/home/airflow/.local/lib/python3.12/site-packages/airflow/models/dagbag.py", line 351, in parse
    loader.exec_module(new_module)
  File "<frozen importlib._bootstrap_external>", line 995, in exec_module
  File "<frozen importlib._bootstrap>", line 488, in _call_with_frames_removed
  File "/opt/airflow/dags/youtube_pipeline.py", line 6, in <module>
    from airflow.providers.standard.operators.bash import BashOperator
ModuleNotFoundError: No module named 'airflow.providers.standard'
[2026-09-16T13:24:28.178+0000] {processor.py:842} WARNING - No viable dags retrieved from /opt/airflow/dags/youtube_pipeline.py
[2026-09-16T13:24:28.189+0000] {processor.py:183} INFO - Processing /opt/airflow/dags/youtube_pipeline.py took 0.113 seconds
[2026-09-16T13:24:58.227+0000] {processor.py:161} INFO - Started process (PID=3936) to work on /opt/airflow/dags/youtube_pipeline.py
[2026-09-16T13:24:58.227+0000] {processor.py:830} INFO - Processing file /opt/airflow/dags/youtube_pipeline.py for tasks to queue
[2026-09-16T13:24:58.228+0000] {logging_mixin.py:188} INFO - [2026-09-16T13:24:58.228+0000] {dagbag.py:545} INFO - Filling up the DagBag from /opt/airflow/dags/youtube_pipeline.py
[2026-09-16T13:24:58.230+0000] {logging_mixin.py:188} INFO - [2026-09-16T13:24:58.230+0000] {dagbag.py:355} ERROR - Failed to import: /opt/airflow/dags/youtube_pipeline.py
Traceback (most recent call last):
  File "/home/airflow/.local/lib/python3.12/site-packages/airflow/models/dagbag.py", line 351, in parse
    loader.exec_module(new_module)
  File "<frozen importlib._bootstrap_external>", line 995, in exec_module
  File "<frozen importlib._bootstrap>", line 488, in _call_with_frames_removed
  File "/opt/airflow/dags/youtube_pipeline.py", line 6, in <module>
    from airflow.providers.standard.operators.bash import BashOperator
ModuleNotFoundError: No module named 'airflow.providers.standard'
[2026-09-16T13:24:58.231+0000] {processor.py:842} WARNING - No viable dags retrieved from /opt/airflow/dags/youtube_pipeline.py
[2026-09-16T13:24:58.243+0000] {processor.py:183} INFO - Processing /opt/airflow/dags/youtube_pipeline.py took 0.019 seconds
[2026-09-16T13:25:28.379+0000] {processor.py:161} INFO - Started process (PID=3943) to work on /opt/airflow/dags/youtube_pipeline.py
[2026-09-16T13:25:28.475+0000] {processor.py:830} INFO - Processing file /opt/airflow/dags/youtube_pipeline.py for tasks to queue
[2026-09-16T13:25:28.478+0000] {logging_mixin.py:188} INFO - [2026-09-16T13:25:28.477+0000] {dagbag.py:545} INFO - Filling up the DagBag from /opt/airflow/dags/youtube_pipeline.py
[2026-09-16T13:25:28.483+0000] {logging_mixin.py:188} INFO - [2026-09-16T13:25:28.481+0000] {dagbag.py:355} ERROR - Failed to import: /opt/airflow/dags/youtube_pipeline.py
Traceback (most recent call last):
  File "/home/airflow/.local/lib/python3.12/site-packages/airflow/models/dagbag.py", line 351, in parse
    loader.exec_module(new_module)
  File "<frozen importlib._bootstrap_external>", line 995, in exec_module
  File "<frozen importlib._bootstrap>", line 488, in _call_with_frames_removed
  File "/opt/airflow/dags/youtube_pipeline.py", line 6, in <module>
    from airflow.providers.standard.operators.bash import BashOperator
ModuleNotFoundError: No module named 'airflow.providers.standard'
[2026-09-16T13:25:28.484+0000] {processor.py:842} WARNING - No viable dags retrieved from /opt/airflow/dags/youtube_pipeline.py
[2026-09-16T13:25:28.510+0000] {processor.py:183} INFO - Processing /opt/airflow/dags/youtube_pipeline.py took 0.136 seconds
[2026-09-16T13:25:58.649+0000] {processor.py:161} INFO - Started process (PID=3950) to work on /opt/airflow/dags/youtube_pipeline.py
[2026-09-16T13:25:58.650+0000] {processor.py:830} INFO - Processing file /opt/airflow/dags/youtube_pipeline.py for tasks to queue
[2026-09-16T13:25:58.651+0000] {logging_mixin.py:188} INFO - [2026-09-16T13:25:58.651+0000] {dagbag.py:545} INFO - Filling up the DagBag from /opt/airflow/dags/youtube_pipeline.py
[2026-09-16T13:25:58.653+0000] {logging_mixin.py:188} INFO - [2026-09-16T13:25:58.652+0000] {dagbag.py:355} ERROR - Failed to import: /opt/airflow/dags/youtube_pipeline.py
Traceback (most recent call last):
  File "/home/airflow/.local/lib/python3.12/site-packages/airflow/models/dagbag.py", line 351, in parse
    loader.exec_module(new_module)
  File "<frozen importlib._bootstrap_external>", line 995, in exec_module
  File "<frozen importlib._bootstrap>", line 488, in _call_with_frames_removed
  File "/opt/airflow/dags/youtube_pipeline.py", line 6, in <module>
    from airflow.providers.standard.operators.bash import BashOperator
ModuleNotFoundError: No module named 'airflow.providers.standard'
[2026-09-16T13:25:58.653+0000] {processor.py:842} WARNING - No viable dags retrieved from /opt/airflow/dags/youtube_pipeline.py
[2026-09-16T13:25:58.668+0000] {processor.py:183} INFO - Processing /opt/airflow/dags/youtube_pipeline.py took 0.024 seconds
[2026-09-16T13:26:28.817+0000] {processor.py:161} INFO - Started process (PID=3957) to work on /opt/airflow/dags/youtube_pipeline.py
[2026-09-16T13:26:28.908+0000] {processor.py:830} INFO - Processing file /opt/airflow/dags/youtube_pipeline.py for tasks to queue
[2026-09-16T13:26:28.911+0000] {logging_mixin.py:188} INFO - [2026-09-16T13:26:28.910+0000] {dagbag.py:545} INFO - Filling up the DagBag from /opt/airflow/dags/youtube_pipeline.py
[2026-09-16T13:26:28.916+0000] {logging_mixin.py:188} INFO - [2026-09-16T13:26:28.914+0000] {dagbag.py:355} ERROR - Failed to import: /opt/airflow/dags/youtube_pipeline.py
Traceback (most recent call last):
  File "/home/airflow/.local/lib/python3.12/site-packages/airflow/models/dagbag.py", line 351, in parse
    loader.exec_module(new_module)
  File "<frozen importlib._bootstrap_external>", line 995, in exec_module
  File "<frozen importlib._bootstrap>", line 488, in _call_with_frames_removed
  File "/opt/airflow/dags/youtube_pipeline.py", line 6, in <module>
    from airflow.providers.standard.operators.bash import BashOperator
ModuleNotFoundError: No module named 'airflow.providers.standard'
[2026-09-16T13:26:28.917+0000] {processor.py:842} WARNING - No viable dags retrieved from /opt/airflow/dags/youtube_pipeline.py
[2026-09-16T13:26:28.945+0000] {processor.py:183} INFO - Processing /opt/airflow/dags/youtube_pipeline.py took 0.136 seconds
[2026-09-16T13:26:58.978+0000] {processor.py:161} INFO - Started process (PID=3964) to work on /opt/airflow/dags/youtube_pipeline.py
[2026-09-16T13:26:58.978+0000] {processor.py:830} INFO - Processing file /opt/airflow/dags/youtube_pipeline.py for tasks to queue
[2026-09-16T13:26:58.979+0000] {logging_mixin.py:188} INFO - [2026-09-16T13:26:58.979+0000] {dagbag.py:545} INFO - Filling up the DagBag from /opt/airflow/dags/youtube_pipeline.py
[2026-09-16T13:26:58.981+0000] {logging_mixin.py:188} INFO - [2026-09-16T13:26:58.981+0000] {dagbag.py:355} ERROR - Failed to import: /opt/airflow/dags/youtube_pipeline.py
Traceback (most recent call last):
  File "/home/airflow/.local/lib/python3.12/site-packages/airflow/models/dagbag.py", line 351, in parse
    loader.exec_module(new_module)
  File "<frozen importlib._bootstrap_external>", line 995, in exec_module
  File "<frozen importlib._bootstrap>", line 488, in _call_with_frames_removed
  File "/opt/airflow/dags/youtube_pipeline.py", line 6, in <module>
    from airflow.providers.standard.operators.bash import BashOperator
ModuleNotFoundError: No module named 'airflow.providers.standard'
[2026-09-16T13:26:58.982+0000] {processor.py:842} WARNING - No viable dags retrieved from /opt/airflow/dags/youtube_pipeline.py
[2026-09-16T13:26:58.993+0000] {processor.py:183} INFO - Processing /opt/airflow/dags/youtube_pipeline.py took 0.023 seconds
[2026-09-16T13:27:29.130+0000] {processor.py:161} INFO - Started process (PID=3970) to work on /opt/airflow/dags/youtube_pipeline.py
[2026-09-16T13:27:29.217+0000] {processor.py:830} INFO - Processing file /opt/airflow/dags/youtube_pipeline.py for tasks to queue
[2026-09-16T13:27:29.220+0000] {logging_mixin.py:188} INFO - [2026-09-16T13:27:29.220+0000] {dagbag.py:545} INFO - Filling up the DagBag from /opt/airflow/dags/youtube_pipeline.py
[2026-09-16T13:27:29.225+0000] {logging_mixin.py:188} INFO - [2026-09-16T13:27:29.223+0000] {dagbag.py:355} ERROR - Failed to import: /opt/airflow/dags/youtube_pipeline.py
Traceback (most recent call last):
  File "/home/airflow/.local/lib/python3.12/site-packages/airflow/models/dagbag.py", line 351, in parse
    loader.exec_module(new_module)
  File "<frozen importlib._bootstrap_external>", line 995, in exec_module
  File "<frozen importlib._bootstrap>", line 488, in _call_with_frames_removed
  File "/opt/airflow/dags/youtube_pipeline.py", line 6, in <module>
    from airflow.providers.standard.operators.bash import BashOperator
ModuleNotFoundError: No module named 'airflow.providers.standard'
[2026-09-16T13:27:29.226+0000] {processor.py:842} WARNING - No viable dags retrieved from /opt/airflow/dags/youtube_pipeline.py
[2026-09-16T13:27:29.244+0000] {processor.py:183} INFO - Processing /opt/airflow/dags/youtube_pipeline.py took 0.123 seconds
[2026-09-16T13:27:59.281+0000] {processor.py:161} INFO - Started process (PID=3977) to work on /opt/airflow/dags/youtube_pipeline.py
[2026-09-16T13:27:59.282+0000] {processor.py:830} INFO - Processing file /opt/airflow/dags/youtube_pipeline.py for tasks to queue
[2026-09-16T13:27:59.284+0000] {logging_mixin.py:188} INFO - [2026-09-16T13:27:59.284+0000] {dagbag.py:545} INFO - Filling up the DagBag from /opt/airflow/dags/youtube_pipeline.py
[2026-09-16T13:27:59.287+0000] {logging_mixin.py:188} INFO - [2026-09-16T13:27:59.286+0000] {dagbag.py:355} ERROR - Failed to import: /opt/airflow/dags/youtube_pipeline.py
Traceback (most recent call last):
  File "/home/airflow/.local/lib/python3.12/site-packages/airflow/models/dagbag.py", line 351, in parse
    loader.exec_module(new_module)
  File "<frozen importlib._bootstrap_external>", line 995, in exec_module
  File "<frozen importlib._bootstrap>", line 488, in _call_with_frames_removed
  File "/opt/airflow/dags/youtube_pipeline.py", line 6, in <module>
    from airflow.providers.standard.operators.bash import BashOperator
ModuleNotFoundError: No module named 'airflow.providers.standard'
[2026-09-16T13:27:59.287+0000] {processor.py:842} WARNING - No viable dags retrieved from /opt/airflow/dags/youtube_pipeline.py
[2026-09-16T13:27:59.298+0000] {processor.py:183} INFO - Processing /opt/airflow/dags/youtube_pipeline.py took 0.025 seconds
[2026-09-16T13:28:29.415+0000] {processor.py:161} INFO - Started process (PID=3984) to work on /opt/airflow/dags/youtube_pipeline.py
[2026-09-16T13:28:29.505+0000] {processor.py:830} INFO - Processing file /opt/airflow/dags/youtube_pipeline.py for tasks to queue
[2026-09-16T13:28:29.508+0000] {logging_mixin.py:188} INFO - [2026-09-16T13:28:29.507+0000] {dagbag.py:545} INFO - Filling up the DagBag from /opt/airflow/dags/youtube_pipeline.py
[2026-09-16T13:28:29.511+0000] {logging_mixin.py:188} INFO - [2026-09-16T13:28:29.510+0000] {dagbag.py:355} ERROR - Failed to import: /opt/airflow/dags/youtube_pipeline.py
Traceback (most recent call last):
  File "/home/airflow/.local/lib/python3.12/site-packages/airflow/models/dagbag.py", line 351, in parse
    loader.exec_module(new_module)
  File "<frozen importlib._bootstrap_external>", line 995, in exec_module
  File "<frozen importlib._bootstrap>", line 488, in _call_with_frames_removed
  File "/opt/airflow/dags/youtube_pipeline.py", line 6, in <module>
    from airflow.providers.standard.operators.bash import BashOperator
ModuleNotFoundError: No module named 'airflow.providers.standard'
[2026-09-16T13:28:29.512+0000] {processor.py:842} WARNING - No viable dags retrieved from /opt/airflow/dags/youtube_pipeline.py
[2026-09-16T13:28:29.529+0000] {processor.py:183} INFO - Processing /opt/airflow/dags/youtube_pipeline.py took 0.117 seconds
[2026-09-16T13:28:59.561+0000] {processor.py:161} INFO - Started process (PID=3991) to work on /opt/airflow/dags/youtube_pipeline.py
[2026-09-16T13:28:59.561+0000] {processor.py:830} INFO - Processing file /opt/airflow/dags/youtube_pipeline.py for tasks to queue
[2026-09-16T13:28:59.562+0000] {logging_mixin.py:188} INFO - [2026-09-16T13:28:59.562+0000] {dagbag.py:545} INFO - Filling up the DagBag from /opt/airflow/dags/youtube_pipeline.py
[2026-09-16T13:28:59.564+0000] {logging_mixin.py:188} INFO - [2026-09-16T13:28:59.564+0000] {dagbag.py:355} ERROR - Failed to import: /opt/airflow/dags/youtube_pipeline.py
Traceback (most recent call last):
  File "/home/airflow/.local/lib/python3.12/site-packages/airflow/models/dagbag.py", line 351, in parse
    loader.exec_module(new_module)
  File "<frozen importlib._bootstrap_external>", line 995, in exec_module
  File "<frozen importlib._bootstrap>", line 488, in _call_with_frames_removed
  File "/opt/airflow/dags/youtube_pipeline.py", line 6, in <module>
    from airflow.providers.standard.operators.bash import BashOperator
ModuleNotFoundError: No module named 'airflow.providers.standard'
[2026-09-16T13:28:59.565+0000] {processor.py:842} WARNING - No viable dags retrieved from /opt/airflow/dags/youtube_pipeline.py
[2026-09-16T13:28:59.576+0000] {processor.py:183} INFO - Processing /opt/airflow/dags/youtube_pipeline.py took 0.019 seconds
[2026-09-16T13:29:29.710+0000] {processor.py:161} INFO - Started process (PID=3998) to work on /opt/airflow/dags/youtube_pipeline.py
[2026-09-16T13:29:29.806+0000] {processor.py:830} INFO - Processing file /opt/airflow/dags/youtube_pipeline.py for tasks to queue
[2026-09-16T13:29:29.810+0000] {logging_mixin.py:188} INFO - [2026-09-16T13:29:29.809+0000] {dagbag.py:545} INFO - Filling up the DagBag from /opt/airflow/dags/youtube_pipeline.py
[2026-09-16T13:29:29.814+0000] {logging_mixin.py:188} INFO - [2026-09-16T13:29:29.813+0000] {dagbag.py:355} ERROR - Failed to import: /opt/airflow/dags/youtube_pipeline.py
Traceback (most recent call last):
  File "/home/airflow/.local/lib/python3.12/site-packages/airflow/models/dagbag.py", line 351, in parse
    loader.exec_module(new_module)
  File "<frozen importlib._bootstrap_external>", line 995, in exec_module
  File "<frozen importlib._bootstrap>", line 488, in _call_with_frames_removed
  File "/opt/airflow/dags/youtube_pipeline.py", line 6, in <module>
    from airflow.providers.standard.operators.bash import BashOperator
ModuleNotFoundError: No module named 'airflow.providers.standard'
[2026-09-16T13:29:29.815+0000] {processor.py:842} WARNING - No viable dags retrieved from /opt/airflow/dags/youtube_pipeline.py
[2026-09-16T13:29:29.838+0000] {processor.py:183} INFO - Processing /opt/airflow/dags/youtube_pipeline.py took 0.133 seconds
[2026-09-16T13:29:59.873+0000] {processor.py:161} INFO - Started process (PID=4005) to work on /opt/airflow/dags/youtube_pipeline.py
[2026-09-16T13:29:59.874+0000] {processor.py:830} INFO - Processing file /opt/airflow/dags/youtube_pipeline.py for tasks to queue
[2026-09-16T13:29:59.876+0000] {logging_mixin.py:188} INFO - [2026-09-16T13:29:59.875+0000] {dagbag.py:545} INFO - Filling up the DagBag from /opt/airflow/dags/youtube_pipeline.py
[2026-09-16T13:29:59.878+0000] {logging_mixin.py:188} INFO - [2026-09-16T13:29:59.878+0000] {dagbag.py:355} ERROR - Failed to import: /opt/airflow/dags/youtube_pipeline.py
Traceback (most recent call last):
  File "/home/airflow/.local/lib/python3.12/site-packages/airflow/models/dagbag.py", line 351, in parse
    loader.exec_module(new_module)
  File "<frozen importlib._bootstrap_external>", line 995, in exec_module
  File "<frozen importlib._bootstrap>", line 488, in _call_with_frames_removed
  File "/opt/airflow/dags/youtube_pipeline.py", line 6, in <module>
    from airflow.providers.standard.operators.bash import BashOperator
ModuleNotFoundError: No module named 'airflow.providers.standard'
[2026-09-16T13:29:59.879+0000] {processor.py:842} WARNING - No viable dags retrieved from /opt/airflow/dags/youtube_pipeline.py
[2026-09-16T13:29:59.892+0000] {processor.py:183} INFO - Processing /opt/airflow/dags/youtube_pipeline.py took 0.029 seconds
[2026-09-16T13:30:30.011+0000] {processor.py:161} INFO - Started process (PID=4012) to work on /opt/airflow/dags/youtube_pipeline.py
[2026-09-16T13:30:30.109+0000] {processor.py:830} INFO - Processing file /opt/airflow/dags/youtube_pipeline.py for tasks to queue
[2026-09-16T13:30:30.112+0000] {logging_mixin.py:188} INFO - [2026-09-16T13:30:30.112+0000] {dagbag.py:545} INFO - Filling up the DagBag from /opt/airflow/dags/youtube_pipeline.py
[2026-09-16T13:30:30.117+0000] {logging_mixin.py:188} INFO - [2026-09-16T13:30:30.115+0000] {dagbag.py:355} ERROR - Failed to import: /opt/airflow/dags/youtube_pipeline.py
Traceback (most recent call last):
  File "/home/airflow/.local/lib/python3.12/site-packages/airflow/models/dagbag.py", line 351, in parse
    loader.exec_module(new_module)
  File "<frozen importlib._bootstrap_external>", line 995, in exec_module
  File "<frozen importlib._bootstrap>", line 488, in _call_with_frames_removed
  File "/opt/airflow/dags/youtube_pipeline.py", line 6, in <module>
    from airflow.providers.standard.operators.bash import BashOperator
ModuleNotFoundError: No module named 'airflow.providers.standard'
[2026-09-16T13:30:30.118+0000] {processor.py:842} WARNING - No viable dags retrieved from /opt/airflow/dags/youtube_pipeline.py
[2026-09-16T13:30:30.145+0000] {processor.py:183} INFO - Processing /opt/airflow/dags/youtube_pipeline.py took 0.140 seconds
[2026-09-16T13:31:00.176+0000] {processor.py:161} INFO - Started process (PID=4019) to work on /opt/airflow/dags/youtube_pipeline.py
[2026-09-16T13:31:00.176+0000] {processor.py:830} INFO - Processing file /opt/airflow/dags/youtube_pipeline.py for tasks to queue
[2026-09-16T13:31:00.177+0000] {logging_mixin.py:188} INFO - [2026-09-16T13:31:00.177+0000] {dagbag.py:545} INFO - Filling up the DagBag from /opt/airflow/dags/youtube_pipeline.py
[2026-09-16T13:31:00.179+0000] {logging_mixin.py:188} INFO - [2026-09-16T13:31:00.178+0000] {dagbag.py:355} ERROR - Failed to import: /opt/airflow/dags/youtube_pipeline.py
Traceback (most recent call last):
  File "/home/airflow/.local/lib/python3.12/site-packages/airflow/models/dagbag.py", line 351, in parse
    loader.exec_module(new_module)
  File "<frozen importlib._bootstrap_external>", line 995, in exec_module
  File "<frozen importlib._bootstrap>", line 488, in _call_with_frames_removed
  File "/opt/airflow/dags/youtube_pipeline.py", line 6, in <module>
    from airflow.providers.standard.operators.bash import BashOperator
ModuleNotFoundError: No module named 'airflow.providers.standard'
[2026-09-16T13:31:00.179+0000] {processor.py:842} WARNING - No viable dags retrieved from /opt/airflow/dags/youtube_pipeline.py
[2026-09-16T13:31:00.190+0000] {processor.py:183} INFO - Processing /opt/airflow/dags/youtube_pipeline.py took 0.018 seconds
[2026-09-16T13:31:30.352+0000] {processor.py:161} INFO - Started process (PID=4026) to work on /opt/airflow/dags/youtube_pipeline.py
[2026-09-16T13:31:30.436+0000] {processor.py:830} INFO - Processing file /opt/airflow/dags/youtube_pipeline.py for tasks to queue
[2026-09-16T13:31:30.437+0000] {logging_mixin.py:188} INFO - [2026-09-16T13:31:30.437+0000] {dagbag.py:545} INFO - Filling up the DagBag from /opt/airflow/dags/youtube_pipeline.py
[2026-09-16T13:31:30.439+0000] {logging_mixin.py:188} INFO - [2026-09-16T13:31:30.438+0000] {dagbag.py:355} ERROR - Failed to import: /opt/airflow/dags/youtube_pipeline.py
Traceback (most recent call last):
  File "/home/airflow/.local/lib/python3.12/site-packages/airflow/models/dagbag.py", line 351, in parse
    loader.exec_module(new_module)
  File "<frozen importlib._bootstrap_external>", line 995, in exec_module
  File "<frozen importlib._bootstrap>", line 488, in _call_with_frames_removed
  File "/opt/airflow/dags/youtube_pipeline.py", line 6, in <module>
    from airflow.providers.standard.operators.bash import BashOperator
ModuleNotFoundError: No module named 'airflow.providers.standard'
[2026-09-16T13:31:30.439+0000] {processor.py:842} WARNING - No viable dags retrieved from /opt/airflow/dags/youtube_pipeline.py
[2026-09-16T13:31:30.453+0000] {processor.py:183} INFO - Processing /opt/airflow/dags/youtube_pipeline.py took 0.110 seconds
[2026-09-16T13:32:00.479+0000] {processor.py:161} INFO - Started process (PID=4032) to work on /opt/airflow/dags/youtube_pipeline.py
[2026-09-16T13:32:00.479+0000] {processor.py:830} INFO - Processing file /opt/airflow/dags/youtube_pipeline.py for tasks to queue
[2026-09-16T13:32:00.480+0000] {logging_mixin.py:188} INFO - [2026-09-16T13:32:00.480+0000] {dagbag.py:545} INFO - Filling up the DagBag from /opt/airflow/dags/youtube_pipeline.py
[2026-09-16T13:32:00.482+0000] {logging_mixin.py:188} INFO - [2026-09-16T13:32:00.482+0000] {dagbag.py:355} ERROR - Failed to import: /opt/airflow/dags/youtube_pipeline.py
Traceback (most recent call last):
  File "/home/airflow/.local/lib/python3.12/site-packages/airflow/models/dagbag.py", line 351, in parse
    loader.exec_module(new_module)
  File "<frozen importlib._bootstrap_external>", line 995, in exec_module
  File "<frozen importlib._bootstrap>", line 488, in _call_with_frames_removed
  File "/opt/airflow/dags/youtube_pipeline.py", line 6, in <module>
    from airflow.providers.standard.operators.bash import BashOperator
ModuleNotFoundError: No module named 'airflow.providers.standard'
[2026-09-16T13:32:00.483+0000] {processor.py:842} WARNING - No viable dags retrieved from /opt/airflow/dags/youtube_pipeline.py
[2026-09-16T13:32:00.495+0000] {processor.py:183} INFO - Processing /opt/airflow/dags/youtube_pipeline.py took 0.020 seconds
[2026-09-16T13:32:30.614+0000] {processor.py:161} INFO - Started process (PID=4039) to work on /opt/airflow/dags/youtube_pipeline.py
[2026-09-16T13:32:30.701+0000] {processor.py:830} INFO - Processing file /opt/airflow/dags/youtube_pipeline.py for tasks to queue
[2026-09-16T13:32:30.703+0000] {logging_mixin.py:188} INFO - [2026-09-16T13:32:30.703+0000] {dagbag.py:545} INFO - Filling up the DagBag from /opt/airflow/dags/youtube_pipeline.py
[2026-09-16T13:32:30.705+0000] {logging_mixin.py:188} INFO - [2026-09-16T13:32:30.704+0000] {dagbag.py:355} ERROR - Failed to import: /opt/airflow/dags/youtube_pipeline.py
Traceback (most recent call last):
  File "/home/airflow/.local/lib/python3.12/site-packages/airflow/models/dagbag.py", line 351, in parse
    loader.exec_module(new_module)
  File "<frozen importlib._bootstrap_external>", line 995, in exec_module
  File "<frozen importlib._bootstrap>", line 488, in _call_with_frames_removed
  File "/opt/airflow/dags/youtube_pipeline.py", line 6, in <module>
    from airflow.providers.standard.operators.bash import BashOperator
ModuleNotFoundError: No module named 'airflow.providers.standard'
[2026-09-16T13:32:30.705+0000] {processor.py:842} WARNING - No viable dags retrieved from /opt/airflow/dags/youtube_pipeline.py
[2026-09-16T13:32:30.718+0000] {processor.py:183} INFO - Processing /opt/airflow/dags/youtube_pipeline.py took 0.113 seconds
[2026-09-16T13:33:00.752+0000] {processor.py:161} INFO - Started process (PID=4046) to work on /opt/airflow/dags/youtube_pipeline.py
[2026-09-16T13:33:00.753+0000] {processor.py:830} INFO - Processing file /opt/airflow/dags/youtube_pipeline.py for tasks to queue
[2026-09-16T13:33:00.754+0000] {logging_mixin.py:188} INFO - [2026-09-16T13:33:00.754+0000] {dagbag.py:545} INFO - Filling up the DagBag from /opt/airflow/dags/youtube_pipeline.py
[2026-09-16T13:33:00.758+0000] {logging_mixin.py:188} INFO - [2026-09-16T13:33:00.757+0000] {dagbag.py:355} ERROR - Failed to import: /opt/airflow/dags/youtube_pipeline.py
Traceback (most recent call last):
  File "/home/airflow/.local/lib/python3.12/site-packages/airflow/models/dagbag.py", line 351, in parse
    loader.exec_module(new_module)
  File "<frozen importlib._bootstrap_external>", line 995, in exec_module
  File "<frozen importlib._bootstrap>", line 488, in _call_with_frames_removed
  File "/opt/airflow/dags/youtube_pipeline.py", line 6, in <module>
    from airflow.providers.standard.operators.bash import BashOperator
ModuleNotFoundError: No module named 'airflow.providers.standard'
[2026-09-16T13:33:00.758+0000] {processor.py:842} WARNING - No viable dags retrieved from /opt/airflow/dags/youtube_pipeline.py
[2026-09-16T13:33:00.772+0000] {processor.py:183} INFO - Processing /opt/airflow/dags/youtube_pipeline.py took 0.028 seconds
[2026-09-16T13:33:30.886+0000] {processor.py:161} INFO - Started process (PID=4054) to work on /opt/airflow/dags/youtube_pipeline.py
[2026-09-16T13:33:30.974+0000] {processor.py:830} INFO - Processing file /opt/airflow/dags/youtube_pipeline.py for tasks to queue
[2026-09-16T13:33:30.976+0000] {logging_mixin.py:188} INFO - [2026-09-16T13:33:30.976+0000] {dagbag.py:545} INFO - Filling up the DagBag from /opt/airflow/dags/youtube_pipeline.py
[2026-09-16T13:33:30.981+0000] {logging_mixin.py:188} INFO - [2026-09-16T13:33:30.979+0000] {dagbag.py:355} ERROR - Failed to import: /opt/airflow/dags/youtube_pipeline.py
Traceback (most recent call last):
  File "/home/airflow/.local/lib/python3.12/site-packages/airflow/models/dagbag.py", line 351, in parse
    loader.exec_module(new_module)
  File "<frozen importlib._bootstrap_external>", line 995, in exec_module
  File "<frozen importlib._bootstrap>", line 488, in _call_with_frames_removed
  File "/opt/airflow/dags/youtube_pipeline.py", line 6, in <module>
    from airflow.providers.standard.operators.bash import BashOperator
ModuleNotFoundError: No module named 'airflow.providers.standard'
[2026-09-16T13:33:30.982+0000] {processor.py:842} WARNING - No viable dags retrieved from /opt/airflow/dags/youtube_pipeline.py
[2026-09-16T13:33:31.007+0000] {processor.py:183} INFO - Processing /opt/airflow/dags/youtube_pipeline.py took 0.129 seconds
[2026-09-16T13:34:01.141+0000] {processor.py:161} INFO - Started process (PID=4061) to work on /opt/airflow/dags/youtube_pipeline.py
[2026-09-16T13:34:01.142+0000] {processor.py:830} INFO - Processing file /opt/airflow/dags/youtube_pipeline.py for tasks to queue
[2026-09-16T13:34:01.144+0000] {logging_mixin.py:188} INFO - [2026-09-16T13:34:01.144+0000] {dagbag.py:545} INFO - Filling up the DagBag from /opt/airflow/dags/youtube_pipeline.py
[2026-09-16T13:34:01.147+0000] {logging_mixin.py:188} INFO - [2026-09-16T13:34:01.146+0000] {dagbag.py:355} ERROR - Failed to import: /opt/airflow/dags/youtube_pipeline.py
Traceback (most recent call last):
  File "/home/airflow/.local/lib/python3.12/site-packages/airflow/models/dagbag.py", line 351, in parse
    loader.exec_module(new_module)
  File "<frozen importlib._bootstrap_external>", line 995, in exec_module
  File "<frozen importlib._bootstrap>", line 488, in _call_with_frames_removed
  File "/opt/airflow/dags/youtube_pipeline.py", line 6, in <module>
    from airflow.providers.standard.operators.bash import BashOperator
ModuleNotFoundError: No module named 'airflow.providers.standard'
[2026-09-16T13:34:01.147+0000] {processor.py:842} WARNING - No viable dags retrieved from /opt/airflow/dags/youtube_pipeline.py
[2026-09-16T13:34:01.159+0000] {processor.py:183} INFO - Processing /opt/airflow/dags/youtube_pipeline.py took 0.027 seconds
[2026-09-16T13:34:31.274+0000] {processor.py:161} INFO - Started process (PID=4068) to work on /opt/airflow/dags/youtube_pipeline.py
[2026-09-16T13:34:31.280+0000] {processor.py:830} INFO - Processing file /opt/airflow/dags/youtube_pipeline.py for tasks to queue
[2026-09-16T13:34:31.282+0000] {logging_mixin.py:188} INFO - [2026-09-16T13:34:31.282+0000] {dagbag.py:545} INFO - Filling up the DagBag from /opt/airflow/dags/youtube_pipeline.py
[2026-09-16T13:34:31.287+0000] {logging_mixin.py:188} INFO - [2026-09-16T13:34:31.285+0000] {dagbag.py:355} ERROR - Failed to import: /opt/airflow/dags/youtube_pipeline.py
Traceback (most recent call last):
  File "/home/airflow/.local/lib/python3.12/site-packages/airflow/models/dagbag.py", line 351, in parse
    loader.exec_module(new_module)
  File "<frozen importlib._bootstrap_external>", line 995, in exec_module
  File "<frozen importlib._bootstrap>", line 488, in _call_with_frames_removed
  File "/opt/airflow/dags/youtube_pipeline.py", line 6, in <module>
    from airflow.providers.standard.operators.bash import BashOperator
ModuleNotFoundError: No module named 'airflow.providers.standard'
[2026-09-16T13:34:31.287+0000] {processor.py:842} WARNING - No viable dags retrieved from /opt/airflow/dags/youtube_pipeline.py
[2026-09-16T13:34:31.305+0000] {processor.py:183} INFO - Processing /opt/airflow/dags/youtube_pipeline.py took 0.040 seconds
[2026-09-16T13:35:01.414+0000] {processor.py:161} INFO - Started process (PID=4075) to work on /opt/airflow/dags/youtube_pipeline.py
[2026-09-16T13:35:01.415+0000] {processor.py:830} INFO - Processing file /opt/airflow/dags/youtube_pipeline.py for tasks to queue
[2026-09-16T13:35:01.416+0000] {logging_mixin.py:188} INFO - [2026-09-16T13:35:01.415+0000] {dagbag.py:545} INFO - Filling up the DagBag from /opt/airflow/dags/youtube_pipeline.py
[2026-09-16T13:35:01.417+0000] {logging_mixin.py:188} INFO - [2026-09-16T13:35:01.417+0000] {dagbag.py:355} ERROR - Failed to import: /opt/airflow/dags/youtube_pipeline.py
Traceback (most recent call last):
  File "/home/airflow/.local/lib/python3.12/site-packages/airflow/models/dagbag.py", line 351, in parse
    loader.exec_module(new_module)
  File "<frozen importlib._bootstrap_external>", line 995, in exec_module
  File "<frozen importlib._bootstrap>", line 488, in _call_with_frames_removed
  File "/opt/airflow/dags/youtube_pipeline.py", line 6, in <module>
    from airflow.providers.standard.operators.bash import BashOperator
ModuleNotFoundError: No module named 'airflow.providers.standard'
[2026-09-16T13:35:01.418+0000] {processor.py:842} WARNING - No viable dags retrieved from /opt/airflow/dags/youtube_pipeline.py
[2026-09-16T13:35:01.429+0000] {processor.py:183} INFO - Processing /opt/airflow/dags/youtube_pipeline.py took 0.019 seconds
[2026-09-16T13:35:17.496+0000] {processor.py:161} INFO - Started process (PID=4076) to work on /opt/airflow/dags/youtube_pipeline.py
[2026-09-16T13:35:17.499+0000] {processor.py:830} INFO - Processing file /opt/airflow/dags/youtube_pipeline.py for tasks to queue
[2026-09-16T13:35:17.500+0000] {logging_mixin.py:188} INFO - [2026-09-16T13:35:17.500+0000] {dagbag.py:545} INFO - Filling up the DagBag from /opt/airflow/dags/youtube_pipeline.py
[2026-09-16T13:35:17.517+0000] {processor.py:840} INFO - DAG(s) 'tutorial' retrieved from /opt/airflow/dags/youtube_pipeline.py
[2026-09-16T13:35:17.750+0000] {logging_mixin.py:188} INFO - [2026-09-16T13:35:17.749+0000] {override.py:1829} INFO - Created Permission View: can edit on DAG:tutorial
[2026-09-16T13:35:17.761+0000] {logging_mixin.py:188} INFO - [2026-09-16T13:35:17.761+0000] {override.py:1829} INFO - Created Permission View: can read on DAG:tutorial
[2026-09-16T13:35:17.766+0000] {logging_mixin.py:188} INFO - [2026-09-16T13:35:17.766+0000] {override.py:1829} INFO - Created Permission View: can delete on DAG:tutorial
[2026-09-16T13:35:17.766+0000] {logging_mixin.py:188} INFO - [2026-09-16T13:35:17.766+0000] {dag.py:3096} INFO - Sync 1 DAGs
[2026-09-16T13:35:17.774+0000] {logging_mixin.py:188} INFO - [2026-09-16T13:35:17.774+0000] {dag.py:3118} INFO - Creating ORM DAG for tutorial
[2026-09-16T13:35:17.782+0000] {logging_mixin.py:188} INFO - [2026-09-16T13:35:17.782+0000] {dag.py:3954} INFO - Setting next_dagrun for tutorial to 2026-09-15 00:00:00+00:00, run_after=2026-09-16 00:00:00+00:00
[2026-09-16T13:35:17.792+0000] {processor.py:183} INFO - Processing /opt/airflow/dags/youtube_pipeline.py took 0.300 seconds
[2026-09-16T13:35:47.922+0000] {processor.py:161} INFO - Started process (PID=4083) to work on /opt/airflow/dags/youtube_pipeline.py
[2026-09-16T13:35:47.923+0000] {processor.py:830} INFO - Processing file /opt/airflow/dags/youtube_pipeline.py for tasks to queue
[2026-09-16T13:35:47.925+0000] {logging_mixin.py:188} INFO - [2026-09-16T13:35:47.925+0000] {dagbag.py:545} INFO - Filling up the DagBag from /opt/airflow/dags/youtube_pipeline.py
[2026-09-16T13:35:47.934+0000] {processor.py:840} INFO - DAG(s) 'tutorial' retrieved from /opt/airflow/dags/youtube_pipeline.py
[2026-09-16T13:35:47.952+0000] {logging_mixin.py:188} INFO - [2026-09-16T13:35:47.952+0000] {dag.py:3096} INFO - Sync 1 DAGs
[2026-09-16T13:35:47.965+0000] {logging_mixin.py:188} INFO - [2026-09-16T13:35:47.965+0000] {dag.py:3954} INFO - Setting next_dagrun for tutorial to 2026-09-15 00:00:00+00:00, run_after=2026-09-16 00:00:00+00:00
[2026-09-16T13:35:47.975+0000] {processor.py:183} INFO - Processing /opt/airflow/dags/youtube_pipeline.py took 0.063 seconds
[2026-09-16T13:36:18.034+0000] {processor.py:161} INFO - Started process (PID=4090) to work on /opt/airflow/dags/youtube_pipeline.py
[2026-09-16T13:36:18.038+0000] {processor.py:830} INFO - Processing file /opt/airflow/dags/youtube_pipeline.py for tasks to queue
[2026-09-16T13:36:18.039+0000] {logging_mixin.py:188} INFO - [2026-09-16T13:36:18.038+0000] {dagbag.py:545} INFO - Filling up the DagBag from /opt/airflow/dags/youtube_pipeline.py
[2026-09-16T13:36:18.044+0000] {processor.py:840} INFO - DAG(s) 'tutorial' retrieved from /opt/airflow/dags/youtube_pipeline.py
[2026-09-16T13:36:18.065+0000] {logging_mixin.py:188} INFO - [2026-09-16T13:36:18.065+0000] {dag.py:3096} INFO - Sync 1 DAGs
[2026-09-16T13:36:18.079+0000] {logging_mixin.py:188} INFO - [2026-09-16T13:36:18.079+0000] {dag.py:3954} INFO - Setting next_dagrun for tutorial to 2026-09-15 00:00:00+00:00, run_after=2026-09-16 00:00:00+00:00
[2026-09-16T13:36:18.090+0000] {processor.py:183} INFO - Processing /opt/airflow/dags/youtube_pipeline.py took 0.060 seconds
[2026-09-16T13:36:48.193+0000] {processor.py:161} INFO - Started process (PID=4097) to work on /opt/airflow/dags/youtube_pipeline.py
[2026-09-16T13:36:48.194+0000] {processor.py:830} INFO - Processing file /opt/airflow/dags/youtube_pipeline.py for tasks to queue
[2026-09-16T13:36:48.196+0000] {logging_mixin.py:188} INFO - [2026-09-16T13:36:48.195+0000] {dagbag.py:545} INFO - Filling up the DagBag from /opt/airflow/dags/youtube_pipeline.py
[2026-09-16T13:36:48.203+0000] {processor.py:840} INFO - DAG(s) 'tutorial' retrieved from /opt/airflow/dags/youtube_pipeline.py
[2026-09-16T13:36:48.223+0000] {logging_mixin.py:188} INFO - [2026-09-16T13:36:48.223+0000] {dag.py:3096} INFO - Sync 1 DAGs
[2026-09-16T13:36:48.236+0000] {logging_mixin.py:188} INFO - [2026-09-16T13:36:48.235+0000] {dag.py:3954} INFO - Setting next_dagrun for tutorial to 2026-09-15 00:00:00+00:00, run_after=2026-09-16 00:00:00+00:00
[2026-09-16T13:36:48.247+0000] {processor.py:183} INFO - Processing /opt/airflow/dags/youtube_pipeline.py took 0.062 seconds
[2026-09-16T13:37:18.329+0000] {processor.py:161} INFO - Started process (PID=4104) to work on /opt/airflow/dags/youtube_pipeline.py
[2026-09-16T13:37:18.449+0000] {processor.py:830} INFO - Processing file /opt/airflow/dags/youtube_pipeline.py for tasks to queue
[2026-09-16T13:37:18.452+0000] {logging_mixin.py:188} INFO - [2026-09-16T13:37:18.452+0000] {dagbag.py:545} INFO - Filling up the DagBag from /opt/airflow/dags/youtube_pipeline.py
[2026-09-16T13:37:18.466+0000] {processor.py:840} INFO - DAG(s) 'tutorial' retrieved from /opt/airflow/dags/youtube_pipeline.py
[2026-09-16T13:37:18.485+0000] {logging_mixin.py:188} INFO - [2026-09-16T13:37:18.485+0000] {dag.py:3096} INFO - Sync 1 DAGs
[2026-09-16T13:37:18.499+0000] {logging_mixin.py:188} INFO - [2026-09-16T13:37:18.499+0000] {dag.py:3954} INFO - Setting next_dagrun for tutorial to 2026-09-15 00:00:00+00:00, run_after=2026-09-16 00:00:00+00:00
[2026-09-16T13:37:18.511+0000] {processor.py:183} INFO - Processing /opt/airflow/dags/youtube_pipeline.py took 0.191 seconds
[2026-09-16T13:37:48.633+0000] {processor.py:161} INFO - Started process (PID=4111) to work on /opt/airflow/dags/youtube_pipeline.py
[2026-09-16T13:37:48.633+0000] {processor.py:830} INFO - Processing file /opt/airflow/dags/youtube_pipeline.py for tasks to queue
[2026-09-16T13:37:48.634+0000] {logging_mixin.py:188} INFO - [2026-09-16T13:37:48.634+0000] {dagbag.py:545} INFO - Filling up the DagBag from /opt/airflow/dags/youtube_pipeline.py
[2026-09-16T13:37:48.640+0000] {processor.py:840} INFO - DAG(s) 'tutorial' retrieved from /opt/airflow/dags/youtube_pipeline.py
[2026-09-16T13:37:48.659+0000] {logging_mixin.py:188} INFO - [2026-09-16T13:37:48.659+0000] {dag.py:3096} INFO - Sync 1 DAGs
[2026-09-16T13:37:48.674+0000] {logging_mixin.py:188} INFO - [2026-09-16T13:37:48.674+0000] {dag.py:3954} INFO - Setting next_dagrun for tutorial to 2026-09-15 00:00:00+00:00, run_after=2026-09-16 00:00:00+00:00
[2026-09-16T13:37:48.685+0000] {processor.py:183} INFO - Processing /opt/airflow/dags/youtube_pipeline.py took 0.056 seconds
[2026-09-16T13:38:18.780+0000] {processor.py:161} INFO - Started process (PID=4118) to work on /opt/airflow/dags/youtube_pipeline.py
[2026-09-16T13:38:18.786+0000] {processor.py:830} INFO - Processing file /opt/airflow/dags/youtube_pipeline.py for tasks to queue
[2026-09-16T13:38:18.788+0000] {logging_mixin.py:188} INFO - [2026-09-16T13:38:18.788+0000] {dagbag.py:545} INFO - Filling up the DagBag from /opt/airflow/dags/youtube_pipeline.py
[2026-09-16T13:38:18.802+0000] {processor.py:840} INFO - DAG(s) 'tutorial' retrieved from /opt/airflow/dags/youtube_pipeline.py
[2026-09-16T13:38:18.824+0000] {logging_mixin.py:188} INFO - [2026-09-16T13:38:18.824+0000] {dag.py:3096} INFO - Sync 1 DAGs
[2026-09-16T13:38:18.839+0000] {logging_mixin.py:188} INFO - [2026-09-16T13:38:18.839+0000] {dag.py:3954} INFO - Setting next_dagrun for tutorial to 2026-09-15 00:00:00+00:00, run_after=2026-09-16 00:00:00+00:00
[2026-09-16T13:38:18.851+0000] {processor.py:183} INFO - Processing /opt/airflow/dags/youtube_pipeline.py took 0.080 seconds
[2026-09-16T13:38:48.964+0000] {processor.py:161} INFO - Started process (PID=4125) to work on /opt/airflow/dags/youtube_pipeline.py
[2026-09-16T13:38:49.060+0000] {processor.py:830} INFO - Processing file /opt/airflow/dags/youtube_pipeline.py for tasks to queue
[2026-09-16T13:38:49.062+0000] {logging_mixin.py:188} INFO - [2026-09-16T13:38:49.062+0000] {dagbag.py:545} INFO - Filling up the DagBag from /opt/airflow/dags/youtube_pipeline.py
[2026-09-16T13:38:49.069+0000] {processor.py:840} INFO - DAG(s) 'tutorial' retrieved from /opt/airflow/dags/youtube_pipeline.py
[2026-09-16T13:38:49.088+0000] {logging_mixin.py:188} INFO - [2026-09-16T13:38:49.087+0000] {dag.py:3096} INFO - Sync 1 DAGs
[2026-09-16T13:38:49.102+0000] {logging_mixin.py:188} INFO - [2026-09-16T13:38:49.101+0000] {dag.py:3954} INFO - Setting next_dagrun for tutorial to 2026-09-15 00:00:00+00:00, run_after=2026-09-16 00:00:00+00:00
[2026-09-16T13:38:49.113+0000] {processor.py:183} INFO - Processing /opt/airflow/dags/youtube_pipeline.py took 0.158 seconds
[2026-09-16T13:39:19.230+0000] {processor.py:161} INFO - Started process (PID=4132) to work on /opt/airflow/dags/youtube_pipeline.py
[2026-09-16T13:39:19.231+0000] {processor.py:830} INFO - Processing file /opt/airflow/dags/youtube_pipeline.py for tasks to queue
[2026-09-16T13:39:19.232+0000] {logging_mixin.py:188} INFO - [2026-09-16T13:39:19.231+0000] {dagbag.py:545} INFO - Filling up the DagBag from /opt/airflow/dags/youtube_pipeline.py
[2026-09-16T13:39:19.238+0000] {processor.py:840} INFO - DAG(s) 'tutorial' retrieved from /opt/airflow/dags/youtube_pipeline.py
[2026-09-16T13:39:19.257+0000] {logging_mixin.py:188} INFO - [2026-09-16T13:39:19.257+0000] {dag.py:3096} INFO - Sync 1 DAGs
[2026-09-16T13:39:19.270+0000] {logging_mixin.py:188} INFO - [2026-09-16T13:39:19.270+0000] {dag.py:3954} INFO - Setting next_dagrun for tutorial to 2026-09-15 00:00:00+00:00, run_after=2026-09-16 00:00:00+00:00
[2026-09-16T13:39:19.280+0000] {processor.py:183} INFO - Processing /opt/airflow/dags/youtube_pipeline.py took 0.054 seconds
[2026-09-16T13:39:49.367+0000] {processor.py:161} INFO - Started process (PID=4139) to work on /opt/airflow/dags/youtube_pipeline.py
[2026-09-16T13:39:49.457+0000] {processor.py:830} INFO - Processing file /opt/airflow/dags/youtube_pipeline.py for tasks to queue
[2026-09-16T13:39:49.460+0000] {logging_mixin.py:188} INFO - [2026-09-16T13:39:49.459+0000] {dagbag.py:545} INFO - Filling up the DagBag from /opt/airflow/dags/youtube_pipeline.py
[2026-09-16T13:39:49.473+0000] {processor.py:840} INFO - DAG(s) 'tutorial' retrieved from /opt/airflow/dags/youtube_pipeline.py
[2026-09-16T13:39:49.497+0000] {logging_mixin.py:188} INFO - [2026-09-16T13:39:49.496+0000] {dag.py:3096} INFO - Sync 1 DAGs
[2026-09-16T13:39:49.510+0000] {logging_mixin.py:188} INFO - [2026-09-16T13:39:49.510+0000] {dag.py:3954} INFO - Setting next_dagrun for tutorial to 2026-09-15 00:00:00+00:00, run_after=2026-09-16 00:00:00+00:00
[2026-09-16T13:39:49.521+0000] {processor.py:183} INFO - Processing /opt/airflow/dags/youtube_pipeline.py took 0.158 seconds
[2026-09-16T13:40:19.652+0000] {processor.py:161} INFO - Started process (PID=4146) to work on /opt/airflow/dags/youtube_pipeline.py
[2026-09-16T13:40:19.653+0000] {processor.py:830} INFO - Processing file /opt/airflow/dags/youtube_pipeline.py for tasks to queue
[2026-09-16T13:40:19.654+0000] {logging_mixin.py:188} INFO - [2026-09-16T13:40:19.653+0000] {dagbag.py:545} INFO - Filling up the DagBag from /opt/airflow/dags/youtube_pipeline.py
[2026-09-16T13:40:19.660+0000] {processor.py:840} INFO - DAG(s) 'tutorial' retrieved from /opt/airflow/dags/youtube_pipeline.py
[2026-09-16T13:40:19.678+0000] {logging_mixin.py:188} INFO - [2026-09-16T13:40:19.678+0000] {dag.py:3096} INFO - Sync 1 DAGs
[2026-09-16T13:40:19.693+0000] {logging_mixin.py:188} INFO - [2026-09-16T13:40:19.693+0000] {dag.py:3954} INFO - Setting next_dagrun for tutorial to 2026-09-15 00:00:00+00:00, run_after=2026-09-16 00:00:00+00:00
[2026-09-16T13:40:19.705+0000] {processor.py:183} INFO - Processing /opt/airflow/dags/youtube_pipeline.py took 0.056 seconds
[2026-09-16T13:40:49.806+0000] {processor.py:161} INFO - Started process (PID=4153) to work on /opt/airflow/dags/youtube_pipeline.py
[2026-09-16T13:40:49.892+0000] {processor.py:830} INFO - Processing file /opt/airflow/dags/youtube_pipeline.py for tasks to queue
[2026-09-16T13:40:49.914+0000] {logging_mixin.py:188} INFO - [2026-09-16T13:40:49.913+0000] {dagbag.py:545} INFO - Filling up the DagBag from /opt/airflow/dags/youtube_pipeline.py
[2026-09-16T13:40:49.929+0000] {processor.py:840} INFO - DAG(s) 'tutorial' retrieved from /opt/airflow/dags/youtube_pipeline.py
[2026-09-16T13:40:49.948+0000] {logging_mixin.py:188} INFO - [2026-09-16T13:40:49.948+0000] {dag.py:3096} INFO - Sync 1 DAGs
[2026-09-16T13:40:49.962+0000] {logging_mixin.py:188} INFO - [2026-09-16T13:40:49.962+0000] {dag.py:3954} INFO - Setting next_dagrun for tutorial to 2026-09-15 00:00:00+00:00, run_after=2026-09-16 00:00:00+00:00
[2026-09-16T13:40:49.972+0000] {processor.py:183} INFO - Processing /opt/airflow/dags/youtube_pipeline.py took 0.175 seconds
[2026-09-16T13:41:20.097+0000] {processor.py:161} INFO - Started process (PID=4160) to work on /opt/airflow/dags/youtube_pipeline.py
[2026-09-16T13:41:20.098+0000] {processor.py:830} INFO - Processing file /opt/airflow/dags/youtube_pipeline.py for tasks to queue
[2026-09-16T13:41:20.099+0000] {logging_mixin.py:188} INFO - [2026-09-16T13:41:20.099+0000] {dagbag.py:545} INFO - Filling up the DagBag from /opt/airflow/dags/youtube_pipeline.py
[2026-09-16T13:41:20.106+0000] {processor.py:840} INFO - DAG(s) 'tutorial' retrieved from /opt/airflow/dags/youtube_pipeline.py
[2026-09-16T13:41:20.125+0000] {logging_mixin.py:188} INFO - [2026-09-16T13:41:20.125+0000] {dag.py:3096} INFO - Sync 1 DAGs
[2026-09-16T13:41:20.139+0000] {logging_mixin.py:188} INFO - [2026-09-16T13:41:20.139+0000] {dag.py:3954} INFO - Setting next_dagrun for tutorial to 2026-09-15 00:00:00+00:00, run_after=2026-09-16 00:00:00+00:00
[2026-09-16T13:41:20.152+0000] {processor.py:183} INFO - Processing /opt/airflow/dags/youtube_pipeline.py took 0.062 seconds
[2026-09-16T13:41:50.256+0000] {processor.py:161} INFO - Started process (PID=4167) to work on /opt/airflow/dags/youtube_pipeline.py
[2026-09-16T13:41:50.351+0000] {processor.py:830} INFO - Processing file /opt/airflow/dags/youtube_pipeline.py for tasks to queue
[2026-09-16T13:41:50.354+0000] {logging_mixin.py:188} INFO - [2026-09-16T13:41:50.354+0000] {dagbag.py:545} INFO - Filling up the DagBag from /opt/airflow/dags/youtube_pipeline.py
[2026-09-16T13:41:50.369+0000] {processor.py:840} INFO - DAG(s) 'tutorial' retrieved from /opt/airflow/dags/youtube_pipeline.py
[2026-09-16T13:41:50.391+0000] {logging_mixin.py:188} INFO - [2026-09-16T13:41:50.391+0000] {dag.py:3096} INFO - Sync 1 DAGs
[2026-09-16T13:41:50.407+0000] {logging_mixin.py:188} INFO - [2026-09-16T13:41:50.407+0000] {dag.py:3954} INFO - Setting next_dagrun for tutorial to 2026-09-15 00:00:00+00:00, run_after=2026-09-16 00:00:00+00:00
[2026-09-16T13:41:50.420+0000] {processor.py:183} INFO - Processing /opt/airflow/dags/youtube_pipeline.py took 0.172 seconds
[2026-09-16T13:42:20.542+0000] {processor.py:161} INFO - Started process (PID=4174) to work on /opt/airflow/dags/youtube_pipeline.py
[2026-09-16T13:42:20.542+0000] {processor.py:830} INFO - Processing file /opt/airflow/dags/youtube_pipeline.py for tasks to queue
[2026-09-16T13:42:20.543+0000] {logging_mixin.py:188} INFO - [2026-09-16T13:42:20.543+0000] {dagbag.py:545} INFO - Filling up the DagBag from /opt/airflow/dags/youtube_pipeline.py
[2026-09-16T13:42:20.549+0000] {processor.py:840} INFO - DAG(s) 'tutorial' retrieved from /opt/airflow/dags/youtube_pipeline.py
[2026-09-16T13:42:20.568+0000] {logging_mixin.py:188} INFO - [2026-09-16T13:42:20.568+0000] {dag.py:3096} INFO - Sync 1 DAGs
[2026-09-16T13:42:20.581+0000] {logging_mixin.py:188} INFO - [2026-09-16T13:42:20.581+0000] {dag.py:3954} INFO - Setting next_dagrun for tutorial to 2026-09-15 00:00:00+00:00, run_after=2026-09-16 00:00:00+00:00
[2026-09-16T13:42:20.591+0000] {processor.py:183} INFO - Processing /opt/airflow/dags/youtube_pipeline.py took 0.053 seconds
[2026-09-16T13:42:50.691+0000] {processor.py:161} INFO - Started process (PID=4181) to work on /opt/airflow/dags/youtube_pipeline.py
[2026-09-16T13:42:50.777+0000] {processor.py:830} INFO - Processing file /opt/airflow/dags/youtube_pipeline.py for tasks to queue
[2026-09-16T13:42:50.780+0000] {logging_mixin.py:188} INFO - [2026-09-16T13:42:50.779+0000] {dagbag.py:545} INFO - Filling up the DagBag from /opt/airflow/dags/youtube_pipeline.py
[2026-09-16T13:42:50.793+0000] {processor.py:840} INFO - DAG(s) 'tutorial' retrieved from /opt/airflow/dags/youtube_pipeline.py
[2026-09-16T13:42:50.814+0000] {logging_mixin.py:188} INFO - [2026-09-16T13:42:50.814+0000] {dag.py:3096} INFO - Sync 1 DAGs
[2026-09-16T13:42:50.828+0000] {logging_mixin.py:188} INFO - [2026-09-16T13:42:50.828+0000] {dag.py:3954} INFO - Setting next_dagrun for tutorial to 2026-09-15 00:00:00+00:00, run_after=2026-09-16 00:00:00+00:00
[2026-09-16T13:42:50.840+0000] {processor.py:183} INFO - Processing /opt/airflow/dags/youtube_pipeline.py took 0.157 seconds
[2026-09-16T13:43:20.985+0000] {processor.py:161} INFO - Started process (PID=4187) to work on /opt/airflow/dags/youtube_pipeline.py
[2026-09-16T13:43:20.986+0000] {processor.py:830} INFO - Processing file /opt/airflow/dags/youtube_pipeline.py for tasks to queue
[2026-09-16T13:43:20.988+0000] {logging_mixin.py:188} INFO - [2026-09-16T13:43:20.988+0000] {dagbag.py:545} INFO - Filling up the DagBag from /opt/airflow/dags/youtube_pipeline.py
[2026-09-16T13:43:21.000+0000] {processor.py:840} INFO - DAG(s) 'tutorial' retrieved from /opt/airflow/dags/youtube_pipeline.py
[2026-09-16T13:43:21.032+0000] {logging_mixin.py:188} INFO - [2026-09-16T13:43:21.032+0000] {dag.py:3096} INFO - Sync 1 DAGs
[2026-09-16T13:43:21.047+0000] {logging_mixin.py:188} INFO - [2026-09-16T13:43:21.047+0000] {dag.py:3954} INFO - Setting next_dagrun for tutorial to 2026-09-15 00:00:00+00:00, run_after=2026-09-16 00:00:00+00:00
[2026-09-16T13:43:21.058+0000] {processor.py:183} INFO - Processing /opt/airflow/dags/youtube_pipeline.py took 0.083 seconds
[2026-09-16T13:43:51.128+0000] {processor.py:161} INFO - Started process (PID=4194) to work on /opt/airflow/dags/youtube_pipeline.py
[2026-09-16T13:43:51.142+0000] {processor.py:830} INFO - Processing file /opt/airflow/dags/youtube_pipeline.py for tasks to queue
[2026-09-16T13:43:51.145+0000] {logging_mixin.py:188} INFO - [2026-09-16T13:43:51.144+0000] {dagbag.py:545} INFO - Filling up the DagBag from /opt/airflow/dags/youtube_pipeline.py
[2026-09-16T13:43:51.160+0000] {processor.py:840} INFO - DAG(s) 'tutorial' retrieved from /opt/airflow/dags/youtube_pipeline.py
[2026-09-16T13:43:51.190+0000] {logging_mixin.py:188} INFO - [2026-09-16T13:43:51.190+0000] {dag.py:3096} INFO - Sync 1 DAGs
[2026-09-16T13:43:51.206+0000] {logging_mixin.py:188} INFO - [2026-09-16T13:43:51.205+0000] {dag.py:3954} INFO - Setting next_dagrun for tutorial to 2026-09-15 00:00:00+00:00, run_after=2026-09-16 00:00:00+00:00
[2026-09-16T13:43:51.219+0000] {processor.py:183} INFO - Processing /opt/airflow/dags/youtube_pipeline.py took 0.100 seconds
[2026-09-16T13:44:21.328+0000] {processor.py:161} INFO - Started process (PID=4201) to work on /opt/airflow/dags/youtube_pipeline.py
[2026-09-16T13:44:21.329+0000] {processor.py:830} INFO - Processing file /opt/airflow/dags/youtube_pipeline.py for tasks to queue
[2026-09-16T13:44:21.331+0000] {logging_mixin.py:188} INFO - [2026-09-16T13:44:21.330+0000] {dagbag.py:545} INFO - Filling up the DagBag from /opt/airflow/dags/youtube_pipeline.py
[2026-09-16T13:44:21.338+0000] {processor.py:840} INFO - DAG(s) 'tutorial' retrieved from /opt/airflow/dags/youtube_pipeline.py
[2026-09-16T13:44:21.357+0000] {logging_mixin.py:188} INFO - [2026-09-16T13:44:21.357+0000] {dag.py:3096} INFO - Sync 1 DAGs
[2026-09-16T13:44:21.370+0000] {logging_mixin.py:188} INFO - [2026-09-16T13:44:21.370+0000] {dag.py:3954} INFO - Setting next_dagrun for tutorial to 2026-09-15 00:00:00+00:00, run_after=2026-09-16 00:00:00+00:00
[2026-09-16T13:44:21.380+0000] {processor.py:183} INFO - Processing /opt/airflow/dags/youtube_pipeline.py took 0.062 seconds
[2026-09-16T13:44:51.476+0000] {processor.py:161} INFO - Started process (PID=4208) to work on /opt/airflow/dags/youtube_pipeline.py
[2026-09-16T13:44:51.567+0000] {processor.py:830} INFO - Processing file /opt/airflow/dags/youtube_pipeline.py for tasks to queue
[2026-09-16T13:44:51.569+0000] {logging_mixin.py:188} INFO - [2026-09-16T13:44:51.569+0000] {dagbag.py:545} INFO - Filling up the DagBag from /opt/airflow/dags/youtube_pipeline.py
[2026-09-16T13:44:51.582+0000] {processor.py:840} INFO - DAG(s) 'tutorial' retrieved from /opt/airflow/dags/youtube_pipeline.py
[2026-09-16T13:44:51.603+0000] {logging_mixin.py:188} INFO - [2026-09-16T13:44:51.603+0000] {dag.py:3096} INFO - Sync 1 DAGs
[2026-09-16T13:44:51.616+0000] {logging_mixin.py:188} INFO - [2026-09-16T13:44:51.616+0000] {dag.py:3954} INFO - Setting next_dagrun for tutorial to 2026-09-15 00:00:00+00:00, run_after=2026-09-16 00:00:00+00:00
[2026-09-16T13:44:51.628+0000] {processor.py:183} INFO - Processing /opt/airflow/dags/youtube_pipeline.py took 0.158 seconds
[2026-09-16T13:45:21.766+0000] {processor.py:161} INFO - Started process (PID=4215) to work on /opt/airflow/dags/youtube_pipeline.py
[2026-09-16T13:45:21.767+0000] {processor.py:830} INFO - Processing file /opt/airflow/dags/youtube_pipeline.py for tasks to queue
[2026-09-16T13:45:21.769+0000] {logging_mixin.py:188} INFO - [2026-09-16T13:45:21.768+0000] {dagbag.py:545} INFO - Filling up the DagBag from /opt/airflow/dags/youtube_pipeline.py
[2026-09-16T13:45:21.775+0000] {processor.py:840} INFO - DAG(s) 'tutorial' retrieved from /opt/airflow/dags/youtube_pipeline.py
[2026-09-16T13:45:21.793+0000] {logging_mixin.py:188} INFO - [2026-09-16T13:45:21.793+0000] {dag.py:3096} INFO - Sync 1 DAGs
[2026-09-16T13:45:21.806+0000] {logging_mixin.py:188} INFO - [2026-09-16T13:45:21.806+0000] {dag.py:3954} INFO - Setting next_dagrun for tutorial to 2026-09-15 00:00:00+00:00, run_after=2026-09-16 00:00:00+00:00
[2026-09-16T13:45:21.817+0000] {processor.py:183} INFO - Processing /opt/airflow/dags/youtube_pipeline.py took 0.060 seconds
[2026-09-16T13:45:51.911+0000] {processor.py:161} INFO - Started process (PID=4222) to work on /opt/airflow/dags/youtube_pipeline.py
[2026-09-16T13:45:51.997+0000] {processor.py:830} INFO - Processing file /opt/airflow/dags/youtube_pipeline.py for tasks to queue
[2026-09-16T13:45:52.000+0000] {logging_mixin.py:188} INFO - [2026-09-16T13:45:51.999+0000] {dagbag.py:545} INFO - Filling up the DagBag from /opt/airflow/dags/youtube_pipeline.py
[2026-09-16T13:45:52.015+0000] {processor.py:840} INFO - DAG(s) 'tutorial' retrieved from /opt/airflow/dags/youtube_pipeline.py
[2026-09-16T13:45:52.042+0000] {logging_mixin.py:188} INFO - [2026-09-16T13:45:52.042+0000] {dag.py:3096} INFO - Sync 1 DAGs
[2026-09-16T13:45:52.056+0000] {logging_mixin.py:188} INFO - [2026-09-16T13:45:52.056+0000] {dag.py:3954} INFO - Setting next_dagrun for tutorial to 2026-09-15 00:00:00+00:00, run_after=2026-09-16 00:00:00+00:00
[2026-09-16T13:45:52.068+0000] {processor.py:183} INFO - Processing /opt/airflow/dags/youtube_pipeline.py took 0.166 seconds
[2026-09-16T13:46:22.209+0000] {processor.py:161} INFO - Started process (PID=4229) to work on /opt/airflow/dags/youtube_pipeline.py
[2026-09-16T13:46:22.210+0000] {processor.py:830} INFO - Processing file /opt/airflow/dags/youtube_pipeline.py for tasks to queue
[2026-09-16T13:46:22.212+0000] {logging_mixin.py:188} INFO - [2026-09-16T13:46:22.212+0000] {dagbag.py:545} INFO - Filling up the DagBag from /opt/airflow/dags/youtube_pipeline.py
[2026-09-16T13:46:22.219+0000] {processor.py:840} INFO - DAG(s) 'tutorial' retrieved from /opt/airflow/dags/youtube_pipeline.py
[2026-09-16T13:46:22.238+0000] {logging_mixin.py:188} INFO - [2026-09-16T13:46:22.237+0000] {dag.py:3096} INFO - Sync 1 DAGs
[2026-09-16T13:46:22.251+0000] {logging_mixin.py:188} INFO - [2026-09-16T13:46:22.251+0000] {dag.py:3954} INFO - Setting next_dagrun for tutorial to 2026-09-15 00:00:00+00:00, run_after=2026-09-16 00:00:00+00:00
[2026-09-16T13:46:22.263+0000] {processor.py:183} INFO - Processing /opt/airflow/dags/youtube_pipeline.py took 0.062 seconds
[2026-09-16T13:46:52.367+0000] {processor.py:161} INFO - Started process (PID=4236) to work on /opt/airflow/dags/youtube_pipeline.py
[2026-09-16T13:46:52.455+0000] {processor.py:830} INFO - Processing file /opt/airflow/dags/youtube_pipeline.py for tasks to queue
[2026-09-16T13:46:52.459+0000] {logging_mixin.py:188} INFO - [2026-09-16T13:46:52.458+0000] {dagbag.py:545} INFO - Filling up the DagBag from /opt/airflow/dags/youtube_pipeline.py
[2026-09-16T13:46:52.474+0000] {processor.py:840} INFO - DAG(s) 'tutorial' retrieved from /opt/airflow/dags/youtube_pipeline.py
[2026-09-16T13:46:52.493+0000] {logging_mixin.py:188} INFO - [2026-09-16T13:46:52.493+0000] {dag.py:3096} INFO - Sync 1 DAGs
[2026-09-16T13:46:52.509+0000] {logging_mixin.py:188} INFO - [2026-09-16T13:46:52.508+0000] {dag.py:3954} INFO - Setting next_dagrun for tutorial to 2026-09-15 00:00:00+00:00, run_after=2026-09-16 00:00:00+00:00
[2026-09-16T13:46:52.519+0000] {processor.py:183} INFO - Processing /opt/airflow/dags/youtube_pipeline.py took 0.161 seconds
[2026-09-16T13:47:22.657+0000] {processor.py:161} INFO - Started process (PID=4243) to work on /opt/airflow/dags/youtube_pipeline.py
[2026-09-16T13:47:22.658+0000] {processor.py:830} INFO - Processing file /opt/airflow/dags/youtube_pipeline.py for tasks to queue
[2026-09-16T13:47:22.660+0000] {logging_mixin.py:188} INFO - [2026-09-16T13:47:22.659+0000] {dagbag.py:545} INFO - Filling up the DagBag from /opt/airflow/dags/youtube_pipeline.py
[2026-09-16T13:47:22.666+0000] {processor.py:840} INFO - DAG(s) 'tutorial' retrieved from /opt/airflow/dags/youtube_pipeline.py
[2026-09-16T13:47:22.689+0000] {logging_mixin.py:188} INFO - [2026-09-16T13:47:22.688+0000] {dag.py:3096} INFO - Sync 1 DAGs
[2026-09-16T13:47:22.703+0000] {logging_mixin.py:188} INFO - [2026-09-16T13:47:22.703+0000] {dag.py:3954} INFO - Setting next_dagrun for tutorial to 2026-09-15 00:00:00+00:00, run_after=2026-09-16 00:00:00+00:00
[2026-09-16T13:47:22.716+0000] {processor.py:183} INFO - Processing /opt/airflow/dags/youtube_pipeline.py took 0.068 seconds
[2026-09-16T13:47:52.798+0000] {processor.py:161} INFO - Started process (PID=4250) to work on /opt/airflow/dags/youtube_pipeline.py
[2026-09-16T13:47:52.885+0000] {processor.py:830} INFO - Processing file /opt/airflow/dags/youtube_pipeline.py for tasks to queue
[2026-09-16T13:47:52.888+0000] {logging_mixin.py:188} INFO - [2026-09-16T13:47:52.888+0000] {dagbag.py:545} INFO - Filling up the DagBag from /opt/airflow/dags/youtube_pipeline.py
[2026-09-16T13:47:52.902+0000] {processor.py:840} INFO - DAG(s) 'tutorial' retrieved from /opt/airflow/dags/youtube_pipeline.py
[2026-09-16T13:47:52.935+0000] {logging_mixin.py:188} INFO - [2026-09-16T13:47:52.935+0000] {dag.py:3096} INFO - Sync 1 DAGs
[2026-09-16T13:47:52.948+0000] {logging_mixin.py:188} INFO - [2026-09-16T13:47:52.948+0000] {dag.py:3954} INFO - Setting next_dagrun for tutorial to 2026-09-15 00:00:00+00:00, run_after=2026-09-16 00:00:00+00:00
[2026-09-16T13:47:52.960+0000] {processor.py:183} INFO - Processing /opt/airflow/dags/youtube_pipeline.py took 0.171 seconds
[2026-09-16T13:48:22.990+0000] {processor.py:161} INFO - Started process (PID=4257) to work on /opt/airflow/dags/youtube_pipeline.py
[2026-09-16T13:48:22.992+0000] {processor.py:830} INFO - Processing file /opt/airflow/dags/youtube_pipeline.py for tasks to queue
[2026-09-16T13:48:22.994+0000] {logging_mixin.py:188} INFO - [2026-09-16T13:48:22.994+0000] {dagbag.py:545} INFO - Filling up the DagBag from /opt/airflow/dags/youtube_pipeline.py
[2026-09-16T13:48:23.003+0000] {processor.py:840} INFO - DAG(s) 'tutorial' retrieved from /opt/airflow/dags/youtube_pipeline.py
[2026-09-16T13:48:23.029+0000] {logging_mixin.py:188} INFO - [2026-09-16T13:48:23.028+0000] {dag.py:3096} INFO - Sync 1 DAGs
[2026-09-16T13:48:23.045+0000] {logging_mixin.py:188} INFO - [2026-09-16T13:48:23.045+0000] {dag.py:3954} INFO - Setting next_dagrun for tutorial to 2026-09-15 00:00:00+00:00, run_after=2026-09-16 00:00:00+00:00
[2026-09-16T13:48:23.057+0000] {processor.py:183} INFO - Processing /opt/airflow/dags/youtube_pipeline.py took 0.076 seconds
[2026-09-16T13:48:53.116+0000] {processor.py:161} INFO - Started process (PID=4264) to work on /opt/airflow/dags/youtube_pipeline.py
[2026-09-16T13:48:53.128+0000] {processor.py:830} INFO - Processing file /opt/airflow/dags/youtube_pipeline.py for tasks to queue
[2026-09-16T13:48:53.132+0000] {logging_mixin.py:188} INFO - [2026-09-16T13:48:53.131+0000] {dagbag.py:545} INFO - Filling up the DagBag from /opt/airflow/dags/youtube_pipeline.py
[2026-09-16T13:48:53.144+0000] {processor.py:840} INFO - DAG(s) 'tutorial' retrieved from /opt/airflow/dags/youtube_pipeline.py
[2026-09-16T13:48:53.161+0000] {logging_mixin.py:188} INFO - [2026-09-16T13:48:53.161+0000] {dag.py:3096} INFO - Sync 1 DAGs
[2026-09-16T13:48:53.175+0000] {logging_mixin.py:188} INFO - [2026-09-16T13:48:53.174+0000] {dag.py:3954} INFO - Setting next_dagrun for tutorial to 2026-09-15 00:00:00+00:00, run_after=2026-09-16 00:00:00+00:00
[2026-09-16T13:48:53.185+0000] {processor.py:183} INFO - Processing /opt/airflow/dags/youtube_pipeline.py took 0.078 seconds
[2026-09-16T13:49:23.295+0000] {processor.py:161} INFO - Started process (PID=4271) to work on /opt/airflow/dags/youtube_pipeline.py
[2026-09-16T13:49:23.296+0000] {processor.py:830} INFO - Processing file /opt/airflow/dags/youtube_pipeline.py for tasks to queue
[2026-09-16T13:49:23.298+0000] {logging_mixin.py:188} INFO - [2026-09-16T13:49:23.297+0000] {dagbag.py:545} INFO - Filling up the DagBag from /opt/airflow/dags/youtube_pipeline.py
[2026-09-16T13:49:23.304+0000] {processor.py:840} INFO - DAG(s) 'tutorial' retrieved from /opt/airflow/dags/youtube_pipeline.py
[2026-09-16T13:49:23.325+0000] {logging_mixin.py:188} INFO - [2026-09-16T13:49:23.324+0000] {dag.py:3096} INFO - Sync 1 DAGs
[2026-09-16T13:49:23.342+0000] {logging_mixin.py:188} INFO - [2026-09-16T13:49:23.342+0000] {dag.py:3954} INFO - Setting next_dagrun for tutorial to 2026-09-15 00:00:00+00:00, run_after=2026-09-16 00:00:00+00:00
[2026-09-16T13:49:23.354+0000] {processor.py:183} INFO - Processing /opt/airflow/dags/youtube_pipeline.py took 0.063 seconds
[2026-09-16T13:49:53.422+0000] {processor.py:161} INFO - Started process (PID=4278) to work on /opt/airflow/dags/youtube_pipeline.py
[2026-09-16T13:49:53.434+0000] {processor.py:830} INFO - Processing file /opt/airflow/dags/youtube_pipeline.py for tasks to queue
[2026-09-16T13:49:53.435+0000] {logging_mixin.py:188} INFO - [2026-09-16T13:49:53.435+0000] {dagbag.py:545} INFO - Filling up the DagBag from /opt/airflow/dags/youtube_pipeline.py
[2026-09-16T13:49:53.445+0000] {processor.py:840} INFO - DAG(s) 'tutorial' retrieved from /opt/airflow/dags/youtube_pipeline.py
[2026-09-16T13:49:53.468+0000] {logging_mixin.py:188} INFO - [2026-09-16T13:49:53.468+0000] {dag.py:3096} INFO - Sync 1 DAGs
[2026-09-16T13:49:53.483+0000] {logging_mixin.py:188} INFO - [2026-09-16T13:49:53.483+0000] {dag.py:3954} INFO - Setting next_dagrun for tutorial to 2026-09-15 00:00:00+00:00, run_after=2026-09-16 00:00:00+00:00
[2026-09-16T13:49:53.494+0000] {processor.py:183} INFO - Processing /opt/airflow/dags/youtube_pipeline.py took 0.082 seconds
[2026-09-16T13:50:23.578+0000] {processor.py:161} INFO - Started process (PID=4285) to work on /opt/airflow/dags/youtube_pipeline.py
[2026-09-16T13:50:23.579+0000] {processor.py:830} INFO - Processing file /opt/airflow/dags/youtube_pipeline.py for tasks to queue
[2026-09-16T13:50:23.580+0000] {logging_mixin.py:188} INFO - [2026-09-16T13:50:23.580+0000] {dagbag.py:545} INFO - Filling up the DagBag from /opt/airflow/dags/youtube_pipeline.py
[2026-09-16T13:50:23.586+0000] {processor.py:840} INFO - DAG(s) 'tutorial' retrieved from /opt/airflow/dags/youtube_pipeline.py
[2026-09-16T13:50:23.606+0000] {logging_mixin.py:188} INFO - [2026-09-16T13:50:23.606+0000] {dag.py:3096} INFO - Sync 1 DAGs
[2026-09-16T13:50:23.623+0000] {logging_mixin.py:188} INFO - [2026-09-16T13:50:23.623+0000] {dag.py:3954} INFO - Setting next_dagrun for tutorial to 2026-09-15 00:00:00+00:00, run_after=2026-09-16 00:00:00+00:00
[2026-09-16T13:50:23.634+0000] {processor.py:183} INFO - Processing /opt/airflow/dags/youtube_pipeline.py took 0.060 seconds
[2026-09-16T13:50:53.731+0000] {processor.py:161} INFO - Started process (PID=4292) to work on /opt/airflow/dags/youtube_pipeline.py
[2026-09-16T13:50:53.745+0000] {processor.py:830} INFO - Processing file /opt/airflow/dags/youtube_pipeline.py for tasks to queue
[2026-09-16T13:50:53.747+0000] {logging_mixin.py:188} INFO - [2026-09-16T13:50:53.747+0000] {dagbag.py:545} INFO - Filling up the DagBag from /opt/airflow/dags/youtube_pipeline.py
[2026-09-16T13:50:53.753+0000] {processor.py:840} INFO - DAG(s) 'tutorial' retrieved from /opt/airflow/dags/youtube_pipeline.py
[2026-09-16T13:50:53.774+0000] {logging_mixin.py:188} INFO - [2026-09-16T13:50:53.774+0000] {dag.py:3096} INFO - Sync 1 DAGs
[2026-09-16T13:50:53.791+0000] {logging_mixin.py:188} INFO - [2026-09-16T13:50:53.791+0000] {dag.py:3954} INFO - Setting next_dagrun for tutorial to 2026-09-15 00:00:00+00:00, run_after=2026-09-16 00:00:00+00:00
[2026-09-16T13:50:53.804+0000] {processor.py:183} INFO - Processing /opt/airflow/dags/youtube_pipeline.py took 0.085 seconds
[2026-09-16T13:51:23.877+0000] {processor.py:161} INFO - Started process (PID=4299) to work on /opt/airflow/dags/youtube_pipeline.py
[2026-09-16T13:51:23.878+0000] {processor.py:830} INFO - Processing file /opt/airflow/dags/youtube_pipeline.py for tasks to queue
[2026-09-16T13:51:23.879+0000] {logging_mixin.py:188} INFO - [2026-09-16T13:51:23.879+0000] {dagbag.py:545} INFO - Filling up the DagBag from /opt/airflow/dags/youtube_pipeline.py
[2026-09-16T13:51:23.886+0000] {processor.py:840} INFO - DAG(s) 'tutorial' retrieved from /opt/airflow/dags/youtube_pipeline.py
[2026-09-16T13:51:23.908+0000] {logging_mixin.py:188} INFO - [2026-09-16T13:51:23.908+0000] {dag.py:3096} INFO - Sync 1 DAGs
[2026-09-16T13:51:23.926+0000] {logging_mixin.py:188} INFO - [2026-09-16T13:51:23.926+0000] {dag.py:3954} INFO - Setting next_dagrun for tutorial to 2026-09-15 00:00:00+00:00, run_after=2026-09-16 00:00:00+00:00
[2026-09-16T13:51:23.938+0000] {processor.py:183} INFO - Processing /opt/airflow/dags/youtube_pipeline.py took 0.070 seconds
[2026-09-16T13:51:54.059+0000] {processor.py:161} INFO - Started process (PID=4306) to work on /opt/airflow/dags/youtube_pipeline.py
[2026-09-16T13:51:54.063+0000] {processor.py:830} INFO - Processing file /opt/airflow/dags/youtube_pipeline.py for tasks to queue
[2026-09-16T13:51:54.065+0000] {logging_mixin.py:188} INFO - [2026-09-16T13:51:54.064+0000] {dagbag.py:545} INFO - Filling up the DagBag from /opt/airflow/dags/youtube_pipeline.py
[2026-09-16T13:51:54.071+0000] {processor.py:840} INFO - DAG(s) 'tutorial' retrieved from /opt/airflow/dags/youtube_pipeline.py
[2026-09-16T13:51:54.092+0000] {logging_mixin.py:188} INFO - [2026-09-16T13:51:54.092+0000] {dag.py:3096} INFO - Sync 1 DAGs
[2026-09-16T13:51:54.106+0000] {logging_mixin.py:188} INFO - [2026-09-16T13:51:54.105+0000] {dag.py:3954} INFO - Setting next_dagrun for tutorial to 2026-09-15 00:00:00+00:00, run_after=2026-09-16 00:00:00+00:00
[2026-09-16T13:51:54.117+0000] {processor.py:183} INFO - Processing /opt/airflow/dags/youtube_pipeline.py took 0.066 seconds
[2026-09-16T13:52:24.187+0000] {processor.py:161} INFO - Started process (PID=4313) to work on /opt/airflow/dags/youtube_pipeline.py
[2026-09-16T13:52:24.188+0000] {processor.py:830} INFO - Processing file /opt/airflow/dags/youtube_pipeline.py for tasks to queue
[2026-09-16T13:52:24.190+0000] {logging_mixin.py:188} INFO - [2026-09-16T13:52:24.190+0000] {dagbag.py:545} INFO - Filling up the DagBag from /opt/airflow/dags/youtube_pipeline.py
[2026-09-16T13:52:24.198+0000] {processor.py:840} INFO - DAG(s) 'tutorial' retrieved from /opt/airflow/dags/youtube_pipeline.py
[2026-09-16T13:52:24.223+0000] {logging_mixin.py:188} INFO - [2026-09-16T13:52:24.223+0000] {dag.py:3096} INFO - Sync 1 DAGs
[2026-09-16T13:52:24.237+0000] {logging_mixin.py:188} INFO - [2026-09-16T13:52:24.237+0000] {dag.py:3954} INFO - Setting next_dagrun for tutorial to 2026-09-15 00:00:00+00:00, run_after=2026-09-16 00:00:00+00:00
[2026-09-16T13:52:24.247+0000] {processor.py:183} INFO - Processing /opt/airflow/dags/youtube_pipeline.py took 0.069 seconds
[2026-09-16T13:52:54.352+0000] {processor.py:161} INFO - Started process (PID=4320) to work on /opt/airflow/dags/youtube_pipeline.py
[2026-09-16T13:52:54.443+0000] {processor.py:830} INFO - Processing file /opt/airflow/dags/youtube_pipeline.py for tasks to queue
[2026-09-16T13:52:54.444+0000] {logging_mixin.py:188} INFO - [2026-09-16T13:52:54.444+0000] {dagbag.py:545} INFO - Filling up the DagBag from /opt/airflow/dags/youtube_pipeline.py
[2026-09-16T13:52:54.451+0000] {processor.py:840} INFO - DAG(s) 'tutorial' retrieved from /opt/airflow/dags/youtube_pipeline.py
[2026-09-16T13:52:54.472+0000] {logging_mixin.py:188} INFO - [2026-09-16T13:52:54.472+0000] {dag.py:3096} INFO - Sync 1 DAGs
[2026-09-16T13:52:54.489+0000] {logging_mixin.py:188} INFO - [2026-09-16T13:52:54.488+0000] {dag.py:3954} INFO - Setting next_dagrun for tutorial to 2026-09-15 00:00:00+00:00, run_after=2026-09-16 00:00:00+00:00
[2026-09-16T13:52:54.501+0000] {processor.py:183} INFO - Processing /opt/airflow/dags/youtube_pipeline.py took 0.155 seconds
[2026-09-16T13:53:24.637+0000] {processor.py:161} INFO - Started process (PID=4327) to work on /opt/airflow/dags/youtube_pipeline.py
[2026-09-16T13:53:24.638+0000] {processor.py:830} INFO - Processing file /opt/airflow/dags/youtube_pipeline.py for tasks to queue
[2026-09-16T13:53:24.640+0000] {logging_mixin.py:188} INFO - [2026-09-16T13:53:24.640+0000] {dagbag.py:545} INFO - Filling up the DagBag from /opt/airflow/dags/youtube_pipeline.py
[2026-09-16T13:53:24.646+0000] {processor.py:840} INFO - DAG(s) 'tutorial' retrieved from /opt/airflow/dags/youtube_pipeline.py
[2026-09-16T13:53:24.665+0000] {logging_mixin.py:188} INFO - [2026-09-16T13:53:24.665+0000] {dag.py:3096} INFO - Sync 1 DAGs
[2026-09-16T13:53:24.680+0000] {logging_mixin.py:188} INFO - [2026-09-16T13:53:24.680+0000] {dag.py:3954} INFO - Setting next_dagrun for tutorial to 2026-09-15 00:00:00+00:00, run_after=2026-09-16 00:00:00+00:00
[2026-09-16T13:53:24.693+0000] {processor.py:183} INFO - Processing /opt/airflow/dags/youtube_pipeline.py took 0.064 seconds
[2026-09-16T13:53:54.781+0000] {processor.py:161} INFO - Started process (PID=4334) to work on /opt/airflow/dags/youtube_pipeline.py
[2026-09-16T13:53:54.792+0000] {processor.py:830} INFO - Processing file /opt/airflow/dags/youtube_pipeline.py for tasks to queue
[2026-09-16T13:53:54.795+0000] {logging_mixin.py:188} INFO - [2026-09-16T13:53:54.794+0000] {dagbag.py:545} INFO - Filling up the DagBag from /opt/airflow/dags/youtube_pipeline.py
[2026-09-16T13:53:54.808+0000] {processor.py:840} INFO - DAG(s) 'tutorial' retrieved from /opt/airflow/dags/youtube_pipeline.py
[2026-09-16T13:53:54.831+0000] {logging_mixin.py:188} INFO - [2026-09-16T13:53:54.830+0000] {dag.py:3096} INFO - Sync 1 DAGs
[2026-09-16T13:53:54.847+0000] {logging_mixin.py:188} INFO - [2026-09-16T13:53:54.847+0000] {dag.py:3954} INFO - Setting next_dagrun for tutorial to 2026-09-15 00:00:00+00:00, run_after=2026-09-16 00:00:00+00:00
[2026-09-16T13:53:54.857+0000] {processor.py:183} INFO - Processing /opt/airflow/dags/youtube_pipeline.py took 0.085 seconds
[2026-09-16T13:54:24.945+0000] {processor.py:161} INFO - Started process (PID=4341) to work on /opt/airflow/dags/youtube_pipeline.py
[2026-09-16T13:54:24.946+0000] {processor.py:830} INFO - Processing file /opt/airflow/dags/youtube_pipeline.py for tasks to queue
[2026-09-16T13:54:24.946+0000] {logging_mixin.py:188} INFO - [2026-09-16T13:54:24.946+0000] {dagbag.py:545} INFO - Filling up the DagBag from /opt/airflow/dags/youtube_pipeline.py
[2026-09-16T13:54:24.952+0000] {processor.py:840} INFO - DAG(s) 'tutorial' retrieved from /opt/airflow/dags/youtube_pipeline.py
[2026-09-16T13:54:24.971+0000] {logging_mixin.py:188} INFO - [2026-09-16T13:54:24.971+0000] {dag.py:3096} INFO - Sync 1 DAGs
[2026-09-16T13:54:24.985+0000] {logging_mixin.py:188} INFO - [2026-09-16T13:54:24.985+0000] {dag.py:3954} INFO - Setting next_dagrun for tutorial to 2026-09-15 00:00:00+00:00, run_after=2026-09-16 00:00:00+00:00
[2026-09-16T13:54:24.995+0000] {processor.py:183} INFO - Processing /opt/airflow/dags/youtube_pipeline.py took 0.054 seconds
[2026-09-16T13:54:55.128+0000] {processor.py:161} INFO - Started process (PID=4348) to work on /opt/airflow/dags/youtube_pipeline.py
[2026-09-16T13:54:55.219+0000] {processor.py:830} INFO - Processing file /opt/airflow/dags/youtube_pipeline.py for tasks to queue
[2026-09-16T13:54:55.222+0000] {logging_mixin.py:188} INFO - [2026-09-16T13:54:55.221+0000] {dagbag.py:545} INFO - Filling up the DagBag from /opt/airflow/dags/youtube_pipeline.py
[2026-09-16T13:54:55.237+0000] {processor.py:840} INFO - DAG(s) 'tutorial' retrieved from /opt/airflow/dags/youtube_pipeline.py
[2026-09-16T13:54:55.262+0000] {logging_mixin.py:188} INFO - [2026-09-16T13:54:55.261+0000] {dag.py:3096} INFO - Sync 1 DAGs
[2026-09-16T13:54:55.277+0000] {logging_mixin.py:188} INFO - [2026-09-16T13:54:55.277+0000] {dag.py:3954} INFO - Setting next_dagrun for tutorial to 2026-09-15 00:00:00+00:00, run_after=2026-09-16 00:00:00+00:00
[2026-09-16T13:54:55.289+0000] {processor.py:183} INFO - Processing /opt/airflow/dags/youtube_pipeline.py took 0.168 seconds
[2026-09-16T13:55:25.422+0000] {processor.py:161} INFO - Started process (PID=4355) to work on /opt/airflow/dags/youtube_pipeline.py
[2026-09-16T13:55:25.422+0000] {processor.py:830} INFO - Processing file /opt/airflow/dags/youtube_pipeline.py for tasks to queue
[2026-09-16T13:55:25.423+0000] {logging_mixin.py:188} INFO - [2026-09-16T13:55:25.423+0000] {dagbag.py:545} INFO - Filling up the DagBag from /opt/airflow/dags/youtube_pipeline.py
[2026-09-16T13:55:25.430+0000] {processor.py:840} INFO - DAG(s) 'tutorial' retrieved from /opt/airflow/dags/youtube_pipeline.py
[2026-09-16T13:55:25.454+0000] {logging_mixin.py:188} INFO - [2026-09-16T13:55:25.454+0000] {dag.py:3096} INFO - Sync 1 DAGs
[2026-09-16T13:55:25.472+0000] {logging_mixin.py:188} INFO - [2026-09-16T13:55:25.472+0000] {dag.py:3954} INFO - Setting next_dagrun for tutorial to 2026-09-15 00:00:00+00:00, run_after=2026-09-16 00:00:00+00:00
[2026-09-16T13:55:25.485+0000] {processor.py:183} INFO - Processing /opt/airflow/dags/youtube_pipeline.py took 0.067 seconds
[2026-09-16T13:55:55.559+0000] {processor.py:161} INFO - Started process (PID=4362) to work on /opt/airflow/dags/youtube_pipeline.py
[2026-09-16T13:55:55.643+0000] {processor.py:830} INFO - Processing file /opt/airflow/dags/youtube_pipeline.py for tasks to queue
[2026-09-16T13:55:55.645+0000] {logging_mixin.py:188} INFO - [2026-09-16T13:55:55.645+0000] {dagbag.py:545} INFO - Filling up the DagBag from /opt/airflow/dags/youtube_pipeline.py
[2026-09-16T13:55:55.655+0000] {processor.py:840} INFO - DAG(s) 'tutorial' retrieved from /opt/airflow/dags/youtube_pipeline.py
[2026-09-16T13:55:55.674+0000] {logging_mixin.py:188} INFO - [2026-09-16T13:55:55.674+0000] {dag.py:3096} INFO - Sync 1 DAGs
[2026-09-16T13:55:55.688+0000] {logging_mixin.py:188} INFO - [2026-09-16T13:55:55.687+0000] {dag.py:3954} INFO - Setting next_dagrun for tutorial to 2026-09-15 00:00:00+00:00, run_after=2026-09-16 00:00:00+00:00
[2026-09-16T13:55:55.698+0000] {processor.py:183} INFO - Processing /opt/airflow/dags/youtube_pipeline.py took 0.144 seconds
[2026-09-16T13:56:25.740+0000] {processor.py:161} INFO - Started process (PID=4369) to work on /opt/airflow/dags/youtube_pipeline.py
[2026-09-16T13:56:25.740+0000] {processor.py:830} INFO - Processing file /opt/airflow/dags/youtube_pipeline.py for tasks to queue
[2026-09-16T13:56:25.741+0000] {logging_mixin.py:188} INFO - [2026-09-16T13:56:25.741+0000] {dagbag.py:545} INFO - Filling up the DagBag from /opt/airflow/dags/youtube_pipeline.py
[2026-09-16T13:56:25.749+0000] {processor.py:840} INFO - DAG(s) 'tutorial' retrieved from /opt/airflow/dags/youtube_pipeline.py
[2026-09-16T13:56:25.770+0000] {logging_mixin.py:188} INFO - [2026-09-16T13:56:25.770+0000] {dag.py:3096} INFO - Sync 1 DAGs
[2026-09-16T13:56:25.785+0000] {logging_mixin.py:188} INFO - [2026-09-16T13:56:25.784+0000] {dag.py:3954} INFO - Setting next_dagrun for tutorial to 2026-09-15 00:00:00+00:00, run_after=2026-09-16 00:00:00+00:00
[2026-09-16T13:56:25.796+0000] {processor.py:183} INFO - Processing /opt/airflow/dags/youtube_pipeline.py took 0.061 seconds
[2026-09-16T13:56:55.888+0000] {processor.py:161} INFO - Started process (PID=4376) to work on /opt/airflow/dags/youtube_pipeline.py
[2026-09-16T13:56:55.981+0000] {processor.py:830} INFO - Processing file /opt/airflow/dags/youtube_pipeline.py for tasks to queue
[2026-09-16T13:56:55.984+0000] {logging_mixin.py:188} INFO - [2026-09-16T13:56:55.983+0000] {dagbag.py:545} INFO - Filling up the DagBag from /opt/airflow/dags/youtube_pipeline.py
[2026-09-16T13:56:55.999+0000] {processor.py:840} INFO - DAG(s) 'tutorial' retrieved from /opt/airflow/dags/youtube_pipeline.py
[2026-09-16T13:56:56.031+0000] {logging_mixin.py:188} INFO - [2026-09-16T13:56:56.031+0000] {dag.py:3096} INFO - Sync 1 DAGs
[2026-09-16T13:56:56.044+0000] {logging_mixin.py:188} INFO - [2026-09-16T13:56:56.044+0000] {dag.py:3954} INFO - Setting next_dagrun for tutorial to 2026-09-15 00:00:00+00:00, run_after=2026-09-16 00:00:00+00:00
[2026-09-16T13:56:56.057+0000] {processor.py:183} INFO - Processing /opt/airflow/dags/youtube_pipeline.py took 0.179 seconds
[2026-09-16T13:57:26.198+0000] {processor.py:161} INFO - Started process (PID=4383) to work on /opt/airflow/dags/youtube_pipeline.py
[2026-09-16T13:57:26.199+0000] {processor.py:830} INFO - Processing file /opt/airflow/dags/youtube_pipeline.py for tasks to queue
[2026-09-16T13:57:26.201+0000] {logging_mixin.py:188} INFO - [2026-09-16T13:57:26.201+0000] {dagbag.py:545} INFO - Filling up the DagBag from /opt/airflow/dags/youtube_pipeline.py
[2026-09-16T13:57:26.208+0000] {processor.py:840} INFO - DAG(s) 'tutorial' retrieved from /opt/airflow/dags/youtube_pipeline.py
[2026-09-16T13:57:26.233+0000] {logging_mixin.py:188} INFO - [2026-09-16T13:57:26.233+0000] {dag.py:3096} INFO - Sync 1 DAGs
[2026-09-16T13:57:26.247+0000] {logging_mixin.py:188} INFO - [2026-09-16T13:57:26.247+0000] {dag.py:3954} INFO - Setting next_dagrun for tutorial to 2026-09-15 00:00:00+00:00, run_after=2026-09-16 00:00:00+00:00
[2026-09-16T13:57:26.258+0000] {processor.py:183} INFO - Processing /opt/airflow/dags/youtube_pipeline.py took 0.069 seconds
[2026-09-16T13:57:56.328+0000] {processor.py:161} INFO - Started process (PID=4390) to work on /opt/airflow/dags/youtube_pipeline.py
[2026-09-16T13:57:56.339+0000] {processor.py:830} INFO - Processing file /opt/airflow/dags/youtube_pipeline.py for tasks to queue
[2026-09-16T13:57:56.340+0000] {logging_mixin.py:188} INFO - [2026-09-16T13:57:56.340+0000] {dagbag.py:545} INFO - Filling up the DagBag from /opt/airflow/dags/youtube_pipeline.py
[2026-09-16T13:57:56.347+0000] {processor.py:840} INFO - DAG(s) 'tutorial' retrieved from /opt/airflow/dags/youtube_pipeline.py
[2026-09-16T13:57:56.368+0000] {logging_mixin.py:188} INFO - [2026-09-16T13:57:56.368+0000] {dag.py:3096} INFO - Sync 1 DAGs
[2026-09-16T13:57:56.384+0000] {logging_mixin.py:188} INFO - [2026-09-16T13:57:56.384+0000] {dag.py:3954} INFO - Setting next_dagrun for tutorial to 2026-09-15 00:00:00+00:00, run_after=2026-09-16 00:00:00+00:00
[2026-09-16T13:57:56.396+0000] {processor.py:183} INFO - Processing /opt/airflow/dags/youtube_pipeline.py took 0.072 seconds
[2026-09-16T13:58:16.471+0000] {processor.py:161} INFO - Started process (PID=4397) to work on /opt/airflow/dags/youtube_pipeline.py
[2026-09-16T13:58:16.472+0000] {processor.py:830} INFO - Processing file /opt/airflow/dags/youtube_pipeline.py for tasks to queue
[2026-09-16T13:58:16.473+0000] {logging_mixin.py:188} INFO - [2026-09-16T13:58:16.473+0000] {dagbag.py:545} INFO - Filling up the DagBag from /opt/airflow/dags/youtube_pipeline.py
[2026-09-16T13:58:16.475+0000] {logging_mixin.py:188} INFO - [2026-09-16T13:58:16.474+0000] {dagbag.py:355} ERROR - Failed to import: /opt/airflow/dags/youtube_pipeline.py
Traceback (most recent call last):
  File "/home/airflow/.local/lib/python3.12/site-packages/airflow/models/dagbag.py", line 351, in parse
    loader.exec_module(new_module)
  File "<frozen importlib._bootstrap_external>", line 991, in exec_module
  File "<frozen importlib._bootstrap_external>", line 1129, in get_code
  File "<frozen importlib._bootstrap_external>", line 1059, in source_to_code
  File "<frozen importlib._bootstrap>", line 488, in _call_with_frames_removed
  File "/opt/airflow/dags/youtube_pipeline.py", line 6
    from src 
             ^
SyntaxError: invalid syntax
[2026-09-16T13:58:16.476+0000] {processor.py:842} WARNING - No viable dags retrieved from /opt/airflow/dags/youtube_pipeline.py
[2026-09-16T13:58:16.487+0000] {processor.py:183} INFO - Processing /opt/airflow/dags/youtube_pipeline.py took 0.021 seconds
[2026-09-16T13:58:46.625+0000] {processor.py:161} INFO - Started process (PID=4404) to work on /opt/airflow/dags/youtube_pipeline.py
[2026-09-16T13:58:46.632+0000] {processor.py:830} INFO - Processing file /opt/airflow/dags/youtube_pipeline.py for tasks to queue
[2026-09-16T13:58:46.635+0000] {logging_mixin.py:188} INFO - [2026-09-16T13:58:46.635+0000] {dagbag.py:545} INFO - Filling up the DagBag from /opt/airflow/dags/youtube_pipeline.py
[2026-09-16T13:58:46.639+0000] {logging_mixin.py:188} INFO - [2026-09-16T13:58:46.638+0000] {dagbag.py:355} ERROR - Failed to import: /opt/airflow/dags/youtube_pipeline.py
Traceback (most recent call last):
  File "/home/airflow/.local/lib/python3.12/site-packages/airflow/models/dagbag.py", line 351, in parse
    loader.exec_module(new_module)
  File "<frozen importlib._bootstrap_external>", line 991, in exec_module
  File "<frozen importlib._bootstrap_external>", line 1129, in get_code
  File "<frozen importlib._bootstrap_external>", line 1059, in source_to_code
  File "<frozen importlib._bootstrap>", line 488, in _call_with_frames_removed
  File "/opt/airflow/dags/youtube_pipeline.py", line 6
    from src 
             ^
SyntaxError: invalid syntax
[2026-09-16T13:58:46.640+0000] {processor.py:842} WARNING - No viable dags retrieved from /opt/airflow/dags/youtube_pipeline.py
[2026-09-16T13:58:46.658+0000] {processor.py:183} INFO - Processing /opt/airflow/dags/youtube_pipeline.py took 0.040 seconds
[2026-09-16T13:59:16.774+0000] {processor.py:161} INFO - Started process (PID=4411) to work on /opt/airflow/dags/youtube_pipeline.py
[2026-09-16T13:59:16.774+0000] {processor.py:830} INFO - Processing file /opt/airflow/dags/youtube_pipeline.py for tasks to queue
[2026-09-16T13:59:16.776+0000] {logging_mixin.py:188} INFO - [2026-09-16T13:59:16.776+0000] {dagbag.py:545} INFO - Filling up the DagBag from /opt/airflow/dags/youtube_pipeline.py
[2026-09-16T13:59:16.779+0000] {logging_mixin.py:188} INFO - [2026-09-16T13:59:16.778+0000] {dagbag.py:355} ERROR - Failed to import: /opt/airflow/dags/youtube_pipeline.py
Traceback (most recent call last):
  File "/home/airflow/.local/lib/python3.12/site-packages/airflow/models/dagbag.py", line 351, in parse
    loader.exec_module(new_module)
  File "<frozen importlib._bootstrap_external>", line 991, in exec_module
  File "<frozen importlib._bootstrap_external>", line 1129, in get_code
  File "<frozen importlib._bootstrap_external>", line 1059, in source_to_code
  File "<frozen importlib._bootstrap>", line 488, in _call_with_frames_removed
  File "/opt/airflow/dags/youtube_pipeline.py", line 6
    from src 
             ^
SyntaxError: invalid syntax
[2026-09-16T13:59:16.779+0000] {processor.py:842} WARNING - No viable dags retrieved from /opt/airflow/dags/youtube_pipeline.py
[2026-09-16T13:59:16.791+0000] {processor.py:183} INFO - Processing /opt/airflow/dags/youtube_pipeline.py took 0.028 seconds
[2026-09-16T13:59:46.951+0000] {processor.py:161} INFO - Started process (PID=4418) to work on /opt/airflow/dags/youtube_pipeline.py
[2026-09-16T13:59:47.042+0000] {processor.py:830} INFO - Processing file /opt/airflow/dags/youtube_pipeline.py for tasks to queue
[2026-09-16T13:59:47.043+0000] {logging_mixin.py:188} INFO - [2026-09-16T13:59:47.043+0000] {dagbag.py:545} INFO - Filling up the DagBag from /opt/airflow/dags/youtube_pipeline.py
[2026-09-16T13:59:47.048+0000] {logging_mixin.py:188} INFO - [2026-09-16T13:59:47.046+0000] {dagbag.py:355} ERROR - Failed to import: /opt/airflow/dags/youtube_pipeline.py
Traceback (most recent call last):
  File "/home/airflow/.local/lib/python3.12/site-packages/airflow/models/dagbag.py", line 351, in parse
    loader.exec_module(new_module)
  File "<frozen importlib._bootstrap_external>", line 991, in exec_module
  File "<frozen importlib._bootstrap_external>", line 1129, in get_code
  File "<frozen importlib._bootstrap_external>", line 1059, in source_to_code
  File "<frozen importlib._bootstrap>", line 488, in _call_with_frames_removed
  File "/opt/airflow/dags/youtube_pipeline.py", line 6
    from src 
             ^
SyntaxError: invalid syntax
[2026-09-16T13:59:47.049+0000] {processor.py:842} WARNING - No viable dags retrieved from /opt/airflow/dags/youtube_pipeline.py
[2026-09-16T13:59:47.072+0000] {processor.py:183} INFO - Processing /opt/airflow/dags/youtube_pipeline.py took 0.130 seconds
[2026-09-16T14:00:17.203+0000] {processor.py:161} INFO - Started process (PID=4425) to work on /opt/airflow/dags/youtube_pipeline.py
[2026-09-16T14:00:17.204+0000] {processor.py:830} INFO - Processing file /opt/airflow/dags/youtube_pipeline.py for tasks to queue
[2026-09-16T14:00:17.206+0000] {logging_mixin.py:188} INFO - [2026-09-16T14:00:17.205+0000] {dagbag.py:545} INFO - Filling up the DagBag from /opt/airflow/dags/youtube_pipeline.py
[2026-09-16T14:00:17.210+0000] {logging_mixin.py:188} INFO - [2026-09-16T14:00:17.209+0000] {dagbag.py:355} ERROR - Failed to import: /opt/airflow/dags/youtube_pipeline.py
Traceback (most recent call last):
  File "/home/airflow/.local/lib/python3.12/site-packages/airflow/models/dagbag.py", line 351, in parse
    loader.exec_module(new_module)
  File "<frozen importlib._bootstrap_external>", line 991, in exec_module
  File "<frozen importlib._bootstrap_external>", line 1129, in get_code
  File "<frozen importlib._bootstrap_external>", line 1059, in source_to_code
  File "<frozen importlib._bootstrap>", line 488, in _call_with_frames_removed
  File "/opt/airflow/dags/youtube_pipeline.py", line 6
    from src 
             ^
SyntaxError: invalid syntax
[2026-09-16T14:00:17.211+0000] {processor.py:842} WARNING - No viable dags retrieved from /opt/airflow/dags/youtube_pipeline.py
[2026-09-16T14:00:17.225+0000] {processor.py:183} INFO - Processing /opt/airflow/dags/youtube_pipeline.py took 0.026 seconds
[2026-09-16T14:00:47.345+0000] {processor.py:161} INFO - Started process (PID=4432) to work on /opt/airflow/dags/youtube_pipeline.py
[2026-09-16T14:00:47.408+0000] {processor.py:830} INFO - Processing file /opt/airflow/dags/youtube_pipeline.py for tasks to queue
[2026-09-16T14:00:47.409+0000] {logging_mixin.py:188} INFO - [2026-09-16T14:00:47.409+0000] {dagbag.py:545} INFO - Filling up the DagBag from /opt/airflow/dags/youtube_pipeline.py
[2026-09-16T14:00:47.414+0000] {logging_mixin.py:188} INFO - [2026-09-16T14:00:47.412+0000] {dagbag.py:355} ERROR - Failed to import: /opt/airflow/dags/youtube_pipeline.py
Traceback (most recent call last):
  File "/home/airflow/.local/lib/python3.12/site-packages/airflow/models/dagbag.py", line 351, in parse
    loader.exec_module(new_module)
  File "<frozen importlib._bootstrap_external>", line 991, in exec_module
  File "<frozen importlib._bootstrap_external>", line 1129, in get_code
  File "<frozen importlib._bootstrap_external>", line 1059, in source_to_code
  File "<frozen importlib._bootstrap>", line 488, in _call_with_frames_removed
  File "/opt/airflow/dags/youtube_pipeline.py", line 6
    from src 
             ^
SyntaxError: invalid syntax
[2026-09-16T14:00:47.415+0000] {processor.py:842} WARNING - No viable dags retrieved from /opt/airflow/dags/youtube_pipeline.py
[2026-09-16T14:00:47.438+0000] {processor.py:183} INFO - Processing /opt/airflow/dags/youtube_pipeline.py took 0.096 seconds
[2026-09-16T14:01:17.503+0000] {processor.py:161} INFO - Started process (PID=4439) to work on /opt/airflow/dags/youtube_pipeline.py
[2026-09-16T14:01:17.504+0000] {processor.py:830} INFO - Processing file /opt/airflow/dags/youtube_pipeline.py for tasks to queue
[2026-09-16T14:01:17.505+0000] {logging_mixin.py:188} INFO - [2026-09-16T14:01:17.504+0000] {dagbag.py:545} INFO - Filling up the DagBag from /opt/airflow/dags/youtube_pipeline.py
[2026-09-16T14:01:17.507+0000] {logging_mixin.py:188} INFO - [2026-09-16T14:01:17.506+0000] {dagbag.py:355} ERROR - Failed to import: /opt/airflow/dags/youtube_pipeline.py
Traceback (most recent call last):
  File "/home/airflow/.local/lib/python3.12/site-packages/airflow/models/dagbag.py", line 351, in parse
    loader.exec_module(new_module)
  File "<frozen importlib._bootstrap_external>", line 991, in exec_module
  File "<frozen importlib._bootstrap_external>", line 1129, in get_code
  File "<frozen importlib._bootstrap_external>", line 1059, in source_to_code
  File "<frozen importlib._bootstrap>", line 488, in _call_with_frames_removed
  File "/opt/airflow/dags/youtube_pipeline.py", line 6
    from src 
             ^
SyntaxError: invalid syntax
[2026-09-16T14:01:17.508+0000] {processor.py:842} WARNING - No viable dags retrieved from /opt/airflow/dags/youtube_pipeline.py
[2026-09-16T14:01:17.521+0000] {processor.py:183} INFO - Processing /opt/airflow/dags/youtube_pipeline.py took 0.028 seconds
[2026-09-16T14:01:47.644+0000] {processor.py:161} INFO - Started process (PID=4446) to work on /opt/airflow/dags/youtube_pipeline.py
[2026-09-16T14:01:47.740+0000] {processor.py:830} INFO - Processing file /opt/airflow/dags/youtube_pipeline.py for tasks to queue
[2026-09-16T14:01:47.741+0000] {logging_mixin.py:188} INFO - [2026-09-16T14:01:47.741+0000] {dagbag.py:545} INFO - Filling up the DagBag from /opt/airflow/dags/youtube_pipeline.py
[2026-09-16T14:01:47.746+0000] {logging_mixin.py:188} INFO - [2026-09-16T14:01:47.744+0000] {dagbag.py:355} ERROR - Failed to import: /opt/airflow/dags/youtube_pipeline.py
Traceback (most recent call last):
  File "/home/airflow/.local/lib/python3.12/site-packages/airflow/models/dagbag.py", line 351, in parse
    loader.exec_module(new_module)
  File "<frozen importlib._bootstrap_external>", line 991, in exec_module
  File "<frozen importlib._bootstrap_external>", line 1129, in get_code
  File "<frozen importlib._bootstrap_external>", line 1059, in source_to_code
  File "<frozen importlib._bootstrap>", line 488, in _call_with_frames_removed
  File "/opt/airflow/dags/youtube_pipeline.py", line 6
    from src 
             ^
SyntaxError: invalid syntax
[2026-09-16T14:01:47.747+0000] {processor.py:842} WARNING - No viable dags retrieved from /opt/airflow/dags/youtube_pipeline.py
[2026-09-16T14:01:47.774+0000] {processor.py:183} INFO - Processing /opt/airflow/dags/youtube_pipeline.py took 0.139 seconds
[2026-09-16T14:02:17.917+0000] {processor.py:161} INFO - Started process (PID=4452) to work on /opt/airflow/dags/youtube_pipeline.py
[2026-09-16T14:02:17.918+0000] {processor.py:830} INFO - Processing file /opt/airflow/dags/youtube_pipeline.py for tasks to queue
[2026-09-16T14:02:17.919+0000] {logging_mixin.py:188} INFO - [2026-09-16T14:02:17.918+0000] {dagbag.py:545} INFO - Filling up the DagBag from /opt/airflow/dags/youtube_pipeline.py
[2026-09-16T14:02:17.921+0000] {logging_mixin.py:188} INFO - [2026-09-16T14:02:17.920+0000] {dagbag.py:355} ERROR - Failed to import: /opt/airflow/dags/youtube_pipeline.py
Traceback (most recent call last):
  File "/home/airflow/.local/lib/python3.12/site-packages/airflow/models/dagbag.py", line 351, in parse
    loader.exec_module(new_module)
  File "<frozen importlib._bootstrap_external>", line 991, in exec_module
  File "<frozen importlib._bootstrap_external>", line 1129, in get_code
  File "<frozen importlib._bootstrap_external>", line 1059, in source_to_code
  File "<frozen importlib._bootstrap>", line 488, in _call_with_frames_removed
  File "/opt/airflow/dags/youtube_pipeline.py", line 6
    from src 
             ^
SyntaxError: invalid syntax
[2026-09-16T14:02:17.922+0000] {processor.py:842} WARNING - No viable dags retrieved from /opt/airflow/dags/youtube_pipeline.py
[2026-09-16T14:02:17.933+0000] {processor.py:183} INFO - Processing /opt/airflow/dags/youtube_pipeline.py took 0.026 seconds
[2026-09-16T14:02:48.031+0000] {processor.py:161} INFO - Started process (PID=4459) to work on /opt/airflow/dags/youtube_pipeline.py
[2026-09-16T14:02:48.043+0000] {processor.py:830} INFO - Processing file /opt/airflow/dags/youtube_pipeline.py for tasks to queue
[2026-09-16T14:02:48.043+0000] {logging_mixin.py:188} INFO - [2026-09-16T14:02:48.043+0000] {dagbag.py:545} INFO - Filling up the DagBag from /opt/airflow/dags/youtube_pipeline.py
[2026-09-16T14:02:48.045+0000] {logging_mixin.py:188} INFO - [2026-09-16T14:02:48.045+0000] {dagbag.py:355} ERROR - Failed to import: /opt/airflow/dags/youtube_pipeline.py
Traceback (most recent call last):
  File "/home/airflow/.local/lib/python3.12/site-packages/airflow/models/dagbag.py", line 351, in parse
    loader.exec_module(new_module)
  File "<frozen importlib._bootstrap_external>", line 991, in exec_module
  File "<frozen importlib._bootstrap_external>", line 1129, in get_code
  File "<frozen importlib._bootstrap_external>", line 1059, in source_to_code
  File "<frozen importlib._bootstrap>", line 488, in _call_with_frames_removed
  File "/opt/airflow/dags/youtube_pipeline.py", line 6
    from src 
             ^
SyntaxError: invalid syntax
[2026-09-16T14:02:48.046+0000] {processor.py:842} WARNING - No viable dags retrieved from /opt/airflow/dags/youtube_pipeline.py
[2026-09-16T14:02:48.059+0000] {processor.py:183} INFO - Processing /opt/airflow/dags/youtube_pipeline.py took 0.031 seconds
[2026-09-16T14:03:18.188+0000] {processor.py:161} INFO - Started process (PID=4466) to work on /opt/airflow/dags/youtube_pipeline.py
[2026-09-16T14:03:18.189+0000] {processor.py:830} INFO - Processing file /opt/airflow/dags/youtube_pipeline.py for tasks to queue
[2026-09-16T14:03:18.190+0000] {logging_mixin.py:188} INFO - [2026-09-16T14:03:18.190+0000] {dagbag.py:545} INFO - Filling up the DagBag from /opt/airflow/dags/youtube_pipeline.py
[2026-09-16T14:03:18.193+0000] {logging_mixin.py:188} INFO - [2026-09-16T14:03:18.192+0000] {dagbag.py:355} ERROR - Failed to import: /opt/airflow/dags/youtube_pipeline.py
Traceback (most recent call last):
  File "/home/airflow/.local/lib/python3.12/site-packages/airflow/models/dagbag.py", line 351, in parse
    loader.exec_module(new_module)
  File "<frozen importlib._bootstrap_external>", line 991, in exec_module
  File "<frozen importlib._bootstrap_external>", line 1129, in get_code
  File "<frozen importlib._bootstrap_external>", line 1059, in source_to_code
  File "<frozen importlib._bootstrap>", line 488, in _call_with_frames_removed
  File "/opt/airflow/dags/youtube_pipeline.py", line 6
    from src 
             ^
SyntaxError: invalid syntax
[2026-09-16T14:03:18.194+0000] {processor.py:842} WARNING - No viable dags retrieved from /opt/airflow/dags/youtube_pipeline.py
[2026-09-16T14:03:18.208+0000] {processor.py:183} INFO - Processing /opt/airflow/dags/youtube_pipeline.py took 0.029 seconds
[2026-09-16T14:03:48.339+0000] {processor.py:161} INFO - Started process (PID=4473) to work on /opt/airflow/dags/youtube_pipeline.py
[2026-09-16T14:03:48.348+0000] {processor.py:830} INFO - Processing file /opt/airflow/dags/youtube_pipeline.py for tasks to queue
[2026-09-16T14:03:48.349+0000] {logging_mixin.py:188} INFO - [2026-09-16T14:03:48.349+0000] {dagbag.py:545} INFO - Filling up the DagBag from /opt/airflow/dags/youtube_pipeline.py
[2026-09-16T14:03:48.353+0000] {logging_mixin.py:188} INFO - [2026-09-16T14:03:48.351+0000] {dagbag.py:355} ERROR - Failed to import: /opt/airflow/dags/youtube_pipeline.py
Traceback (most recent call last):
  File "/home/airflow/.local/lib/python3.12/site-packages/airflow/models/dagbag.py", line 351, in parse
    loader.exec_module(new_module)
  File "<frozen importlib._bootstrap_external>", line 991, in exec_module
  File "<frozen importlib._bootstrap_external>", line 1129, in get_code
  File "<frozen importlib._bootstrap_external>", line 1059, in source_to_code
  File "<frozen importlib._bootstrap>", line 488, in _call_with_frames_removed
  File "/opt/airflow/dags/youtube_pipeline.py", line 6
    from src 
             ^
SyntaxError: invalid syntax
[2026-09-16T14:03:48.353+0000] {processor.py:842} WARNING - No viable dags retrieved from /opt/airflow/dags/youtube_pipeline.py
[2026-09-16T14:03:48.369+0000] {processor.py:183} INFO - Processing /opt/airflow/dags/youtube_pipeline.py took 0.039 seconds
[2026-09-16T14:04:18.494+0000] {processor.py:161} INFO - Started process (PID=4480) to work on /opt/airflow/dags/youtube_pipeline.py
[2026-09-16T14:04:18.495+0000] {processor.py:830} INFO - Processing file /opt/airflow/dags/youtube_pipeline.py for tasks to queue
[2026-09-16T14:04:18.496+0000] {logging_mixin.py:188} INFO - [2026-09-16T14:04:18.495+0000] {dagbag.py:545} INFO - Filling up the DagBag from /opt/airflow/dags/youtube_pipeline.py
[2026-09-16T14:04:18.499+0000] {logging_mixin.py:188} INFO - [2026-09-16T14:04:18.498+0000] {dagbag.py:355} ERROR - Failed to import: /opt/airflow/dags/youtube_pipeline.py
Traceback (most recent call last):
  File "/home/airflow/.local/lib/python3.12/site-packages/airflow/models/dagbag.py", line 351, in parse
    loader.exec_module(new_module)
  File "<frozen importlib._bootstrap_external>", line 991, in exec_module
  File "<frozen importlib._bootstrap_external>", line 1129, in get_code
  File "<frozen importlib._bootstrap_external>", line 1059, in source_to_code
  File "<frozen importlib._bootstrap>", line 488, in _call_with_frames_removed
  File "/opt/airflow/dags/youtube_pipeline.py", line 6
    from src 
             ^
SyntaxError: invalid syntax
[2026-09-16T14:04:18.499+0000] {processor.py:842} WARNING - No viable dags retrieved from /opt/airflow/dags/youtube_pipeline.py
[2026-09-16T14:04:18.517+0000] {processor.py:183} INFO - Processing /opt/airflow/dags/youtube_pipeline.py took 0.032 seconds
[2026-09-16T14:04:22.544+0000] {processor.py:161} INFO - Started process (PID=4481) to work on /opt/airflow/dags/youtube_pipeline.py
[2026-09-16T14:04:22.545+0000] {processor.py:830} INFO - Processing file /opt/airflow/dags/youtube_pipeline.py for tasks to queue
[2026-09-16T14:04:22.546+0000] {logging_mixin.py:188} INFO - [2026-09-16T14:04:22.546+0000] {dagbag.py:545} INFO - Filling up the DagBag from /opt/airflow/dags/youtube_pipeline.py
[2026-09-16T14:04:22.552+0000] {logging_mixin.py:188} INFO - [2026-09-16T14:04:22.550+0000] {dagbag.py:355} ERROR - Failed to import: /opt/airflow/dags/youtube_pipeline.py
Traceback (most recent call last):
  File "/home/airflow/.local/lib/python3.12/site-packages/airflow/models/dagbag.py", line 351, in parse
    loader.exec_module(new_module)
  File "<frozen importlib._bootstrap_external>", line 995, in exec_module
  File "<frozen importlib._bootstrap>", line 488, in _call_with_frames_removed
  File "/opt/airflow/dags/youtube_pipeline.py", line 6, in <module>
    from include import extract as extract_data
ModuleNotFoundError: No module named 'include'
[2026-09-16T14:04:22.552+0000] {processor.py:842} WARNING - No viable dags retrieved from /opt/airflow/dags/youtube_pipeline.py
[2026-09-16T14:04:22.569+0000] {processor.py:183} INFO - Processing /opt/airflow/dags/youtube_pipeline.py took 0.031 seconds
[2026-09-16T14:04:52.693+0000] {processor.py:161} INFO - Started process (PID=4488) to work on /opt/airflow/dags/youtube_pipeline.py
[2026-09-16T14:04:52.702+0000] {processor.py:830} INFO - Processing file /opt/airflow/dags/youtube_pipeline.py for tasks to queue
[2026-09-16T14:04:52.704+0000] {logging_mixin.py:188} INFO - [2026-09-16T14:04:52.703+0000] {dagbag.py:545} INFO - Filling up the DagBag from /opt/airflow/dags/youtube_pipeline.py
[2026-09-16T14:04:52.709+0000] {logging_mixin.py:188} INFO - [2026-09-16T14:04:52.707+0000] {dagbag.py:355} ERROR - Failed to import: /opt/airflow/dags/youtube_pipeline.py
Traceback (most recent call last):
  File "/home/airflow/.local/lib/python3.12/site-packages/airflow/models/dagbag.py", line 351, in parse
    loader.exec_module(new_module)
  File "<frozen importlib._bootstrap_external>", line 995, in exec_module
  File "<frozen importlib._bootstrap>", line 488, in _call_with_frames_removed
  File "/opt/airflow/dags/youtube_pipeline.py", line 6, in <module>
    from include import extract as extract_data
ModuleNotFoundError: No module named 'include'
[2026-09-16T14:04:52.710+0000] {processor.py:842} WARNING - No viable dags retrieved from /opt/airflow/dags/youtube_pipeline.py
[2026-09-16T14:04:52.733+0000] {processor.py:183} INFO - Processing /opt/airflow/dags/youtube_pipeline.py took 0.048 seconds
[2026-09-16T14:05:22.844+0000] {processor.py:161} INFO - Started process (PID=4495) to work on /opt/airflow/dags/youtube_pipeline.py
[2026-09-16T14:05:22.844+0000] {processor.py:830} INFO - Processing file /opt/airflow/dags/youtube_pipeline.py for tasks to queue
[2026-09-16T14:05:22.846+0000] {logging_mixin.py:188} INFO - [2026-09-16T14:05:22.845+0000] {dagbag.py:545} INFO - Filling up the DagBag from /opt/airflow/dags/youtube_pipeline.py
[2026-09-16T14:05:22.850+0000] {logging_mixin.py:188} INFO - [2026-09-16T14:05:22.849+0000] {dagbag.py:355} ERROR - Failed to import: /opt/airflow/dags/youtube_pipeline.py
Traceback (most recent call last):
  File "/home/airflow/.local/lib/python3.12/site-packages/airflow/models/dagbag.py", line 351, in parse
    loader.exec_module(new_module)
  File "<frozen importlib._bootstrap_external>", line 995, in exec_module
  File "<frozen importlib._bootstrap>", line 488, in _call_with_frames_removed
  File "/opt/airflow/dags/youtube_pipeline.py", line 6, in <module>
    from include import extract as extract_data
ModuleNotFoundError: No module named 'include'
[2026-09-16T14:05:22.851+0000] {processor.py:842} WARNING - No viable dags retrieved from /opt/airflow/dags/youtube_pipeline.py
[2026-09-16T14:05:22.867+0000] {processor.py:183} INFO - Processing /opt/airflow/dags/youtube_pipeline.py took 0.032 seconds
[2026-09-16T14:05:52.975+0000] {processor.py:161} INFO - Started process (PID=4502) to work on /opt/airflow/dags/youtube_pipeline.py
[2026-09-16T14:05:53.060+0000] {processor.py:830} INFO - Processing file /opt/airflow/dags/youtube_pipeline.py for tasks to queue
[2026-09-16T14:05:53.061+0000] {logging_mixin.py:188} INFO - [2026-09-16T14:05:53.061+0000] {dagbag.py:545} INFO - Filling up the DagBag from /opt/airflow/dags/youtube_pipeline.py
[2026-09-16T14:05:53.063+0000] {logging_mixin.py:188} INFO - [2026-09-16T14:05:53.062+0000] {dagbag.py:355} ERROR - Failed to import: /opt/airflow/dags/youtube_pipeline.py
Traceback (most recent call last):
  File "/home/airflow/.local/lib/python3.12/site-packages/airflow/models/dagbag.py", line 351, in parse
    loader.exec_module(new_module)
  File "<frozen importlib._bootstrap_external>", line 995, in exec_module
  File "<frozen importlib._bootstrap>", line 488, in _call_with_frames_removed
  File "/opt/airflow/dags/youtube_pipeline.py", line 6, in <module>
    from include import extract as extract_data
ModuleNotFoundError: No module named 'include'
[2026-09-16T14:05:53.063+0000] {processor.py:842} WARNING - No viable dags retrieved from /opt/airflow/dags/youtube_pipeline.py
[2026-09-16T14:05:53.074+0000] {processor.py:183} INFO - Processing /opt/airflow/dags/youtube_pipeline.py took 0.103 seconds
[2026-09-16T14:06:23.102+0000] {processor.py:161} INFO - Started process (PID=4509) to work on /opt/airflow/dags/youtube_pipeline.py
[2026-09-16T14:06:23.103+0000] {processor.py:830} INFO - Processing file /opt/airflow/dags/youtube_pipeline.py for tasks to queue
[2026-09-16T14:06:23.105+0000] {logging_mixin.py:188} INFO - [2026-09-16T14:06:23.104+0000] {dagbag.py:545} INFO - Filling up the DagBag from /opt/airflow/dags/youtube_pipeline.py
[2026-09-16T14:06:23.109+0000] {logging_mixin.py:188} INFO - [2026-09-16T14:06:23.107+0000] {dagbag.py:355} ERROR - Failed to import: /opt/airflow/dags/youtube_pipeline.py
Traceback (most recent call last):
  File "/home/airflow/.local/lib/python3.12/site-packages/airflow/models/dagbag.py", line 351, in parse
    loader.exec_module(new_module)
  File "<frozen importlib._bootstrap_external>", line 995, in exec_module
  File "<frozen importlib._bootstrap>", line 488, in _call_with_frames_removed
  File "/opt/airflow/dags/youtube_pipeline.py", line 6, in <module>
    from include import extract as extract_data
ModuleNotFoundError: No module named 'include'
[2026-09-16T14:06:23.109+0000] {processor.py:842} WARNING - No viable dags retrieved from /opt/airflow/dags/youtube_pipeline.py
[2026-09-16T14:06:23.123+0000] {processor.py:183} INFO - Processing /opt/airflow/dags/youtube_pipeline.py took 0.031 seconds
[2026-09-16T14:06:53.262+0000] {processor.py:161} INFO - Started process (PID=4516) to work on /opt/airflow/dags/youtube_pipeline.py
[2026-09-16T14:06:53.268+0000] {processor.py:830} INFO - Processing file /opt/airflow/dags/youtube_pipeline.py for tasks to queue
[2026-09-16T14:06:53.269+0000] {logging_mixin.py:188} INFO - [2026-09-16T14:06:53.269+0000] {dagbag.py:545} INFO - Filling up the DagBag from /opt/airflow/dags/youtube_pipeline.py
[2026-09-16T14:06:53.274+0000] {logging_mixin.py:188} INFO - [2026-09-16T14:06:53.272+0000] {dagbag.py:355} ERROR - Failed to import: /opt/airflow/dags/youtube_pipeline.py
Traceback (most recent call last):
  File "/home/airflow/.local/lib/python3.12/site-packages/airflow/models/dagbag.py", line 351, in parse
    loader.exec_module(new_module)
  File "<frozen importlib._bootstrap_external>", line 995, in exec_module
  File "<frozen importlib._bootstrap>", line 488, in _call_with_frames_removed
  File "/opt/airflow/dags/youtube_pipeline.py", line 6, in <module>
    from include import extract as extract_data
ModuleNotFoundError: No module named 'include'
[2026-09-16T14:06:53.274+0000] {processor.py:842} WARNING - No viable dags retrieved from /opt/airflow/dags/youtube_pipeline.py
[2026-09-16T14:06:53.287+0000] {processor.py:183} INFO - Processing /opt/airflow/dags/youtube_pipeline.py took 0.034 seconds
[2026-09-16T14:07:06.325+0000] {processor.py:161} INFO - Started process (PID=4523) to work on /opt/airflow/dags/youtube_pipeline.py
[2026-09-16T14:07:06.325+0000] {processor.py:830} INFO - Processing file /opt/airflow/dags/youtube_pipeline.py for tasks to queue
[2026-09-16T14:07:06.326+0000] {logging_mixin.py:188} INFO - [2026-09-16T14:07:06.326+0000] {dagbag.py:545} INFO - Filling up the DagBag from /opt/airflow/dags/youtube_pipeline.py
[2026-09-16T14:07:06.328+0000] {logging_mixin.py:188} INFO - [2026-09-16T14:07:06.328+0000] {dagbag.py:355} ERROR - Failed to import: /opt/airflow/dags/youtube_pipeline.py
Traceback (most recent call last):
  File "/home/airflow/.local/lib/python3.12/site-packages/airflow/models/dagbag.py", line 351, in parse
    loader.exec_module(new_module)
  File "<frozen importlib._bootstrap_external>", line 995, in exec_module
  File "<frozen importlib._bootstrap>", line 488, in _call_with_frames_removed
  File "/opt/airflow/dags/youtube_pipeline.py", line 6, in <module>
    from include import extract as extract_data
ModuleNotFoundError: No module named 'include'
[2026-09-16T14:07:06.329+0000] {processor.py:842} WARNING - No viable dags retrieved from /opt/airflow/dags/youtube_pipeline.py
[2026-09-16T14:07:06.340+0000] {processor.py:183} INFO - Processing /opt/airflow/dags/youtube_pipeline.py took 0.019 seconds
[2026-09-16T14:07:36.476+0000] {processor.py:161} INFO - Started process (PID=4530) to work on /opt/airflow/dags/youtube_pipeline.py
[2026-09-16T14:07:36.612+0000] {processor.py:830} INFO - Processing file /opt/airflow/dags/youtube_pipeline.py for tasks to queue
[2026-09-16T14:07:36.613+0000] {logging_mixin.py:188} INFO - [2026-09-16T14:07:36.613+0000] {dagbag.py:545} INFO - Filling up the DagBag from /opt/airflow/dags/youtube_pipeline.py
[2026-09-16T14:07:36.618+0000] {logging_mixin.py:188} INFO - [2026-09-16T14:07:36.617+0000] {dagbag.py:355} ERROR - Failed to import: /opt/airflow/dags/youtube_pipeline.py
Traceback (most recent call last):
  File "/home/airflow/.local/lib/python3.12/site-packages/airflow/models/dagbag.py", line 351, in parse
    loader.exec_module(new_module)
  File "<frozen importlib._bootstrap_external>", line 995, in exec_module
  File "<frozen importlib._bootstrap>", line 488, in _call_with_frames_removed
  File "/opt/airflow/dags/youtube_pipeline.py", line 6, in <module>
    from include import extract as extract_data
ModuleNotFoundError: No module named 'include'
[2026-09-16T14:07:36.619+0000] {processor.py:842} WARNING - No viable dags retrieved from /opt/airflow/dags/youtube_pipeline.py
[2026-09-16T14:07:36.643+0000] {processor.py:183} INFO - Processing /opt/airflow/dags/youtube_pipeline.py took 0.173 seconds
[2026-09-16T14:08:06.769+0000] {processor.py:161} INFO - Started process (PID=4537) to work on /opt/airflow/dags/youtube_pipeline.py
[2026-09-16T14:08:06.770+0000] {processor.py:830} INFO - Processing file /opt/airflow/dags/youtube_pipeline.py for tasks to queue
[2026-09-16T14:08:06.770+0000] {logging_mixin.py:188} INFO - [2026-09-16T14:08:06.770+0000] {dagbag.py:545} INFO - Filling up the DagBag from /opt/airflow/dags/youtube_pipeline.py
[2026-09-16T14:08:06.774+0000] {logging_mixin.py:188} INFO - [2026-09-16T14:08:06.773+0000] {dagbag.py:355} ERROR - Failed to import: /opt/airflow/dags/youtube_pipeline.py
Traceback (most recent call last):
  File "/home/airflow/.local/lib/python3.12/site-packages/airflow/models/dagbag.py", line 351, in parse
    loader.exec_module(new_module)
  File "<frozen importlib._bootstrap_external>", line 995, in exec_module
  File "<frozen importlib._bootstrap>", line 488, in _call_with_frames_removed
  File "/opt/airflow/dags/youtube_pipeline.py", line 6, in <module>
    from include import extract as extract_data
ModuleNotFoundError: No module named 'include'
[2026-09-16T14:08:06.774+0000] {processor.py:842} WARNING - No viable dags retrieved from /opt/airflow/dags/youtube_pipeline.py
[2026-09-16T14:08:06.786+0000] {processor.py:183} INFO - Processing /opt/airflow/dags/youtube_pipeline.py took 0.027 seconds
[2026-09-16T14:08:36.893+0000] {processor.py:161} INFO - Started process (PID=4544) to work on /opt/airflow/dags/youtube_pipeline.py
[2026-09-16T14:08:36.897+0000] {processor.py:830} INFO - Processing file /opt/airflow/dags/youtube_pipeline.py for tasks to queue
[2026-09-16T14:08:36.898+0000] {logging_mixin.py:188} INFO - [2026-09-16T14:08:36.898+0000] {dagbag.py:545} INFO - Filling up the DagBag from /opt/airflow/dags/youtube_pipeline.py
[2026-09-16T14:08:36.901+0000] {logging_mixin.py:188} INFO - [2026-09-16T14:08:36.900+0000] {dagbag.py:355} ERROR - Failed to import: /opt/airflow/dags/youtube_pipeline.py
Traceback (most recent call last):
  File "/home/airflow/.local/lib/python3.12/site-packages/airflow/models/dagbag.py", line 351, in parse
    loader.exec_module(new_module)
  File "<frozen importlib._bootstrap_external>", line 995, in exec_module
  File "<frozen importlib._bootstrap>", line 488, in _call_with_frames_removed
  File "/opt/airflow/dags/youtube_pipeline.py", line 6, in <module>
    from include import extract as extract_data
ModuleNotFoundError: No module named 'include'
[2026-09-16T14:08:36.902+0000] {processor.py:842} WARNING - No viable dags retrieved from /opt/airflow/dags/youtube_pipeline.py
[2026-09-16T14:08:36.914+0000] {processor.py:183} INFO - Processing /opt/airflow/dags/youtube_pipeline.py took 0.027 seconds
[2026-09-16T14:09:07.042+0000] {processor.py:161} INFO - Started process (PID=4551) to work on /opt/airflow/dags/youtube_pipeline.py
[2026-09-16T14:09:07.043+0000] {processor.py:830} INFO - Processing file /opt/airflow/dags/youtube_pipeline.py for tasks to queue
[2026-09-16T14:09:07.044+0000] {logging_mixin.py:188} INFO - [2026-09-16T14:09:07.044+0000] {dagbag.py:545} INFO - Filling up the DagBag from /opt/airflow/dags/youtube_pipeline.py
[2026-09-16T14:09:07.047+0000] {logging_mixin.py:188} INFO - [2026-09-16T14:09:07.046+0000] {dagbag.py:355} ERROR - Failed to import: /opt/airflow/dags/youtube_pipeline.py
Traceback (most recent call last):
  File "/home/airflow/.local/lib/python3.12/site-packages/airflow/models/dagbag.py", line 351, in parse
    loader.exec_module(new_module)
  File "<frozen importlib._bootstrap_external>", line 995, in exec_module
  File "<frozen importlib._bootstrap>", line 488, in _call_with_frames_removed
  File "/opt/airflow/dags/youtube_pipeline.py", line 6, in <module>
    from include import extract as extract_data
ModuleNotFoundError: No module named 'include'
[2026-09-16T14:09:07.047+0000] {processor.py:842} WARNING - No viable dags retrieved from /opt/airflow/dags/youtube_pipeline.py
[2026-09-16T14:09:07.057+0000] {processor.py:183} INFO - Processing /opt/airflow/dags/youtube_pipeline.py took 0.024 seconds
[2026-09-16T14:09:37.182+0000] {processor.py:161} INFO - Started process (PID=4558) to work on /opt/airflow/dags/youtube_pipeline.py
[2026-09-16T14:09:37.195+0000] {processor.py:830} INFO - Processing file /opt/airflow/dags/youtube_pipeline.py for tasks to queue
[2026-09-16T14:09:37.196+0000] {logging_mixin.py:188} INFO - [2026-09-16T14:09:37.196+0000] {dagbag.py:545} INFO - Filling up the DagBag from /opt/airflow/dags/youtube_pipeline.py
[2026-09-16T14:09:37.200+0000] {logging_mixin.py:188} INFO - [2026-09-16T14:09:37.199+0000] {dagbag.py:355} ERROR - Failed to import: /opt/airflow/dags/youtube_pipeline.py
Traceback (most recent call last):
  File "/home/airflow/.local/lib/python3.12/site-packages/airflow/models/dagbag.py", line 351, in parse
    loader.exec_module(new_module)
  File "<frozen importlib._bootstrap_external>", line 995, in exec_module
  File "<frozen importlib._bootstrap>", line 488, in _call_with_frames_removed
  File "/opt/airflow/dags/youtube_pipeline.py", line 6, in <module>
    from include import extract as extract_data
ModuleNotFoundError: No module named 'include'
[2026-09-16T14:09:37.201+0000] {processor.py:842} WARNING - No viable dags retrieved from /opt/airflow/dags/youtube_pipeline.py
[2026-09-16T14:09:37.216+0000] {processor.py:183} INFO - Processing /opt/airflow/dags/youtube_pipeline.py took 0.041 seconds
[2026-09-16T14:10:07.331+0000] {processor.py:161} INFO - Started process (PID=4565) to work on /opt/airflow/dags/youtube_pipeline.py
[2026-09-16T14:10:07.332+0000] {processor.py:830} INFO - Processing file /opt/airflow/dags/youtube_pipeline.py for tasks to queue
[2026-09-16T14:10:07.334+0000] {logging_mixin.py:188} INFO - [2026-09-16T14:10:07.333+0000] {dagbag.py:545} INFO - Filling up the DagBag from /opt/airflow/dags/youtube_pipeline.py
[2026-09-16T14:10:07.336+0000] {logging_mixin.py:188} INFO - [2026-09-16T14:10:07.335+0000] {dagbag.py:355} ERROR - Failed to import: /opt/airflow/dags/youtube_pipeline.py
Traceback (most recent call last):
  File "/home/airflow/.local/lib/python3.12/site-packages/airflow/models/dagbag.py", line 351, in parse
    loader.exec_module(new_module)
  File "<frozen importlib._bootstrap_external>", line 995, in exec_module
  File "<frozen importlib._bootstrap>", line 488, in _call_with_frames_removed
  File "/opt/airflow/dags/youtube_pipeline.py", line 6, in <module>
    from include import extract as extract_data
ModuleNotFoundError: No module named 'include'
[2026-09-16T14:10:07.337+0000] {processor.py:842} WARNING - No viable dags retrieved from /opt/airflow/dags/youtube_pipeline.py
[2026-09-16T14:10:07.348+0000] {processor.py:183} INFO - Processing /opt/airflow/dags/youtube_pipeline.py took 0.025 seconds
[2026-09-16T14:10:37.480+0000] {processor.py:161} INFO - Started process (PID=4571) to work on /opt/airflow/dags/youtube_pipeline.py
[2026-09-16T14:10:37.490+0000] {processor.py:830} INFO - Processing file /opt/airflow/dags/youtube_pipeline.py for tasks to queue
[2026-09-16T14:10:37.492+0000] {logging_mixin.py:188} INFO - [2026-09-16T14:10:37.491+0000] {dagbag.py:545} INFO - Filling up the DagBag from /opt/airflow/dags/youtube_pipeline.py
[2026-09-16T14:10:37.496+0000] {logging_mixin.py:188} INFO - [2026-09-16T14:10:37.495+0000] {dagbag.py:355} ERROR - Failed to import: /opt/airflow/dags/youtube_pipeline.py
Traceback (most recent call last):
  File "/home/airflow/.local/lib/python3.12/site-packages/airflow/models/dagbag.py", line 351, in parse
    loader.exec_module(new_module)
  File "<frozen importlib._bootstrap_external>", line 995, in exec_module
  File "<frozen importlib._bootstrap>", line 488, in _call_with_frames_removed
  File "/opt/airflow/dags/youtube_pipeline.py", line 6, in <module>
    from include import extract as extract_data
ModuleNotFoundError: No module named 'include'
[2026-09-16T14:10:37.497+0000] {processor.py:842} WARNING - No viable dags retrieved from /opt/airflow/dags/youtube_pipeline.py
[2026-09-16T14:10:37.519+0000] {processor.py:183} INFO - Processing /opt/airflow/dags/youtube_pipeline.py took 0.047 seconds
[2026-09-16T14:11:07.594+0000] {processor.py:161} INFO - Started process (PID=4578) to work on /opt/airflow/dags/youtube_pipeline.py
[2026-09-16T14:11:07.595+0000] {processor.py:830} INFO - Processing file /opt/airflow/dags/youtube_pipeline.py for tasks to queue
[2026-09-16T14:11:07.596+0000] {logging_mixin.py:188} INFO - [2026-09-16T14:11:07.595+0000] {dagbag.py:545} INFO - Filling up the DagBag from /opt/airflow/dags/youtube_pipeline.py
[2026-09-16T14:11:07.599+0000] {logging_mixin.py:188} INFO - [2026-09-16T14:11:07.598+0000] {dagbag.py:355} ERROR - Failed to import: /opt/airflow/dags/youtube_pipeline.py
Traceback (most recent call last):
  File "/home/airflow/.local/lib/python3.12/site-packages/airflow/models/dagbag.py", line 351, in parse
    loader.exec_module(new_module)
  File "<frozen importlib._bootstrap_external>", line 995, in exec_module
  File "<frozen importlib._bootstrap>", line 488, in _call_with_frames_removed
  File "/opt/airflow/dags/youtube_pipeline.py", line 6, in <module>
    from include import extract as extract_data
ModuleNotFoundError: No module named 'include'
[2026-09-16T14:11:07.600+0000] {processor.py:842} WARNING - No viable dags retrieved from /opt/airflow/dags/youtube_pipeline.py
[2026-09-16T14:11:07.611+0000] {processor.py:183} INFO - Processing /opt/airflow/dags/youtube_pipeline.py took 0.022 seconds
[2026-09-16T14:11:37.725+0000] {processor.py:161} INFO - Started process (PID=4585) to work on /opt/airflow/dags/youtube_pipeline.py
[2026-09-16T14:11:37.736+0000] {processor.py:830} INFO - Processing file /opt/airflow/dags/youtube_pipeline.py for tasks to queue
[2026-09-16T14:11:37.736+0000] {logging_mixin.py:188} INFO - [2026-09-16T14:11:37.736+0000] {dagbag.py:545} INFO - Filling up the DagBag from /opt/airflow/dags/youtube_pipeline.py
[2026-09-16T14:11:37.738+0000] {logging_mixin.py:188} INFO - [2026-09-16T14:11:37.738+0000] {dagbag.py:355} ERROR - Failed to import: /opt/airflow/dags/youtube_pipeline.py
Traceback (most recent call last):
  File "/home/airflow/.local/lib/python3.12/site-packages/airflow/models/dagbag.py", line 351, in parse
    loader.exec_module(new_module)
  File "<frozen importlib._bootstrap_external>", line 995, in exec_module
  File "<frozen importlib._bootstrap>", line 488, in _call_with_frames_removed
  File "/opt/airflow/dags/youtube_pipeline.py", line 6, in <module>
    from include import extract as extract_data
ModuleNotFoundError: No module named 'include'
[2026-09-16T14:11:37.739+0000] {processor.py:842} WARNING - No viable dags retrieved from /opt/airflow/dags/youtube_pipeline.py
[2026-09-16T14:11:37.751+0000] {processor.py:183} INFO - Processing /opt/airflow/dags/youtube_pipeline.py took 0.029 seconds
[2026-09-16T14:12:07.876+0000] {processor.py:161} INFO - Started process (PID=4592) to work on /opt/airflow/dags/youtube_pipeline.py
[2026-09-16T14:12:07.876+0000] {processor.py:830} INFO - Processing file /opt/airflow/dags/youtube_pipeline.py for tasks to queue
[2026-09-16T14:12:07.877+0000] {logging_mixin.py:188} INFO - [2026-09-16T14:12:07.877+0000] {dagbag.py:545} INFO - Filling up the DagBag from /opt/airflow/dags/youtube_pipeline.py
[2026-09-16T14:12:07.879+0000] {logging_mixin.py:188} INFO - [2026-09-16T14:12:07.878+0000] {dagbag.py:355} ERROR - Failed to import: /opt/airflow/dags/youtube_pipeline.py
Traceback (most recent call last):
  File "/home/airflow/.local/lib/python3.12/site-packages/airflow/models/dagbag.py", line 351, in parse
    loader.exec_module(new_module)
  File "<frozen importlib._bootstrap_external>", line 995, in exec_module
  File "<frozen importlib._bootstrap>", line 488, in _call_with_frames_removed
  File "/opt/airflow/dags/youtube_pipeline.py", line 6, in <module>
    from include import extract as extract_data
ModuleNotFoundError: No module named 'include'
[2026-09-16T14:12:07.879+0000] {processor.py:842} WARNING - No viable dags retrieved from /opt/airflow/dags/youtube_pipeline.py
[2026-09-16T14:12:07.890+0000] {processor.py:183} INFO - Processing /opt/airflow/dags/youtube_pipeline.py took 0.017 seconds
[2026-09-16T14:12:21.955+0000] {processor.py:161} INFO - Started process (PID=4593) to work on /opt/airflow/dags/youtube_pipeline.py
[2026-09-16T14:12:21.956+0000] {processor.py:830} INFO - Processing file /opt/airflow/dags/youtube_pipeline.py for tasks to queue
[2026-09-16T14:12:21.957+0000] {logging_mixin.py:188} INFO - [2026-09-16T14:12:21.957+0000] {dagbag.py:545} INFO - Filling up the DagBag from /opt/airflow/dags/youtube_pipeline.py
[2026-09-16T14:12:21.963+0000] {logging_mixin.py:188} INFO - [2026-09-16T14:12:21.961+0000] {dagbag.py:355} ERROR - Failed to import: /opt/airflow/dags/youtube_pipeline.py
Traceback (most recent call last):
  File "/home/airflow/.local/lib/python3.12/site-packages/airflow/models/dagbag.py", line 351, in parse
    loader.exec_module(new_module)
  File "<frozen importlib._bootstrap_external>", line 995, in exec_module
  File "<frozen importlib._bootstrap>", line 488, in _call_with_frames_removed
  File "/opt/airflow/dags/youtube_pipeline.py", line 6, in <module>
    from include import extract as extract_data
ModuleNotFoundError: No module named 'include'
[2026-09-16T14:12:21.963+0000] {processor.py:842} WARNING - No viable dags retrieved from /opt/airflow/dags/youtube_pipeline.py
[2026-09-16T14:12:21.980+0000] {processor.py:183} INFO - Processing /opt/airflow/dags/youtube_pipeline.py took 0.032 seconds
[2026-09-16T14:12:52.107+0000] {processor.py:161} INFO - Started process (PID=4600) to work on /opt/airflow/dags/youtube_pipeline.py
[2026-09-16T14:12:52.108+0000] {processor.py:830} INFO - Processing file /opt/airflow/dags/youtube_pipeline.py for tasks to queue
[2026-09-16T14:12:52.109+0000] {logging_mixin.py:188} INFO - [2026-09-16T14:12:52.108+0000] {dagbag.py:545} INFO - Filling up the DagBag from /opt/airflow/dags/youtube_pipeline.py
[2026-09-16T14:12:52.112+0000] {logging_mixin.py:188} INFO - [2026-09-16T14:12:52.111+0000] {dagbag.py:355} ERROR - Failed to import: /opt/airflow/dags/youtube_pipeline.py
Traceback (most recent call last):
  File "/home/airflow/.local/lib/python3.12/site-packages/airflow/models/dagbag.py", line 351, in parse
    loader.exec_module(new_module)
  File "<frozen importlib._bootstrap_external>", line 995, in exec_module
  File "<frozen importlib._bootstrap>", line 488, in _call_with_frames_removed
  File "/opt/airflow/dags/youtube_pipeline.py", line 6, in <module>
    from include import extract as extract_data
ModuleNotFoundError: No module named 'include'
[2026-09-16T14:12:52.112+0000] {processor.py:842} WARNING - No viable dags retrieved from /opt/airflow/dags/youtube_pipeline.py
[2026-09-16T14:12:52.123+0000] {processor.py:183} INFO - Processing /opt/airflow/dags/youtube_pipeline.py took 0.026 seconds
[2026-09-16T14:13:22.237+0000] {processor.py:161} INFO - Started process (PID=4607) to work on /opt/airflow/dags/youtube_pipeline.py
[2026-09-16T14:13:22.325+0000] {processor.py:830} INFO - Processing file /opt/airflow/dags/youtube_pipeline.py for tasks to queue
[2026-09-16T14:13:22.326+0000] {logging_mixin.py:188} INFO - [2026-09-16T14:13:22.326+0000] {dagbag.py:545} INFO - Filling up the DagBag from /opt/airflow/dags/youtube_pipeline.py
[2026-09-16T14:13:22.331+0000] {logging_mixin.py:188} INFO - [2026-09-16T14:13:22.329+0000] {dagbag.py:355} ERROR - Failed to import: /opt/airflow/dags/youtube_pipeline.py
Traceback (most recent call last):
  File "/home/airflow/.local/lib/python3.12/site-packages/airflow/models/dagbag.py", line 351, in parse
    loader.exec_module(new_module)
  File "<frozen importlib._bootstrap_external>", line 995, in exec_module
  File "<frozen importlib._bootstrap>", line 488, in _call_with_frames_removed
  File "/opt/airflow/dags/youtube_pipeline.py", line 6, in <module>
    from include import extract as extract_data
ModuleNotFoundError: No module named 'include'
[2026-09-16T14:13:22.332+0000] {processor.py:842} WARNING - No viable dags retrieved from /opt/airflow/dags/youtube_pipeline.py
[2026-09-16T14:13:22.354+0000] {processor.py:183} INFO - Processing /opt/airflow/dags/youtube_pipeline.py took 0.126 seconds
[2026-09-16T14:13:52.479+0000] {processor.py:161} INFO - Started process (PID=4614) to work on /opt/airflow/dags/youtube_pipeline.py
[2026-09-16T14:13:52.479+0000] {processor.py:830} INFO - Processing file /opt/airflow/dags/youtube_pipeline.py for tasks to queue
[2026-09-16T14:13:52.480+0000] {logging_mixin.py:188} INFO - [2026-09-16T14:13:52.479+0000] {dagbag.py:545} INFO - Filling up the DagBag from /opt/airflow/dags/youtube_pipeline.py
[2026-09-16T14:13:52.482+0000] {logging_mixin.py:188} INFO - [2026-09-16T14:13:52.481+0000] {dagbag.py:355} ERROR - Failed to import: /opt/airflow/dags/youtube_pipeline.py
Traceback (most recent call last):
  File "/home/airflow/.local/lib/python3.12/site-packages/airflow/models/dagbag.py", line 351, in parse
    loader.exec_module(new_module)
  File "<frozen importlib._bootstrap_external>", line 995, in exec_module
  File "<frozen importlib._bootstrap>", line 488, in _call_with_frames_removed
  File "/opt/airflow/dags/youtube_pipeline.py", line 6, in <module>
    from include import extract as extract_data
ModuleNotFoundError: No module named 'include'
[2026-09-16T14:13:52.482+0000] {processor.py:842} WARNING - No viable dags retrieved from /opt/airflow/dags/youtube_pipeline.py
[2026-09-16T14:13:52.493+0000] {processor.py:183} INFO - Processing /opt/airflow/dags/youtube_pipeline.py took 0.020 seconds
[2026-09-16T14:14:22.602+0000] {processor.py:161} INFO - Started process (PID=4621) to work on /opt/airflow/dags/youtube_pipeline.py
[2026-09-16T14:14:22.689+0000] {processor.py:830} INFO - Processing file /opt/airflow/dags/youtube_pipeline.py for tasks to queue
[2026-09-16T14:14:22.691+0000] {logging_mixin.py:188} INFO - [2026-09-16T14:14:22.690+0000] {dagbag.py:545} INFO - Filling up the DagBag from /opt/airflow/dags/youtube_pipeline.py
[2026-09-16T14:14:22.696+0000] {logging_mixin.py:188} INFO - [2026-09-16T14:14:22.695+0000] {dagbag.py:355} ERROR - Failed to import: /opt/airflow/dags/youtube_pipeline.py
Traceback (most recent call last):
  File "/home/airflow/.local/lib/python3.12/site-packages/airflow/models/dagbag.py", line 351, in parse
    loader.exec_module(new_module)
  File "<frozen importlib._bootstrap_external>", line 995, in exec_module
  File "<frozen importlib._bootstrap>", line 488, in _call_with_frames_removed
  File "/opt/airflow/dags/youtube_pipeline.py", line 6, in <module>
    from include import extract as extract_data
ModuleNotFoundError: No module named 'include'
[2026-09-16T14:14:22.697+0000] {processor.py:842} WARNING - No viable dags retrieved from /opt/airflow/dags/youtube_pipeline.py
[2026-09-16T14:14:22.721+0000] {processor.py:183} INFO - Processing /opt/airflow/dags/youtube_pipeline.py took 0.129 seconds
[2026-09-16T14:14:52.857+0000] {processor.py:161} INFO - Started process (PID=4628) to work on /opt/airflow/dags/youtube_pipeline.py
[2026-09-16T14:14:52.858+0000] {processor.py:830} INFO - Processing file /opt/airflow/dags/youtube_pipeline.py for tasks to queue
[2026-09-16T14:14:52.859+0000] {logging_mixin.py:188} INFO - [2026-09-16T14:14:52.858+0000] {dagbag.py:545} INFO - Filling up the DagBag from /opt/airflow/dags/youtube_pipeline.py
[2026-09-16T14:14:52.862+0000] {logging_mixin.py:188} INFO - [2026-09-16T14:14:52.861+0000] {dagbag.py:355} ERROR - Failed to import: /opt/airflow/dags/youtube_pipeline.py
Traceback (most recent call last):
  File "/home/airflow/.local/lib/python3.12/site-packages/airflow/models/dagbag.py", line 351, in parse
    loader.exec_module(new_module)
  File "<frozen importlib._bootstrap_external>", line 995, in exec_module
  File "<frozen importlib._bootstrap>", line 488, in _call_with_frames_removed
  File "/opt/airflow/dags/youtube_pipeline.py", line 6, in <module>
    from include import extract as extract_data
ModuleNotFoundError: No module named 'include'
[2026-09-16T14:14:52.862+0000] {processor.py:842} WARNING - No viable dags retrieved from /opt/airflow/dags/youtube_pipeline.py
[2026-09-16T14:14:52.877+0000] {processor.py:183} INFO - Processing /opt/airflow/dags/youtube_pipeline.py took 0.029 seconds
[2026-09-16T14:15:23.003+0000] {processor.py:161} INFO - Started process (PID=4635) to work on /opt/airflow/dags/youtube_pipeline.py
[2026-09-16T14:15:23.094+0000] {processor.py:830} INFO - Processing file /opt/airflow/dags/youtube_pipeline.py for tasks to queue
[2026-09-16T14:15:23.095+0000] {logging_mixin.py:188} INFO - [2026-09-16T14:15:23.095+0000] {dagbag.py:545} INFO - Filling up the DagBag from /opt/airflow/dags/youtube_pipeline.py
[2026-09-16T14:15:23.100+0000] {logging_mixin.py:188} INFO - [2026-09-16T14:15:23.098+0000] {dagbag.py:355} ERROR - Failed to import: /opt/airflow/dags/youtube_pipeline.py
Traceback (most recent call last):
  File "/home/airflow/.local/lib/python3.12/site-packages/airflow/models/dagbag.py", line 351, in parse
    loader.exec_module(new_module)
  File "<frozen importlib._bootstrap_external>", line 995, in exec_module
  File "<frozen importlib._bootstrap>", line 488, in _call_with_frames_removed
  File "/opt/airflow/dags/youtube_pipeline.py", line 6, in <module>
    from include import extract as extract_data
ModuleNotFoundError: No module named 'include'
[2026-09-16T14:15:23.101+0000] {processor.py:842} WARNING - No viable dags retrieved from /opt/airflow/dags/youtube_pipeline.py
[2026-09-16T14:15:23.122+0000] {processor.py:183} INFO - Processing /opt/airflow/dags/youtube_pipeline.py took 0.122 seconds
[2026-09-16T14:15:53.137+0000] {processor.py:161} INFO - Started process (PID=4642) to work on /opt/airflow/dags/youtube_pipeline.py
[2026-09-16T14:15:53.138+0000] {processor.py:830} INFO - Processing file /opt/airflow/dags/youtube_pipeline.py for tasks to queue
[2026-09-16T14:15:53.139+0000] {logging_mixin.py:188} INFO - [2026-09-16T14:15:53.139+0000] {dagbag.py:545} INFO - Filling up the DagBag from /opt/airflow/dags/youtube_pipeline.py
[2026-09-16T14:15:53.141+0000] {logging_mixin.py:188} INFO - [2026-09-16T14:15:53.140+0000] {dagbag.py:355} ERROR - Failed to import: /opt/airflow/dags/youtube_pipeline.py
Traceback (most recent call last):
  File "/home/airflow/.local/lib/python3.12/site-packages/airflow/models/dagbag.py", line 351, in parse
    loader.exec_module(new_module)
  File "<frozen importlib._bootstrap_external>", line 995, in exec_module
  File "<frozen importlib._bootstrap>", line 488, in _call_with_frames_removed
  File "/opt/airflow/dags/youtube_pipeline.py", line 6, in <module>
    from include import extract as extract_data
ModuleNotFoundError: No module named 'include'
[2026-09-16T14:15:53.142+0000] {processor.py:842} WARNING - No viable dags retrieved from /opt/airflow/dags/youtube_pipeline.py
[2026-09-16T14:15:53.154+0000] {processor.py:183} INFO - Processing /opt/airflow/dags/youtube_pipeline.py took 0.021 seconds
[2026-09-16T14:16:23.261+0000] {processor.py:161} INFO - Started process (PID=4649) to work on /opt/airflow/dags/youtube_pipeline.py
[2026-09-16T14:16:23.346+0000] {processor.py:830} INFO - Processing file /opt/airflow/dags/youtube_pipeline.py for tasks to queue
[2026-09-16T14:16:23.347+0000] {logging_mixin.py:188} INFO - [2026-09-16T14:16:23.346+0000] {dagbag.py:545} INFO - Filling up the DagBag from /opt/airflow/dags/youtube_pipeline.py
[2026-09-16T14:16:23.349+0000] {logging_mixin.py:188} INFO - [2026-09-16T14:16:23.348+0000] {dagbag.py:355} ERROR - Failed to import: /opt/airflow/dags/youtube_pipeline.py
Traceback (most recent call last):
  File "/home/airflow/.local/lib/python3.12/site-packages/airflow/models/dagbag.py", line 351, in parse
    loader.exec_module(new_module)
  File "<frozen importlib._bootstrap_external>", line 995, in exec_module
  File "<frozen importlib._bootstrap>", line 488, in _call_with_frames_removed
  File "/opt/airflow/dags/youtube_pipeline.py", line 6, in <module>
    from include import extract as extract_data
ModuleNotFoundError: No module named 'include'
[2026-09-16T14:16:23.349+0000] {processor.py:842} WARNING - No viable dags retrieved from /opt/airflow/dags/youtube_pipeline.py
[2026-09-16T14:16:23.360+0000] {processor.py:183} INFO - Processing /opt/airflow/dags/youtube_pipeline.py took 0.103 seconds
[2026-09-16T14:16:53.439+0000] {processor.py:161} INFO - Started process (PID=4656) to work on /opt/airflow/dags/youtube_pipeline.py
[2026-09-16T14:16:53.440+0000] {processor.py:830} INFO - Processing file /opt/airflow/dags/youtube_pipeline.py for tasks to queue
[2026-09-16T14:16:53.441+0000] {logging_mixin.py:188} INFO - [2026-09-16T14:16:53.440+0000] {dagbag.py:545} INFO - Filling up the DagBag from /opt/airflow/dags/youtube_pipeline.py
[2026-09-16T14:16:53.443+0000] {logging_mixin.py:188} INFO - [2026-09-16T14:16:53.442+0000] {dagbag.py:355} ERROR - Failed to import: /opt/airflow/dags/youtube_pipeline.py
Traceback (most recent call last):
  File "/home/airflow/.local/lib/python3.12/site-packages/airflow/models/dagbag.py", line 351, in parse
    loader.exec_module(new_module)
  File "<frozen importlib._bootstrap_external>", line 995, in exec_module
  File "<frozen importlib._bootstrap>", line 488, in _call_with_frames_removed
  File "/opt/airflow/dags/youtube_pipeline.py", line 6, in <module>
    from include import extract as extract_data
ModuleNotFoundError: No module named 'include'
[2026-09-16T14:16:53.443+0000] {processor.py:842} WARNING - No viable dags retrieved from /opt/airflow/dags/youtube_pipeline.py
[2026-09-16T14:16:53.455+0000] {processor.py:183} INFO - Processing /opt/airflow/dags/youtube_pipeline.py took 0.023 seconds
[2026-09-16T14:17:23.582+0000] {processor.py:161} INFO - Started process (PID=4663) to work on /opt/airflow/dags/youtube_pipeline.py
[2026-09-16T14:17:23.589+0000] {processor.py:830} INFO - Processing file /opt/airflow/dags/youtube_pipeline.py for tasks to queue
[2026-09-16T14:17:23.591+0000] {logging_mixin.py:188} INFO - [2026-09-16T14:17:23.590+0000] {dagbag.py:545} INFO - Filling up the DagBag from /opt/airflow/dags/youtube_pipeline.py
[2026-09-16T14:17:23.595+0000] {logging_mixin.py:188} INFO - [2026-09-16T14:17:23.594+0000] {dagbag.py:355} ERROR - Failed to import: /opt/airflow/dags/youtube_pipeline.py
Traceback (most recent call last):
  File "/home/airflow/.local/lib/python3.12/site-packages/airflow/models/dagbag.py", line 351, in parse
    loader.exec_module(new_module)
  File "<frozen importlib._bootstrap_external>", line 995, in exec_module
  File "<frozen importlib._bootstrap>", line 488, in _call_with_frames_removed
  File "/opt/airflow/dags/youtube_pipeline.py", line 6, in <module>
    from include import extract as extract_data
ModuleNotFoundError: No module named 'include'
[2026-09-16T14:17:23.596+0000] {processor.py:842} WARNING - No viable dags retrieved from /opt/airflow/dags/youtube_pipeline.py
[2026-09-16T14:17:23.613+0000] {processor.py:183} INFO - Processing /opt/airflow/dags/youtube_pipeline.py took 0.041 seconds
[2026-09-16T14:17:53.722+0000] {processor.py:161} INFO - Started process (PID=4670) to work on /opt/airflow/dags/youtube_pipeline.py
[2026-09-16T14:17:53.723+0000] {processor.py:830} INFO - Processing file /opt/airflow/dags/youtube_pipeline.py for tasks to queue
[2026-09-16T14:17:53.724+0000] {logging_mixin.py:188} INFO - [2026-09-16T14:17:53.724+0000] {dagbag.py:545} INFO - Filling up the DagBag from /opt/airflow/dags/youtube_pipeline.py
[2026-09-16T14:17:53.727+0000] {logging_mixin.py:188} INFO - [2026-09-16T14:17:53.726+0000] {dagbag.py:355} ERROR - Failed to import: /opt/airflow/dags/youtube_pipeline.py
Traceback (most recent call last):
  File "/home/airflow/.local/lib/python3.12/site-packages/airflow/models/dagbag.py", line 351, in parse
    loader.exec_module(new_module)
  File "<frozen importlib._bootstrap_external>", line 995, in exec_module
  File "<frozen importlib._bootstrap>", line 488, in _call_with_frames_removed
  File "/opt/airflow/dags/youtube_pipeline.py", line 6, in <module>
    from include import extract as extract_data
ModuleNotFoundError: No module named 'include'
[2026-09-16T14:17:53.727+0000] {processor.py:842} WARNING - No viable dags retrieved from /opt/airflow/dags/youtube_pipeline.py
[2026-09-16T14:17:53.741+0000] {processor.py:183} INFO - Processing /opt/airflow/dags/youtube_pipeline.py took 0.028 seconds
[2026-09-16T14:18:23.883+0000] {processor.py:161} INFO - Started process (PID=4677) to work on /opt/airflow/dags/youtube_pipeline.py
[2026-09-16T14:18:23.966+0000] {processor.py:830} INFO - Processing file /opt/airflow/dags/youtube_pipeline.py for tasks to queue
[2026-09-16T14:18:23.966+0000] {logging_mixin.py:188} INFO - [2026-09-16T14:18:23.966+0000] {dagbag.py:545} INFO - Filling up the DagBag from /opt/airflow/dags/youtube_pipeline.py
[2026-09-16T14:18:23.968+0000] {logging_mixin.py:188} INFO - [2026-09-16T14:18:23.968+0000] {dagbag.py:355} ERROR - Failed to import: /opt/airflow/dags/youtube_pipeline.py
Traceback (most recent call last):
  File "/home/airflow/.local/lib/python3.12/site-packages/airflow/models/dagbag.py", line 351, in parse
    loader.exec_module(new_module)
  File "<frozen importlib._bootstrap_external>", line 995, in exec_module
  File "<frozen importlib._bootstrap>", line 488, in _call_with_frames_removed
  File "/opt/airflow/dags/youtube_pipeline.py", line 6, in <module>
    from include import extract as extract_data
ModuleNotFoundError: No module named 'include'
[2026-09-16T14:18:23.969+0000] {processor.py:842} WARNING - No viable dags retrieved from /opt/airflow/dags/youtube_pipeline.py
[2026-09-16T14:18:23.979+0000] {processor.py:183} INFO - Processing /opt/airflow/dags/youtube_pipeline.py took 0.105 seconds
[2026-09-16T14:18:54.026+0000] {processor.py:161} INFO - Started process (PID=4684) to work on /opt/airflow/dags/youtube_pipeline.py
[2026-09-16T14:18:54.027+0000] {processor.py:830} INFO - Processing file /opt/airflow/dags/youtube_pipeline.py for tasks to queue
[2026-09-16T14:18:54.028+0000] {logging_mixin.py:188} INFO - [2026-09-16T14:18:54.027+0000] {dagbag.py:545} INFO - Filling up the DagBag from /opt/airflow/dags/youtube_pipeline.py
[2026-09-16T14:18:54.031+0000] {logging_mixin.py:188} INFO - [2026-09-16T14:18:54.030+0000] {dagbag.py:355} ERROR - Failed to import: /opt/airflow/dags/youtube_pipeline.py
Traceback (most recent call last):
  File "/home/airflow/.local/lib/python3.12/site-packages/airflow/models/dagbag.py", line 351, in parse
    loader.exec_module(new_module)
  File "<frozen importlib._bootstrap_external>", line 995, in exec_module
  File "<frozen importlib._bootstrap>", line 488, in _call_with_frames_removed
  File "/opt/airflow/dags/youtube_pipeline.py", line 6, in <module>
    from include import extract as extract_data
ModuleNotFoundError: No module named 'include'
[2026-09-16T14:18:54.032+0000] {processor.py:842} WARNING - No viable dags retrieved from /opt/airflow/dags/youtube_pipeline.py
[2026-09-16T14:18:54.044+0000] {processor.py:183} INFO - Processing /opt/airflow/dags/youtube_pipeline.py took 0.027 seconds
[2026-09-16T14:19:24.169+0000] {processor.py:161} INFO - Started process (PID=4691) to work on /opt/airflow/dags/youtube_pipeline.py
[2026-09-16T14:19:24.262+0000] {processor.py:830} INFO - Processing file /opt/airflow/dags/youtube_pipeline.py for tasks to queue
[2026-09-16T14:19:24.263+0000] {logging_mixin.py:188} INFO - [2026-09-16T14:19:24.263+0000] {dagbag.py:545} INFO - Filling up the DagBag from /opt/airflow/dags/youtube_pipeline.py
[2026-09-16T14:19:24.268+0000] {logging_mixin.py:188} INFO - [2026-09-16T14:19:24.267+0000] {dagbag.py:355} ERROR - Failed to import: /opt/airflow/dags/youtube_pipeline.py
Traceback (most recent call last):
  File "/home/airflow/.local/lib/python3.12/site-packages/airflow/models/dagbag.py", line 351, in parse
    loader.exec_module(new_module)
  File "<frozen importlib._bootstrap_external>", line 995, in exec_module
  File "<frozen importlib._bootstrap>", line 488, in _call_with_frames_removed
  File "/opt/airflow/dags/youtube_pipeline.py", line 6, in <module>
    from include import extract as extract_data
ModuleNotFoundError: No module named 'include'
[2026-09-16T14:19:24.269+0000] {processor.py:842} WARNING - No viable dags retrieved from /opt/airflow/dags/youtube_pipeline.py
[2026-09-16T14:19:24.296+0000] {processor.py:183} INFO - Processing /opt/airflow/dags/youtube_pipeline.py took 0.135 seconds
[2026-09-16T14:19:54.437+0000] {processor.py:161} INFO - Started process (PID=4698) to work on /opt/airflow/dags/youtube_pipeline.py
[2026-09-16T14:19:54.438+0000] {processor.py:830} INFO - Processing file /opt/airflow/dags/youtube_pipeline.py for tasks to queue
[2026-09-16T14:19:54.439+0000] {logging_mixin.py:188} INFO - [2026-09-16T14:19:54.439+0000] {dagbag.py:545} INFO - Filling up the DagBag from /opt/airflow/dags/youtube_pipeline.py
[2026-09-16T14:19:54.442+0000] {logging_mixin.py:188} INFO - [2026-09-16T14:19:54.441+0000] {dagbag.py:355} ERROR - Failed to import: /opt/airflow/dags/youtube_pipeline.py
Traceback (most recent call last):
  File "/home/airflow/.local/lib/python3.12/site-packages/airflow/models/dagbag.py", line 351, in parse
    loader.exec_module(new_module)
  File "<frozen importlib._bootstrap_external>", line 995, in exec_module
  File "<frozen importlib._bootstrap>", line 488, in _call_with_frames_removed
  File "/opt/airflow/dags/youtube_pipeline.py", line 6, in <module>
    from include import extract as extract_data
ModuleNotFoundError: No module named 'include'
[2026-09-16T14:19:54.442+0000] {processor.py:842} WARNING - No viable dags retrieved from /opt/airflow/dags/youtube_pipeline.py
[2026-09-16T14:19:54.455+0000] {processor.py:183} INFO - Processing /opt/airflow/dags/youtube_pipeline.py took 0.027 seconds
[2026-09-16T14:20:24.566+0000] {processor.py:161} INFO - Started process (PID=4705) to work on /opt/airflow/dags/youtube_pipeline.py
[2026-09-16T14:20:24.656+0000] {processor.py:830} INFO - Processing file /opt/airflow/dags/youtube_pipeline.py for tasks to queue
[2026-09-16T14:20:24.657+0000] {logging_mixin.py:188} INFO - [2026-09-16T14:20:24.657+0000] {dagbag.py:545} INFO - Filling up the DagBag from /opt/airflow/dags/youtube_pipeline.py
[2026-09-16T14:20:24.662+0000] {logging_mixin.py:188} INFO - [2026-09-16T14:20:24.661+0000] {dagbag.py:355} ERROR - Failed to import: /opt/airflow/dags/youtube_pipeline.py
Traceback (most recent call last):
  File "/home/airflow/.local/lib/python3.12/site-packages/airflow/models/dagbag.py", line 351, in parse
    loader.exec_module(new_module)
  File "<frozen importlib._bootstrap_external>", line 995, in exec_module
  File "<frozen importlib._bootstrap>", line 488, in _call_with_frames_removed
  File "/opt/airflow/dags/youtube_pipeline.py", line 6, in <module>
    from include import extract as extract_data
ModuleNotFoundError: No module named 'include'
[2026-09-16T14:20:24.663+0000] {processor.py:842} WARNING - No viable dags retrieved from /opt/airflow/dags/youtube_pipeline.py
[2026-09-16T14:20:24.681+0000] {processor.py:183} INFO - Processing /opt/airflow/dags/youtube_pipeline.py took 0.122 seconds
[2026-09-16T14:20:54.812+0000] {processor.py:161} INFO - Started process (PID=4712) to work on /opt/airflow/dags/youtube_pipeline.py
[2026-09-16T14:20:54.812+0000] {processor.py:830} INFO - Processing file /opt/airflow/dags/youtube_pipeline.py for tasks to queue
[2026-09-16T14:20:54.813+0000] {logging_mixin.py:188} INFO - [2026-09-16T14:20:54.813+0000] {dagbag.py:545} INFO - Filling up the DagBag from /opt/airflow/dags/youtube_pipeline.py
[2026-09-16T14:20:54.816+0000] {logging_mixin.py:188} INFO - [2026-09-16T14:20:54.815+0000] {dagbag.py:355} ERROR - Failed to import: /opt/airflow/dags/youtube_pipeline.py
Traceback (most recent call last):
  File "/home/airflow/.local/lib/python3.12/site-packages/airflow/models/dagbag.py", line 351, in parse
    loader.exec_module(new_module)
  File "<frozen importlib._bootstrap_external>", line 995, in exec_module
  File "<frozen importlib._bootstrap>", line 488, in _call_with_frames_removed
  File "/opt/airflow/dags/youtube_pipeline.py", line 6, in <module>
    from include import extract as extract_data
ModuleNotFoundError: No module named 'include'
[2026-09-16T14:20:54.816+0000] {processor.py:842} WARNING - No viable dags retrieved from /opt/airflow/dags/youtube_pipeline.py
[2026-09-16T14:20:54.828+0000] {processor.py:183} INFO - Processing /opt/airflow/dags/youtube_pipeline.py took 0.023 seconds
[2026-09-16T14:21:24.949+0000] {processor.py:161} INFO - Started process (PID=4719) to work on /opt/airflow/dags/youtube_pipeline.py
[2026-09-16T14:21:24.962+0000] {processor.py:830} INFO - Processing file /opt/airflow/dags/youtube_pipeline.py for tasks to queue
[2026-09-16T14:21:24.964+0000] {logging_mixin.py:188} INFO - [2026-09-16T14:21:24.963+0000] {dagbag.py:545} INFO - Filling up the DagBag from /opt/airflow/dags/youtube_pipeline.py
[2026-09-16T14:21:24.969+0000] {logging_mixin.py:188} INFO - [2026-09-16T14:21:24.967+0000] {dagbag.py:355} ERROR - Failed to import: /opt/airflow/dags/youtube_pipeline.py
Traceback (most recent call last):
  File "/home/airflow/.local/lib/python3.12/site-packages/airflow/models/dagbag.py", line 351, in parse
    loader.exec_module(new_module)
  File "<frozen importlib._bootstrap_external>", line 995, in exec_module
  File "<frozen importlib._bootstrap>", line 488, in _call_with_frames_removed
  File "/opt/airflow/dags/youtube_pipeline.py", line 6, in <module>
    from include import extract as extract_data
ModuleNotFoundError: No module named 'include'
[2026-09-16T14:21:24.970+0000] {processor.py:842} WARNING - No viable dags retrieved from /opt/airflow/dags/youtube_pipeline.py
[2026-09-16T14:21:24.995+0000] {processor.py:183} INFO - Processing /opt/airflow/dags/youtube_pipeline.py took 0.053 seconds
[2026-09-16T14:21:55.098+0000] {processor.py:161} INFO - Started process (PID=4726) to work on /opt/airflow/dags/youtube_pipeline.py
[2026-09-16T14:21:55.099+0000] {processor.py:830} INFO - Processing file /opt/airflow/dags/youtube_pipeline.py for tasks to queue
[2026-09-16T14:21:55.101+0000] {logging_mixin.py:188} INFO - [2026-09-16T14:21:55.100+0000] {dagbag.py:545} INFO - Filling up the DagBag from /opt/airflow/dags/youtube_pipeline.py
[2026-09-16T14:21:55.103+0000] {logging_mixin.py:188} INFO - [2026-09-16T14:21:55.102+0000] {dagbag.py:355} ERROR - Failed to import: /opt/airflow/dags/youtube_pipeline.py
Traceback (most recent call last):
  File "/home/airflow/.local/lib/python3.12/site-packages/airflow/models/dagbag.py", line 351, in parse
    loader.exec_module(new_module)
  File "<frozen importlib._bootstrap_external>", line 995, in exec_module
  File "<frozen importlib._bootstrap>", line 488, in _call_with_frames_removed
  File "/opt/airflow/dags/youtube_pipeline.py", line 6, in <module>
    from include import extract as extract_data
ModuleNotFoundError: No module named 'include'
[2026-09-16T14:21:55.103+0000] {processor.py:842} WARNING - No viable dags retrieved from /opt/airflow/dags/youtube_pipeline.py
[2026-09-16T14:21:55.118+0000] {processor.py:183} INFO - Processing /opt/airflow/dags/youtube_pipeline.py took 0.027 seconds
[2026-09-16T14:22:25.246+0000] {processor.py:161} INFO - Started process (PID=4733) to work on /opt/airflow/dags/youtube_pipeline.py
[2026-09-16T14:22:25.257+0000] {processor.py:830} INFO - Processing file /opt/airflow/dags/youtube_pipeline.py for tasks to queue
[2026-09-16T14:22:25.258+0000] {logging_mixin.py:188} INFO - [2026-09-16T14:22:25.258+0000] {dagbag.py:545} INFO - Filling up the DagBag from /opt/airflow/dags/youtube_pipeline.py
[2026-09-16T14:22:25.263+0000] {logging_mixin.py:188} INFO - [2026-09-16T14:22:25.261+0000] {dagbag.py:355} ERROR - Failed to import: /opt/airflow/dags/youtube_pipeline.py
Traceback (most recent call last):
  File "/home/airflow/.local/lib/python3.12/site-packages/airflow/models/dagbag.py", line 351, in parse
    loader.exec_module(new_module)
  File "<frozen importlib._bootstrap_external>", line 995, in exec_module
  File "<frozen importlib._bootstrap>", line 488, in _call_with_frames_removed
  File "/opt/airflow/dags/youtube_pipeline.py", line 6, in <module>
    from include import extract as extract_data
ModuleNotFoundError: No module named 'include'
[2026-09-16T14:22:25.263+0000] {processor.py:842} WARNING - No viable dags retrieved from /opt/airflow/dags/youtube_pipeline.py
[2026-09-16T14:22:25.280+0000] {processor.py:183} INFO - Processing /opt/airflow/dags/youtube_pipeline.py took 0.037 seconds
[2026-09-16T14:22:55.399+0000] {processor.py:161} INFO - Started process (PID=4740) to work on /opt/airflow/dags/youtube_pipeline.py
[2026-09-16T14:22:55.400+0000] {processor.py:830} INFO - Processing file /opt/airflow/dags/youtube_pipeline.py for tasks to queue
[2026-09-16T14:22:55.400+0000] {logging_mixin.py:188} INFO - [2026-09-16T14:22:55.400+0000] {dagbag.py:545} INFO - Filling up the DagBag from /opt/airflow/dags/youtube_pipeline.py
[2026-09-16T14:22:55.402+0000] {logging_mixin.py:188} INFO - [2026-09-16T14:22:55.402+0000] {dagbag.py:355} ERROR - Failed to import: /opt/airflow/dags/youtube_pipeline.py
Traceback (most recent call last):
  File "/home/airflow/.local/lib/python3.12/site-packages/airflow/models/dagbag.py", line 351, in parse
    loader.exec_module(new_module)
  File "<frozen importlib._bootstrap_external>", line 995, in exec_module
  File "<frozen importlib._bootstrap>", line 488, in _call_with_frames_removed
  File "/opt/airflow/dags/youtube_pipeline.py", line 6, in <module>
    from include import extract as extract_data
ModuleNotFoundError: No module named 'include'
[2026-09-16T14:22:55.403+0000] {processor.py:842} WARNING - No viable dags retrieved from /opt/airflow/dags/youtube_pipeline.py
[2026-09-16T14:22:55.416+0000] {processor.py:183} INFO - Processing /opt/airflow/dags/youtube_pipeline.py took 0.022 seconds
[2026-09-16T14:23:25.557+0000] {processor.py:161} INFO - Started process (PID=4747) to work on /opt/airflow/dags/youtube_pipeline.py
[2026-09-16T14:23:25.563+0000] {processor.py:830} INFO - Processing file /opt/airflow/dags/youtube_pipeline.py for tasks to queue
[2026-09-16T14:23:25.564+0000] {logging_mixin.py:188} INFO - [2026-09-16T14:23:25.563+0000] {dagbag.py:545} INFO - Filling up the DagBag from /opt/airflow/dags/youtube_pipeline.py
[2026-09-16T14:23:25.566+0000] {logging_mixin.py:188} INFO - [2026-09-16T14:23:25.565+0000] {dagbag.py:355} ERROR - Failed to import: /opt/airflow/dags/youtube_pipeline.py
Traceback (most recent call last):
  File "/home/airflow/.local/lib/python3.12/site-packages/airflow/models/dagbag.py", line 351, in parse
    loader.exec_module(new_module)
  File "<frozen importlib._bootstrap_external>", line 995, in exec_module
  File "<frozen importlib._bootstrap>", line 488, in _call_with_frames_removed
  File "/opt/airflow/dags/youtube_pipeline.py", line 6, in <module>
    from include import extract as extract_data
ModuleNotFoundError: No module named 'include'
[2026-09-16T14:23:25.566+0000] {processor.py:842} WARNING - No viable dags retrieved from /opt/airflow/dags/youtube_pipeline.py
[2026-09-16T14:23:25.577+0000] {processor.py:183} INFO - Processing /opt/airflow/dags/youtube_pipeline.py took 0.027 seconds
[2026-09-16T14:23:55.683+0000] {processor.py:161} INFO - Started process (PID=4754) to work on /opt/airflow/dags/youtube_pipeline.py
[2026-09-16T14:23:55.684+0000] {processor.py:830} INFO - Processing file /opt/airflow/dags/youtube_pipeline.py for tasks to queue
[2026-09-16T14:23:55.684+0000] {logging_mixin.py:188} INFO - [2026-09-16T14:23:55.684+0000] {dagbag.py:545} INFO - Filling up the DagBag from /opt/airflow/dags/youtube_pipeline.py
[2026-09-16T14:23:55.686+0000] {logging_mixin.py:188} INFO - [2026-09-16T14:23:55.686+0000] {dagbag.py:355} ERROR - Failed to import: /opt/airflow/dags/youtube_pipeline.py
Traceback (most recent call last):
  File "/home/airflow/.local/lib/python3.12/site-packages/airflow/models/dagbag.py", line 351, in parse
    loader.exec_module(new_module)
  File "<frozen importlib._bootstrap_external>", line 995, in exec_module
  File "<frozen importlib._bootstrap>", line 488, in _call_with_frames_removed
  File "/opt/airflow/dags/youtube_pipeline.py", line 6, in <module>
    from include import extract as extract_data
ModuleNotFoundError: No module named 'include'
[2026-09-16T14:23:55.687+0000] {processor.py:842} WARNING - No viable dags retrieved from /opt/airflow/dags/youtube_pipeline.py
[2026-09-16T14:23:55.698+0000] {processor.py:183} INFO - Processing /opt/airflow/dags/youtube_pipeline.py took 0.018 seconds
[2026-09-16T14:24:25.842+0000] {processor.py:161} INFO - Started process (PID=4761) to work on /opt/airflow/dags/youtube_pipeline.py
[2026-09-16T14:24:25.850+0000] {processor.py:830} INFO - Processing file /opt/airflow/dags/youtube_pipeline.py for tasks to queue
[2026-09-16T14:24:25.851+0000] {logging_mixin.py:188} INFO - [2026-09-16T14:24:25.851+0000] {dagbag.py:545} INFO - Filling up the DagBag from /opt/airflow/dags/youtube_pipeline.py
[2026-09-16T14:24:25.855+0000] {logging_mixin.py:188} INFO - [2026-09-16T14:24:25.854+0000] {dagbag.py:355} ERROR - Failed to import: /opt/airflow/dags/youtube_pipeline.py
Traceback (most recent call last):
  File "/home/airflow/.local/lib/python3.12/site-packages/airflow/models/dagbag.py", line 351, in parse
    loader.exec_module(new_module)
  File "<frozen importlib._bootstrap_external>", line 995, in exec_module
  File "<frozen importlib._bootstrap>", line 488, in _call_with_frames_removed
  File "/opt/airflow/dags/youtube_pipeline.py", line 6, in <module>
    from include import extract as extract_data
ModuleNotFoundError: No module named 'include'
[2026-09-16T14:24:25.856+0000] {processor.py:842} WARNING - No viable dags retrieved from /opt/airflow/dags/youtube_pipeline.py
[2026-09-16T14:24:25.874+0000] {processor.py:183} INFO - Processing /opt/airflow/dags/youtube_pipeline.py took 0.040 seconds
[2026-09-16T14:24:55.998+0000] {processor.py:161} INFO - Started process (PID=4768) to work on /opt/airflow/dags/youtube_pipeline.py
[2026-09-16T14:24:55.999+0000] {processor.py:830} INFO - Processing file /opt/airflow/dags/youtube_pipeline.py for tasks to queue
[2026-09-16T14:24:56.000+0000] {logging_mixin.py:188} INFO - [2026-09-16T14:24:55.999+0000] {dagbag.py:545} INFO - Filling up the DagBag from /opt/airflow/dags/youtube_pipeline.py
[2026-09-16T14:24:56.003+0000] {logging_mixin.py:188} INFO - [2026-09-16T14:24:56.002+0000] {dagbag.py:355} ERROR - Failed to import: /opt/airflow/dags/youtube_pipeline.py
Traceback (most recent call last):
  File "/home/airflow/.local/lib/python3.12/site-packages/airflow/models/dagbag.py", line 351, in parse
    loader.exec_module(new_module)
  File "<frozen importlib._bootstrap_external>", line 995, in exec_module
  File "<frozen importlib._bootstrap>", line 488, in _call_with_frames_removed
  File "/opt/airflow/dags/youtube_pipeline.py", line 6, in <module>
    from include import extract as extract_data
ModuleNotFoundError: No module named 'include'
[2026-09-16T14:24:56.003+0000] {processor.py:842} WARNING - No viable dags retrieved from /opt/airflow/dags/youtube_pipeline.py
[2026-09-16T14:24:56.014+0000] {processor.py:183} INFO - Processing /opt/airflow/dags/youtube_pipeline.py took 0.027 seconds
[2026-09-16T14:25:26.143+0000] {processor.py:161} INFO - Started process (PID=4775) to work on /opt/airflow/dags/youtube_pipeline.py
[2026-09-16T14:25:26.150+0000] {processor.py:830} INFO - Processing file /opt/airflow/dags/youtube_pipeline.py for tasks to queue
[2026-09-16T14:25:26.152+0000] {logging_mixin.py:188} INFO - [2026-09-16T14:25:26.151+0000] {dagbag.py:545} INFO - Filling up the DagBag from /opt/airflow/dags/youtube_pipeline.py
[2026-09-16T14:25:26.157+0000] {logging_mixin.py:188} INFO - [2026-09-16T14:25:26.155+0000] {dagbag.py:355} ERROR - Failed to import: /opt/airflow/dags/youtube_pipeline.py
Traceback (most recent call last):
  File "/home/airflow/.local/lib/python3.12/site-packages/airflow/models/dagbag.py", line 351, in parse
    loader.exec_module(new_module)
  File "<frozen importlib._bootstrap_external>", line 995, in exec_module
  File "<frozen importlib._bootstrap>", line 488, in _call_with_frames_removed
  File "/opt/airflow/dags/youtube_pipeline.py", line 6, in <module>
    from include import extract as extract_data
ModuleNotFoundError: No module named 'include'
[2026-09-16T14:25:26.157+0000] {processor.py:842} WARNING - No viable dags retrieved from /opt/airflow/dags/youtube_pipeline.py
[2026-09-16T14:25:26.176+0000] {processor.py:183} INFO - Processing /opt/airflow/dags/youtube_pipeline.py took 0.037 seconds
[2026-09-16T14:25:56.298+0000] {processor.py:161} INFO - Started process (PID=4782) to work on /opt/airflow/dags/youtube_pipeline.py
[2026-09-16T14:25:56.299+0000] {processor.py:830} INFO - Processing file /opt/airflow/dags/youtube_pipeline.py for tasks to queue
[2026-09-16T14:25:56.299+0000] {logging_mixin.py:188} INFO - [2026-09-16T14:25:56.299+0000] {dagbag.py:545} INFO - Filling up the DagBag from /opt/airflow/dags/youtube_pipeline.py
[2026-09-16T14:25:56.303+0000] {logging_mixin.py:188} INFO - [2026-09-16T14:25:56.302+0000] {dagbag.py:355} ERROR - Failed to import: /opt/airflow/dags/youtube_pipeline.py
Traceback (most recent call last):
  File "/home/airflow/.local/lib/python3.12/site-packages/airflow/models/dagbag.py", line 351, in parse
    loader.exec_module(new_module)
  File "<frozen importlib._bootstrap_external>", line 995, in exec_module
  File "<frozen importlib._bootstrap>", line 488, in _call_with_frames_removed
  File "/opt/airflow/dags/youtube_pipeline.py", line 6, in <module>
    from include import extract as extract_data
ModuleNotFoundError: No module named 'include'
[2026-09-16T14:25:56.304+0000] {processor.py:842} WARNING - No viable dags retrieved from /opt/airflow/dags/youtube_pipeline.py
[2026-09-16T14:25:56.321+0000] {processor.py:183} INFO - Processing /opt/airflow/dags/youtube_pipeline.py took 0.030 seconds
[2026-09-16T14:26:26.449+0000] {processor.py:161} INFO - Started process (PID=4789) to work on /opt/airflow/dags/youtube_pipeline.py
[2026-09-16T14:26:26.545+0000] {processor.py:830} INFO - Processing file /opt/airflow/dags/youtube_pipeline.py for tasks to queue
[2026-09-16T14:26:26.545+0000] {logging_mixin.py:188} INFO - [2026-09-16T14:26:26.545+0000] {dagbag.py:545} INFO - Filling up the DagBag from /opt/airflow/dags/youtube_pipeline.py
[2026-09-16T14:26:26.548+0000] {logging_mixin.py:188} INFO - [2026-09-16T14:26:26.547+0000] {dagbag.py:355} ERROR - Failed to import: /opt/airflow/dags/youtube_pipeline.py
Traceback (most recent call last):
  File "/home/airflow/.local/lib/python3.12/site-packages/airflow/models/dagbag.py", line 351, in parse
    loader.exec_module(new_module)
  File "<frozen importlib._bootstrap_external>", line 995, in exec_module
  File "<frozen importlib._bootstrap>", line 488, in _call_with_frames_removed
  File "/opt/airflow/dags/youtube_pipeline.py", line 6, in <module>
    from include import extract as extract_data
ModuleNotFoundError: No module named 'include'
[2026-09-16T14:26:26.548+0000] {processor.py:842} WARNING - No viable dags retrieved from /opt/airflow/dags/youtube_pipeline.py
[2026-09-16T14:26:26.559+0000] {processor.py:183} INFO - Processing /opt/airflow/dags/youtube_pipeline.py took 0.113 seconds
[2026-09-16T14:26:56.603+0000] {processor.py:161} INFO - Started process (PID=4796) to work on /opt/airflow/dags/youtube_pipeline.py
[2026-09-16T14:26:56.604+0000] {processor.py:830} INFO - Processing file /opt/airflow/dags/youtube_pipeline.py for tasks to queue
[2026-09-16T14:26:56.605+0000] {logging_mixin.py:188} INFO - [2026-09-16T14:26:56.605+0000] {dagbag.py:545} INFO - Filling up the DagBag from /opt/airflow/dags/youtube_pipeline.py
[2026-09-16T14:26:56.610+0000] {logging_mixin.py:188} INFO - [2026-09-16T14:26:56.608+0000] {dagbag.py:355} ERROR - Failed to import: /opt/airflow/dags/youtube_pipeline.py
Traceback (most recent call last):
  File "/home/airflow/.local/lib/python3.12/site-packages/airflow/models/dagbag.py", line 351, in parse
    loader.exec_module(new_module)
  File "<frozen importlib._bootstrap_external>", line 995, in exec_module
  File "<frozen importlib._bootstrap>", line 488, in _call_with_frames_removed
  File "/opt/airflow/dags/youtube_pipeline.py", line 6, in <module>
    from include import extract as extract_data
ModuleNotFoundError: No module named 'include'
[2026-09-16T14:26:56.610+0000] {processor.py:842} WARNING - No viable dags retrieved from /opt/airflow/dags/youtube_pipeline.py
[2026-09-16T14:26:56.629+0000] {processor.py:183} INFO - Processing /opt/airflow/dags/youtube_pipeline.py took 0.034 seconds
[2026-09-16T14:27:26.732+0000] {processor.py:161} INFO - Started process (PID=4803) to work on /opt/airflow/dags/youtube_pipeline.py
[2026-09-16T14:27:26.773+0000] {processor.py:830} INFO - Processing file /opt/airflow/dags/youtube_pipeline.py for tasks to queue
[2026-09-16T14:27:26.775+0000] {logging_mixin.py:188} INFO - [2026-09-16T14:27:26.774+0000] {dagbag.py:545} INFO - Filling up the DagBag from /opt/airflow/dags/youtube_pipeline.py
[2026-09-16T14:27:26.780+0000] {logging_mixin.py:188} INFO - [2026-09-16T14:27:26.778+0000] {dagbag.py:355} ERROR - Failed to import: /opt/airflow/dags/youtube_pipeline.py
Traceback (most recent call last):
  File "/home/airflow/.local/lib/python3.12/site-packages/airflow/models/dagbag.py", line 351, in parse
    loader.exec_module(new_module)
  File "<frozen importlib._bootstrap_external>", line 995, in exec_module
  File "<frozen importlib._bootstrap>", line 488, in _call_with_frames_removed
  File "/opt/airflow/dags/youtube_pipeline.py", line 6, in <module>
    from include import extract as extract_data
ModuleNotFoundError: No module named 'include'
[2026-09-16T14:27:26.781+0000] {processor.py:842} WARNING - No viable dags retrieved from /opt/airflow/dags/youtube_pipeline.py
[2026-09-16T14:27:26.807+0000] {processor.py:183} INFO - Processing /opt/airflow/dags/youtube_pipeline.py took 0.081 seconds
[2026-09-16T14:27:56.881+0000] {processor.py:161} INFO - Started process (PID=4810) to work on /opt/airflow/dags/youtube_pipeline.py
[2026-09-16T14:27:56.882+0000] {processor.py:830} INFO - Processing file /opt/airflow/dags/youtube_pipeline.py for tasks to queue
[2026-09-16T14:27:56.883+0000] {logging_mixin.py:188} INFO - [2026-09-16T14:27:56.883+0000] {dagbag.py:545} INFO - Filling up the DagBag from /opt/airflow/dags/youtube_pipeline.py
[2026-09-16T14:27:56.886+0000] {logging_mixin.py:188} INFO - [2026-09-16T14:27:56.885+0000] {dagbag.py:355} ERROR - Failed to import: /opt/airflow/dags/youtube_pipeline.py
Traceback (most recent call last):
  File "/home/airflow/.local/lib/python3.12/site-packages/airflow/models/dagbag.py", line 351, in parse
    loader.exec_module(new_module)
  File "<frozen importlib._bootstrap_external>", line 995, in exec_module
  File "<frozen importlib._bootstrap>", line 488, in _call_with_frames_removed
  File "/opt/airflow/dags/youtube_pipeline.py", line 6, in <module>
    from include import extract as extract_data
ModuleNotFoundError: No module named 'include'
[2026-09-16T14:27:56.887+0000] {processor.py:842} WARNING - No viable dags retrieved from /opt/airflow/dags/youtube_pipeline.py
[2026-09-16T14:27:56.910+0000] {processor.py:183} INFO - Processing /opt/airflow/dags/youtube_pipeline.py took 0.035 seconds
[2026-09-16T14:28:27.020+0000] {processor.py:161} INFO - Started process (PID=4817) to work on /opt/airflow/dags/youtube_pipeline.py
[2026-09-16T14:28:27.105+0000] {processor.py:830} INFO - Processing file /opt/airflow/dags/youtube_pipeline.py for tasks to queue
[2026-09-16T14:28:27.107+0000] {logging_mixin.py:188} INFO - [2026-09-16T14:28:27.106+0000] {dagbag.py:545} INFO - Filling up the DagBag from /opt/airflow/dags/youtube_pipeline.py
[2026-09-16T14:28:27.112+0000] {logging_mixin.py:188} INFO - [2026-09-16T14:28:27.110+0000] {dagbag.py:355} ERROR - Failed to import: /opt/airflow/dags/youtube_pipeline.py
Traceback (most recent call last):
  File "/home/airflow/.local/lib/python3.12/site-packages/airflow/models/dagbag.py", line 351, in parse
    loader.exec_module(new_module)
  File "<frozen importlib._bootstrap_external>", line 995, in exec_module
  File "<frozen importlib._bootstrap>", line 488, in _call_with_frames_removed
  File "/opt/airflow/dags/youtube_pipeline.py", line 6, in <module>
    from include import extract as extract_data
ModuleNotFoundError: No module named 'include'
[2026-09-16T14:28:27.113+0000] {processor.py:842} WARNING - No viable dags retrieved from /opt/airflow/dags/youtube_pipeline.py
[2026-09-16T14:28:27.133+0000] {processor.py:183} INFO - Processing /opt/airflow/dags/youtube_pipeline.py took 0.121 seconds
[2026-09-16T14:28:57.165+0000] {processor.py:161} INFO - Started process (PID=4824) to work on /opt/airflow/dags/youtube_pipeline.py
[2026-09-16T14:28:57.166+0000] {processor.py:830} INFO - Processing file /opt/airflow/dags/youtube_pipeline.py for tasks to queue
[2026-09-16T14:28:57.167+0000] {logging_mixin.py:188} INFO - [2026-09-16T14:28:57.167+0000] {dagbag.py:545} INFO - Filling up the DagBag from /opt/airflow/dags/youtube_pipeline.py
[2026-09-16T14:28:57.172+0000] {logging_mixin.py:188} INFO - [2026-09-16T14:28:57.170+0000] {dagbag.py:355} ERROR - Failed to import: /opt/airflow/dags/youtube_pipeline.py
Traceback (most recent call last):
  File "/home/airflow/.local/lib/python3.12/site-packages/airflow/models/dagbag.py", line 351, in parse
    loader.exec_module(new_module)
  File "<frozen importlib._bootstrap_external>", line 995, in exec_module
  File "<frozen importlib._bootstrap>", line 488, in _call_with_frames_removed
  File "/opt/airflow/dags/youtube_pipeline.py", line 6, in <module>
    from include import extract as extract_data
ModuleNotFoundError: No module named 'include'
[2026-09-16T14:28:57.173+0000] {processor.py:842} WARNING - No viable dags retrieved from /opt/airflow/dags/youtube_pipeline.py
[2026-09-16T14:28:57.193+0000] {processor.py:183} INFO - Processing /opt/airflow/dags/youtube_pipeline.py took 0.038 seconds
[2026-09-16T14:29:27.319+0000] {processor.py:161} INFO - Started process (PID=4831) to work on /opt/airflow/dags/youtube_pipeline.py
[2026-09-16T14:29:27.414+0000] {processor.py:830} INFO - Processing file /opt/airflow/dags/youtube_pipeline.py for tasks to queue
[2026-09-16T14:29:27.416+0000] {logging_mixin.py:188} INFO - [2026-09-16T14:29:27.415+0000] {dagbag.py:545} INFO - Filling up the DagBag from /opt/airflow/dags/youtube_pipeline.py
[2026-09-16T14:29:27.421+0000] {logging_mixin.py:188} INFO - [2026-09-16T14:29:27.419+0000] {dagbag.py:355} ERROR - Failed to import: /opt/airflow/dags/youtube_pipeline.py
Traceback (most recent call last):
  File "/home/airflow/.local/lib/python3.12/site-packages/airflow/models/dagbag.py", line 351, in parse
    loader.exec_module(new_module)
  File "<frozen importlib._bootstrap_external>", line 995, in exec_module
  File "<frozen importlib._bootstrap>", line 488, in _call_with_frames_removed
  File "/opt/airflow/dags/youtube_pipeline.py", line 6, in <module>
    from include import extract as extract_data
ModuleNotFoundError: No module named 'include'
[2026-09-16T14:29:27.421+0000] {processor.py:842} WARNING - No viable dags retrieved from /opt/airflow/dags/youtube_pipeline.py
[2026-09-16T14:29:27.448+0000] {processor.py:183} INFO - Processing /opt/airflow/dags/youtube_pipeline.py took 0.138 seconds
[2026-09-16T14:29:57.481+0000] {processor.py:161} INFO - Started process (PID=4838) to work on /opt/airflow/dags/youtube_pipeline.py
[2026-09-16T14:29:57.482+0000] {processor.py:830} INFO - Processing file /opt/airflow/dags/youtube_pipeline.py for tasks to queue
[2026-09-16T14:29:57.483+0000] {logging_mixin.py:188} INFO - [2026-09-16T14:29:57.483+0000] {dagbag.py:545} INFO - Filling up the DagBag from /opt/airflow/dags/youtube_pipeline.py
[2026-09-16T14:29:57.487+0000] {logging_mixin.py:188} INFO - [2026-09-16T14:29:57.486+0000] {dagbag.py:355} ERROR - Failed to import: /opt/airflow/dags/youtube_pipeline.py
Traceback (most recent call last):
  File "/home/airflow/.local/lib/python3.12/site-packages/airflow/models/dagbag.py", line 351, in parse
    loader.exec_module(new_module)
  File "<frozen importlib._bootstrap_external>", line 995, in exec_module
  File "<frozen importlib._bootstrap>", line 488, in _call_with_frames_removed
  File "/opt/airflow/dags/youtube_pipeline.py", line 6, in <module>
    from include import extract as extract_data
ModuleNotFoundError: No module named 'include'
[2026-09-16T14:29:57.487+0000] {processor.py:842} WARNING - No viable dags retrieved from /opt/airflow/dags/youtube_pipeline.py
[2026-09-16T14:29:57.500+0000] {processor.py:183} INFO - Processing /opt/airflow/dags/youtube_pipeline.py took 0.028 seconds
[2026-09-16T14:30:27.628+0000] {processor.py:161} INFO - Started process (PID=4845) to work on /opt/airflow/dags/youtube_pipeline.py
[2026-09-16T14:30:27.719+0000] {processor.py:830} INFO - Processing file /opt/airflow/dags/youtube_pipeline.py for tasks to queue
[2026-09-16T14:30:27.721+0000] {logging_mixin.py:188} INFO - [2026-09-16T14:30:27.720+0000] {dagbag.py:545} INFO - Filling up the DagBag from /opt/airflow/dags/youtube_pipeline.py
[2026-09-16T14:30:27.726+0000] {logging_mixin.py:188} INFO - [2026-09-16T14:30:27.724+0000] {dagbag.py:355} ERROR - Failed to import: /opt/airflow/dags/youtube_pipeline.py
Traceback (most recent call last):
  File "/home/airflow/.local/lib/python3.12/site-packages/airflow/models/dagbag.py", line 351, in parse
    loader.exec_module(new_module)
  File "<frozen importlib._bootstrap_external>", line 995, in exec_module
  File "<frozen importlib._bootstrap>", line 488, in _call_with_frames_removed
  File "/opt/airflow/dags/youtube_pipeline.py", line 6, in <module>
    from include import extract as extract_data
ModuleNotFoundError: No module named 'include'
[2026-09-16T14:30:27.727+0000] {processor.py:842} WARNING - No viable dags retrieved from /opt/airflow/dags/youtube_pipeline.py
[2026-09-16T14:30:27.753+0000] {processor.py:183} INFO - Processing /opt/airflow/dags/youtube_pipeline.py took 0.132 seconds
[2026-09-16T14:30:57.888+0000] {processor.py:161} INFO - Started process (PID=4852) to work on /opt/airflow/dags/youtube_pipeline.py
[2026-09-16T14:30:57.889+0000] {processor.py:830} INFO - Processing file /opt/airflow/dags/youtube_pipeline.py for tasks to queue
[2026-09-16T14:30:57.890+0000] {logging_mixin.py:188} INFO - [2026-09-16T14:30:57.890+0000] {dagbag.py:545} INFO - Filling up the DagBag from /opt/airflow/dags/youtube_pipeline.py
[2026-09-16T14:30:57.893+0000] {logging_mixin.py:188} INFO - [2026-09-16T14:30:57.892+0000] {dagbag.py:355} ERROR - Failed to import: /opt/airflow/dags/youtube_pipeline.py
Traceback (most recent call last):
  File "/home/airflow/.local/lib/python3.12/site-packages/airflow/models/dagbag.py", line 351, in parse
    loader.exec_module(new_module)
  File "<frozen importlib._bootstrap_external>", line 995, in exec_module
  File "<frozen importlib._bootstrap>", line 488, in _call_with_frames_removed
  File "/opt/airflow/dags/youtube_pipeline.py", line 6, in <module>
    from include import extract as extract_data
ModuleNotFoundError: No module named 'include'
[2026-09-16T14:30:57.894+0000] {processor.py:842} WARNING - No viable dags retrieved from /opt/airflow/dags/youtube_pipeline.py
[2026-09-16T14:30:57.909+0000] {processor.py:183} INFO - Processing /opt/airflow/dags/youtube_pipeline.py took 0.030 seconds
[2026-09-16T14:31:28.043+0000] {processor.py:161} INFO - Started process (PID=4859) to work on /opt/airflow/dags/youtube_pipeline.py
[2026-09-16T14:31:28.130+0000] {processor.py:830} INFO - Processing file /opt/airflow/dags/youtube_pipeline.py for tasks to queue
[2026-09-16T14:31:28.132+0000] {logging_mixin.py:188} INFO - [2026-09-16T14:31:28.131+0000] {dagbag.py:545} INFO - Filling up the DagBag from /opt/airflow/dags/youtube_pipeline.py
[2026-09-16T14:31:28.137+0000] {logging_mixin.py:188} INFO - [2026-09-16T14:31:28.135+0000] {dagbag.py:355} ERROR - Failed to import: /opt/airflow/dags/youtube_pipeline.py
Traceback (most recent call last):
  File "/home/airflow/.local/lib/python3.12/site-packages/airflow/models/dagbag.py", line 351, in parse
    loader.exec_module(new_module)
  File "<frozen importlib._bootstrap_external>", line 995, in exec_module
  File "<frozen importlib._bootstrap>", line 488, in _call_with_frames_removed
  File "/opt/airflow/dags/youtube_pipeline.py", line 6, in <module>
    from include import extract as extract_data
ModuleNotFoundError: No module named 'include'
[2026-09-16T14:31:28.138+0000] {processor.py:842} WARNING - No viable dags retrieved from /opt/airflow/dags/youtube_pipeline.py
[2026-09-16T14:31:28.164+0000] {processor.py:183} INFO - Processing /opt/airflow/dags/youtube_pipeline.py took 0.128 seconds
[2026-09-16T14:31:58.205+0000] {processor.py:161} INFO - Started process (PID=4866) to work on /opt/airflow/dags/youtube_pipeline.py
[2026-09-16T14:31:58.206+0000] {processor.py:830} INFO - Processing file /opt/airflow/dags/youtube_pipeline.py for tasks to queue
[2026-09-16T14:31:58.207+0000] {logging_mixin.py:188} INFO - [2026-09-16T14:31:58.207+0000] {dagbag.py:545} INFO - Filling up the DagBag from /opt/airflow/dags/youtube_pipeline.py
[2026-09-16T14:31:58.210+0000] {logging_mixin.py:188} INFO - [2026-09-16T14:31:58.209+0000] {dagbag.py:355} ERROR - Failed to import: /opt/airflow/dags/youtube_pipeline.py
Traceback (most recent call last):
  File "/home/airflow/.local/lib/python3.12/site-packages/airflow/models/dagbag.py", line 351, in parse
    loader.exec_module(new_module)
  File "<frozen importlib._bootstrap_external>", line 995, in exec_module
  File "<frozen importlib._bootstrap>", line 488, in _call_with_frames_removed
  File "/opt/airflow/dags/youtube_pipeline.py", line 6, in <module>
    from include import extract as extract_data
ModuleNotFoundError: No module named 'include'
[2026-09-16T14:31:58.210+0000] {processor.py:842} WARNING - No viable dags retrieved from /opt/airflow/dags/youtube_pipeline.py
[2026-09-16T14:31:58.222+0000] {processor.py:183} INFO - Processing /opt/airflow/dags/youtube_pipeline.py took 0.026 seconds
[2026-09-16T14:32:28.353+0000] {processor.py:161} INFO - Started process (PID=4873) to work on /opt/airflow/dags/youtube_pipeline.py
[2026-09-16T14:32:28.447+0000] {processor.py:830} INFO - Processing file /opt/airflow/dags/youtube_pipeline.py for tasks to queue
[2026-09-16T14:32:28.448+0000] {logging_mixin.py:188} INFO - [2026-09-16T14:32:28.448+0000] {dagbag.py:545} INFO - Filling up the DagBag from /opt/airflow/dags/youtube_pipeline.py
[2026-09-16T14:32:28.452+0000] {logging_mixin.py:188} INFO - [2026-09-16T14:32:28.451+0000] {dagbag.py:355} ERROR - Failed to import: /opt/airflow/dags/youtube_pipeline.py
Traceback (most recent call last):
  File "/home/airflow/.local/lib/python3.12/site-packages/airflow/models/dagbag.py", line 351, in parse
    loader.exec_module(new_module)
  File "<frozen importlib._bootstrap_external>", line 995, in exec_module
  File "<frozen importlib._bootstrap>", line 488, in _call_with_frames_removed
  File "/opt/airflow/dags/youtube_pipeline.py", line 6, in <module>
    from include import extract as extract_data
ModuleNotFoundError: No module named 'include'
[2026-09-16T14:32:28.452+0000] {processor.py:842} WARNING - No viable dags retrieved from /opt/airflow/dags/youtube_pipeline.py
[2026-09-16T14:32:28.473+0000] {processor.py:183} INFO - Processing /opt/airflow/dags/youtube_pipeline.py took 0.127 seconds
[2026-09-16T14:32:58.498+0000] {processor.py:161} INFO - Started process (PID=4880) to work on /opt/airflow/dags/youtube_pipeline.py
[2026-09-16T14:32:58.499+0000] {processor.py:830} INFO - Processing file /opt/airflow/dags/youtube_pipeline.py for tasks to queue
[2026-09-16T14:32:58.499+0000] {logging_mixin.py:188} INFO - [2026-09-16T14:32:58.499+0000] {dagbag.py:545} INFO - Filling up the DagBag from /opt/airflow/dags/youtube_pipeline.py
[2026-09-16T14:32:58.503+0000] {logging_mixin.py:188} INFO - [2026-09-16T14:32:58.502+0000] {dagbag.py:355} ERROR - Failed to import: /opt/airflow/dags/youtube_pipeline.py
Traceback (most recent call last):
  File "/home/airflow/.local/lib/python3.12/site-packages/airflow/models/dagbag.py", line 351, in parse
    loader.exec_module(new_module)
  File "<frozen importlib._bootstrap_external>", line 995, in exec_module
  File "<frozen importlib._bootstrap>", line 488, in _call_with_frames_removed
  File "/opt/airflow/dags/youtube_pipeline.py", line 6, in <module>
    from include import extract as extract_data
ModuleNotFoundError: No module named 'include'
[2026-09-16T14:32:58.503+0000] {processor.py:842} WARNING - No viable dags retrieved from /opt/airflow/dags/youtube_pipeline.py
[2026-09-16T14:32:58.525+0000] {processor.py:183} INFO - Processing /opt/airflow/dags/youtube_pipeline.py took 0.035 seconds
[2026-09-16T14:33:28.637+0000] {processor.py:161} INFO - Started process (PID=4887) to work on /opt/airflow/dags/youtube_pipeline.py
[2026-09-16T14:33:28.736+0000] {processor.py:830} INFO - Processing file /opt/airflow/dags/youtube_pipeline.py for tasks to queue
[2026-09-16T14:33:28.738+0000] {logging_mixin.py:188} INFO - [2026-09-16T14:33:28.737+0000] {dagbag.py:545} INFO - Filling up the DagBag from /opt/airflow/dags/youtube_pipeline.py
[2026-09-16T14:33:28.743+0000] {logging_mixin.py:188} INFO - [2026-09-16T14:33:28.741+0000] {dagbag.py:355} ERROR - Failed to import: /opt/airflow/dags/youtube_pipeline.py
Traceback (most recent call last):
  File "/home/airflow/.local/lib/python3.12/site-packages/airflow/models/dagbag.py", line 351, in parse
    loader.exec_module(new_module)
  File "<frozen importlib._bootstrap_external>", line 995, in exec_module
  File "<frozen importlib._bootstrap>", line 488, in _call_with_frames_removed
  File "/opt/airflow/dags/youtube_pipeline.py", line 6, in <module>
    from include import extract as extract_data
ModuleNotFoundError: No module named 'include'
[2026-09-16T14:33:28.744+0000] {processor.py:842} WARNING - No viable dags retrieved from /opt/airflow/dags/youtube_pipeline.py
[2026-09-16T14:33:28.770+0000] {processor.py:183} INFO - Processing /opt/airflow/dags/youtube_pipeline.py took 0.143 seconds
[2026-09-16T14:33:58.922+0000] {processor.py:161} INFO - Started process (PID=4894) to work on /opt/airflow/dags/youtube_pipeline.py
[2026-09-16T14:33:58.923+0000] {processor.py:830} INFO - Processing file /opt/airflow/dags/youtube_pipeline.py for tasks to queue
[2026-09-16T14:33:58.925+0000] {logging_mixin.py:188} INFO - [2026-09-16T14:33:58.924+0000] {dagbag.py:545} INFO - Filling up the DagBag from /opt/airflow/dags/youtube_pipeline.py
[2026-09-16T14:33:58.930+0000] {logging_mixin.py:188} INFO - [2026-09-16T14:33:58.928+0000] {dagbag.py:355} ERROR - Failed to import: /opt/airflow/dags/youtube_pipeline.py
Traceback (most recent call last):
  File "/home/airflow/.local/lib/python3.12/site-packages/airflow/models/dagbag.py", line 351, in parse
    loader.exec_module(new_module)
  File "<frozen importlib._bootstrap_external>", line 995, in exec_module
  File "<frozen importlib._bootstrap>", line 488, in _call_with_frames_removed
  File "/opt/airflow/dags/youtube_pipeline.py", line 6, in <module>
    from include import extract as extract_data
ModuleNotFoundError: No module named 'include'
[2026-09-16T14:33:58.930+0000] {processor.py:842} WARNING - No viable dags retrieved from /opt/airflow/dags/youtube_pipeline.py
[2026-09-16T14:33:58.956+0000] {processor.py:183} INFO - Processing /opt/airflow/dags/youtube_pipeline.py took 0.043 seconds
[2026-09-16T14:34:29.055+0000] {processor.py:161} INFO - Started process (PID=4901) to work on /opt/airflow/dags/youtube_pipeline.py
[2026-09-16T14:34:29.141+0000] {processor.py:830} INFO - Processing file /opt/airflow/dags/youtube_pipeline.py for tasks to queue
[2026-09-16T14:34:29.143+0000] {logging_mixin.py:188} INFO - [2026-09-16T14:34:29.142+0000] {dagbag.py:545} INFO - Filling up the DagBag from /opt/airflow/dags/youtube_pipeline.py
[2026-09-16T14:34:29.148+0000] {logging_mixin.py:188} INFO - [2026-09-16T14:34:29.146+0000] {dagbag.py:355} ERROR - Failed to import: /opt/airflow/dags/youtube_pipeline.py
Traceback (most recent call last):
  File "/home/airflow/.local/lib/python3.12/site-packages/airflow/models/dagbag.py", line 351, in parse
    loader.exec_module(new_module)
  File "<frozen importlib._bootstrap_external>", line 995, in exec_module
  File "<frozen importlib._bootstrap>", line 488, in _call_with_frames_removed
  File "/opt/airflow/dags/youtube_pipeline.py", line 6, in <module>
    from include import extract as extract_data
ModuleNotFoundError: No module named 'include'
[2026-09-16T14:34:29.149+0000] {processor.py:842} WARNING - No viable dags retrieved from /opt/airflow/dags/youtube_pipeline.py
[2026-09-16T14:34:29.172+0000] {processor.py:183} INFO - Processing /opt/airflow/dags/youtube_pipeline.py took 0.127 seconds
[2026-09-16T14:34:59.205+0000] {processor.py:161} INFO - Started process (PID=4908) to work on /opt/airflow/dags/youtube_pipeline.py
[2026-09-16T14:34:59.206+0000] {processor.py:830} INFO - Processing file /opt/airflow/dags/youtube_pipeline.py for tasks to queue
[2026-09-16T14:34:59.206+0000] {logging_mixin.py:188} INFO - [2026-09-16T14:34:59.206+0000] {dagbag.py:545} INFO - Filling up the DagBag from /opt/airflow/dags/youtube_pipeline.py
[2026-09-16T14:34:59.209+0000] {logging_mixin.py:188} INFO - [2026-09-16T14:34:59.208+0000] {dagbag.py:355} ERROR - Failed to import: /opt/airflow/dags/youtube_pipeline.py
Traceback (most recent call last):
  File "/home/airflow/.local/lib/python3.12/site-packages/airflow/models/dagbag.py", line 351, in parse
    loader.exec_module(new_module)
  File "<frozen importlib._bootstrap_external>", line 995, in exec_module
  File "<frozen importlib._bootstrap>", line 488, in _call_with_frames_removed
  File "/opt/airflow/dags/youtube_pipeline.py", line 6, in <module>
    from include import extract as extract_data
ModuleNotFoundError: No module named 'include'
[2026-09-16T14:34:59.209+0000] {processor.py:842} WARNING - No viable dags retrieved from /opt/airflow/dags/youtube_pipeline.py
[2026-09-16T14:34:59.222+0000] {processor.py:183} INFO - Processing /opt/airflow/dags/youtube_pipeline.py took 0.020 seconds
[2026-09-16T14:35:29.342+0000] {processor.py:161} INFO - Started process (PID=4915) to work on /opt/airflow/dags/youtube_pipeline.py
[2026-09-16T14:35:29.438+0000] {processor.py:830} INFO - Processing file /opt/airflow/dags/youtube_pipeline.py for tasks to queue
[2026-09-16T14:35:29.440+0000] {logging_mixin.py:188} INFO - [2026-09-16T14:35:29.439+0000] {dagbag.py:545} INFO - Filling up the DagBag from /opt/airflow/dags/youtube_pipeline.py
[2026-09-16T14:35:29.445+0000] {logging_mixin.py:188} INFO - [2026-09-16T14:35:29.443+0000] {dagbag.py:355} ERROR - Failed to import: /opt/airflow/dags/youtube_pipeline.py
Traceback (most recent call last):
  File "/home/airflow/.local/lib/python3.12/site-packages/airflow/models/dagbag.py", line 351, in parse
    loader.exec_module(new_module)
  File "<frozen importlib._bootstrap_external>", line 995, in exec_module
  File "<frozen importlib._bootstrap>", line 488, in _call_with_frames_removed
  File "/opt/airflow/dags/youtube_pipeline.py", line 6, in <module>
    from include import extract as extract_data
ModuleNotFoundError: No module named 'include'
[2026-09-16T14:35:29.446+0000] {processor.py:842} WARNING - No viable dags retrieved from /opt/airflow/dags/youtube_pipeline.py
[2026-09-16T14:35:29.471+0000] {processor.py:183} INFO - Processing /opt/airflow/dags/youtube_pipeline.py took 0.137 seconds
[2026-09-16T14:35:59.607+0000] {processor.py:161} INFO - Started process (PID=4922) to work on /opt/airflow/dags/youtube_pipeline.py
[2026-09-16T14:35:59.608+0000] {processor.py:830} INFO - Processing file /opt/airflow/dags/youtube_pipeline.py for tasks to queue
[2026-09-16T14:35:59.609+0000] {logging_mixin.py:188} INFO - [2026-09-16T14:35:59.609+0000] {dagbag.py:545} INFO - Filling up the DagBag from /opt/airflow/dags/youtube_pipeline.py
[2026-09-16T14:35:59.612+0000] {logging_mixin.py:188} INFO - [2026-09-16T14:35:59.611+0000] {dagbag.py:355} ERROR - Failed to import: /opt/airflow/dags/youtube_pipeline.py
Traceback (most recent call last):
  File "/home/airflow/.local/lib/python3.12/site-packages/airflow/models/dagbag.py", line 351, in parse
    loader.exec_module(new_module)
  File "<frozen importlib._bootstrap_external>", line 995, in exec_module
  File "<frozen importlib._bootstrap>", line 488, in _call_with_frames_removed
  File "/opt/airflow/dags/youtube_pipeline.py", line 6, in <module>
    from include import extract as extract_data
ModuleNotFoundError: No module named 'include'
[2026-09-16T14:35:59.613+0000] {processor.py:842} WARNING - No viable dags retrieved from /opt/airflow/dags/youtube_pipeline.py
[2026-09-16T14:35:59.627+0000] {processor.py:183} INFO - Processing /opt/airflow/dags/youtube_pipeline.py took 0.029 seconds
[2026-09-16T14:36:29.708+0000] {processor.py:161} INFO - Started process (PID=4929) to work on /opt/airflow/dags/youtube_pipeline.py
[2026-09-16T14:36:29.718+0000] {processor.py:830} INFO - Processing file /opt/airflow/dags/youtube_pipeline.py for tasks to queue
[2026-09-16T14:36:29.718+0000] {logging_mixin.py:188} INFO - [2026-09-16T14:36:29.718+0000] {dagbag.py:545} INFO - Filling up the DagBag from /opt/airflow/dags/youtube_pipeline.py
[2026-09-16T14:36:29.720+0000] {logging_mixin.py:188} INFO - [2026-09-16T14:36:29.720+0000] {dagbag.py:355} ERROR - Failed to import: /opt/airflow/dags/youtube_pipeline.py
Traceback (most recent call last):
  File "/home/airflow/.local/lib/python3.12/site-packages/airflow/models/dagbag.py", line 351, in parse
    loader.exec_module(new_module)
  File "<frozen importlib._bootstrap_external>", line 995, in exec_module
  File "<frozen importlib._bootstrap>", line 488, in _call_with_frames_removed
  File "/opt/airflow/dags/youtube_pipeline.py", line 6, in <module>
    from include import extract as extract_data
ModuleNotFoundError: No module named 'include'
[2026-09-16T14:36:29.721+0000] {processor.py:842} WARNING - No viable dags retrieved from /opt/airflow/dags/youtube_pipeline.py
[2026-09-16T14:36:29.732+0000] {processor.py:183} INFO - Processing /opt/airflow/dags/youtube_pipeline.py took 0.028 seconds
[2026-09-16T14:36:59.868+0000] {processor.py:161} INFO - Started process (PID=4936) to work on /opt/airflow/dags/youtube_pipeline.py
[2026-09-16T14:36:59.869+0000] {processor.py:830} INFO - Processing file /opt/airflow/dags/youtube_pipeline.py for tasks to queue
[2026-09-16T14:36:59.870+0000] {logging_mixin.py:188} INFO - [2026-09-16T14:36:59.870+0000] {dagbag.py:545} INFO - Filling up the DagBag from /opt/airflow/dags/youtube_pipeline.py
[2026-09-16T14:36:59.875+0000] {logging_mixin.py:188} INFO - [2026-09-16T14:36:59.873+0000] {dagbag.py:355} ERROR - Failed to import: /opt/airflow/dags/youtube_pipeline.py
Traceback (most recent call last):
  File "/home/airflow/.local/lib/python3.12/site-packages/airflow/models/dagbag.py", line 351, in parse
    loader.exec_module(new_module)
  File "<frozen importlib._bootstrap_external>", line 995, in exec_module
  File "<frozen importlib._bootstrap>", line 488, in _call_with_frames_removed
  File "/opt/airflow/dags/youtube_pipeline.py", line 6, in <module>
    from include import extract as extract_data
ModuleNotFoundError: No module named 'include'
[2026-09-16T14:36:59.876+0000] {processor.py:842} WARNING - No viable dags retrieved from /opt/airflow/dags/youtube_pipeline.py
[2026-09-16T14:36:59.890+0000] {processor.py:183} INFO - Processing /opt/airflow/dags/youtube_pipeline.py took 0.030 seconds
[2026-09-16T14:37:30.022+0000] {processor.py:161} INFO - Started process (PID=4944) to work on /opt/airflow/dags/youtube_pipeline.py
[2026-09-16T14:37:30.114+0000] {processor.py:830} INFO - Processing file /opt/airflow/dags/youtube_pipeline.py for tasks to queue
[2026-09-16T14:37:30.115+0000] {logging_mixin.py:188} INFO - [2026-09-16T14:37:30.115+0000] {dagbag.py:545} INFO - Filling up the DagBag from /opt/airflow/dags/youtube_pipeline.py
[2026-09-16T14:37:30.121+0000] {logging_mixin.py:188} INFO - [2026-09-16T14:37:30.119+0000] {dagbag.py:355} ERROR - Failed to import: /opt/airflow/dags/youtube_pipeline.py
Traceback (most recent call last):
  File "/home/airflow/.local/lib/python3.12/site-packages/airflow/models/dagbag.py", line 351, in parse
    loader.exec_module(new_module)
  File "<frozen importlib._bootstrap_external>", line 995, in exec_module
  File "<frozen importlib._bootstrap>", line 488, in _call_with_frames_removed
  File "/opt/airflow/dags/youtube_pipeline.py", line 6, in <module>
    from include import extract as extract_data
ModuleNotFoundError: No module named 'include'
[2026-09-16T14:37:30.122+0000] {processor.py:842} WARNING - No viable dags retrieved from /opt/airflow/dags/youtube_pipeline.py
[2026-09-16T14:37:30.148+0000] {processor.py:183} INFO - Processing /opt/airflow/dags/youtube_pipeline.py took 0.135 seconds
[2026-09-16T14:38:00.284+0000] {processor.py:161} INFO - Started process (PID=4951) to work on /opt/airflow/dags/youtube_pipeline.py
[2026-09-16T14:38:00.285+0000] {processor.py:830} INFO - Processing file /opt/airflow/dags/youtube_pipeline.py for tasks to queue
[2026-09-16T14:38:00.286+0000] {logging_mixin.py:188} INFO - [2026-09-16T14:38:00.286+0000] {dagbag.py:545} INFO - Filling up the DagBag from /opt/airflow/dags/youtube_pipeline.py
[2026-09-16T14:38:00.291+0000] {logging_mixin.py:188} INFO - [2026-09-16T14:38:00.289+0000] {dagbag.py:355} ERROR - Failed to import: /opt/airflow/dags/youtube_pipeline.py
Traceback (most recent call last):
  File "/home/airflow/.local/lib/python3.12/site-packages/airflow/models/dagbag.py", line 351, in parse
    loader.exec_module(new_module)
  File "<frozen importlib._bootstrap_external>", line 995, in exec_module
  File "<frozen importlib._bootstrap>", line 488, in _call_with_frames_removed
  File "/opt/airflow/dags/youtube_pipeline.py", line 6, in <module>
    from include import extract as extract_data
ModuleNotFoundError: No module named 'include'
[2026-09-16T14:38:00.291+0000] {processor.py:842} WARNING - No viable dags retrieved from /opt/airflow/dags/youtube_pipeline.py
[2026-09-16T14:38:00.315+0000] {processor.py:183} INFO - Processing /opt/airflow/dags/youtube_pipeline.py took 0.041 seconds
[2026-09-16T14:38:30.417+0000] {processor.py:161} INFO - Started process (PID=4958) to work on /opt/airflow/dags/youtube_pipeline.py
[2026-09-16T14:38:30.422+0000] {processor.py:830} INFO - Processing file /opt/airflow/dags/youtube_pipeline.py for tasks to queue
[2026-09-16T14:38:30.423+0000] {logging_mixin.py:188} INFO - [2026-09-16T14:38:30.423+0000] {dagbag.py:545} INFO - Filling up the DagBag from /opt/airflow/dags/youtube_pipeline.py
[2026-09-16T14:38:30.427+0000] {logging_mixin.py:188} INFO - [2026-09-16T14:38:30.425+0000] {dagbag.py:355} ERROR - Failed to import: /opt/airflow/dags/youtube_pipeline.py
Traceback (most recent call last):
  File "/home/airflow/.local/lib/python3.12/site-packages/airflow/models/dagbag.py", line 351, in parse
    loader.exec_module(new_module)
  File "<frozen importlib._bootstrap_external>", line 995, in exec_module
  File "<frozen importlib._bootstrap>", line 488, in _call_with_frames_removed
  File "/opt/airflow/dags/youtube_pipeline.py", line 6, in <module>
    from include import extract as extract_data
ModuleNotFoundError: No module named 'include'
[2026-09-16T14:38:30.427+0000] {processor.py:842} WARNING - No viable dags retrieved from /opt/airflow/dags/youtube_pipeline.py
[2026-09-16T14:38:30.440+0000] {processor.py:183} INFO - Processing /opt/airflow/dags/youtube_pipeline.py took 0.027 seconds
[2026-09-16T14:39:00.586+0000] {processor.py:161} INFO - Started process (PID=4965) to work on /opt/airflow/dags/youtube_pipeline.py
[2026-09-16T14:39:00.587+0000] {processor.py:830} INFO - Processing file /opt/airflow/dags/youtube_pipeline.py for tasks to queue
[2026-09-16T14:39:00.588+0000] {logging_mixin.py:188} INFO - [2026-09-16T14:39:00.587+0000] {dagbag.py:545} INFO - Filling up the DagBag from /opt/airflow/dags/youtube_pipeline.py
[2026-09-16T14:39:00.590+0000] {logging_mixin.py:188} INFO - [2026-09-16T14:39:00.589+0000] {dagbag.py:355} ERROR - Failed to import: /opt/airflow/dags/youtube_pipeline.py
Traceback (most recent call last):
  File "/home/airflow/.local/lib/python3.12/site-packages/airflow/models/dagbag.py", line 351, in parse
    loader.exec_module(new_module)
  File "<frozen importlib._bootstrap_external>", line 995, in exec_module
  File "<frozen importlib._bootstrap>", line 488, in _call_with_frames_removed
  File "/opt/airflow/dags/youtube_pipeline.py", line 6, in <module>
    from include import extract as extract_data
ModuleNotFoundError: No module named 'include'
[2026-09-16T14:39:00.591+0000] {processor.py:842} WARNING - No viable dags retrieved from /opt/airflow/dags/youtube_pipeline.py
[2026-09-16T14:39:00.605+0000] {processor.py:183} INFO - Processing /opt/airflow/dags/youtube_pipeline.py took 0.027 seconds
[2026-09-16T14:39:30.720+0000] {processor.py:161} INFO - Started process (PID=4972) to work on /opt/airflow/dags/youtube_pipeline.py
[2026-09-16T14:39:30.805+0000] {processor.py:830} INFO - Processing file /opt/airflow/dags/youtube_pipeline.py for tasks to queue
[2026-09-16T14:39:30.806+0000] {logging_mixin.py:188} INFO - [2026-09-16T14:39:30.806+0000] {dagbag.py:545} INFO - Filling up the DagBag from /opt/airflow/dags/youtube_pipeline.py
[2026-09-16T14:39:30.809+0000] {logging_mixin.py:188} INFO - [2026-09-16T14:39:30.808+0000] {dagbag.py:355} ERROR - Failed to import: /opt/airflow/dags/youtube_pipeline.py
Traceback (most recent call last):
  File "/home/airflow/.local/lib/python3.12/site-packages/airflow/models/dagbag.py", line 351, in parse
    loader.exec_module(new_module)
  File "<frozen importlib._bootstrap_external>", line 995, in exec_module
  File "<frozen importlib._bootstrap>", line 488, in _call_with_frames_removed
  File "/opt/airflow/dags/youtube_pipeline.py", line 6, in <module>
    from include import extract as extract_data
ModuleNotFoundError: No module named 'include'
[2026-09-16T14:39:30.810+0000] {processor.py:842} WARNING - No viable dags retrieved from /opt/airflow/dags/youtube_pipeline.py
[2026-09-16T14:39:30.832+0000] {processor.py:183} INFO - Processing /opt/airflow/dags/youtube_pipeline.py took 0.116 seconds
[2026-09-16T14:40:00.877+0000] {processor.py:161} INFO - Started process (PID=4979) to work on /opt/airflow/dags/youtube_pipeline.py
[2026-09-16T14:40:00.878+0000] {processor.py:830} INFO - Processing file /opt/airflow/dags/youtube_pipeline.py for tasks to queue
[2026-09-16T14:40:00.879+0000] {logging_mixin.py:188} INFO - [2026-09-16T14:40:00.878+0000] {dagbag.py:545} INFO - Filling up the DagBag from /opt/airflow/dags/youtube_pipeline.py
[2026-09-16T14:40:00.882+0000] {logging_mixin.py:188} INFO - [2026-09-16T14:40:00.881+0000] {dagbag.py:355} ERROR - Failed to import: /opt/airflow/dags/youtube_pipeline.py
Traceback (most recent call last):
  File "/home/airflow/.local/lib/python3.12/site-packages/airflow/models/dagbag.py", line 351, in parse
    loader.exec_module(new_module)
  File "<frozen importlib._bootstrap_external>", line 995, in exec_module
  File "<frozen importlib._bootstrap>", line 488, in _call_with_frames_removed
  File "/opt/airflow/dags/youtube_pipeline.py", line 6, in <module>
    from include import extract as extract_data
ModuleNotFoundError: No module named 'include'
[2026-09-16T14:40:00.883+0000] {processor.py:842} WARNING - No viable dags retrieved from /opt/airflow/dags/youtube_pipeline.py
[2026-09-16T14:40:00.907+0000] {processor.py:183} INFO - Processing /opt/airflow/dags/youtube_pipeline.py took 0.040 seconds
[2026-09-16T14:40:31.024+0000] {processor.py:161} INFO - Started process (PID=4986) to work on /opt/airflow/dags/youtube_pipeline.py
[2026-09-16T14:40:31.136+0000] {processor.py:830} INFO - Processing file /opt/airflow/dags/youtube_pipeline.py for tasks to queue
[2026-09-16T14:40:31.138+0000] {logging_mixin.py:188} INFO - [2026-09-16T14:40:31.137+0000] {dagbag.py:545} INFO - Filling up the DagBag from /opt/airflow/dags/youtube_pipeline.py
[2026-09-16T14:40:31.141+0000] {logging_mixin.py:188} INFO - [2026-09-16T14:40:31.139+0000] {dagbag.py:355} ERROR - Failed to import: /opt/airflow/dags/youtube_pipeline.py
Traceback (most recent call last):
  File "/home/airflow/.local/lib/python3.12/site-packages/airflow/models/dagbag.py", line 351, in parse
    loader.exec_module(new_module)
  File "<frozen importlib._bootstrap_external>", line 995, in exec_module
  File "<frozen importlib._bootstrap>", line 488, in _call_with_frames_removed
  File "/opt/airflow/dags/youtube_pipeline.py", line 6, in <module>
    from include import extract as extract_data
ModuleNotFoundError: No module named 'include'
[2026-09-16T14:40:31.142+0000] {processor.py:842} WARNING - No viable dags retrieved from /opt/airflow/dags/youtube_pipeline.py
[2026-09-16T14:40:31.169+0000] {processor.py:183} INFO - Processing /opt/airflow/dags/youtube_pipeline.py took 0.154 seconds
[2026-09-16T14:41:01.299+0000] {processor.py:161} INFO - Started process (PID=4993) to work on /opt/airflow/dags/youtube_pipeline.py
[2026-09-16T14:41:01.299+0000] {processor.py:830} INFO - Processing file /opt/airflow/dags/youtube_pipeline.py for tasks to queue
[2026-09-16T14:41:01.300+0000] {logging_mixin.py:188} INFO - [2026-09-16T14:41:01.300+0000] {dagbag.py:545} INFO - Filling up the DagBag from /opt/airflow/dags/youtube_pipeline.py
[2026-09-16T14:41:01.302+0000] {logging_mixin.py:188} INFO - [2026-09-16T14:41:01.301+0000] {dagbag.py:355} ERROR - Failed to import: /opt/airflow/dags/youtube_pipeline.py
Traceback (most recent call last):
  File "/home/airflow/.local/lib/python3.12/site-packages/airflow/models/dagbag.py", line 351, in parse
    loader.exec_module(new_module)
  File "<frozen importlib._bootstrap_external>", line 995, in exec_module
  File "<frozen importlib._bootstrap>", line 488, in _call_with_frames_removed
  File "/opt/airflow/dags/youtube_pipeline.py", line 6, in <module>
    from include import extract as extract_data
ModuleNotFoundError: No module named 'include'
[2026-09-16T14:41:01.302+0000] {processor.py:842} WARNING - No viable dags retrieved from /opt/airflow/dags/youtube_pipeline.py
[2026-09-16T14:41:01.313+0000] {processor.py:183} INFO - Processing /opt/airflow/dags/youtube_pipeline.py took 0.019 seconds
[2026-09-16T14:41:31.424+0000] {processor.py:161} INFO - Started process (PID=5000) to work on /opt/airflow/dags/youtube_pipeline.py
[2026-09-16T14:41:31.427+0000] {processor.py:830} INFO - Processing file /opt/airflow/dags/youtube_pipeline.py for tasks to queue
[2026-09-16T14:41:31.428+0000] {logging_mixin.py:188} INFO - [2026-09-16T14:41:31.428+0000] {dagbag.py:545} INFO - Filling up the DagBag from /opt/airflow/dags/youtube_pipeline.py
[2026-09-16T14:41:31.431+0000] {logging_mixin.py:188} INFO - [2026-09-16T14:41:31.430+0000] {dagbag.py:355} ERROR - Failed to import: /opt/airflow/dags/youtube_pipeline.py
Traceback (most recent call last):
  File "/home/airflow/.local/lib/python3.12/site-packages/airflow/models/dagbag.py", line 351, in parse
    loader.exec_module(new_module)
  File "<frozen importlib._bootstrap_external>", line 995, in exec_module
  File "<frozen importlib._bootstrap>", line 488, in _call_with_frames_removed
  File "/opt/airflow/dags/youtube_pipeline.py", line 6, in <module>
    from include import extract as extract_data
ModuleNotFoundError: No module named 'include'
[2026-09-16T14:41:31.431+0000] {processor.py:842} WARNING - No viable dags retrieved from /opt/airflow/dags/youtube_pipeline.py
[2026-09-16T14:41:31.442+0000] {processor.py:183} INFO - Processing /opt/airflow/dags/youtube_pipeline.py took 0.025 seconds
[2026-09-16T14:42:01.575+0000] {processor.py:161} INFO - Started process (PID=5007) to work on /opt/airflow/dags/youtube_pipeline.py
[2026-09-16T14:42:01.576+0000] {processor.py:830} INFO - Processing file /opt/airflow/dags/youtube_pipeline.py for tasks to queue
[2026-09-16T14:42:01.577+0000] {logging_mixin.py:188} INFO - [2026-09-16T14:42:01.577+0000] {dagbag.py:545} INFO - Filling up the DagBag from /opt/airflow/dags/youtube_pipeline.py
[2026-09-16T14:42:01.580+0000] {logging_mixin.py:188} INFO - [2026-09-16T14:42:01.579+0000] {dagbag.py:355} ERROR - Failed to import: /opt/airflow/dags/youtube_pipeline.py
Traceback (most recent call last):
  File "/home/airflow/.local/lib/python3.12/site-packages/airflow/models/dagbag.py", line 351, in parse
    loader.exec_module(new_module)
  File "<frozen importlib._bootstrap_external>", line 995, in exec_module
  File "<frozen importlib._bootstrap>", line 488, in _call_with_frames_removed
  File "/opt/airflow/dags/youtube_pipeline.py", line 6, in <module>
    from include import extract as extract_data
ModuleNotFoundError: No module named 'include'
[2026-09-16T14:42:01.580+0000] {processor.py:842} WARNING - No viable dags retrieved from /opt/airflow/dags/youtube_pipeline.py
[2026-09-16T14:42:01.591+0000] {processor.py:183} INFO - Processing /opt/airflow/dags/youtube_pipeline.py took 0.023 seconds
[2026-09-16T14:42:31.714+0000] {processor.py:161} INFO - Started process (PID=5014) to work on /opt/airflow/dags/youtube_pipeline.py
[2026-09-16T14:42:31.726+0000] {processor.py:830} INFO - Processing file /opt/airflow/dags/youtube_pipeline.py for tasks to queue
[2026-09-16T14:42:31.728+0000] {logging_mixin.py:188} INFO - [2026-09-16T14:42:31.727+0000] {dagbag.py:545} INFO - Filling up the DagBag from /opt/airflow/dags/youtube_pipeline.py
[2026-09-16T14:42:31.733+0000] {logging_mixin.py:188} INFO - [2026-09-16T14:42:31.731+0000] {dagbag.py:355} ERROR - Failed to import: /opt/airflow/dags/youtube_pipeline.py
Traceback (most recent call last):
  File "/home/airflow/.local/lib/python3.12/site-packages/airflow/models/dagbag.py", line 351, in parse
    loader.exec_module(new_module)
  File "<frozen importlib._bootstrap_external>", line 995, in exec_module
  File "<frozen importlib._bootstrap>", line 488, in _call_with_frames_removed
  File "/opt/airflow/dags/youtube_pipeline.py", line 6, in <module>
    from include import extract as extract_data
ModuleNotFoundError: No module named 'include'
[2026-09-16T14:42:31.734+0000] {processor.py:842} WARNING - No viable dags retrieved from /opt/airflow/dags/youtube_pipeline.py
[2026-09-16T14:42:31.756+0000] {processor.py:183} INFO - Processing /opt/airflow/dags/youtube_pipeline.py took 0.050 seconds
[2026-09-16T14:43:01.860+0000] {processor.py:161} INFO - Started process (PID=5021) to work on /opt/airflow/dags/youtube_pipeline.py
[2026-09-16T14:43:01.861+0000] {processor.py:830} INFO - Processing file /opt/airflow/dags/youtube_pipeline.py for tasks to queue
[2026-09-16T14:43:01.862+0000] {logging_mixin.py:188} INFO - [2026-09-16T14:43:01.862+0000] {dagbag.py:545} INFO - Filling up the DagBag from /opt/airflow/dags/youtube_pipeline.py
[2026-09-16T14:43:01.865+0000] {logging_mixin.py:188} INFO - [2026-09-16T14:43:01.864+0000] {dagbag.py:355} ERROR - Failed to import: /opt/airflow/dags/youtube_pipeline.py
Traceback (most recent call last):
  File "/home/airflow/.local/lib/python3.12/site-packages/airflow/models/dagbag.py", line 351, in parse
    loader.exec_module(new_module)
  File "<frozen importlib._bootstrap_external>", line 995, in exec_module
  File "<frozen importlib._bootstrap>", line 488, in _call_with_frames_removed
  File "/opt/airflow/dags/youtube_pipeline.py", line 6, in <module>
    from include import extract as extract_data
ModuleNotFoundError: No module named 'include'
[2026-09-16T14:43:01.866+0000] {processor.py:842} WARNING - No viable dags retrieved from /opt/airflow/dags/youtube_pipeline.py
[2026-09-16T14:43:01.877+0000] {processor.py:183} INFO - Processing /opt/airflow/dags/youtube_pipeline.py took 0.026 seconds
[2026-09-16T14:43:32.000+0000] {processor.py:161} INFO - Started process (PID=5028) to work on /opt/airflow/dags/youtube_pipeline.py
[2026-09-16T14:43:32.010+0000] {processor.py:830} INFO - Processing file /opt/airflow/dags/youtube_pipeline.py for tasks to queue
[2026-09-16T14:43:32.010+0000] {logging_mixin.py:188} INFO - [2026-09-16T14:43:32.010+0000] {dagbag.py:545} INFO - Filling up the DagBag from /opt/airflow/dags/youtube_pipeline.py
[2026-09-16T14:43:32.012+0000] {logging_mixin.py:188} INFO - [2026-09-16T14:43:32.012+0000] {dagbag.py:355} ERROR - Failed to import: /opt/airflow/dags/youtube_pipeline.py
Traceback (most recent call last):
  File "/home/airflow/.local/lib/python3.12/site-packages/airflow/models/dagbag.py", line 351, in parse
    loader.exec_module(new_module)
  File "<frozen importlib._bootstrap_external>", line 995, in exec_module
  File "<frozen importlib._bootstrap>", line 488, in _call_with_frames_removed
  File "/opt/airflow/dags/youtube_pipeline.py", line 6, in <module>
    from include import extract as extract_data
ModuleNotFoundError: No module named 'include'
[2026-09-16T14:43:32.013+0000] {processor.py:842} WARNING - No viable dags retrieved from /opt/airflow/dags/youtube_pipeline.py
[2026-09-16T14:43:32.024+0000] {processor.py:183} INFO - Processing /opt/airflow/dags/youtube_pipeline.py took 0.029 seconds
[2026-09-16T14:44:02.156+0000] {processor.py:161} INFO - Started process (PID=5040) to work on /opt/airflow/dags/youtube_pipeline.py
[2026-09-16T14:44:02.156+0000] {processor.py:830} INFO - Processing file /opt/airflow/dags/youtube_pipeline.py for tasks to queue
[2026-09-16T14:44:02.157+0000] {logging_mixin.py:188} INFO - [2026-09-16T14:44:02.157+0000] {dagbag.py:545} INFO - Filling up the DagBag from /opt/airflow/dags/youtube_pipeline.py
[2026-09-16T14:44:02.159+0000] {logging_mixin.py:188} INFO - [2026-09-16T14:44:02.158+0000] {dagbag.py:355} ERROR - Failed to import: /opt/airflow/dags/youtube_pipeline.py
Traceback (most recent call last):
  File "/home/airflow/.local/lib/python3.12/site-packages/airflow/models/dagbag.py", line 351, in parse
    loader.exec_module(new_module)
  File "<frozen importlib._bootstrap_external>", line 995, in exec_module
  File "<frozen importlib._bootstrap>", line 488, in _call_with_frames_removed
  File "/opt/airflow/dags/youtube_pipeline.py", line 6, in <module>
    from include import extract as extract_data
ModuleNotFoundError: No module named 'include'
[2026-09-16T14:44:02.159+0000] {processor.py:842} WARNING - No viable dags retrieved from /opt/airflow/dags/youtube_pipeline.py
[2026-09-16T14:44:02.170+0000] {processor.py:183} INFO - Processing /opt/airflow/dags/youtube_pipeline.py took 0.018 seconds
[2026-09-16T14:44:32.295+0000] {processor.py:161} INFO - Started process (PID=5047) to work on /opt/airflow/dags/youtube_pipeline.py
[2026-09-16T14:44:32.377+0000] {processor.py:830} INFO - Processing file /opt/airflow/dags/youtube_pipeline.py for tasks to queue
[2026-09-16T14:44:32.379+0000] {logging_mixin.py:188} INFO - [2026-09-16T14:44:32.378+0000] {dagbag.py:545} INFO - Filling up the DagBag from /opt/airflow/dags/youtube_pipeline.py
[2026-09-16T14:44:32.382+0000] {logging_mixin.py:188} INFO - [2026-09-16T14:44:32.381+0000] {dagbag.py:355} ERROR - Failed to import: /opt/airflow/dags/youtube_pipeline.py
Traceback (most recent call last):
  File "/home/airflow/.local/lib/python3.12/site-packages/airflow/models/dagbag.py", line 351, in parse
    loader.exec_module(new_module)
  File "<frozen importlib._bootstrap_external>", line 995, in exec_module
  File "<frozen importlib._bootstrap>", line 488, in _call_with_frames_removed
  File "/opt/airflow/dags/youtube_pipeline.py", line 6, in <module>
    from include import extract as extract_data
ModuleNotFoundError: No module named 'include'
[2026-09-16T14:44:32.383+0000] {processor.py:842} WARNING - No viable dags retrieved from /opt/airflow/dags/youtube_pipeline.py
[2026-09-16T14:44:32.393+0000] {processor.py:183} INFO - Processing /opt/airflow/dags/youtube_pipeline.py took 0.101 seconds
[2026-09-16T14:45:02.433+0000] {processor.py:161} INFO - Started process (PID=5054) to work on /opt/airflow/dags/youtube_pipeline.py
[2026-09-16T14:45:02.434+0000] {processor.py:830} INFO - Processing file /opt/airflow/dags/youtube_pipeline.py for tasks to queue
[2026-09-16T14:45:02.435+0000] {logging_mixin.py:188} INFO - [2026-09-16T14:45:02.434+0000] {dagbag.py:545} INFO - Filling up the DagBag from /opt/airflow/dags/youtube_pipeline.py
[2026-09-16T14:45:02.438+0000] {logging_mixin.py:188} INFO - [2026-09-16T14:45:02.436+0000] {dagbag.py:355} ERROR - Failed to import: /opt/airflow/dags/youtube_pipeline.py
Traceback (most recent call last):
  File "/home/airflow/.local/lib/python3.12/site-packages/airflow/models/dagbag.py", line 351, in parse
    loader.exec_module(new_module)
  File "<frozen importlib._bootstrap_external>", line 995, in exec_module
  File "<frozen importlib._bootstrap>", line 488, in _call_with_frames_removed
  File "/opt/airflow/dags/youtube_pipeline.py", line 6, in <module>
    from include import extract as extract_data
ModuleNotFoundError: No module named 'include'
[2026-09-16T14:45:02.438+0000] {processor.py:842} WARNING - No viable dags retrieved from /opt/airflow/dags/youtube_pipeline.py
[2026-09-16T14:45:02.450+0000] {processor.py:183} INFO - Processing /opt/airflow/dags/youtube_pipeline.py took 0.026 seconds
[2026-09-16T14:45:32.569+0000] {processor.py:161} INFO - Started process (PID=5060) to work on /opt/airflow/dags/youtube_pipeline.py
[2026-09-16T14:45:32.572+0000] {processor.py:830} INFO - Processing file /opt/airflow/dags/youtube_pipeline.py for tasks to queue
[2026-09-16T14:45:32.574+0000] {logging_mixin.py:188} INFO - [2026-09-16T14:45:32.573+0000] {dagbag.py:545} INFO - Filling up the DagBag from /opt/airflow/dags/youtube_pipeline.py
[2026-09-16T14:45:32.577+0000] {logging_mixin.py:188} INFO - [2026-09-16T14:45:32.576+0000] {dagbag.py:355} ERROR - Failed to import: /opt/airflow/dags/youtube_pipeline.py
Traceback (most recent call last):
  File "/home/airflow/.local/lib/python3.12/site-packages/airflow/models/dagbag.py", line 351, in parse
    loader.exec_module(new_module)
  File "<frozen importlib._bootstrap_external>", line 995, in exec_module
  File "<frozen importlib._bootstrap>", line 488, in _call_with_frames_removed
  File "/opt/airflow/dags/youtube_pipeline.py", line 6, in <module>
    from include import extract as extract_data
ModuleNotFoundError: No module named 'include'
[2026-09-16T14:45:32.578+0000] {processor.py:842} WARNING - No viable dags retrieved from /opt/airflow/dags/youtube_pipeline.py
[2026-09-16T14:45:32.594+0000] {processor.py:183} INFO - Processing /opt/airflow/dags/youtube_pipeline.py took 0.033 seconds
[2026-09-16T14:46:02.714+0000] {processor.py:161} INFO - Started process (PID=5067) to work on /opt/airflow/dags/youtube_pipeline.py
[2026-09-16T14:46:02.714+0000] {processor.py:830} INFO - Processing file /opt/airflow/dags/youtube_pipeline.py for tasks to queue
[2026-09-16T14:46:02.715+0000] {logging_mixin.py:188} INFO - [2026-09-16T14:46:02.715+0000] {dagbag.py:545} INFO - Filling up the DagBag from /opt/airflow/dags/youtube_pipeline.py
[2026-09-16T14:46:02.717+0000] {logging_mixin.py:188} INFO - [2026-09-16T14:46:02.717+0000] {dagbag.py:355} ERROR - Failed to import: /opt/airflow/dags/youtube_pipeline.py
Traceback (most recent call last):
  File "/home/airflow/.local/lib/python3.12/site-packages/airflow/models/dagbag.py", line 351, in parse
    loader.exec_module(new_module)
  File "<frozen importlib._bootstrap_external>", line 995, in exec_module
  File "<frozen importlib._bootstrap>", line 488, in _call_with_frames_removed
  File "/opt/airflow/dags/youtube_pipeline.py", line 6, in <module>
    from include import extract as extract_data
ModuleNotFoundError: No module named 'include'
[2026-09-16T14:46:02.718+0000] {processor.py:842} WARNING - No viable dags retrieved from /opt/airflow/dags/youtube_pipeline.py
[2026-09-16T14:46:02.729+0000] {processor.py:183} INFO - Processing /opt/airflow/dags/youtube_pipeline.py took 0.018 seconds
[2026-09-16T14:46:32.863+0000] {processor.py:161} INFO - Started process (PID=5074) to work on /opt/airflow/dags/youtube_pipeline.py
[2026-09-16T14:46:32.943+0000] {processor.py:830} INFO - Processing file /opt/airflow/dags/youtube_pipeline.py for tasks to queue
[2026-09-16T14:46:32.943+0000] {logging_mixin.py:188} INFO - [2026-09-16T14:46:32.943+0000] {dagbag.py:545} INFO - Filling up the DagBag from /opt/airflow/dags/youtube_pipeline.py
[2026-09-16T14:46:32.945+0000] {logging_mixin.py:188} INFO - [2026-09-16T14:46:32.945+0000] {dagbag.py:355} ERROR - Failed to import: /opt/airflow/dags/youtube_pipeline.py
Traceback (most recent call last):
  File "/home/airflow/.local/lib/python3.12/site-packages/airflow/models/dagbag.py", line 351, in parse
    loader.exec_module(new_module)
  File "<frozen importlib._bootstrap_external>", line 995, in exec_module
  File "<frozen importlib._bootstrap>", line 488, in _call_with_frames_removed
  File "/opt/airflow/dags/youtube_pipeline.py", line 6, in <module>
    from include import extract as extract_data
ModuleNotFoundError: No module named 'include'
[2026-09-16T14:46:32.946+0000] {processor.py:842} WARNING - No viable dags retrieved from /opt/airflow/dags/youtube_pipeline.py
[2026-09-16T14:46:32.956+0000] {processor.py:183} INFO - Processing /opt/airflow/dags/youtube_pipeline.py took 0.102 seconds
[2026-09-16T14:47:03.010+0000] {processor.py:161} INFO - Started process (PID=5081) to work on /opt/airflow/dags/youtube_pipeline.py
[2026-09-16T14:47:03.011+0000] {processor.py:830} INFO - Processing file /opt/airflow/dags/youtube_pipeline.py for tasks to queue
[2026-09-16T14:47:03.012+0000] {logging_mixin.py:188} INFO - [2026-09-16T14:47:03.012+0000] {dagbag.py:545} INFO - Filling up the DagBag from /opt/airflow/dags/youtube_pipeline.py
[2026-09-16T14:47:03.015+0000] {logging_mixin.py:188} INFO - [2026-09-16T14:47:03.014+0000] {dagbag.py:355} ERROR - Failed to import: /opt/airflow/dags/youtube_pipeline.py
Traceback (most recent call last):
  File "/home/airflow/.local/lib/python3.12/site-packages/airflow/models/dagbag.py", line 351, in parse
    loader.exec_module(new_module)
  File "<frozen importlib._bootstrap_external>", line 995, in exec_module
  File "<frozen importlib._bootstrap>", line 488, in _call_with_frames_removed
  File "/opt/airflow/dags/youtube_pipeline.py", line 6, in <module>
    from include import extract as extract_data
ModuleNotFoundError: No module named 'include'
[2026-09-16T14:47:03.015+0000] {processor.py:842} WARNING - No viable dags retrieved from /opt/airflow/dags/youtube_pipeline.py
[2026-09-16T14:47:03.031+0000] {processor.py:183} INFO - Processing /opt/airflow/dags/youtube_pipeline.py took 0.030 seconds
[2026-09-16T14:47:33.154+0000] {processor.py:161} INFO - Started process (PID=5088) to work on /opt/airflow/dags/youtube_pipeline.py
[2026-09-16T14:47:33.245+0000] {processor.py:830} INFO - Processing file /opt/airflow/dags/youtube_pipeline.py for tasks to queue
[2026-09-16T14:47:33.247+0000] {logging_mixin.py:188} INFO - [2026-09-16T14:47:33.246+0000] {dagbag.py:545} INFO - Filling up the DagBag from /opt/airflow/dags/youtube_pipeline.py
[2026-09-16T14:47:33.252+0000] {logging_mixin.py:188} INFO - [2026-09-16T14:47:33.250+0000] {dagbag.py:355} ERROR - Failed to import: /opt/airflow/dags/youtube_pipeline.py
Traceback (most recent call last):
  File "/home/airflow/.local/lib/python3.12/site-packages/airflow/models/dagbag.py", line 351, in parse
    loader.exec_module(new_module)
  File "<frozen importlib._bootstrap_external>", line 995, in exec_module
  File "<frozen importlib._bootstrap>", line 488, in _call_with_frames_removed
  File "/opt/airflow/dags/youtube_pipeline.py", line 6, in <module>
    from include import extract as extract_data
ModuleNotFoundError: No module named 'include'
[2026-09-16T14:47:33.252+0000] {processor.py:842} WARNING - No viable dags retrieved from /opt/airflow/dags/youtube_pipeline.py
[2026-09-16T14:47:33.278+0000] {processor.py:183} INFO - Processing /opt/airflow/dags/youtube_pipeline.py took 0.133 seconds
[2026-09-16T14:48:03.309+0000] {processor.py:161} INFO - Started process (PID=5095) to work on /opt/airflow/dags/youtube_pipeline.py
[2026-09-16T14:48:03.310+0000] {processor.py:830} INFO - Processing file /opt/airflow/dags/youtube_pipeline.py for tasks to queue
[2026-09-16T14:48:03.311+0000] {logging_mixin.py:188} INFO - [2026-09-16T14:48:03.311+0000] {dagbag.py:545} INFO - Filling up the DagBag from /opt/airflow/dags/youtube_pipeline.py
[2026-09-16T14:48:03.314+0000] {logging_mixin.py:188} INFO - [2026-09-16T14:48:03.313+0000] {dagbag.py:355} ERROR - Failed to import: /opt/airflow/dags/youtube_pipeline.py
Traceback (most recent call last):
  File "/home/airflow/.local/lib/python3.12/site-packages/airflow/models/dagbag.py", line 351, in parse
    loader.exec_module(new_module)
  File "<frozen importlib._bootstrap_external>", line 995, in exec_module
  File "<frozen importlib._bootstrap>", line 488, in _call_with_frames_removed
  File "/opt/airflow/dags/youtube_pipeline.py", line 6, in <module>
    from include import extract as extract_data
ModuleNotFoundError: No module named 'include'
[2026-09-16T14:48:03.315+0000] {processor.py:842} WARNING - No viable dags retrieved from /opt/airflow/dags/youtube_pipeline.py
[2026-09-16T14:48:03.328+0000] {processor.py:183} INFO - Processing /opt/airflow/dags/youtube_pipeline.py took 0.028 seconds
[2026-09-16T14:48:33.447+0000] {processor.py:161} INFO - Started process (PID=5102) to work on /opt/airflow/dags/youtube_pipeline.py
[2026-09-16T14:48:33.538+0000] {processor.py:830} INFO - Processing file /opt/airflow/dags/youtube_pipeline.py for tasks to queue
[2026-09-16T14:48:33.540+0000] {logging_mixin.py:188} INFO - [2026-09-16T14:48:33.539+0000] {dagbag.py:545} INFO - Filling up the DagBag from /opt/airflow/dags/youtube_pipeline.py
[2026-09-16T14:48:33.546+0000] {logging_mixin.py:188} INFO - [2026-09-16T14:48:33.544+0000] {dagbag.py:355} ERROR - Failed to import: /opt/airflow/dags/youtube_pipeline.py
Traceback (most recent call last):
  File "/home/airflow/.local/lib/python3.12/site-packages/airflow/models/dagbag.py", line 351, in parse
    loader.exec_module(new_module)
  File "<frozen importlib._bootstrap_external>", line 995, in exec_module
  File "<frozen importlib._bootstrap>", line 488, in _call_with_frames_removed
  File "/opt/airflow/dags/youtube_pipeline.py", line 6, in <module>
    from include import extract as extract_data
ModuleNotFoundError: No module named 'include'
[2026-09-16T14:48:33.546+0000] {processor.py:842} WARNING - No viable dags retrieved from /opt/airflow/dags/youtube_pipeline.py
[2026-09-16T14:48:33.573+0000] {processor.py:183} INFO - Processing /opt/airflow/dags/youtube_pipeline.py took 0.135 seconds
[2026-09-16T14:49:03.598+0000] {processor.py:161} INFO - Started process (PID=5109) to work on /opt/airflow/dags/youtube_pipeline.py
[2026-09-16T14:49:03.599+0000] {processor.py:830} INFO - Processing file /opt/airflow/dags/youtube_pipeline.py for tasks to queue
[2026-09-16T14:49:03.600+0000] {logging_mixin.py:188} INFO - [2026-09-16T14:49:03.600+0000] {dagbag.py:545} INFO - Filling up the DagBag from /opt/airflow/dags/youtube_pipeline.py
[2026-09-16T14:49:03.604+0000] {logging_mixin.py:188} INFO - [2026-09-16T14:49:03.603+0000] {dagbag.py:355} ERROR - Failed to import: /opt/airflow/dags/youtube_pipeline.py
Traceback (most recent call last):
  File "/home/airflow/.local/lib/python3.12/site-packages/airflow/models/dagbag.py", line 351, in parse
    loader.exec_module(new_module)
  File "<frozen importlib._bootstrap_external>", line 995, in exec_module
  File "<frozen importlib._bootstrap>", line 488, in _call_with_frames_removed
  File "/opt/airflow/dags/youtube_pipeline.py", line 6, in <module>
    from include import extract as extract_data
ModuleNotFoundError: No module named 'include'
[2026-09-16T14:49:03.604+0000] {processor.py:842} WARNING - No viable dags retrieved from /opt/airflow/dags/youtube_pipeline.py
[2026-09-16T14:49:03.615+0000] {processor.py:183} INFO - Processing /opt/airflow/dags/youtube_pipeline.py took 0.025 seconds
[2026-09-16T14:49:33.741+0000] {processor.py:161} INFO - Started process (PID=5116) to work on /opt/airflow/dags/youtube_pipeline.py
[2026-09-16T14:49:33.825+0000] {processor.py:830} INFO - Processing file /opt/airflow/dags/youtube_pipeline.py for tasks to queue
[2026-09-16T14:49:33.827+0000] {logging_mixin.py:188} INFO - [2026-09-16T14:49:33.826+0000] {dagbag.py:545} INFO - Filling up the DagBag from /opt/airflow/dags/youtube_pipeline.py
[2026-09-16T14:49:33.832+0000] {logging_mixin.py:188} INFO - [2026-09-16T14:49:33.830+0000] {dagbag.py:355} ERROR - Failed to import: /opt/airflow/dags/youtube_pipeline.py
Traceback (most recent call last):
  File "/home/airflow/.local/lib/python3.12/site-packages/airflow/models/dagbag.py", line 351, in parse
    loader.exec_module(new_module)
  File "<frozen importlib._bootstrap_external>", line 995, in exec_module
  File "<frozen importlib._bootstrap>", line 488, in _call_with_frames_removed
  File "/opt/airflow/dags/youtube_pipeline.py", line 6, in <module>
    from include import extract as extract_data
ModuleNotFoundError: No module named 'include'
[2026-09-16T14:49:33.832+0000] {processor.py:842} WARNING - No viable dags retrieved from /opt/airflow/dags/youtube_pipeline.py
[2026-09-16T14:49:33.859+0000] {processor.py:183} INFO - Processing /opt/airflow/dags/youtube_pipeline.py took 0.127 seconds
[2026-09-16T14:50:03.966+0000] {processor.py:161} INFO - Started process (PID=5123) to work on /opt/airflow/dags/youtube_pipeline.py
[2026-09-16T14:50:03.966+0000] {processor.py:830} INFO - Processing file /opt/airflow/dags/youtube_pipeline.py for tasks to queue
[2026-09-16T14:50:03.967+0000] {logging_mixin.py:188} INFO - [2026-09-16T14:50:03.966+0000] {dagbag.py:545} INFO - Filling up the DagBag from /opt/airflow/dags/youtube_pipeline.py
[2026-09-16T14:50:03.969+0000] {logging_mixin.py:188} INFO - [2026-09-16T14:50:03.968+0000] {dagbag.py:355} ERROR - Failed to import: /opt/airflow/dags/youtube_pipeline.py
Traceback (most recent call last):
  File "/home/airflow/.local/lib/python3.12/site-packages/airflow/models/dagbag.py", line 351, in parse
    loader.exec_module(new_module)
  File "<frozen importlib._bootstrap_external>", line 995, in exec_module
  File "<frozen importlib._bootstrap>", line 488, in _call_with_frames_removed
  File "/opt/airflow/dags/youtube_pipeline.py", line 6, in <module>
    from include import extract as extract_data
ModuleNotFoundError: No module named 'include'
[2026-09-16T14:50:03.969+0000] {processor.py:842} WARNING - No viable dags retrieved from /opt/airflow/dags/youtube_pipeline.py
[2026-09-16T14:50:03.980+0000] {processor.py:183} INFO - Processing /opt/airflow/dags/youtube_pipeline.py took 0.018 seconds
